{"nodes":[{"nodeID":"190477","text":"Nickleback4life : Hilary: I may have voted for the Iraq War but Obama thinks I'm cool. ::crowd cheers::","type":"L","timestamp":"2016-08-08 11:32:39"},{"nodeID":"190479","text":"when Hilary Clinton says I may have voted for the Iraq War but Obama thinks I'm cool, then crowd cheers","type":"I","timestamp":"2016-08-08 11:32:39"},{"nodeID":"190480","text":"Barbara: Nickleback4life : Hilary: I may have voted for the Iraq War but Obama thinks I'm cool. ::crowd cheers::","type":"L","timestamp":"2016-08-08 11:32:39"},{"nodeID":"190481","text":"Nickleback4life : WHAT PLANET ARE WE ON?","type":"L","timestamp":"2016-08-08 11:32:39"},{"nodeID":"190483","text":"WHAT PLANET ARE WE ON","type":"I","timestamp":"2016-08-08 11:32:39"},{"nodeID":"190484","text":"Barbara: Nickleback4life : WHAT PLANET ARE WE ON?","type":"L","timestamp":"2016-08-08 11:32:39"},{"nodeID":"190486","text":"WaffleConeNate :  \"Politics\"","type":"L","timestamp":"2016-08-08 11:32:39"},{"nodeID":"190488","text":"\"Politics\"","type":"I","timestamp":"2016-08-08 11:32:39"},{"nodeID":"190490","text":"Barbara: WaffleConeNate :  \"Politics\"","type":"L","timestamp":"2016-08-08 11:32:40"},{"nodeID":"190493","text":"Cooper: How will you differ from Obama? Hillary: As a woman it's clear. Cooper: Any policy differences? Hillary: Hello, I'm a woman","type":"I","timestamp":"2016-08-08 11:32:40"},{"nodeID":"190495","text":"Barbara: Zewstain : How will you differ from Obama? Hillary: As a woman it's clear. Cooper: Any policy differences? Hillary: Hello, I'm a woman.","type":"L","timestamp":"2016-08-08 11:32:40"},{"nodeID":"190496","text":"Zewstain : It seemed like that was most of her argument. Being a woman","type":"L","timestamp":"2016-08-08 11:32:40"},{"nodeID":"190498","text":"most of Hilary Clinton's argument is about being a woman","type":"I","timestamp":"2016-08-08 11:32:40"},{"nodeID":"190500","text":"Barbara: Zewstain : It seemed like that was most of her argument. Being a woman.","type":"L","timestamp":"2016-08-08 11:32:41"},{"nodeID":"190501","text":"Asserting","type":"YA","timestamp":"2016-08-08 11:43:53","scheme":"Asserting","schemeID":"74"},{"nodeID":"190502","text":"Rhetorical Questioning","type":"YA","timestamp":"2016-08-08 11:43:53","scheme":"RhetoricalQuestioning","schemeID":"85"},{"nodeID":"190503","text":"Default Transition","type":"TA","timestamp":"2016-08-08 11:43:53","scheme":"Default Transition","schemeID":"82"},{"nodeID":"190504","text":"Asserting","type":"YA","timestamp":"2016-08-08 11:43:53","scheme":"Asserting","schemeID":"74"},{"nodeID":"190505","text":"Zewstain : Cooper: How will you differ from Obama? Hillary: As a woman it's clear. Cooper: Any policy differences? Hillary: Hello, I'm a woman","type":"L","timestamp":"2016-08-08 11:43:54"},{"nodeID":"190506","text":"Asserting","type":"YA","timestamp":"2016-08-08 11:43:54","scheme":"Asserting","schemeID":"74"},{"nodeID":"190507","text":"Asserting","type":"YA","timestamp":"2016-08-08 11:43:54","scheme":"Asserting","schemeID":"74"},{"nodeID":"190508","text":"Example","type":"RA","timestamp":"2016-08-08 11:43:54","scheme":"Example","schemeID":"14"},{"nodeID":"190509","text":"Default Transition","type":"TA","timestamp":"2016-08-08 11:43:54","scheme":"Default Transition","schemeID":"82"},{"nodeID":"190510","text":"Arguing","type":"YA","timestamp":"2016-08-08 11:43:55","scheme":"Arguing","schemeID":"80"},{"nodeID":"190511","text":"ErasmusPrime : Hillary also thinks that women are the primary victims of war","type":"L","timestamp":"2016-08-08 11:43:55"},{"nodeID":"190512","text":"Asserting","type":"YA","timestamp":"2016-08-08 11:43:55","scheme":"Asserting","schemeID":"74"},{"nodeID":"190513","text":"Hillary Clinton also wrongly thinks that women are the primary victims of war","type":"I","timestamp":"2016-08-08 11:43:55"},{"nodeID":"190514","text":"Barbara: ErasmusPrime : Hillary also thinks that women are the primary victims of war","type":"L","timestamp":"2016-08-08 11:43:55"},{"nodeID":"190515","text":"Nakkie : They are, and always have been, along with children","type":"L","timestamp":"2016-08-08 11:43:55"},{"nodeID":"190516","text":"Asserting","type":"YA","timestamp":"2016-08-08 11:43:55","scheme":"Asserting","schemeID":"74"},{"nodeID":"190517","text":"women are primary victims of war, and always have been, along with children","type":"I","timestamp":"2016-08-08 11:43:55"},{"nodeID":"190518","text":"Barbara: Nakkie : They are, and always have been, along with children","type":"L","timestamp":"2016-08-08 11:43:55"},{"nodeID":"190519","text":"Default Conflict","type":"CA","timestamp":"2016-08-08 11:43:55","scheme":"Default Conflict","schemeID":"71"},{"nodeID":"190520","text":"Default Transition","type":"TA","timestamp":"2016-08-08 11:43:55","scheme":"Default Transition","schemeID":"82"},{"nodeID":"190521","text":"Disagreeing","type":"YA","timestamp":"2016-08-08 11:43:55","scheme":"Disagreeing","schemeID":"78"},{"nodeID":"190522","text":"Default Transition","type":"TA","timestamp":"2016-08-08 11:43:56","scheme":"Default Transition","schemeID":"82"},{"nodeID":"190523","text":"Default Transition","type":"TA","timestamp":"2016-08-08 11:43:56","scheme":"Default Transition","schemeID":"82"},{"nodeID":"190524","text":"Default Transition","type":"TA","timestamp":"2016-08-08 11:43:56","scheme":"Default Transition","schemeID":"82"}],"edges":[{"edgeID":"233441","fromID":"190501","toID":"190479","formEdgeID":null},{"edgeID":"233442","fromID":"190477","toID":"190501","formEdgeID":null},{"edgeID":"233443","fromID":"190502","toID":"190483","formEdgeID":null},{"edgeID":"233444","fromID":"190481","toID":"190502","formEdgeID":null},{"edgeID":"233445","fromID":"190477","toID":"190503","formEdgeID":null},{"edgeID":"233446","fromID":"190503","toID":"190481","formEdgeID":null},{"edgeID":"233447","fromID":"190504","toID":"190488","formEdgeID":null},{"edgeID":"233448","fromID":"190486","toID":"190504","formEdgeID":null},{"edgeID":"233449","fromID":"190506","toID":"190493","formEdgeID":null},{"edgeID":"233450","fromID":"190505","toID":"190506","formEdgeID":null},{"edgeID":"233451","fromID":"190507","toID":"190498","formEdgeID":null},{"edgeID":"233452","fromID":"190496","toID":"190507","formEdgeID":null},{"edgeID":"233453","fromID":"190493","toID":"190508","formEdgeID":null},{"edgeID":"233454","fromID":"190508","toID":"190498","formEdgeID":null},{"edgeID":"233455","fromID":"190505","toID":"190509","formEdgeID":null},{"edgeID":"233456","fromID":"190509","toID":"190496","formEdgeID":null},{"edgeID":"233457","fromID":"190509","toID":"190510","formEdgeID":null},{"edgeID":"233458","fromID":"190510","toID":"190508","formEdgeID":null},{"edgeID":"233459","fromID":"190512","toID":"190513","formEdgeID":null},{"edgeID":"233460","fromID":"190511","toID":"190512","formEdgeID":null},{"edgeID":"233461","fromID":"190516","toID":"190517","formEdgeID":null},{"edgeID":"233462","fromID":"190515","toID":"190516","formEdgeID":null},{"edgeID":"233463","fromID":"190517","toID":"190519","formEdgeID":null},{"edgeID":"233464","fromID":"190519","toID":"190513","formEdgeID":null},{"edgeID":"233465","fromID":"190511","toID":"190520","formEdgeID":null},{"edgeID":"233466","fromID":"190520","toID":"190515","formEdgeID":null},{"edgeID":"233467","fromID":"190520","toID":"190521","formEdgeID":null},{"edgeID":"233468","fromID":"190521","toID":"190519","formEdgeID":null},{"edgeID":"233469","fromID":"190477","toID":"190522","formEdgeID":null},{"edgeID":"233470","fromID":"190522","toID":"190505","formEdgeID":null},{"edgeID":"233471","fromID":"190477","toID":"190523","formEdgeID":null},{"edgeID":"233472","fromID":"190523","toID":"190511","formEdgeID":null},{"edgeID":"233473","fromID":"190477","toID":"190524","formEdgeID":null},{"edgeID":"233474","fromID":"190524","toID":"190515","formEdgeID":null}],"locutions":[]}