{"nodes":[{"nodeID":"195668","text":"Irving94 : Bernie spaced the fuck out there","type":"L","timestamp":"2016-08-22 12:37:47"},{"nodeID":"195669","text":"Asserting","type":"YA","timestamp":"2016-08-22 12:37:47","scheme":"Asserting","schemeID":"74"},{"nodeID":"195670","text":"Bernie Sanders spaced out there","type":"I","timestamp":"2016-08-22 12:37:47"},{"nodeID":"195671","text":"Barbara: Irving94 : Bernie spaced the fuck out there","type":"L","timestamp":"2016-08-22 12:37:47"},{"nodeID":"195672","text":"dichloroethane : Gettin old","type":"L","timestamp":"2016-08-22 12:37:47"},{"nodeID":"195673","text":"Asserting","type":"YA","timestamp":"2016-08-22 12:37:47","scheme":"Asserting","schemeID":"74"},{"nodeID":"195674","text":"Bernie Sanders is getting old","type":"I","timestamp":"2016-08-22 12:37:47"},{"nodeID":"195675","text":"Barbara: dichloroethane : Gettin old","type":"L","timestamp":"2016-08-22 12:37:47"},{"nodeID":"195676","text":"Default Transition","type":"TA","timestamp":"2016-08-22 12:37:48","scheme":"Default Transition","schemeID":"82"},{"nodeID":"195677","text":"Default Inference","type":"RA","timestamp":"2016-08-22 12:37:48","scheme":"Default Inference","schemeID":"72"},{"nodeID":"195678","text":"Arguing","type":"YA","timestamp":"2016-08-22 12:37:48","scheme":"Arguing","schemeID":"80"},{"nodeID":"195679","text":"lurklurklurky : We all did, let's be real","type":"L","timestamp":"2016-08-22 12:37:48"},{"nodeID":"195680","text":"Asserting","type":"YA","timestamp":"2016-08-22 12:37:48","scheme":"Asserting","schemeID":"74"},{"nodeID":"195681","text":"we all did spaced out, let's be real","type":"I","timestamp":"2016-08-22 12:37:48"},{"nodeID":"195682","text":"Barbara: lurklurklurky : We all did, let's be real","type":"L","timestamp":"2016-08-22 12:37:48"},{"nodeID":"195683","text":"Default Transition","type":"TA","timestamp":"2016-08-22 12:37:48","scheme":"Default Transition","schemeID":"82"},{"nodeID":"195684","text":"Erra0 : Webb makes me sleepy","type":"L","timestamp":"2016-08-22 12:37:48"},{"nodeID":"195685","text":"Asserting","type":"YA","timestamp":"2016-08-22 12:37:48","scheme":"Asserting","schemeID":"74"},{"nodeID":"195686","text":"Webb makes me sleepy","type":"I","timestamp":"2016-08-22 12:37:48"},{"nodeID":"195687","text":"Barbara: Erra0 : Webb makes me sleepy","type":"L","timestamp":"2016-08-22 12:37:49"},{"nodeID":"195688","text":"Default Transition","type":"TA","timestamp":"2016-08-22 12:37:49","scheme":"Default Transition","schemeID":"82"},{"nodeID":"195689","text":"19t : Odd","type":"L","timestamp":"2016-08-22 12:37:49"},{"nodeID":"195690","text":"Asserting","type":"YA","timestamp":"2016-08-22 12:37:49","scheme":"Asserting","schemeID":"74"},{"nodeID":"195691","text":"this is odd","type":"I","timestamp":"2016-08-22 12:37:49"},{"nodeID":"195692","text":"Barbara: 19t : Odd","type":"L","timestamp":"2016-08-22 12:37:49"},{"nodeID":"195693","text":"Default Conflict","type":"CA","timestamp":"2016-08-22 12:37:49","scheme":"Default Conflict","schemeID":"71"},{"nodeID":"195694","text":"Default Transition","type":"TA","timestamp":"2016-08-22 12:37:49","scheme":"Default Transition","schemeID":"82"},{"nodeID":"195695","text":"Disagreeing","type":"YA","timestamp":"2016-08-22 12:37:49","scheme":"Disagreeing","schemeID":"78"},{"nodeID":"195696","text":"19t : Is he not powerful enough for you?","type":"L","timestamp":"2016-08-22 12:37:49"},{"nodeID":"195697","text":"Assertive Questioning","type":"YA","timestamp":"2016-08-22 12:37:49","scheme":"AssertiveQuestioning","schemeID":"73"},{"nodeID":"195698","text":"Webb is powerful enough for you","type":"I","timestamp":"2016-08-22 12:37:50"},{"nodeID":"195699","text":"Barbara: 19t : Is he not powerful enough for you?","type":"L","timestamp":"2016-08-22 12:37:50"},{"nodeID":"195700","text":"Default Inference","type":"RA","timestamp":"2016-08-22 12:37:50","scheme":"Default Inference","schemeID":"72"},{"nodeID":"195701","text":"Default Transition","type":"TA","timestamp":"2016-08-22 12:37:50","scheme":"Default Transition","schemeID":"82"},{"nodeID":"195702","text":"Arguing","type":"YA","timestamp":"2016-08-22 12:37:50","scheme":"Arguing","schemeID":"80"},{"nodeID":"195703","text":"19t : How about Chaffee?","type":"L","timestamp":"2016-08-22 12:37:50"},{"nodeID":"195704","text":"Assertive Questioning","type":"YA","timestamp":"2016-08-22 12:37:50","scheme":"AssertiveQuestioning","schemeID":"73"},{"nodeID":"195705","text":"how about Chaffee","type":"I","timestamp":"2016-08-22 12:37:50"},{"nodeID":"195706","text":"Barbara: 19t : How about Chaffee?","type":"L","timestamp":"2016-08-22 12:37:50"},{"nodeID":"195707","text":"Default Transition","type":"TA","timestamp":"2016-08-22 12:37:50","scheme":"Default Transition","schemeID":"82"},{"nodeID":"195708","text":"ImLikeAnOuroboros : Oh man that was great","type":"L","timestamp":"2016-08-22 12:37:50"},{"nodeID":"195709","text":"Asserting","type":"YA","timestamp":"2016-08-22 12:37:51","scheme":"Asserting","schemeID":"74"},{"nodeID":"195710","text":"oh man that was great","type":"I","timestamp":"2016-08-22 12:37:51"},{"nodeID":"195711","text":"Barbara: ImLikeAnOuroboros : Oh man that was great","type":"L","timestamp":"2016-08-22 12:37:51"},{"nodeID":"195712","text":"Default Transition","type":"TA","timestamp":"2016-08-22 12:37:51","scheme":"Default Transition","schemeID":"82"},{"nodeID":"195713","text":"theturbolemming : Yeah","type":"L","timestamp":"2016-08-22 12:37:51"},{"nodeID":"195714","text":"Barbara: theturbolemming : Yeah","type":"L","timestamp":"2016-08-22 12:37:51"},{"nodeID":"195715","text":"Default Transition","type":"TA","timestamp":"2016-08-22 12:37:51","scheme":"Default Transition","schemeID":"82"},{"nodeID":"195716","text":"Agreeing","type":"YA","timestamp":"2016-08-22 12:37:51","scheme":"Agreeing","schemeID":"77"},{"nodeID":"195717","text":"theturbolemming : he wasn't paying any attention to Webb","type":"L","timestamp":"2016-08-22 12:37:51"},{"nodeID":"195718","text":"Asserting","type":"YA","timestamp":"2016-08-22 12:37:52","scheme":"Asserting","schemeID":"74"},{"nodeID":"195719","text":"Bernie Sandres wasn't paying any attention to Webb","type":"I","timestamp":"2016-08-22 12:37:52"},{"nodeID":"195720","text":"Barbara: theturbolemming : he wasn't paying any attention to Webb","type":"L","timestamp":"2016-08-22 12:37:52"},{"nodeID":"195721","text":"Default Transition","type":"TA","timestamp":"2016-08-22 12:37:52","scheme":"Default Transition","schemeID":"82"},{"nodeID":"195722","text":"theturbolemming : who can blame him","type":"L","timestamp":"2016-08-22 12:37:52"},{"nodeID":"195723","text":"Asserting","type":"YA","timestamp":"2016-08-22 12:37:52","scheme":"Asserting","schemeID":"74"},{"nodeID":"195724","text":"no one can blame bernie Sanders for not paying attention to Jim Webb","type":"I","timestamp":"2016-08-22 12:37:52"},{"nodeID":"195725","text":"Barbara: theturbolemming : who can blame him","type":"L","timestamp":"2016-08-22 12:37:52"},{"nodeID":"195726","text":"Default Transition","type":"TA","timestamp":"2016-08-22 12:37:52","scheme":"Default Transition","schemeID":"82"},{"nodeID":"195727","text":"theturbolemming : it sure came back to bite him","type":"L","timestamp":"2016-08-22 12:37:52"},{"nodeID":"195728","text":"Asserting","type":"YA","timestamp":"2016-08-22 12:37:52","scheme":"Asserting","schemeID":"74"},{"nodeID":"195729","text":"it sure came back to bite him","type":"I","timestamp":"2016-08-22 12:37:53"},{"nodeID":"195730","text":"Barbara: theturbolemming : it sure came back to bite him","type":"L","timestamp":"2016-08-22 12:37:53"},{"nodeID":"195731","text":"Default Transition","type":"TA","timestamp":"2016-08-22 12:37:53","scheme":"Default Transition","schemeID":"82"},{"nodeID":"195732","text":"theturbolemming : That was a rough moment","type":"L","timestamp":"2016-08-22 12:37:53"},{"nodeID":"195733","text":"Asserting","type":"YA","timestamp":"2016-08-22 12:37:53","scheme":"Asserting","schemeID":"74"},{"nodeID":"195734","text":"that was a rough moment","type":"I","timestamp":"2016-08-22 12:37:53"},{"nodeID":"195735","text":"Barbara: theturbolemming : That was a rough moment","type":"L","timestamp":"2016-08-22 12:37:53"},{"nodeID":"195736","text":"Default Transition","type":"TA","timestamp":"2016-08-22 12:37:53","scheme":"Default Transition","schemeID":"82"},{"nodeID":"195737","text":"dimsumx : Was anyone paying attention when Webb was talking","type":"L","timestamp":"2016-08-22 12:37:53"},{"nodeID":"195738","text":"Assertive Questioning","type":"YA","timestamp":"2016-08-22 12:37:53","scheme":"AssertiveQuestioning","schemeID":"73"},{"nodeID":"195739","text":"no one was paying attention when Webb was talking","type":"I","timestamp":"2016-08-22 12:37:53"},{"nodeID":"195740","text":"Barbara: dimsumx : Was anyone paying attention when Webb was talking?","type":"L","timestamp":"2016-08-22 12:37:53"},{"nodeID":"195741","text":"Default Transition","type":"TA","timestamp":"2016-08-22 12:37:54","scheme":"Default Transition","schemeID":"82"},{"nodeID":"195742","text":"solmakou : There was no reason for him to be called there","type":"L","timestamp":"2016-08-22 12:37:54"},{"nodeID":"195743","text":"Asserting","type":"YA","timestamp":"2016-08-22 12:37:54","scheme":"Asserting","schemeID":"74"},{"nodeID":"195744","text":"there was no reason for Bernie Sanders to be called there","type":"I","timestamp":"2016-08-22 12:37:54"},{"nodeID":"195745","text":"Barbara: solmakou : There was no reason for him to be called there","type":"L","timestamp":"2016-08-22 12:37:54"},{"nodeID":"195746","text":"Default Transition","type":"TA","timestamp":"2016-08-22 12:37:54","scheme":"Default Transition","schemeID":"82"},{"nodeID":"195747","text":"solmakou :  I have no idea why he was called on","type":"L","timestamp":"2016-08-22 12:37:54"},{"nodeID":"195748","text":"Asserting","type":"YA","timestamp":"2016-08-22 12:37:54","scheme":"Asserting","schemeID":"74"},{"nodeID":"195749","text":"I have no idea why he was called on","type":"I","timestamp":"2016-08-22 12:37:54"},{"nodeID":"195750","text":"Barbara: solmakou :  I have no idea why he was called on","type":"L","timestamp":"2016-08-22 12:37:54"},{"nodeID":"195751","text":"Default Inference","type":"RA","timestamp":"2016-08-22 12:37:55","scheme":"Default Inference","schemeID":"72"},{"nodeID":"195752","text":"Default Transition","type":"TA","timestamp":"2016-08-22 12:37:55","scheme":"Default Transition","schemeID":"82"},{"nodeID":"195753","text":"Arguing","type":"YA","timestamp":"2016-08-22 12:37:55","scheme":"Arguing","schemeID":"80"},{"nodeID":"195754","text":"Teh_Slayur : Same","type":"L","timestamp":"2016-08-22 12:37:55"},{"nodeID":"195755","text":"Barbara: Teh_Slayur : Same","type":"L","timestamp":"2016-08-22 12:37:55"},{"nodeID":"195756","text":"Default Transition","type":"TA","timestamp":"2016-08-22 12:37:55","scheme":"Default Transition","schemeID":"82"},{"nodeID":"195757","text":"Agreeing","type":"YA","timestamp":"2016-08-22 12:37:55","scheme":"Agreeing","schemeID":"77"},{"nodeID":"195758","text":"Teh_Slayur : It was completely out of the blue","type":"L","timestamp":"2016-08-22 12:37:55"},{"nodeID":"195759","text":"Asserting","type":"YA","timestamp":"2016-08-22 12:37:55","scheme":"Asserting","schemeID":"74"},{"nodeID":"195760","text":"calling out Bernie Sanders was completely out of the blue","type":"I","timestamp":"2016-08-22 12:37:55"},{"nodeID":"195761","text":"Barbara: Teh_Slayur : It was completely out of the blue","type":"L","timestamp":"2016-08-22 12:37:55"},{"nodeID":"195762","text":"Default Rephrase","type":"MA","timestamp":"2016-08-22 12:37:55","scheme":"Default Rephrase","schemeID":"144"},{"nodeID":"195763","text":"Default Transition","type":"TA","timestamp":"2016-08-22 12:37:56","scheme":"Default Transition","schemeID":"82"},{"nodeID":"195764","text":"Restating","type":"YA","timestamp":"2016-08-22 12:37:56","scheme":"Restating","schemeID":"101"},{"nodeID":"195765","text":"evnalmightyyy : Exactly what I got","type":"L","timestamp":"2016-08-22 12:37:56"},{"nodeID":"195766","text":"Barbara: evnalmightyyy : Exactly what I got","type":"L","timestamp":"2016-08-22 12:37:56"},{"nodeID":"195767","text":"Default Transition","type":"TA","timestamp":"2016-08-22 12:37:56","scheme":"Default Transition","schemeID":"82"},{"nodeID":"195768","text":"Agreeing","type":"YA","timestamp":"2016-08-22 12:37:56","scheme":"Agreeing","schemeID":"77"},{"nodeID":"195769","text":"evnalmightyyy : he was just \" why would I have something to say in return?\"","type":"L","timestamp":"2016-08-22 12:37:56"},{"nodeID":"195770","text":"Asserting","type":"YA","timestamp":"2016-08-22 12:37:56","scheme":"Asserting","schemeID":"74"},{"nodeID":"195771","text":"Bernie Sanders was just \" why would I have something to say in return?\"","type":"I","timestamp":"2016-08-22 12:37:56"},{"nodeID":"195772","text":"Barbara: evnalmightyyy : he was just \" why would I have something to say in return?\"","type":"L","timestamp":"2016-08-22 12:37:56"},{"nodeID":"195773","text":"Default Transition","type":"TA","timestamp":"2016-08-22 12:37:57","scheme":"Default Transition","schemeID":"82"},{"nodeID":"195774","text":"jonnyozero3 : Anderson probably noticed he wasn't paying attention and tried to call him on it","type":"L","timestamp":"2016-08-22 12:37:57"},{"nodeID":"195775","text":"Asserting","type":"YA","timestamp":"2016-08-22 12:37:57","scheme":"Asserting","schemeID":"74"},{"nodeID":"195776","text":"Anderson probably noticed Bernie Sanders wasn't paying attention and tried to call him on it","type":"I","timestamp":"2016-08-22 12:37:57"},{"nodeID":"195777","text":"Barbara: jonnyozero3 : Anderson probably noticed he wasn't paying attention and tried to call him on it","type":"L","timestamp":"2016-08-22 12:37:57"},{"nodeID":"195778","text":"Default Conflict","type":"CA","timestamp":"2016-08-22 12:37:57","scheme":"Default Conflict","schemeID":"71"},{"nodeID":"195779","text":"Default Transition","type":"TA","timestamp":"2016-08-22 12:37:57","scheme":"Default Transition","schemeID":"82"},{"nodeID":"195780","text":"Disagreeing","type":"YA","timestamp":"2016-08-22 12:37:57","scheme":"Disagreeing","schemeID":"78"},{"nodeID":"195781","text":"ati_exorcist : Anderson was trying to get the discussion back on topic and Sanders had to remember what that was","type":"L","timestamp":"2016-08-22 12:37:57"},{"nodeID":"195782","text":"Asserting","type":"YA","timestamp":"2016-08-22 12:37:57","scheme":"Asserting","schemeID":"74"},{"nodeID":"195783","text":"Anderson was trying to get the discussion back on topic and Sanders had to remember what that was","type":"I","timestamp":"2016-08-22 12:37:57"},{"nodeID":"195784","text":"Barbara: ati_exorcist : Anderson was trying to get the discussion back on topic and Sanders had to remember what that was","type":"L","timestamp":"2016-08-22 12:37:58"},{"nodeID":"195785","text":"Default Conflict","type":"CA","timestamp":"2016-08-22 12:37:58","scheme":"Default Conflict","schemeID":"71"},{"nodeID":"195786","text":"Default Transition","type":"TA","timestamp":"2016-08-22 12:37:58","scheme":"Default Transition","schemeID":"82"},{"nodeID":"195787","text":"Disagreeing","type":"YA","timestamp":"2016-08-22 12:37:58","scheme":"Disagreeing","schemeID":"78"},{"nodeID":"195788","text":"wigshaker : Absolutely","type":"L","timestamp":"2016-08-22 12:37:58"},{"nodeID":"195789","text":"Barbara: wigshaker : Absolutely","type":"L","timestamp":"2016-08-22 12:37:58"},{"nodeID":"195790","text":"Default Transition","type":"TA","timestamp":"2016-08-22 12:37:58","scheme":"Default Transition","schemeID":"82"},{"nodeID":"195791","text":"Agreeing","type":"YA","timestamp":"2016-08-22 12:37:58","scheme":"Agreeing","schemeID":"77"},{"nodeID":"195792","text":"zaiaza : they wanted to make debate and get people angry","type":"L","timestamp":"2016-08-22 12:37:58"},{"nodeID":"195793","text":"Asserting","type":"YA","timestamp":"2016-08-22 12:37:58","scheme":"Asserting","schemeID":"74"},{"nodeID":"195794","text":"they wanted to make debate and get people angry","type":"I","timestamp":"2016-08-22 12:37:58"},{"nodeID":"195795","text":"Barbara: zaiaza : they wanted to make debate and get people angry","type":"L","timestamp":"2016-08-22 12:37:59"},{"nodeID":"195796","text":"Default Conflict","type":"CA","timestamp":"2016-08-22 12:37:59","scheme":"Default Conflict","schemeID":"71"},{"nodeID":"195797","text":"Default Transition","type":"TA","timestamp":"2016-08-22 12:37:59","scheme":"Default Transition","schemeID":"82"},{"nodeID":"195798","text":"Disagreeing","type":"YA","timestamp":"2016-08-22 12:37:59","scheme":"Disagreeing","schemeID":"78"},{"nodeID":"195799","text":"he's onstage promoting himself as a candidate for the highest office in the country","type":"L","timestamp":"2016-08-22 12:37:59"},{"nodeID":"195800","text":"Barbara: js155306 : Default Transition","type":"L","timestamp":"2016-08-22 12:37:59"},{"nodeID":"195801","text":"js155306 : he's onstage promoting himself as a candidate for the highest office in the country","type":"L","timestamp":"2016-08-22 12:37:59"},{"nodeID":"195802","text":"Assertive Questioning","type":"YA","timestamp":"2016-08-22 12:37:59","scheme":"AssertiveQuestioning","schemeID":"73"},{"nodeID":"195803","text":"Bernie Sanders is onstage promoting himself as a candidate for the highest office in the country","type":"I","timestamp":"2016-08-22 12:37:59"},{"nodeID":"195804","text":"Barbara: js155306 : Because he's onstage promoting himself as a candidate for the highest office in the country?","type":"L","timestamp":"2016-08-22 12:37:59"},{"nodeID":"195805","text":"Default Conflict","type":"CA","timestamp":"2016-08-22 12:37:59","scheme":"Default Conflict","schemeID":"71"},{"nodeID":"195806","text":"Default Transition","type":"TA","timestamp":"2016-08-22 12:38:00","scheme":"Default Transition","schemeID":"82"},{"nodeID":"195807","text":"Disagreeing","type":"YA","timestamp":"2016-08-22 12:38:00","scheme":"Disagreeing","schemeID":"78"},{"nodeID":"195808","text":"HoldenFinn : Seriously","type":"L","timestamp":"2016-08-22 12:38:00"},{"nodeID":"195809","text":"Barbara: HoldenFinn : Seriously","type":"L","timestamp":"2016-08-22 12:38:00"},{"nodeID":"195810","text":"Default Transition","type":"TA","timestamp":"2016-08-22 12:38:00","scheme":"Default Transition","schemeID":"82"},{"nodeID":"195811","text":"Agreeing","type":"YA","timestamp":"2016-08-22 12:38:00","scheme":"Agreeing","schemeID":"77"},{"nodeID":"195812","text":"HoldenFinn : I don't know why you were downvoted","type":"L","timestamp":"2016-08-22 12:38:00"},{"nodeID":"195813","text":"Asserting","type":"YA","timestamp":"2016-08-22 12:38:00","scheme":"Asserting","schemeID":"74"},{"nodeID":"195814","text":"I don't know why you were downvoted","type":"I","timestamp":"2016-08-22 12:38:00"},{"nodeID":"195815","text":"Barbara: HoldenFinn : I don't know why you were downvoted","type":"L","timestamp":"2016-08-22 12:38:00"},{"nodeID":"195816","text":"Default Transition","type":"TA","timestamp":"2016-08-22 12:38:00","scheme":"Default Transition","schemeID":"82"},{"nodeID":"195817","text":"HoldenFinn : He should have been focusing on what was going on literally right in front of him","type":"L","timestamp":"2016-08-22 12:38:00"},{"nodeID":"195818","text":"Asserting","type":"YA","timestamp":"2016-08-22 12:38:01","scheme":"Asserting","schemeID":"74"},{"nodeID":"195819","text":"Bernie Sanders should have been focusing on what was going on literally right in front of him","type":"I","timestamp":"2016-08-22 12:38:01"},{"nodeID":"195820","text":"Barbara: HoldenFinn : He should have been focusing on what was going on literally right in front of him","type":"L","timestamp":"2016-08-22 12:38:01"},{"nodeID":"195821","text":"Default Inference","type":"RA","timestamp":"2016-08-22 12:38:01","scheme":"Default Inference","schemeID":"72"},{"nodeID":"195822","text":"Default Transition","type":"TA","timestamp":"2016-08-22 12:38:01","scheme":"Default Transition","schemeID":"82"},{"nodeID":"195823","text":"Arguing","type":"YA","timestamp":"2016-08-22 12:38:01","scheme":"Arguing","schemeID":"80"},{"nodeID":"195824","text":"Barbara: The_Juggler17 : It has always been clear that he doesn't rehearse canned answers","type":"L","timestamp":"2016-08-22 12:38:01"},{"nodeID":"195825","text":"The_Juggler17 : He's just saying what he actually thinks, thinking on his feet","type":"L","timestamp":"2016-08-22 12:38:01"},{"nodeID":"195826","text":"Asserting","type":"YA","timestamp":"2016-08-22 12:38:01","scheme":"Asserting","schemeID":"74"},{"nodeID":"195827","text":"Bernie Sanders is just saying what he actually thinks, thinking on his feet","type":"I","timestamp":"2016-08-22 12:38:01"},{"nodeID":"195828","text":"Barbara: The_Juggler17 : He's just saying what he actually thinks","type":"L","timestamp":"2016-08-22 12:38:01"},{"nodeID":"195829","text":"Default Conflict","type":"CA","timestamp":"2016-08-22 12:38:02","scheme":"Default Conflict","schemeID":"71"},{"nodeID":"195830","text":"Default Transition","type":"TA","timestamp":"2016-08-22 12:38:02","scheme":"Default Transition","schemeID":"82"},{"nodeID":"195831","text":"Disagreeing","type":"YA","timestamp":"2016-08-22 12:38:02","scheme":"Disagreeing","schemeID":"78"},{"nodeID":"195832","text":"The_Juggler17 : he doesn't rehearse canned answers","type":"L","timestamp":"2016-08-22 12:38:02"},{"nodeID":"195833","text":"Asserting","type":"YA","timestamp":"2016-08-22 12:38:02","scheme":"Asserting","schemeID":"74"},{"nodeID":"195834","text":"he doesn't rehearse canned answers","type":"I","timestamp":"2016-08-22 12:38:02"},{"nodeID":"195835","text":"Barbara: The_Juggler17 : he doesn't rehearse canned answers","type":"L","timestamp":"2016-08-22 12:38:02"},{"nodeID":"195836","text":"The_Juggler17 : he doesn't have a scripted response to certain questions","type":"L","timestamp":"2016-08-22 12:38:02"},{"nodeID":"195837","text":"Asserting","type":"YA","timestamp":"2016-08-22 12:38:03","scheme":"Asserting","schemeID":"74"},{"nodeID":"195838","text":"he doesn't have a scripted response to certain questions","type":"I","timestamp":"2016-08-22 12:38:03"},{"nodeID":"195839","text":"Barbara: The_Juggler17 : he doesn't have a scripted response to certain questions","type":"L","timestamp":"2016-08-22 12:38:03"},{"nodeID":"195840","text":"Default Inference","type":"RA","timestamp":"2016-08-22 12:38:03","scheme":"Default Inference","schemeID":"72"},{"nodeID":"195841","text":"Default Transition","type":"TA","timestamp":"2016-08-22 12:38:03","scheme":"Default Transition","schemeID":"82"},{"nodeID":"195842","text":"Arguing","type":"YA","timestamp":"2016-08-22 12:38:03","scheme":"Arguing","schemeID":"80"},{"nodeID":"195843","text":"Default Inference","type":"RA","timestamp":"2016-08-22 12:38:03","scheme":"Default Inference","schemeID":"72"},{"nodeID":"195844","text":"Default Transition","type":"TA","timestamp":"2016-08-22 12:38:03","scheme":"Default Transition","schemeID":"82"},{"nodeID":"195845","text":"Arguing","type":"YA","timestamp":"2016-08-22 12:38:03","scheme":"Arguing","schemeID":"80"},{"nodeID":"195846","text":"The_Juggler17 : That doesn't look as polished","type":"L","timestamp":"2016-08-22 12:38:03"},{"nodeID":"195847","text":"Asserting","type":"YA","timestamp":"2016-08-22 12:38:03","scheme":"Asserting","schemeID":"74"},{"nodeID":"195848","text":"that doesn't look as polished","type":"I","timestamp":"2016-08-22 12:38:04"},{"nodeID":"195849","text":"Barbara: The_Juggler17 : That doesn't look as polished","type":"L","timestamp":"2016-08-22 12:38:04"},{"nodeID":"195850","text":"The_Juggler17 : it's genuine","type":"L","timestamp":"2016-08-22 12:38:04"},{"nodeID":"195851","text":"Asserting","type":"YA","timestamp":"2016-08-22 12:38:04","scheme":"Asserting","schemeID":"74"},{"nodeID":"195852","text":"it's genuine","type":"I","timestamp":"2016-08-22 12:38:04"},{"nodeID":"195853","text":"Barbara: The_Juggler17 : it's genuine","type":"L","timestamp":"2016-08-22 12:38:04"},{"nodeID":"195854","text":"Default Transition","type":"TA","timestamp":"2016-08-22 12:38:04","scheme":"Default Transition","schemeID":"82"},{"nodeID":"195855","text":"Default Transition","type":"TA","timestamp":"2016-08-22 12:38:04","scheme":"Default Transition","schemeID":"82"},{"nodeID":"195856","text":"money_run_things : yeah he did","type":"L","timestamp":"2016-08-22 12:38:04"},{"nodeID":"195857","text":"Barbara: money_run_things : yeah he did","type":"L","timestamp":"2016-08-22 12:38:04"},{"nodeID":"195858","text":"Default Transition","type":"TA","timestamp":"2016-08-22 12:38:04","scheme":"Default Transition","schemeID":"82"},{"nodeID":"195859","text":"Agreeing","type":"YA","timestamp":"2016-08-22 12:38:05","scheme":"Agreeing","schemeID":"77"},{"nodeID":"195860","text":"KokiriResident : it was pretty clear he had no idea where the debate was when his name was called","type":"L","timestamp":"2016-08-22 12:38:05"},{"nodeID":"195861","text":"Asserting","type":"YA","timestamp":"2016-08-22 12:38:05","scheme":"Asserting","schemeID":"74"},{"nodeID":"195862","text":"it was pretty clear Bernie Sanders had no idea where the debate was when his name was called","type":"I","timestamp":"2016-08-22 12:38:05"},{"nodeID":"195863","text":"Barbara: KokiriResident : it was pretty clear he had no idea where the debate was when his name was called","type":"L","timestamp":"2016-08-22 12:38:05"},{"nodeID":"195864","text":"Default Inference","type":"RA","timestamp":"2016-08-22 12:38:05","scheme":"Default Inference","schemeID":"72"},{"nodeID":"195865","text":"Default Transition","type":"TA","timestamp":"2016-08-22 12:38:05","scheme":"Default Transition","schemeID":"82"},{"nodeID":"195866","text":"Arguing","type":"YA","timestamp":"2016-08-22 12:38:05","scheme":"Arguing","schemeID":"80"},{"nodeID":"195867","text":"FrostySt : \"Bernie?\" \"......Come again?\"","type":"L","timestamp":"2016-08-22 12:38:05"},{"nodeID":"195868","text":"Asserting","type":"YA","timestamp":"2016-08-22 12:38:05","scheme":"Asserting","schemeID":"74"},{"nodeID":"195869","text":"Bernie?\" \"......Come again?\"","type":"I","timestamp":"2016-08-22 12:38:05"},{"nodeID":"195870","text":"Barbara: FrostySt : Bernie?\" \"......Come again?\"","type":"L","timestamp":"2016-08-22 12:38:06"},{"nodeID":"195871","text":"Default Transition","type":"TA","timestamp":"2016-08-22 12:38:06","scheme":"Default Transition","schemeID":"82"},{"nodeID":"195872","text":"dick_wool : He needs to stop spending so much time in legal weed states. j\/k","type":"L","timestamp":"2016-08-22 12:38:06"},{"nodeID":"195873","text":"Asserting","type":"YA","timestamp":"2016-08-22 12:38:06","scheme":"Asserting","schemeID":"74"},{"nodeID":"195874","text":"Bernie Sanders needs to stop spending so much time in legal weed states. j\/k","type":"I","timestamp":"2016-08-22 12:38:06"},{"nodeID":"195875","text":"Barbara: dick_wool : He needs to stop spending so much time in legal weed states. j\/k","type":"L","timestamp":"2016-08-22 12:38:06"},{"nodeID":"195876","text":"Default Transition","type":"TA","timestamp":"2016-08-22 12:38:06","scheme":"Default Transition","schemeID":"82"},{"nodeID":"195877","text":"artyfoul : \"Sorry, I was to busy checking out berniesanders.com to listen to my good friend Jim Webb\" grin and turn to camera","type":"L","timestamp":"2016-08-22 12:38:06"},{"nodeID":"195878","text":"Asserting","type":"YA","timestamp":"2016-08-22 12:38:06","scheme":"Asserting","schemeID":"74"},{"nodeID":"195879","text":"\"Sorry, I was to busy checking out berniesanders.com to listen to my good friend Jim Webb\" grin and turn to camera","type":"I","timestamp":"2016-08-22 12:38:06"},{"nodeID":"195880","text":"Barbara: artyfoul : \"Sorry, I was to busy checking out berniesanders.com to listen to my good friend Jim Webb\" grin and turn to camera","type":"L","timestamp":"2016-08-22 12:38:06"},{"nodeID":"195881","text":"Default Transition","type":"TA","timestamp":"2016-08-22 12:38:07","scheme":"Default Transition","schemeID":"82"},{"nodeID":"195882","text":"JohnStamosBRAH : It was a super vague question from Andy","type":"L","timestamp":"2016-08-22 12:38:07"},{"nodeID":"195883","text":"Asserting","type":"YA","timestamp":"2016-08-22 12:38:07","scheme":"Asserting","schemeID":"74"},{"nodeID":"195884","text":"it was a super vague question from Anderson Cooper","type":"I","timestamp":"2016-08-22 12:38:07"},{"nodeID":"195885","text":"Barbara: JohnStamosBRAH : It was a super vague question from Andy","type":"L","timestamp":"2016-08-22 12:38:07"},{"nodeID":"195886","text":"Zewstain : I honestly didn't know if he was supposed to follow up on Webbs China sea bit, or go back to Hillarys which is what he was going to","type":"L","timestamp":"2016-08-22 12:38:07"},{"nodeID":"195887","text":"Asserting","type":"YA","timestamp":"2016-08-22 12:38:07","scheme":"Asserting","schemeID":"74"},{"nodeID":"195888","text":"I honestly didn't know if Bernie Sanders  was supposed to follow up on Webbs China sea bit, or go back to Hillarys which is what he was going to","type":"I","timestamp":"2016-08-22 12:38:07"},{"nodeID":"195889","text":"Barbara: Zewstain : I honestly didn't know if he was supposed to follow up on Webbs China sea bit, or go back to Hillarys which is what he was going to","type":"L","timestamp":"2016-08-22 12:38:07"},{"nodeID":"195890","text":"Default Transition","type":"TA","timestamp":"2016-08-22 12:38:07","scheme":"Default Transition","schemeID":"82"},{"nodeID":"195891","text":"Default Conflict","type":"CA","timestamp":"2016-08-22 12:38:07","scheme":"Default Conflict","schemeID":"71"},{"nodeID":"195892","text":"Disagreeing","type":"YA","timestamp":"2016-08-22 12:38:08","scheme":"Disagreeing","schemeID":"78"},{"nodeID":"195893","text":"Default Conflict","type":"CA","timestamp":"2016-08-22 12:38:08","scheme":"Default Conflict","schemeID":"71"},{"nodeID":"195894","text":"Default Transition","type":"TA","timestamp":"2016-08-22 12:38:08","scheme":"Default Transition","schemeID":"82"},{"nodeID":"195895","text":"Disagreeing","type":"YA","timestamp":"2016-08-22 12:38:08","scheme":"Disagreeing","schemeID":"78"}],"edges":[{"edgeID":"239819","fromID":"195669","toID":"195670","formEdgeID":null},{"edgeID":"239820","fromID":"195668","toID":"195669","formEdgeID":null},{"edgeID":"239821","fromID":"195673","toID":"195674","formEdgeID":null},{"edgeID":"239822","fromID":"195672","toID":"195673","formEdgeID":null},{"edgeID":"239823","fromID":"195668","toID":"195676","formEdgeID":null},{"edgeID":"239824","fromID":"195676","toID":"195672","formEdgeID":null},{"edgeID":"239825","fromID":"195670","toID":"195677","formEdgeID":null},{"edgeID":"239826","fromID":"195677","toID":"195674","formEdgeID":null},{"edgeID":"239827","fromID":"195676","toID":"195678","formEdgeID":null},{"edgeID":"239828","fromID":"195678","toID":"195677","formEdgeID":null},{"edgeID":"239829","fromID":"195680","toID":"195681","formEdgeID":null},{"edgeID":"239830","fromID":"195679","toID":"195680","formEdgeID":null},{"edgeID":"239831","fromID":"195668","toID":"195683","formEdgeID":null},{"edgeID":"239832","fromID":"195683","toID":"195679","formEdgeID":null},{"edgeID":"239833","fromID":"195685","toID":"195686","formEdgeID":null},{"edgeID":"239834","fromID":"195684","toID":"195685","formEdgeID":null},{"edgeID":"239835","fromID":"195679","toID":"195688","formEdgeID":null},{"edgeID":"239836","fromID":"195688","toID":"195684","formEdgeID":null},{"edgeID":"239837","fromID":"195690","toID":"195691","formEdgeID":null},{"edgeID":"239838","fromID":"195689","toID":"195690","formEdgeID":null},{"edgeID":"239839","fromID":"195691","toID":"195693","formEdgeID":null},{"edgeID":"239840","fromID":"195693","toID":"195686","formEdgeID":null},{"edgeID":"239841","fromID":"195684","toID":"195694","formEdgeID":null},{"edgeID":"239842","fromID":"195694","toID":"195689","formEdgeID":null},{"edgeID":"239843","fromID":"195694","toID":"195695","formEdgeID":null},{"edgeID":"239844","fromID":"195695","toID":"195693","formEdgeID":null},{"edgeID":"239845","fromID":"195697","toID":"195698","formEdgeID":null},{"edgeID":"239846","fromID":"195696","toID":"195697","formEdgeID":null},{"edgeID":"239847","fromID":"195698","toID":"195700","formEdgeID":null},{"edgeID":"239848","fromID":"195700","toID":"195691","formEdgeID":null},{"edgeID":"239849","fromID":"195689","toID":"195701","formEdgeID":null},{"edgeID":"239850","fromID":"195701","toID":"195696","formEdgeID":null},{"edgeID":"239851","fromID":"195701","toID":"195702","formEdgeID":null},{"edgeID":"239852","fromID":"195702","toID":"195700","formEdgeID":null},{"edgeID":"239853","fromID":"195704","toID":"195705","formEdgeID":null},{"edgeID":"239854","fromID":"195703","toID":"195704","formEdgeID":null},{"edgeID":"239855","fromID":"195696","toID":"195707","formEdgeID":null},{"edgeID":"239856","fromID":"195707","toID":"195703","formEdgeID":null},{"edgeID":"239857","fromID":"195709","toID":"195710","formEdgeID":null},{"edgeID":"239858","fromID":"195708","toID":"195709","formEdgeID":null},{"edgeID":"239859","fromID":"195668","toID":"195712","formEdgeID":null},{"edgeID":"239860","fromID":"195712","toID":"195708","formEdgeID":null},{"edgeID":"239861","fromID":"195668","toID":"195715","formEdgeID":null},{"edgeID":"239862","fromID":"195715","toID":"195713","formEdgeID":null},{"edgeID":"239863","fromID":"195715","toID":"195716","formEdgeID":null},{"edgeID":"239864","fromID":"195716","toID":"195670","formEdgeID":null},{"edgeID":"239865","fromID":"195718","toID":"195719","formEdgeID":null},{"edgeID":"239866","fromID":"195717","toID":"195718","formEdgeID":null},{"edgeID":"239867","fromID":"195713","toID":"195721","formEdgeID":null},{"edgeID":"239868","fromID":"195721","toID":"195717","formEdgeID":null},{"edgeID":"239869","fromID":"195723","toID":"195724","formEdgeID":null},{"edgeID":"239870","fromID":"195722","toID":"195723","formEdgeID":null},{"edgeID":"239871","fromID":"195717","toID":"195726","formEdgeID":null},{"edgeID":"239872","fromID":"195726","toID":"195722","formEdgeID":null},{"edgeID":"239873","fromID":"195728","toID":"195729","formEdgeID":null},{"edgeID":"239874","fromID":"195727","toID":"195728","formEdgeID":null},{"edgeID":"239875","fromID":"195722","toID":"195731","formEdgeID":null},{"edgeID":"239876","fromID":"195731","toID":"195727","formEdgeID":null},{"edgeID":"239877","fromID":"195733","toID":"195734","formEdgeID":null},{"edgeID":"239878","fromID":"195732","toID":"195733","formEdgeID":null},{"edgeID":"239879","fromID":"195727","toID":"195736","formEdgeID":null},{"edgeID":"239880","fromID":"195736","toID":"195732","formEdgeID":null},{"edgeID":"239881","fromID":"195738","toID":"195739","formEdgeID":null},{"edgeID":"239882","fromID":"195737","toID":"195738","formEdgeID":null},{"edgeID":"239883","fromID":"195668","toID":"195741","formEdgeID":null},{"edgeID":"239884","fromID":"195741","toID":"195737","formEdgeID":null},{"edgeID":"239885","fromID":"195743","toID":"195744","formEdgeID":null},{"edgeID":"239886","fromID":"195742","toID":"195743","formEdgeID":null},{"edgeID":"239887","fromID":"195668","toID":"195746","formEdgeID":null},{"edgeID":"239888","fromID":"195746","toID":"195742","formEdgeID":null},{"edgeID":"239889","fromID":"195748","toID":"195749","formEdgeID":null},{"edgeID":"239890","fromID":"195747","toID":"195748","formEdgeID":null},{"edgeID":"239891","fromID":"195744","toID":"195751","formEdgeID":null},{"edgeID":"239892","fromID":"195751","toID":"195749","formEdgeID":null},{"edgeID":"239893","fromID":"195742","toID":"195752","formEdgeID":null},{"edgeID":"239894","fromID":"195752","toID":"195747","formEdgeID":null},{"edgeID":"239895","fromID":"195752","toID":"195753","formEdgeID":null},{"edgeID":"239896","fromID":"195753","toID":"195751","formEdgeID":null},{"edgeID":"239897","fromID":"195747","toID":"195756","formEdgeID":null},{"edgeID":"239898","fromID":"195756","toID":"195754","formEdgeID":null},{"edgeID":"239899","fromID":"195756","toID":"195757","formEdgeID":null},{"edgeID":"239900","fromID":"195757","toID":"195749","formEdgeID":null},{"edgeID":"239901","fromID":"195759","toID":"195760","formEdgeID":null},{"edgeID":"239902","fromID":"195758","toID":"195759","formEdgeID":null},{"edgeID":"239903","fromID":"195760","toID":"195762","formEdgeID":null},{"edgeID":"239904","fromID":"195762","toID":"195744","formEdgeID":null},{"edgeID":"239905","fromID":"195742","toID":"195763","formEdgeID":null},{"edgeID":"239906","fromID":"195763","toID":"195758","formEdgeID":null},{"edgeID":"239907","fromID":"195763","toID":"195764","formEdgeID":null},{"edgeID":"239908","fromID":"195764","toID":"195762","formEdgeID":null},{"edgeID":"239909","fromID":"195742","toID":"195767","formEdgeID":null},{"edgeID":"239910","fromID":"195767","toID":"195765","formEdgeID":null},{"edgeID":"239911","fromID":"195767","toID":"195768","formEdgeID":null},{"edgeID":"239912","fromID":"195768","toID":"195744","formEdgeID":null},{"edgeID":"239913","fromID":"195770","toID":"195771","formEdgeID":null},{"edgeID":"239914","fromID":"195769","toID":"195770","formEdgeID":null},{"edgeID":"239915","fromID":"195765","toID":"195773","formEdgeID":null},{"edgeID":"239916","fromID":"195773","toID":"195769","formEdgeID":null},{"edgeID":"239917","fromID":"195775","toID":"195776","formEdgeID":null},{"edgeID":"239918","fromID":"195774","toID":"195775","formEdgeID":null},{"edgeID":"239919","fromID":"195776","toID":"195778","formEdgeID":null},{"edgeID":"239920","fromID":"195778","toID":"195744","formEdgeID":null},{"edgeID":"239921","fromID":"195742","toID":"195779","formEdgeID":null},{"edgeID":"239922","fromID":"195779","toID":"195774","formEdgeID":null},{"edgeID":"239923","fromID":"195779","toID":"195780","formEdgeID":null},{"edgeID":"239924","fromID":"195780","toID":"195778","formEdgeID":null},{"edgeID":"239925","fromID":"195782","toID":"195783","formEdgeID":null},{"edgeID":"239926","fromID":"195781","toID":"195782","formEdgeID":null},{"edgeID":"239927","fromID":"195783","toID":"195785","formEdgeID":null},{"edgeID":"239928","fromID":"195785","toID":"195744","formEdgeID":null},{"edgeID":"239929","fromID":"195742","toID":"195786","formEdgeID":null},{"edgeID":"239930","fromID":"195786","toID":"195781","formEdgeID":null},{"edgeID":"239931","fromID":"195786","toID":"195787","formEdgeID":null},{"edgeID":"239932","fromID":"195787","toID":"195785","formEdgeID":null},{"edgeID":"239933","fromID":"195742","toID":"195790","formEdgeID":null},{"edgeID":"239934","fromID":"195790","toID":"195788","formEdgeID":null},{"edgeID":"239935","fromID":"195790","toID":"195791","formEdgeID":null},{"edgeID":"239936","fromID":"195791","toID":"195744","formEdgeID":null},{"edgeID":"239937","fromID":"195793","toID":"195794","formEdgeID":null},{"edgeID":"239938","fromID":"195792","toID":"195793","formEdgeID":null},{"edgeID":"239939","fromID":"195794","toID":"195796","formEdgeID":null},{"edgeID":"239940","fromID":"195796","toID":"195744","formEdgeID":null},{"edgeID":"239941","fromID":"195742","toID":"195797","formEdgeID":null},{"edgeID":"239942","fromID":"195797","toID":"195792","formEdgeID":null},{"edgeID":"239943","fromID":"195797","toID":"195798","formEdgeID":null},{"edgeID":"239944","fromID":"195798","toID":"195796","formEdgeID":null},{"edgeID":"239945","fromID":"195802","toID":"195803","formEdgeID":null},{"edgeID":"239946","fromID":"195801","toID":"195802","formEdgeID":null},{"edgeID":"239947","fromID":"195803","toID":"195805","formEdgeID":null},{"edgeID":"239948","fromID":"195805","toID":"195744","formEdgeID":null},{"edgeID":"239949","fromID":"195742","toID":"195806","formEdgeID":null},{"edgeID":"239950","fromID":"195806","toID":"195801","formEdgeID":null},{"edgeID":"239951","fromID":"195806","toID":"195807","formEdgeID":null},{"edgeID":"239952","fromID":"195807","toID":"195805","formEdgeID":null},{"edgeID":"239953","fromID":"195801","toID":"195810","formEdgeID":null},{"edgeID":"239954","fromID":"195810","toID":"195808","formEdgeID":null},{"edgeID":"239955","fromID":"195810","toID":"195811","formEdgeID":null},{"edgeID":"239956","fromID":"195811","toID":"195803","formEdgeID":null},{"edgeID":"239957","fromID":"195813","toID":"195814","formEdgeID":null},{"edgeID":"239958","fromID":"195812","toID":"195813","formEdgeID":null},{"edgeID":"239959","fromID":"195808","toID":"195816","formEdgeID":null},{"edgeID":"239960","fromID":"195816","toID":"195812","formEdgeID":null},{"edgeID":"239961","fromID":"195818","toID":"195819","formEdgeID":null},{"edgeID":"239962","fromID":"195817","toID":"195818","formEdgeID":null},{"edgeID":"239963","fromID":"195803","toID":"195821","formEdgeID":null},{"edgeID":"239964","fromID":"195821","toID":"195819","formEdgeID":null},{"edgeID":"239965","fromID":"195801","toID":"195822","formEdgeID":null},{"edgeID":"239966","fromID":"195822","toID":"195817","formEdgeID":null},{"edgeID":"239967","fromID":"195822","toID":"195823","formEdgeID":null},{"edgeID":"239968","fromID":"195823","toID":"195821","formEdgeID":null},{"edgeID":"239969","fromID":"195826","toID":"195827","formEdgeID":null},{"edgeID":"239970","fromID":"195825","toID":"195826","formEdgeID":null},{"edgeID":"239971","fromID":"195827","toID":"195829","formEdgeID":null},{"edgeID":"239972","fromID":"195829","toID":"195670","formEdgeID":null},{"edgeID":"239973","fromID":"195668","toID":"195830","formEdgeID":null},{"edgeID":"239974","fromID":"195830","toID":"195825","formEdgeID":null},{"edgeID":"239975","fromID":"195830","toID":"195831","formEdgeID":null},{"edgeID":"239976","fromID":"195831","toID":"195829","formEdgeID":null},{"edgeID":"239977","fromID":"195833","toID":"195834","formEdgeID":null},{"edgeID":"239978","fromID":"195832","toID":"195833","formEdgeID":null},{"edgeID":"239979","fromID":"195837","toID":"195838","formEdgeID":null},{"edgeID":"239980","fromID":"195836","toID":"195837","formEdgeID":null},{"edgeID":"239981","fromID":"195834","toID":"195840","formEdgeID":null},{"edgeID":"239982","fromID":"195840","toID":"195827","formEdgeID":null},{"edgeID":"239983","fromID":"195825","toID":"195841","formEdgeID":null},{"edgeID":"239984","fromID":"195841","toID":"195832","formEdgeID":null},{"edgeID":"239985","fromID":"195841","toID":"195842","formEdgeID":null},{"edgeID":"239986","fromID":"195842","toID":"195840","formEdgeID":null},{"edgeID":"239987","fromID":"195838","toID":"195843","formEdgeID":null},{"edgeID":"239988","fromID":"195843","toID":"195834","formEdgeID":null},{"edgeID":"239989","fromID":"195832","toID":"195844","formEdgeID":null},{"edgeID":"239990","fromID":"195844","toID":"195836","formEdgeID":null},{"edgeID":"239991","fromID":"195844","toID":"195845","formEdgeID":null},{"edgeID":"239992","fromID":"195845","toID":"195843","formEdgeID":null},{"edgeID":"239993","fromID":"195847","toID":"195848","formEdgeID":null},{"edgeID":"239994","fromID":"195846","toID":"195847","formEdgeID":null},{"edgeID":"239995","fromID":"195851","toID":"195852","formEdgeID":null},{"edgeID":"239996","fromID":"195850","toID":"195851","formEdgeID":null},{"edgeID":"239997","fromID":"195836","toID":"195854","formEdgeID":null},{"edgeID":"239998","fromID":"195854","toID":"195846","formEdgeID":null},{"edgeID":"239999","fromID":"195846","toID":"195855","formEdgeID":null},{"edgeID":"240000","fromID":"195855","toID":"195850","formEdgeID":null},{"edgeID":"240001","fromID":"195668","toID":"195858","formEdgeID":null},{"edgeID":"240002","fromID":"195858","toID":"195856","formEdgeID":null},{"edgeID":"240003","fromID":"195858","toID":"195859","formEdgeID":null},{"edgeID":"240004","fromID":"195859","toID":"195670","formEdgeID":null},{"edgeID":"240005","fromID":"195861","toID":"195862","formEdgeID":null},{"edgeID":"240006","fromID":"195860","toID":"195861","formEdgeID":null},{"edgeID":"240007","fromID":"195862","toID":"195864","formEdgeID":null},{"edgeID":"240008","fromID":"195864","toID":"195670","formEdgeID":null},{"edgeID":"240009","fromID":"195668","toID":"195865","formEdgeID":null},{"edgeID":"240010","fromID":"195865","toID":"195860","formEdgeID":null},{"edgeID":"240011","fromID":"195865","toID":"195866","formEdgeID":null},{"edgeID":"240012","fromID":"195866","toID":"195864","formEdgeID":null},{"edgeID":"240013","fromID":"195868","toID":"195869","formEdgeID":null},{"edgeID":"240014","fromID":"195867","toID":"195868","formEdgeID":null},{"edgeID":"240015","fromID":"195668","toID":"195871","formEdgeID":null},{"edgeID":"240016","fromID":"195871","toID":"195867","formEdgeID":null},{"edgeID":"240017","fromID":"195873","toID":"195874","formEdgeID":null},{"edgeID":"240018","fromID":"195872","toID":"195873","formEdgeID":null},{"edgeID":"240019","fromID":"195668","toID":"195876","formEdgeID":null},{"edgeID":"240020","fromID":"195876","toID":"195872","formEdgeID":null},{"edgeID":"240021","fromID":"195878","toID":"195879","formEdgeID":null},{"edgeID":"240022","fromID":"195877","toID":"195878","formEdgeID":null},{"edgeID":"240023","fromID":"195668","toID":"195881","formEdgeID":null},{"edgeID":"240024","fromID":"195881","toID":"195877","formEdgeID":null},{"edgeID":"240025","fromID":"195883","toID":"195884","formEdgeID":null},{"edgeID":"240026","fromID":"195882","toID":"195883","formEdgeID":null},{"edgeID":"240027","fromID":"195887","toID":"195888","formEdgeID":null},{"edgeID":"240028","fromID":"195886","toID":"195887","formEdgeID":null},{"edgeID":"240029","fromID":"195668","toID":"195890","formEdgeID":null},{"edgeID":"240030","fromID":"195890","toID":"195882","formEdgeID":null},{"edgeID":"240031","fromID":"195884","toID":"195891","formEdgeID":null},{"edgeID":"240032","fromID":"195891","toID":"195670","formEdgeID":null},{"edgeID":"240033","fromID":"195890","toID":"195892","formEdgeID":null},{"edgeID":"240034","fromID":"195892","toID":"195891","formEdgeID":null},{"edgeID":"240035","fromID":"195888","toID":"195893","formEdgeID":null},{"edgeID":"240036","fromID":"195893","toID":"195670","formEdgeID":null},{"edgeID":"240037","fromID":"195668","toID":"195894","formEdgeID":null},{"edgeID":"240038","fromID":"195894","toID":"195886","formEdgeID":null},{"edgeID":"240039","fromID":"195894","toID":"195895","formEdgeID":null},{"edgeID":"240040","fromID":"195895","toID":"195893","formEdgeID":null}],"locutions":[]}