{"nodes":[{"nodeID":"189695","text":"Hilary Clinton is doing well","type":"I","timestamp":"2016-08-05 11:07:43"},{"nodeID":"190641","text":"spacedfan :  Hilary is slaying in this debate","type":"L","timestamp":"2016-08-08 12:31:15"},{"nodeID":"190642","text":"Asserting","type":"YA","timestamp":"2016-08-08 12:31:15","scheme":"Asserting","schemeID":"74"},{"nodeID":"190643","text":"Hilary Clinton is slaying in this debate","type":"I","timestamp":"2016-08-08 12:31:15"},{"nodeID":"190644","text":"Barbara: spacedfan :  Hilary is slaying in this debate","type":"L","timestamp":"2016-08-08 12:31:15"},{"nodeID":"190645","text":"spacedfan : Sanders took a step back tonight for me.","type":"L","timestamp":"2016-08-08 12:31:15"},{"nodeID":"190646","text":"Asserting","type":"YA","timestamp":"2016-08-08 12:31:15","scheme":"Asserting","schemeID":"74"},{"nodeID":"190647","text":"Bernie Sanders took a step back tonight for me.","type":"I","timestamp":"2016-08-08 12:31:15"},{"nodeID":"190648","text":"Barbara: spacedfan : Sanders took a step back tonight for me.","type":"L","timestamp":"2016-08-08 12:31:15"},{"nodeID":"190649","text":"fish1oop :  I agree","type":"L","timestamp":"2016-08-08 12:31:15"},{"nodeID":"190650","text":"Barbara: fish1oop :  I agree","type":"L","timestamp":"2016-08-08 12:31:16"},{"nodeID":"190651","text":"Default Transition","type":"TA","timestamp":"2016-08-08 12:31:16","scheme":"Default Transition","schemeID":"82"},{"nodeID":"190652","text":"Agreeing","type":"YA","timestamp":"2016-08-08 12:31:16","scheme":"Agreeing","schemeID":"77"},{"nodeID":"190653","text":"Agreeing","type":"YA","timestamp":"2016-08-08 12:31:16","scheme":"Agreeing","schemeID":"77"},{"nodeID":"190654","text":"fish1oop : Hilary is doing well","type":"L","timestamp":"2016-08-08 12:31:16"},{"nodeID":"190655","text":"Asserting","type":"YA","timestamp":"2016-08-08 12:31:16","scheme":"Asserting","schemeID":"74"},{"nodeID":"190656","text":"Barbara: fish1oop : Hilary is doing well","type":"L","timestamp":"2016-08-08 12:31:16"},{"nodeID":"190657","text":"fish1oop : Sanders is struggling","type":"L","timestamp":"2016-08-08 12:31:16"},{"nodeID":"190658","text":"Asserting","type":"YA","timestamp":"2016-08-08 12:31:16","scheme":"Asserting","schemeID":"74"},{"nodeID":"190659","text":"Bernie Sanders is struggling","type":"I","timestamp":"2016-08-08 12:31:16"},{"nodeID":"190660","text":"Barbara: fish1oop : Sanders is struggling","type":"L","timestamp":"2016-08-08 12:31:17"},{"nodeID":"190661","text":"Default Transition","type":"TA","timestamp":"2016-08-08 12:31:17","scheme":"Default Transition","schemeID":"82"},{"nodeID":"190662","text":"Default Transition","type":"TA","timestamp":"2016-08-08 12:31:17","scheme":"Default Transition","schemeID":"82"},{"nodeID":"190663","text":"Default Rephrase","type":"MA","timestamp":"2016-08-08 12:31:17","scheme":"Default Rephrase","schemeID":"144"},{"nodeID":"190664","text":"Restating","type":"YA","timestamp":"2016-08-08 12:31:17","scheme":"Restating","schemeID":"101"},{"nodeID":"190665","text":"Default Transition","type":"TA","timestamp":"2016-08-08 12:31:17","scheme":"Default Transition","schemeID":"82"},{"nodeID":"190666","text":"Default Rephrase","type":"MA","timestamp":"2016-08-08 12:31:17","scheme":"Default Rephrase","schemeID":"144"},{"nodeID":"190667","text":"farfromjordan : Its not even done yet","type":"L","timestamp":"2016-08-08 12:31:17"},{"nodeID":"190668","text":"Asserting","type":"YA","timestamp":"2016-08-08 12:31:17","scheme":"Asserting","schemeID":"74"},{"nodeID":"190669","text":"Its not even done yet","type":"I","timestamp":"2016-08-08 12:31:17"},{"nodeID":"190670","text":"Barbara: farfromjordan : Its not even done yet","type":"L","timestamp":"2016-08-08 12:31:17"},{"nodeID":"190671","text":"Default Transition","type":"TA","timestamp":"2016-08-08 12:31:18","scheme":"Default Transition","schemeID":"82"},{"nodeID":"190672","text":"Restating","type":"YA","timestamp":"2016-08-08 12:31:18","scheme":"Restating","schemeID":"101"},{"nodeID":"190673","text":"[deleted] : I'm a big Bernie fan and I have even gone to one of his rallies","type":"L","timestamp":"2016-08-08 12:31:18"},{"nodeID":"190674","text":"Asserting","type":"YA","timestamp":"2016-08-08 12:31:18","scheme":"Asserting","schemeID":"74"},{"nodeID":"190675","text":"I'm a big Bernie Sanders fan and I have even gone to one of his rallies","type":"I","timestamp":"2016-08-08 12:31:18"},{"nodeID":"190676","text":"Barbara: [deleted] : I'm a big Bernie fan and I have even gone to one of his rallies","type":"L","timestamp":"2016-08-08 12:31:18"},{"nodeID":"190677","text":"[deleted] : I feel as if he's got a LOT of work to do before the next debate","type":"L","timestamp":"2016-08-08 12:31:18"},{"nodeID":"190678","text":"Asserting","type":"YA","timestamp":"2016-08-08 12:31:18","scheme":"Asserting","schemeID":"74"},{"nodeID":"190679","text":"Bernie Sanders has got a LOT of work to do before the next debate","type":"I","timestamp":"2016-08-08 12:31:18"},{"nodeID":"190680","text":"Barbara: [deleted] : I feel as if he's got a LOT of work to do before the next debate","type":"L","timestamp":"2016-08-08 12:31:18"},{"nodeID":"190681","text":"[deleted] : This is definitely making me look at Hillary","type":"L","timestamp":"2016-08-08 12:31:18"},{"nodeID":"190682","text":"Asserting","type":"YA","timestamp":"2016-08-08 12:31:19","scheme":"Asserting","schemeID":"74"},{"nodeID":"190683","text":"I look at Hillary as my candidate","type":"I","timestamp":"2016-08-08 12:31:19"},{"nodeID":"190684","text":"Barbara: [deleted] : This is definitely making me look at Hillary","type":"L","timestamp":"2016-08-08 12:31:19"},{"nodeID":"190685","text":"Default Inference","type":"RA","timestamp":"2016-08-08 12:31:19","scheme":"Default Inference","schemeID":"72"},{"nodeID":"190686","text":"Default Transition","type":"TA","timestamp":"2016-08-08 12:31:19","scheme":"Default Transition","schemeID":"82"},{"nodeID":"190687","text":"Arguing","type":"YA","timestamp":"2016-08-08 12:31:19","scheme":"Arguing","schemeID":"80"},{"nodeID":"190688","text":"Default Transition","type":"TA","timestamp":"2016-08-08 12:31:19","scheme":"Default Transition","schemeID":"82"},{"nodeID":"190689","text":"creuter: She feels so insincere.","type":"L","timestamp":"2016-08-08 12:31:19"},{"nodeID":"190690","text":"Default Rephrase","type":"MA","timestamp":"2016-08-08 12:31:19","scheme":"Default Rephrase","schemeID":"144"},{"nodeID":"190691","text":"Default Transition","type":"TA","timestamp":"2016-08-08 12:31:19","scheme":"Default Transition","schemeID":"82"},{"nodeID":"190692","text":"Restating","type":"YA","timestamp":"2016-08-08 12:31:19","scheme":"Restating","schemeID":"101"},{"nodeID":"190693","text":"creuter : She feels so insincere","type":"L","timestamp":"2016-08-08 12:31:19"},{"nodeID":"190694","text":"Asserting","type":"YA","timestamp":"2016-08-08 12:31:20","scheme":"Asserting","schemeID":"74"},{"nodeID":"190695","text":"Hilary Clinton feels so insincere","type":"I","timestamp":"2016-08-08 12:31:20"},{"nodeID":"190696","text":"Barbara: creuter : She feels so insincere","type":"L","timestamp":"2016-08-08 12:31:20"},{"nodeID":"190697","text":"Default Conflict","type":"CA","timestamp":"2016-08-08 12:31:20","scheme":"Default Conflict","schemeID":"71"},{"nodeID":"190698","text":"Default Transition","type":"TA","timestamp":"2016-08-08 12:31:20","scheme":"Default Transition","schemeID":"82"},{"nodeID":"190699","text":"Disagreeing","type":"YA","timestamp":"2016-08-08 12:31:20","scheme":"Disagreeing","schemeID":"78"}],"edges":[{"edgeID":"233587","fromID":"190642","toID":"190643","formEdgeID":null},{"edgeID":"233588","fromID":"190641","toID":"190642","formEdgeID":null},{"edgeID":"233589","fromID":"190646","toID":"190647","formEdgeID":null},{"edgeID":"233590","fromID":"190645","toID":"190646","formEdgeID":null},{"edgeID":"233591","fromID":"190641","toID":"190651","formEdgeID":null},{"edgeID":"233592","fromID":"190651","toID":"190649","formEdgeID":null},{"edgeID":"233593","fromID":"190645","toID":"190651","formEdgeID":null},{"edgeID":"233594","fromID":"190651","toID":"190652","formEdgeID":null},{"edgeID":"233595","fromID":"190652","toID":"190643","formEdgeID":null},{"edgeID":"233596","fromID":"190651","toID":"190653","formEdgeID":null},{"edgeID":"233597","fromID":"190653","toID":"190647","formEdgeID":null},{"edgeID":"233598","fromID":"190655","toID":"189695","formEdgeID":null},{"edgeID":"233599","fromID":"190654","toID":"190655","formEdgeID":null},{"edgeID":"233600","fromID":"190658","toID":"190659","formEdgeID":null},{"edgeID":"233601","fromID":"190657","toID":"190658","formEdgeID":null},{"edgeID":"233602","fromID":"190641","toID":"190661","formEdgeID":null},{"edgeID":"233603","fromID":"190661","toID":"190654","formEdgeID":null},{"edgeID":"233604","fromID":"190641","toID":"190662","formEdgeID":null},{"edgeID":"233605","fromID":"190662","toID":"190657","formEdgeID":null},{"edgeID":"233606","fromID":"190659","toID":"190663","formEdgeID":null},{"edgeID":"233607","fromID":"190663","toID":"190647","formEdgeID":null},{"edgeID":"233608","fromID":"190662","toID":"190664","formEdgeID":null},{"edgeID":"233609","fromID":"190664","toID":"190663","formEdgeID":null},{"edgeID":"233610","fromID":"190641","toID":"190665","formEdgeID":null},{"edgeID":"233611","fromID":"190665","toID":"190654","formEdgeID":null},{"edgeID":"233612","fromID":"189695","toID":"190666","formEdgeID":null},{"edgeID":"233613","fromID":"190666","toID":"190643","formEdgeID":null},{"edgeID":"233614","fromID":"190668","toID":"190669","formEdgeID":null},{"edgeID":"233615","fromID":"190667","toID":"190668","formEdgeID":null},{"edgeID":"233616","fromID":"190641","toID":"190671","formEdgeID":null},{"edgeID":"233617","fromID":"190671","toID":"190667","formEdgeID":null},{"edgeID":"233618","fromID":"190665","toID":"190672","formEdgeID":null},{"edgeID":"233619","fromID":"190672","toID":"190666","formEdgeID":null},{"edgeID":"233620","fromID":"190674","toID":"190675","formEdgeID":null},{"edgeID":"233621","fromID":"190673","toID":"190674","formEdgeID":null},{"edgeID":"233622","fromID":"190678","toID":"190679","formEdgeID":null},{"edgeID":"233623","fromID":"190677","toID":"190678","formEdgeID":null},{"edgeID":"233624","fromID":"190682","toID":"190683","formEdgeID":null},{"edgeID":"233625","fromID":"190681","toID":"190682","formEdgeID":null},{"edgeID":"233626","fromID":"190679","toID":"190685","formEdgeID":null},{"edgeID":"233627","fromID":"190685","toID":"190683","formEdgeID":null},{"edgeID":"233628","fromID":"190677","toID":"190686","formEdgeID":null},{"edgeID":"233629","fromID":"190686","toID":"190681","formEdgeID":null},{"edgeID":"233630","fromID":"190686","toID":"190687","formEdgeID":null},{"edgeID":"233631","fromID":"190687","toID":"190685","formEdgeID":null},{"edgeID":"233632","fromID":"190673","toID":"190688","formEdgeID":null},{"edgeID":"233633","fromID":"190688","toID":"190677","formEdgeID":null},{"edgeID":"233634","fromID":"190679","toID":"190690","formEdgeID":null},{"edgeID":"233635","fromID":"190690","toID":"190647","formEdgeID":null},{"edgeID":"233636","fromID":"190645","toID":"190691","formEdgeID":null},{"edgeID":"233637","fromID":"190691","toID":"190677","formEdgeID":null},{"edgeID":"233638","fromID":"190691","toID":"190692","formEdgeID":null},{"edgeID":"233639","fromID":"190692","toID":"190690","formEdgeID":null},{"edgeID":"233640","fromID":"190694","toID":"190695","formEdgeID":null},{"edgeID":"233641","fromID":"190693","toID":"190694","formEdgeID":null},{"edgeID":"233642","fromID":"190695","toID":"190697","formEdgeID":null},{"edgeID":"233643","fromID":"190697","toID":"190643","formEdgeID":null},{"edgeID":"233644","fromID":"190641","toID":"190698","formEdgeID":null},{"edgeID":"233645","fromID":"190698","toID":"190693","formEdgeID":null},{"edgeID":"233646","fromID":"190698","toID":"190699","formEdgeID":null},{"edgeID":"233647","fromID":"190699","toID":"190697","formEdgeID":null}],"locutions":[]}