{"nodes":[{"nodeID":"197624","text":"zoomski : someone who believes that all lives matter is offensive","type":"L","timestamp":"2016-09-01 13:18:48"},{"nodeID":"197625","text":"Assertive Challenging","type":"YA","timestamp":"2016-09-01 13:18:48","scheme":"AssertiveChallenging","schemeID":"87"},{"nodeID":"197626","text":"someone who believes that all lives matter is offensive","type":"I","timestamp":"2016-09-01 13:18:49"},{"nodeID":"197627","text":"Barbara: zoomski : someone who believes that all lives matter is offensive","type":"L","timestamp":"2016-09-01 13:18:49"},{"nodeID":"197628","text":"zoomski : black lives matter, but not everyone else","type":"L","timestamp":"2016-09-01 13:18:49"},{"nodeID":"197629","text":"Assertive Challenging","type":"YA","timestamp":"2016-09-01 13:18:49","scheme":"AssertiveChallenging","schemeID":"87"},{"nodeID":"197630","text":"black lives matter, but not everyone else","type":"I","timestamp":"2016-09-01 13:18:49"},{"nodeID":"197631","text":"Barbara: zoomski : black lives matter, but not everyone else","type":"L","timestamp":"2016-09-01 13:18:49"},{"nodeID":"197632","text":"Barbara: zoomski : The notion that black lives are at much more risk and much more threatened than other American lives and we're just ignoring it","type":"L","timestamp":"2016-09-01 13:18:49"},{"nodeID":"197633","text":"Default Inference","type":"RA","timestamp":"2016-09-01 13:18:49","scheme":"Default Inference","schemeID":"72"},{"nodeID":"197634","text":"Default Transition","type":"TA","timestamp":"2016-09-01 13:18:49","scheme":"Default Transition","schemeID":"82"},{"nodeID":"197635","text":"Default Transition","type":"TA","timestamp":"2016-09-01 13:18:49","scheme":"Default Transition","schemeID":"82"},{"nodeID":"197636","text":"Arguing","type":"YA","timestamp":"2016-09-01 13:18:49","scheme":"Arguing","schemeID":"80"},{"nodeID":"197637","text":"zoomski : I definitely understand that","type":"L","timestamp":"2016-09-01 13:18:49"},{"nodeID":"197638","text":"Barbara: zoomski : I definitely understand that","type":"L","timestamp":"2016-09-01 13:18:49"},{"nodeID":"197639","text":"zoomski : I am deemed a shitlord and a racist","type":"L","timestamp":"2016-09-01 13:18:50"},{"nodeID":"197640","text":"Rhetorical Challenging","type":"YA","timestamp":"2016-09-01 13:18:50","scheme":"RhetoricalChallenging","schemeID":"86"},{"nodeID":"197641","text":"I am deemed a shitlord and a racist","type":"I","timestamp":"2016-09-01 13:18:50"},{"nodeID":"197642","text":"Barbara: zoomski : I don't understand why I (a 20 something, white male) am deemed a shitlord and a racist","type":"L","timestamp":"2016-09-01 13:18:50"},{"nodeID":"197643","text":"zoomski : I believe every life matters","type":"L","timestamp":"2016-09-01 13:18:50"},{"nodeID":"197644","text":"Asserting","type":"YA","timestamp":"2016-09-01 13:18:50","scheme":"Asserting","schemeID":"74"},{"nodeID":"197645","text":"I believe every life matters","type":"I","timestamp":"2016-09-01 13:18:50"},{"nodeID":"197646","text":"Barbara: zoomski : I believe every life matters","type":"L","timestamp":"2016-09-01 13:18:50"},{"nodeID":"197647","text":"zoomski : do not support the #blacklivesmatter movement","type":"L","timestamp":"2016-09-01 13:18:50"},{"nodeID":"197648","text":"Asserting","type":"YA","timestamp":"2016-09-01 13:18:50","scheme":"Asserting","schemeID":"74"},{"nodeID":"197649","text":"do not support the #blacklivesmatter movement","type":"I","timestamp":"2016-09-01 13:18:50"},{"nodeID":"197650","text":"Barbara: zoomski : do not support the #blacklivesmatter movement","type":"L","timestamp":"2016-09-01 13:18:50"},{"nodeID":"197651","text":"Barbara: zoomski : and","type":"L","timestamp":"2016-09-01 13:18:51"},{"nodeID":"197652","text":"NEMESIS94 : The notion that black lives are at much more risk and much more threatened than other American lives and we're just ignoring it","type":"L","timestamp":"2016-09-01 13:18:51"},{"nodeID":"197653","text":"Asserting","type":"YA","timestamp":"2016-09-01 13:18:51","scheme":"Asserting","schemeID":"74"},{"nodeID":"197654","text":"the notion that black lives are at much more risk and much more threatened than other American lives and we're just ignoring it","type":"I","timestamp":"2016-09-01 13:18:51"},{"nodeID":"197655","text":"Barbara: NEMESIS94 : The notion that black lives are at much more risk and much more threatened than other American lives and we're just ignoring it","type":"L","timestamp":"2016-09-01 13:18:51"},{"nodeID":"197656","text":"Default Transition","type":"TA","timestamp":"2016-09-01 13:18:51","scheme":"Default Transition","schemeID":"82"},{"nodeID":"197657","text":"Agreeing","type":"YA","timestamp":"2016-09-01 13:18:51","scheme":"Agreeing","schemeID":"77"},{"nodeID":"197658","text":"Default Transition","type":"TA","timestamp":"2016-09-01 13:18:51","scheme":"Default Transition","schemeID":"82"},{"nodeID":"197659","text":"Default Inference","type":"RA","timestamp":"2016-09-01 13:18:51","scheme":"Default Inference","schemeID":"72"},{"nodeID":"197660","text":"Arguing","type":"YA","timestamp":"2016-09-01 13:18:51","scheme":"Arguing","schemeID":"80"},{"nodeID":"197661","text":"NEMESIS94 : there are idiots in BLM just like there are in every other group in the world","type":"L","timestamp":"2016-09-01 13:18:51"},{"nodeID":"197662","text":"Asserting","type":"YA","timestamp":"2016-09-01 13:18:52","scheme":"Asserting","schemeID":"74"},{"nodeID":"197663","text":"there are idiots in BLM just like there are in every other group in the world","type":"I","timestamp":"2016-09-01 13:18:52"},{"nodeID":"197664","text":"Barbara: NEMESIS94 : there are idiots in BLM just like there are in every other group in the world","type":"L","timestamp":"2016-09-01 13:18:52"},{"nodeID":"197665","text":"NEMESIS94 : BLM being an ideological extreme","type":"L","timestamp":"2016-09-01 13:18:52"},{"nodeID":"197666","text":"Asserting","type":"YA","timestamp":"2016-09-01 13:18:52","scheme":"Asserting","schemeID":"74"},{"nodeID":"197667","text":"BLM being an ideological extreme","type":"I","timestamp":"2016-09-01 13:18:52"},{"nodeID":"197668","text":"Barbara: NEMESIS94 : BLM being an ideological extreme","type":"L","timestamp":"2016-09-01 13:18:52"},{"nodeID":"197669","text":"Default Inference","type":"RA","timestamp":"2016-09-01 13:18:52","scheme":"Default Inference","schemeID":"72"},{"nodeID":"197670","text":"Default Inference","type":"RA","timestamp":"2016-09-01 13:18:52","scheme":"Default Inference","schemeID":"72"},{"nodeID":"197671","text":"Default Transition","type":"TA","timestamp":"2016-09-01 13:18:52","scheme":"Default Transition","schemeID":"82"},{"nodeID":"197672","text":"Arguing","type":"YA","timestamp":"2016-09-01 13:18:52","scheme":"Arguing","schemeID":"80"},{"nodeID":"197673","text":"Default Transition","type":"TA","timestamp":"2016-09-01 13:18:52","scheme":"Default Transition","schemeID":"82"},{"nodeID":"197674","text":"Arguing","type":"YA","timestamp":"2016-09-01 13:18:53","scheme":"Arguing","schemeID":"80"},{"nodeID":"197675","text":"zoomski : I am a 20 something, white male","type":"L","timestamp":"2016-09-01 13:18:53"},{"nodeID":"197676","text":"Asserting","type":"YA","timestamp":"2016-09-01 13:18:53","scheme":"Asserting","schemeID":"74"},{"nodeID":"197677","text":"I am a 20 something, white male","type":"I","timestamp":"2016-09-01 13:18:53"},{"nodeID":"197678","text":"Barbara: zoomski : doesn't","type":"L","timestamp":"2016-09-01 13:18:53"},{"nodeID":"197679","text":"Default Transition","type":"TA","timestamp":"2016-09-01 13:18:53","scheme":"Default Transition","schemeID":"82"},{"nodeID":"197680","text":"Barbara: NEMESIS94 :  Sad times we live in","type":"L","timestamp":"2016-09-01 13:18:53"},{"nodeID":"197681","text":"zoomski : Sad times we live in","type":"L","timestamp":"2016-09-01 13:18:53"},{"nodeID":"197682","text":"Asserting","type":"YA","timestamp":"2016-09-01 13:18:53","scheme":"Asserting","schemeID":"74"},{"nodeID":"197683","text":"sad times we live in","type":"I","timestamp":"2016-09-01 13:18:53"},{"nodeID":"197684","text":"Barbara: zoomski : Sad times we live in","type":"L","timestamp":"2016-09-01 13:18:53"},{"nodeID":"197685","text":"Default Transition","type":"TA","timestamp":"2016-09-01 13:18:54","scheme":"Default Transition","schemeID":"82"},{"nodeID":"197686","text":"Her0_0f_time : No fucking clue","type":"L","timestamp":"2016-09-01 13:18:54"},{"nodeID":"197687","text":"Asserting","type":"YA","timestamp":"2016-09-01 13:18:54","scheme":"Asserting","schemeID":"74"},{"nodeID":"197688","text":"no fucking clue","type":"I","timestamp":"2016-09-01 13:18:54"},{"nodeID":"197689","text":"Barbara: Her0_0f_time : No fucking clue","type":"L","timestamp":"2016-09-01 13:18:54"},{"nodeID":"197690","text":"Her0_0f_time : Black lives do matter","type":"L","timestamp":"2016-09-01 13:18:54"},{"nodeID":"197691","text":"Asserting","type":"YA","timestamp":"2016-09-01 13:18:54","scheme":"Asserting","schemeID":"74"},{"nodeID":"197692","text":"Black lives do matter","type":"I","timestamp":"2016-09-01 13:18:54"},{"nodeID":"197693","text":"Barbara: Her0_0f_time : Black lives do matter","type":"L","timestamp":"2016-09-01 13:18:54"},{"nodeID":"197694","text":"Her0_0f_time : No one is arguing that except for racists","type":"L","timestamp":"2016-09-01 13:18:54"},{"nodeID":"197695","text":"Asserting","type":"YA","timestamp":"2016-09-01 13:18:54","scheme":"Asserting","schemeID":"74"},{"nodeID":"197696","text":"no one is arguing that except for racists","type":"I","timestamp":"2016-09-01 13:18:54"},{"nodeID":"197697","text":"Barbara: Her0_0f_time : No one is arguing that except for racists","type":"L","timestamp":"2016-09-01 13:18:55"},{"nodeID":"197698","text":"Default Inference","type":"RA","timestamp":"2016-09-01 13:18:55","scheme":"Default Inference","schemeID":"72"},{"nodeID":"197699","text":"Default Transition","type":"TA","timestamp":"2016-09-01 13:18:55","scheme":"Default Transition","schemeID":"82"},{"nodeID":"197700","text":"Arguing","type":"YA","timestamp":"2016-09-01 13:18:55","scheme":"Arguing","schemeID":"80"},{"nodeID":"197701","text":"Default Conflict","type":"CA","timestamp":"2016-09-01 13:18:55","scheme":"Default Conflict","schemeID":"71"},{"nodeID":"197702","text":"Default Transition","type":"TA","timestamp":"2016-09-01 13:18:55","scheme":"Default Transition","schemeID":"82"},{"nodeID":"197703","text":"Disagreeing","type":"YA","timestamp":"2016-09-01 13:18:55","scheme":"Disagreeing","schemeID":"78"},{"nodeID":"197704","text":"BreweryInTheSky : all lives matter is the point of black lives matter","type":"L","timestamp":"2016-09-01 13:18:55"},{"nodeID":"197705","text":"Asserting","type":"YA","timestamp":"2016-09-01 13:18:55","scheme":"Asserting","schemeID":"74"},{"nodeID":"197706","text":"all lives matter is the point of black lives matter","type":"I","timestamp":"2016-09-01 13:18:55"},{"nodeID":"197707","text":"Barbara: BreweryInTheSky : all lives matter is the point of black lives matter","type":"L","timestamp":"2016-09-01 13:18:55"},{"nodeID":"197708","text":"Default Inference","type":"RA","timestamp":"2016-09-01 13:18:56","scheme":"Default Inference","schemeID":"72"},{"nodeID":"197709","text":"Default Transition","type":"TA","timestamp":"2016-09-01 13:18:56","scheme":"Default Transition","schemeID":"82"},{"nodeID":"197710","text":"Arguing","type":"YA","timestamp":"2016-09-01 13:18:56","scheme":"Arguing","schemeID":"80"},{"nodeID":"197711","text":"BreweryInTheSky : Black lives are valued less than the lives of other races","type":"L","timestamp":"2016-09-01 13:18:56"},{"nodeID":"197712","text":"Asserting","type":"YA","timestamp":"2016-09-01 13:18:56","scheme":"Asserting","schemeID":"74"},{"nodeID":"197713","text":"black lives are valued less than the lives of other races","type":"I","timestamp":"2016-09-01 13:18:56"},{"nodeID":"197714","text":"Barbara: BreweryInTheSky : Black lives are valued less than the lives of other races","type":"L","timestamp":"2016-09-01 13:18:56"},{"nodeID":"197715","text":"BreweryInTheSky : It's a real problem","type":"L","timestamp":"2016-09-01 13:18:56"},{"nodeID":"197716","text":"Asserting","type":"YA","timestamp":"2016-09-01 13:18:56","scheme":"Asserting","schemeID":"74"},{"nodeID":"197717","text":"it's a real problem","type":"I","timestamp":"2016-09-01 13:18:56"},{"nodeID":"197718","text":"Barbara: BreweryInTheSky : It's a real problem","type":"L","timestamp":"2016-09-01 13:18:56"},{"nodeID":"197719","text":"BreweryInTheSky : To bring attention to that problem","type":"L","timestamp":"2016-09-01 13:18:56"},{"nodeID":"197720","text":"Asserting","type":"YA","timestamp":"2016-09-01 13:18:57","scheme":"Asserting","schemeID":"74"},{"nodeID":"197721","text":"to bring attention to the problem of black lives being valued less","type":"I","timestamp":"2016-09-01 13:18:57"},{"nodeID":"197722","text":"Barbara: BreweryInTheSky : To bring attention to that problem","type":"L","timestamp":"2016-09-01 13:18:57"},{"nodeID":"197723","text":"BreweryInTheSky : we say Black Lives Matter","type":"L","timestamp":"2016-09-01 13:18:57"},{"nodeID":"197724","text":"Asserting","type":"YA","timestamp":"2016-09-01 13:18:57","scheme":"Asserting","schemeID":"74"},{"nodeID":"197725","text":"we say Black Lives Matter","type":"I","timestamp":"2016-09-01 13:18:57"},{"nodeID":"197726","text":"Barbara: BreweryInTheSky : we say Black Lives Matter","type":"L","timestamp":"2016-09-01 13:18:57"},{"nodeID":"197727","text":"BreweryInTheSky : All lives matter does not bring attention to the problem","type":"L","timestamp":"2016-09-01 13:18:57"},{"nodeID":"197728","text":"Asserting","type":"YA","timestamp":"2016-09-01 13:18:57","scheme":"Asserting","schemeID":"74"},{"nodeID":"197729","text":"all lives matter does not bring attention to the problem","type":"I","timestamp":"2016-09-01 13:18:57"},{"nodeID":"197730","text":"Barbara: BreweryInTheSky : All lives matter does not bring attention to the problem","type":"L","timestamp":"2016-09-01 13:18:57"},{"nodeID":"197731","text":"Default Inference","type":"RA","timestamp":"2016-09-01 13:18:58","scheme":"Default Inference","schemeID":"72"},{"nodeID":"197732","text":"Default Transition","type":"TA","timestamp":"2016-09-01 13:18:58","scheme":"Default Transition","schemeID":"82"},{"nodeID":"197733","text":"Arguing","type":"YA","timestamp":"2016-09-01 13:18:58","scheme":"Arguing","schemeID":"80"},{"nodeID":"197734","text":"Default Inference","type":"RA","timestamp":"2016-09-01 13:18:58","scheme":"Default Inference","schemeID":"72"},{"nodeID":"197735","text":"Default Transition","type":"TA","timestamp":"2016-09-01 13:18:58","scheme":"Default Transition","schemeID":"82"},{"nodeID":"197736","text":"Arguing","type":"YA","timestamp":"2016-09-01 13:18:58","scheme":"Arguing","schemeID":"80"}],"edges":[{"edgeID":"242033","fromID":"197625","toID":"197626","formEdgeID":null},{"edgeID":"242034","fromID":"197624","toID":"197625","formEdgeID":null},{"edgeID":"242035","fromID":"197629","toID":"197630","formEdgeID":null},{"edgeID":"242036","fromID":"197628","toID":"197629","formEdgeID":null},{"edgeID":"242037","fromID":"197633","toID":"197626","formEdgeID":null},{"edgeID":"242038","fromID":"197624","toID":"197634","formEdgeID":null},{"edgeID":"242039","fromID":"197624","toID":"197635","formEdgeID":null},{"edgeID":"242040","fromID":"197635","toID":"197628","formEdgeID":null},{"edgeID":"242041","fromID":"197634","toID":"197636","formEdgeID":null},{"edgeID":"242042","fromID":"197636","toID":"197633","formEdgeID":null},{"edgeID":"242043","fromID":"197640","toID":"197641","formEdgeID":null},{"edgeID":"242044","fromID":"197639","toID":"197640","formEdgeID":null},{"edgeID":"242045","fromID":"197644","toID":"197645","formEdgeID":null},{"edgeID":"242046","fromID":"197643","toID":"197644","formEdgeID":null},{"edgeID":"242047","fromID":"197648","toID":"197649","formEdgeID":null},{"edgeID":"242048","fromID":"197647","toID":"197648","formEdgeID":null},{"edgeID":"242049","fromID":"197653","toID":"197654","formEdgeID":null},{"edgeID":"242050","fromID":"197652","toID":"197653","formEdgeID":null},{"edgeID":"242051","fromID":"197654","toID":"197633","formEdgeID":null},{"edgeID":"242052","fromID":"197634","toID":"197652","formEdgeID":null},{"edgeID":"242053","fromID":"197652","toID":"197656","formEdgeID":null},{"edgeID":"242054","fromID":"197656","toID":"197637","formEdgeID":null},{"edgeID":"242055","fromID":"197656","toID":"197657","formEdgeID":null},{"edgeID":"242056","fromID":"197657","toID":"197654","formEdgeID":null},{"edgeID":"242057","fromID":"197639","toID":"197658","formEdgeID":null},{"edgeID":"242058","fromID":"197658","toID":"197647","formEdgeID":null},{"edgeID":"242059","fromID":"197658","toID":"197643","formEdgeID":null},{"edgeID":"242060","fromID":"197649","toID":"197659","formEdgeID":null},{"edgeID":"242061","fromID":"197659","toID":"197641","formEdgeID":null},{"edgeID":"242062","fromID":"197645","toID":"197659","formEdgeID":null},{"edgeID":"242063","fromID":"197658","toID":"197660","formEdgeID":null},{"edgeID":"242064","fromID":"197660","toID":"197659","formEdgeID":null},{"edgeID":"242065","fromID":"197662","toID":"197663","formEdgeID":null},{"edgeID":"242066","fromID":"197661","toID":"197662","formEdgeID":null},{"edgeID":"242067","fromID":"197666","toID":"197667","formEdgeID":null},{"edgeID":"242068","fromID":"197665","toID":"197666","formEdgeID":null},{"edgeID":"242069","fromID":"197667","toID":"197669","formEdgeID":null},{"edgeID":"242070","fromID":"197669","toID":"197641","formEdgeID":null},{"edgeID":"242071","fromID":"197663","toID":"197670","formEdgeID":null},{"edgeID":"242072","fromID":"197670","toID":"197641","formEdgeID":null},{"edgeID":"242073","fromID":"197639","toID":"197671","formEdgeID":null},{"edgeID":"242074","fromID":"197671","toID":"197661","formEdgeID":null},{"edgeID":"242075","fromID":"197671","toID":"197672","formEdgeID":null},{"edgeID":"242076","fromID":"197672","toID":"197670","formEdgeID":null},{"edgeID":"242077","fromID":"197639","toID":"197673","formEdgeID":null},{"edgeID":"242078","fromID":"197673","toID":"197665","formEdgeID":null},{"edgeID":"242079","fromID":"197673","toID":"197674","formEdgeID":null},{"edgeID":"242080","fromID":"197674","toID":"197669","formEdgeID":null},{"edgeID":"242081","fromID":"197676","toID":"197677","formEdgeID":null},{"edgeID":"242082","fromID":"197675","toID":"197676","formEdgeID":null},{"edgeID":"242083","fromID":"197677","toID":"197659","formEdgeID":null},{"edgeID":"242084","fromID":"197637","toID":"197679","formEdgeID":null},{"edgeID":"242085","fromID":"197679","toID":"197639","formEdgeID":null},{"edgeID":"242086","fromID":"197682","toID":"197683","formEdgeID":null},{"edgeID":"242087","fromID":"197681","toID":"197682","formEdgeID":null},{"edgeID":"242088","fromID":"197665","toID":"197685","formEdgeID":null},{"edgeID":"242089","fromID":"197685","toID":"197681","formEdgeID":null},{"edgeID":"242090","fromID":"197687","toID":"197688","formEdgeID":null},{"edgeID":"242091","fromID":"197686","toID":"197687","formEdgeID":null},{"edgeID":"242092","fromID":"197691","toID":"197692","formEdgeID":null},{"edgeID":"242093","fromID":"197690","toID":"197691","formEdgeID":null},{"edgeID":"242094","fromID":"197695","toID":"197696","formEdgeID":null},{"edgeID":"242095","fromID":"197694","toID":"197695","formEdgeID":null},{"edgeID":"242096","fromID":"197696","toID":"197698","formEdgeID":null},{"edgeID":"242097","fromID":"197698","toID":"197688","formEdgeID":null},{"edgeID":"242098","fromID":"197692","toID":"197698","formEdgeID":null},{"edgeID":"242099","fromID":"197686","toID":"197699","formEdgeID":null},{"edgeID":"242100","fromID":"197699","toID":"197694","formEdgeID":null},{"edgeID":"242101","fromID":"197699","toID":"197690","formEdgeID":null},{"edgeID":"242102","fromID":"197699","toID":"197700","formEdgeID":null},{"edgeID":"242103","fromID":"197700","toID":"197698","formEdgeID":null},{"edgeID":"242104","fromID":"197688","toID":"197701","formEdgeID":null},{"edgeID":"242105","fromID":"197701","toID":"197626","formEdgeID":null},{"edgeID":"242106","fromID":"197624","toID":"197702","formEdgeID":null},{"edgeID":"242107","fromID":"197702","toID":"197686","formEdgeID":null},{"edgeID":"242108","fromID":"197702","toID":"197703","formEdgeID":null},{"edgeID":"242109","fromID":"197703","toID":"197701","formEdgeID":null},{"edgeID":"242110","fromID":"197705","toID":"197706","formEdgeID":null},{"edgeID":"242111","fromID":"197704","toID":"197705","formEdgeID":null},{"edgeID":"242112","fromID":"197706","toID":"197708","formEdgeID":null},{"edgeID":"242113","fromID":"197708","toID":"197626","formEdgeID":null},{"edgeID":"242114","fromID":"197624","toID":"197709","formEdgeID":null},{"edgeID":"242115","fromID":"197709","toID":"197704","formEdgeID":null},{"edgeID":"242116","fromID":"197709","toID":"197710","formEdgeID":null},{"edgeID":"242117","fromID":"197710","toID":"197708","formEdgeID":null},{"edgeID":"242118","fromID":"197712","toID":"197713","formEdgeID":null},{"edgeID":"242119","fromID":"197711","toID":"197712","formEdgeID":null},{"edgeID":"242120","fromID":"197716","toID":"197717","formEdgeID":null},{"edgeID":"242121","fromID":"197715","toID":"197716","formEdgeID":null},{"edgeID":"242122","fromID":"197720","toID":"197721","formEdgeID":null},{"edgeID":"242123","fromID":"197719","toID":"197720","formEdgeID":null},{"edgeID":"242124","fromID":"197724","toID":"197725","formEdgeID":null},{"edgeID":"242125","fromID":"197723","toID":"197724","formEdgeID":null},{"edgeID":"242126","fromID":"197728","toID":"197729","formEdgeID":null},{"edgeID":"242127","fromID":"197727","toID":"197728","formEdgeID":null},{"edgeID":"242128","fromID":"197729","toID":"197731","formEdgeID":null},{"edgeID":"242129","fromID":"197731","toID":"197725","formEdgeID":null},{"edgeID":"242130","fromID":"197723","toID":"197732","formEdgeID":null},{"edgeID":"242131","fromID":"197732","toID":"197727","formEdgeID":null},{"edgeID":"242132","fromID":"197732","toID":"197733","formEdgeID":null},{"edgeID":"242133","fromID":"197733","toID":"197731","formEdgeID":null},{"edgeID":"242134","fromID":"197721","toID":"197734","formEdgeID":null},{"edgeID":"242135","fromID":"197734","toID":"197725","formEdgeID":null},{"edgeID":"242136","fromID":"197717","toID":"197734","formEdgeID":null},{"edgeID":"242137","fromID":"197715","toID":"197735","formEdgeID":null},{"edgeID":"242138","fromID":"197735","toID":"197723","formEdgeID":null},{"edgeID":"242139","fromID":"197719","toID":"197735","formEdgeID":null},{"edgeID":"242140","fromID":"197735","toID":"197736","formEdgeID":null},{"edgeID":"242141","fromID":"197736","toID":"197734","formEdgeID":null},{"edgeID":"242142","fromID":"197713","toID":"197734","formEdgeID":null},{"edgeID":"242143","fromID":"197711","toID":"197735","formEdgeID":null},{"edgeID":"242144","fromID":"197721","toID":"197720","formEdgeID":null},{"edgeID":"242145","fromID":"197725","toID":"197708","formEdgeID":null},{"edgeID":"242146","fromID":"197709","toID":"197723","formEdgeID":null}],"locutions":[]}