{"nodes":[{"nodeID":"190700","text":"Andewz111 : Three times so far tonight he's said he's been waiting for 10 minutes","type":"L","timestamp":"2016-08-08 13:43:07"},{"nodeID":"190701","text":"Asserting","type":"YA","timestamp":"2016-08-08 13:43:07","scheme":"Asserting","schemeID":"74"},{"nodeID":"190702","text":"three times so far tonight Webb has said he's been waiting for 10 minutes","type":"I","timestamp":"2016-08-08 13:43:07"},{"nodeID":"190703","text":"Barbara: Andewz111 : Three times so far tonight he's said he's been waiting for 10 minutes","type":"L","timestamp":"2016-08-08 13:43:07"},{"nodeID":"190704","text":"Andewz111 : Someone fact check this","type":"L","timestamp":"2016-08-08 13:43:07"},{"nodeID":"190705","text":"Asserting","type":"YA","timestamp":"2016-08-08 13:43:08","scheme":"Asserting","schemeID":"74"},{"nodeID":"190706","text":"someone fact check this","type":"I","timestamp":"2016-08-08 13:43:08"},{"nodeID":"190707","text":"Barbara: Andewz111 : Someone fact check this","type":"L","timestamp":"2016-08-08 13:43:08"},{"nodeID":"190708","text":"Andewz111 :  Keep a stopwatch on how long he's been actually waiting","type":"L","timestamp":"2016-08-08 13:43:08"},{"nodeID":"190709","text":"Asserting","type":"YA","timestamp":"2016-08-08 13:43:08","scheme":"Asserting","schemeID":"74"},{"nodeID":"190710","text":"keep a stopwatch on how long Webb has been actually waiting","type":"I","timestamp":"2016-08-08 13:43:08"},{"nodeID":"190711","text":"Barbara: Andewz111 :  Keep a stopwatch on how long he's been actually waiting","type":"L","timestamp":"2016-08-08 13:43:08"},{"nodeID":"190712","text":"Andewz111 : Oh! A fourth time","type":"L","timestamp":"2016-08-08 13:43:08"},{"nodeID":"190713","text":"Asserting","type":"YA","timestamp":"2016-08-08 13:43:08","scheme":"Asserting","schemeID":"74"},{"nodeID":"190714","text":"fourth time has Webb said he has been waiting for 10 minutes","type":"I","timestamp":"2016-08-08 13:43:08"},{"nodeID":"190715","text":"Barbara: Andewz111 : Oh! A fourth time","type":"L","timestamp":"2016-08-08 13:43:09"},{"nodeID":"190716","text":"Her0_0f_time : Well it has been about 30 minutes","type":"L","timestamp":"2016-08-08 13:43:09"},{"nodeID":"190717","text":"Asserting","type":"YA","timestamp":"2016-08-08 13:43:09","scheme":"Asserting","schemeID":"74"},{"nodeID":"190718","text":"the debate has been about 30 minutes","type":"I","timestamp":"2016-08-08 13:43:09"},{"nodeID":"190719","text":"Barbara: Her0_0f_time : Well it has been about 30 minutes","type":"L","timestamp":"2016-08-08 13:43:09"},{"nodeID":"190720","text":"Her0_0f_time : it cant be that far off","type":"L","timestamp":"2016-08-08 13:43:09"},{"nodeID":"190721","text":"Asserting","type":"YA","timestamp":"2016-08-08 13:43:09","scheme":"Asserting","schemeID":"74"},{"nodeID":"190722","text":"it cannot be that far off","type":"I","timestamp":"2016-08-08 13:43:09"},{"nodeID":"190723","text":"Barbara: Her0_0f_time : it cant be that far off","type":"L","timestamp":"2016-08-08 13:43:09"},{"nodeID":"190724","text":"Default Inference","type":"RA","timestamp":"2016-08-08 13:43:09","scheme":"Default Inference","schemeID":"72"},{"nodeID":"190725","text":"Default Transition","type":"TA","timestamp":"2016-08-08 13:43:10","scheme":"Default Transition","schemeID":"82"},{"nodeID":"190726","text":"Arguing","type":"YA","timestamp":"2016-08-08 13:43:10","scheme":"Arguing","schemeID":"80"},{"nodeID":"190727","text":"Default Transition","type":"TA","timestamp":"2016-08-08 13:43:10","scheme":"Default Transition","schemeID":"82"},{"nodeID":"190728","text":"Default Transition","type":"TA","timestamp":"2016-08-08 13:43:10","scheme":"Default Transition","schemeID":"82"},{"nodeID":"190729","text":"Default Transition","type":"TA","timestamp":"2016-08-08 13:43:10","scheme":"Default Transition","schemeID":"82"},{"nodeID":"190730","text":"Default Transition","type":"TA","timestamp":"2016-08-08 13:43:10","scheme":"Default Transition","schemeID":"82"},{"nodeID":"190731","text":"CunderscoreF : 4 times","type":"L","timestamp":"2016-08-08 13:43:10"},{"nodeID":"190732","text":"Asserting","type":"YA","timestamp":"2016-08-08 13:43:10","scheme":"Asserting","schemeID":"74"},{"nodeID":"190733","text":"4 times has Webb said he has been waiting for 10 minutes","type":"I","timestamp":"2016-08-08 13:43:10"},{"nodeID":"190734","text":"Barbara: CunderscoreF : 4 times","type":"L","timestamp":"2016-08-08 13:43:10"},{"nodeID":"190735","text":"Default Rephrase","type":"MA","timestamp":"2016-08-08 13:43:10","scheme":"Default Rephrase","schemeID":"144"},{"nodeID":"190736","text":"Default Transition","type":"TA","timestamp":"2016-08-08 13:43:11","scheme":"Default Transition","schemeID":"82"},{"nodeID":"190737","text":"Restating","type":"YA","timestamp":"2016-08-08 13:43:11","scheme":"Restating","schemeID":"101"},{"nodeID":"190738","text":"Calvengeance :  \"Andewz111, we've reviewed and it seems he has been waiting for a total of only 8 minutes. More after these messages.\"","type":"L","timestamp":"2016-08-08 13:43:11"},{"nodeID":"190739","text":"Asserting","type":"YA","timestamp":"2016-08-08 13:43:11","scheme":"Asserting","schemeID":"74"},{"nodeID":"190740","text":"\"Andewz111, we've reviewed and it seems he has been waiting for a total of only 8 minutes. More after these messages.\"","type":"I","timestamp":"2016-08-08 13:43:11"},{"nodeID":"190741","text":"Barbara: Calvengeance :  \"Andewz111, we've reviewed and it seems he has been waiting for a total of only 8 minutes. More after these messages.\"","type":"L","timestamp":"2016-08-08 13:43:11"},{"nodeID":"190742","text":"Default Transition","type":"TA","timestamp":"2016-08-08 13:43:11","scheme":"Default Transition","schemeID":"82"},{"nodeID":"190743","text":"Andewz111 : Four Pinocchios on the Washington Post scale","type":"L","timestamp":"2016-08-08 13:43:11"},{"nodeID":"190744","text":"Asserting","type":"YA","timestamp":"2016-08-08 13:43:11","scheme":"Asserting","schemeID":"74"},{"nodeID":"190745","text":"four Pinocchios on the Washington Post scale","type":"I","timestamp":"2016-08-08 13:43:11"},{"nodeID":"190746","text":"Barbara: Andewz111 : Four Pinocchios on the Washington Post scale","type":"L","timestamp":"2016-08-08 13:43:11"},{"nodeID":"190747","text":"Default Transition","type":"TA","timestamp":"2016-08-08 13:43:12","scheme":"Default Transition","schemeID":"82"}],"edges":[{"edgeID":"233648","fromID":"190701","toID":"190702","formEdgeID":null},{"edgeID":"233649","fromID":"190700","toID":"190701","formEdgeID":null},{"edgeID":"233650","fromID":"190705","toID":"190706","formEdgeID":null},{"edgeID":"233651","fromID":"190704","toID":"190705","formEdgeID":null},{"edgeID":"233652","fromID":"190709","toID":"190710","formEdgeID":null},{"edgeID":"233653","fromID":"190708","toID":"190709","formEdgeID":null},{"edgeID":"233654","fromID":"190713","toID":"190714","formEdgeID":null},{"edgeID":"233655","fromID":"190712","toID":"190713","formEdgeID":null},{"edgeID":"233656","fromID":"190717","toID":"190718","formEdgeID":null},{"edgeID":"233657","fromID":"190716","toID":"190717","formEdgeID":null},{"edgeID":"233658","fromID":"190721","toID":"190722","formEdgeID":null},{"edgeID":"233659","fromID":"190720","toID":"190721","formEdgeID":null},{"edgeID":"233660","fromID":"190722","toID":"190721","formEdgeID":null},{"edgeID":"233661","fromID":"190718","toID":"190724","formEdgeID":null},{"edgeID":"233662","fromID":"190724","toID":"190722","formEdgeID":null},{"edgeID":"233663","fromID":"190716","toID":"190725","formEdgeID":null},{"edgeID":"233664","fromID":"190725","toID":"190720","formEdgeID":null},{"edgeID":"233665","fromID":"190725","toID":"190726","formEdgeID":null},{"edgeID":"233666","fromID":"190726","toID":"190724","formEdgeID":null},{"edgeID":"233667","fromID":"190700","toID":"190727","formEdgeID":null},{"edgeID":"233668","fromID":"190727","toID":"190704","formEdgeID":null},{"edgeID":"233669","fromID":"190704","toID":"190728","formEdgeID":null},{"edgeID":"233670","fromID":"190728","toID":"190708","formEdgeID":null},{"edgeID":"233671","fromID":"190708","toID":"190729","formEdgeID":null},{"edgeID":"233672","fromID":"190729","toID":"190712","formEdgeID":null},{"edgeID":"233673","fromID":"190700","toID":"190730","formEdgeID":null},{"edgeID":"233674","fromID":"190730","toID":"190716","formEdgeID":null},{"edgeID":"233675","fromID":"190732","toID":"190733","formEdgeID":null},{"edgeID":"233676","fromID":"190731","toID":"190732","formEdgeID":null},{"edgeID":"233677","fromID":"190733","toID":"190735","formEdgeID":null},{"edgeID":"233678","fromID":"190735","toID":"190714","formEdgeID":null},{"edgeID":"233679","fromID":"190712","toID":"190736","formEdgeID":null},{"edgeID":"233680","fromID":"190736","toID":"190731","formEdgeID":null},{"edgeID":"233681","fromID":"190736","toID":"190737","formEdgeID":null},{"edgeID":"233682","fromID":"190737","toID":"190735","formEdgeID":null},{"edgeID":"233683","fromID":"190739","toID":"190740","formEdgeID":null},{"edgeID":"233684","fromID":"190738","toID":"190739","formEdgeID":null},{"edgeID":"233685","fromID":"190700","toID":"190742","formEdgeID":null},{"edgeID":"233686","fromID":"190742","toID":"190738","formEdgeID":null},{"edgeID":"233687","fromID":"190744","toID":"190745","formEdgeID":null},{"edgeID":"233688","fromID":"190743","toID":"190744","formEdgeID":null},{"edgeID":"233689","fromID":"190738","toID":"190747","formEdgeID":null},{"edgeID":"233690","fromID":"190747","toID":"190743","formEdgeID":null}],"locutions":[]}