{"nodes":[{"nodeID":"185285","text":"[deleted] : Sanders is a broken record","type":"L","timestamp":"2016-07-28 12:13:03"},{"nodeID":"185286","text":"Asserting","type":"YA","timestamp":"2016-07-28 12:13:06","scheme":"Asserting","schemeID":"74"},{"nodeID":"185287","text":"Sanders is a broken record","type":"I","timestamp":"2016-07-28 12:13:07"},{"nodeID":"185288","text":"Barbara: [deleted] : Sanders is a broken record","type":"L","timestamp":"2016-07-28 12:13:07"},{"nodeID":"185289","text":"HanginWithDaleCooper : Every candidate is if you listen to them everyday","type":"L","timestamp":"2016-07-28 12:13:08"},{"nodeID":"185290","text":"Asserting","type":"YA","timestamp":"2016-07-28 12:13:09","scheme":"Asserting","schemeID":"74"},{"nodeID":"185291","text":"every candidate is a broken record if you listen to them everyday","type":"I","timestamp":"2016-07-28 12:13:11"},{"nodeID":"185292","text":"Barbara: HanginWithDaleCooper : Every candidate is if you listen to them everyday","type":"L","timestamp":"2016-07-28 12:13:12"},{"nodeID":"185293","text":"HanginWithDaleCooper : Today is about exposing your message to the people who don't follow the news everyday","type":"L","timestamp":"2016-07-28 12:13:12"},{"nodeID":"185294","text":"Asserting","type":"YA","timestamp":"2016-07-28 12:13:12","scheme":"Asserting","schemeID":"74"},{"nodeID":"185295","text":"today is about exposing your message to the people who don't follow the news everyday","type":"I","timestamp":"2016-07-28 12:13:12"},{"nodeID":"185296","text":"Barbara: HanginWithDaleCooper : Today is about exposing your message to the people who don't follow the news everyday","type":"L","timestamp":"2016-07-28 12:13:12"},{"nodeID":"185297","text":"Default Transition","type":"TA","timestamp":"2016-07-28 12:13:13","scheme":"Default Transition","schemeID":"82"},{"nodeID":"185298","text":"Default Conflict","type":"CA","timestamp":"2016-07-28 12:13:13","scheme":"Default Conflict","schemeID":"71"},{"nodeID":"185299","text":"Default Transition","type":"TA","timestamp":"2016-07-28 12:13:13","scheme":"Default Transition","schemeID":"82"},{"nodeID":"185300","text":"Disagreeing","type":"YA","timestamp":"2016-07-28 12:13:13","scheme":"Disagreeing","schemeID":"78"},{"nodeID":"185301","text":"SonicFrost : All of them are","type":"L","timestamp":"2016-07-28 12:13:13"},{"nodeID":"185302","text":"Asserting","type":"YA","timestamp":"2016-07-28 12:13:14","scheme":"Asserting","schemeID":"74"},{"nodeID":"185303","text":"all candidates are broken record","type":"I","timestamp":"2016-07-28 12:13:14"},{"nodeID":"185304","text":"Barbara: SonicFrost : All of them are","type":"L","timestamp":"2016-07-28 12:13:14"},{"nodeID":"185305","text":"Default Rephrase","type":"MA","timestamp":"2016-07-28 12:13:14","scheme":"Default Rephrase","schemeID":"144"},{"nodeID":"185306","text":"Default Transition","type":"TA","timestamp":"2016-07-28 12:13:15","scheme":"Default Transition","schemeID":"82"},{"nodeID":"185307","text":"Restating","type":"YA","timestamp":"2016-07-28 12:13:17","scheme":"Restating","schemeID":"101"},{"nodeID":"185308","text":"SonicFrost : I'm pretty sure they all just regurgitated the same positions in different words","type":"L","timestamp":"2016-07-28 12:13:17"},{"nodeID":"185309","text":"Asserting","type":"YA","timestamp":"2016-07-28 12:13:18","scheme":"Asserting","schemeID":"74"},{"nodeID":"185310","text":"they all just regurgitated the same positions in different words","type":"I","timestamp":"2016-07-28 12:13:18"},{"nodeID":"185311","text":"Barbara: SonicFrost : 'm pretty sure they all just regurgitated the same positions in different words","type":"L","timestamp":"2016-07-28 12:13:18"},{"nodeID":"185312","text":"Default Inference","type":"RA","timestamp":"2016-07-28 12:13:18","scheme":"Default Inference","schemeID":"72"},{"nodeID":"185313","text":"Default Transition","type":"TA","timestamp":"2016-07-28 12:13:18","scheme":"Default Transition","schemeID":"82"},{"nodeID":"185314","text":"Arguing","type":"YA","timestamp":"2016-07-28 12:13:19","scheme":"Arguing","schemeID":"80"},{"nodeID":"185315","text":"SonicFrost : Though Sanders was a little different with the incarceration rate","type":"L","timestamp":"2016-07-28 12:13:19"},{"nodeID":"185316","text":"Asserting","type":"YA","timestamp":"2016-07-28 12:13:19","scheme":"Asserting","schemeID":"74"},{"nodeID":"185317","text":"Sanders was a little different with the incarceration rate","type":"I","timestamp":"2016-07-28 12:13:20"},{"nodeID":"185318","text":"Barbara: SonicFrost : Though Sanders was a little different with the incarceration rate","type":"L","timestamp":"2016-07-28 12:13:20"},{"nodeID":"185319","text":"SonicFrost : This is for all the people who don't know them though, not the ones who do","type":"L","timestamp":"2016-07-28 12:13:20"},{"nodeID":"185320","text":"Asserting","type":"YA","timestamp":"2016-07-28 12:13:20","scheme":"Asserting","schemeID":"74"},{"nodeID":"185321","text":"this is for all the people who don't know them though, not the ones who do","type":"I","timestamp":"2016-07-28 12:13:21"},{"nodeID":"185322","text":"Barbara: SonicFrost : This is for all the people who don't know them though, not the ones who do","type":"L","timestamp":"2016-07-28 12:13:21"},{"nodeID":"185323","text":"Default Transition","type":"TA","timestamp":"2016-07-28 12:13:21","scheme":"Default Transition","schemeID":"82"},{"nodeID":"185324","text":"Default Transition","type":"TA","timestamp":"2016-07-28 12:13:21","scheme":"Default Transition","schemeID":"82"},{"nodeID":"185325","text":"Default Rephrase","type":"MA","timestamp":"2016-07-28 12:13:21","scheme":"Default Rephrase","schemeID":"144"},{"nodeID":"185326","text":"Restating","type":"YA","timestamp":"2016-07-28 12:13:22","scheme":"Restating","schemeID":"101"},{"nodeID":"185327","text":"Juicemourne : That's what happens when people don't change their minds","type":"L","timestamp":"2016-07-28 12:13:22"},{"nodeID":"185328","text":"Asserting","type":"YA","timestamp":"2016-07-28 12:13:22","scheme":"Asserting","schemeID":"74"},{"nodeID":"185329","text":"that's what happens when people don't change their minds","type":"I","timestamp":"2016-07-28 12:13:22"},{"nodeID":"185330","text":"Barbara: Juicemourne : That's what happens when people don't change their minds","type":"L","timestamp":"2016-07-28 12:13:23"},{"nodeID":"185331","text":"Default Transition","type":"TA","timestamp":"2016-07-28 12:13:23","scheme":"Default Transition","schemeID":"82"},{"nodeID":"185332","text":"Default Conflict","type":"CA","timestamp":"2016-07-28 12:13:23","scheme":"Default Conflict","schemeID":"71"},{"nodeID":"185333","text":"Disagreeing","type":"YA","timestamp":"2016-07-28 12:13:24","scheme":"Disagreeing","schemeID":"78"},{"nodeID":"185334","text":"uhyoudonebrah : He's just reiterating what a lot of Americans aren't getting or choosing to ignore","type":"L","timestamp":"2016-07-28 12:13:24"},{"nodeID":"185335","text":"Asserting","type":"YA","timestamp":"2016-07-28 12:13:24","scheme":"Asserting","schemeID":"74"},{"nodeID":"185336","text":"Sanders is just reiterating what a lot of Americans aren't getting or choosing to ignore","type":"I","timestamp":"2016-07-28 12:13:24"},{"nodeID":"185337","text":"Barbara: uhyoudonebrah : He's just reiterating what a lot of Americans aren't getting or choosing to ignore","type":"L","timestamp":"2016-07-28 12:13:25"},{"nodeID":"185338","text":"Default Conflict","type":"CA","timestamp":"2016-07-28 12:13:25","scheme":"Default Conflict","schemeID":"71"},{"nodeID":"185339","text":"Default Transition","type":"TA","timestamp":"2016-07-28 12:13:25","scheme":"Default Transition","schemeID":"82"},{"nodeID":"185340","text":"Disagreeing","type":"YA","timestamp":"2016-07-28 12:13:25","scheme":"Disagreeing","schemeID":"78"},{"nodeID":"185341","text":"[deleted] : No I think hes saying the same thing over and over agin","type":"L","timestamp":"2016-07-28 12:13:26"},{"nodeID":"185342","text":"Asserting","type":"YA","timestamp":"2016-07-28 12:13:26","scheme":"Asserting","schemeID":"74"},{"nodeID":"185343","text":"Sanders is saying the same thing over and over agin","type":"I","timestamp":"2016-07-28 12:13:26"},{"nodeID":"185344","text":"Barbara: [deleted] : No I think hes saying the same thing over and over agin","type":"L","timestamp":"2016-07-28 12:13:26"},{"nodeID":"185345","text":"Default Conflict","type":"CA","timestamp":"2016-07-28 12:13:27","scheme":"Default Conflict","schemeID":"71"},{"nodeID":"185346","text":"Default Transition","type":"TA","timestamp":"2016-07-28 12:13:27","scheme":"Default Transition","schemeID":"82"},{"nodeID":"185347","text":"Disagreeing","type":"YA","timestamp":"2016-07-28 12:13:27","scheme":"Disagreeing","schemeID":"78"},{"nodeID":"185348","text":"[deleted] : it sounds nice","type":"L","timestamp":"2016-07-28 12:13:27"},{"nodeID":"185349","text":"Asserting","type":"YA","timestamp":"2016-07-28 12:13:28","scheme":"Asserting","schemeID":"74"},{"nodeID":"185350","text":"what Sanders is saying sounds nice","type":"I","timestamp":"2016-07-28 12:13:28"},{"nodeID":"185351","text":"Barbara: [deleted] : it sounds nice","type":"L","timestamp":"2016-07-28 12:13:28"},{"nodeID":"185352","text":"Default Inference","type":"RA","timestamp":"2016-07-28 12:13:28","scheme":"Default Inference","schemeID":"72"},{"nodeID":"185353","text":"Default Transition","type":"TA","timestamp":"2016-07-28 12:13:28","scheme":"Default Transition","schemeID":"82"},{"nodeID":"185354","text":"Arguing","type":"YA","timestamp":"2016-07-28 12:13:29","scheme":"Arguing","schemeID":"80"},{"nodeID":"185355","text":"[deleted] : despite having no feasible plan to fix it that wouldnt bust up the economy","type":"L","timestamp":"2016-07-28 12:13:29"},{"nodeID":"185356","text":"Asserting","type":"YA","timestamp":"2016-07-28 12:13:30","scheme":"Asserting","schemeID":"74"},{"nodeID":"185357","text":"Sanders has no feasible plan to fix it that wouldnt bust up the economy","type":"I","timestamp":"2016-07-28 12:13:31"},{"nodeID":"185358","text":"Barbara: [deleted] : despite having no feasible plan to fix it that wouldnt bust up the economy","type":"L","timestamp":"2016-07-28 12:13:31"},{"nodeID":"185359","text":"uhyoudonebrah :  He has general outlines, such as what he has been preaching ever since he was a senator","type":"L","timestamp":"2016-07-28 12:13:31"},{"nodeID":"185360","text":"Asserting","type":"YA","timestamp":"2016-07-28 12:13:32","scheme":"Asserting","schemeID":"74"},{"nodeID":"185361","text":"Sanders has general outlines, such as what he has been preaching ever since he was a senator","type":"I","timestamp":"2016-07-28 12:13:32"},{"nodeID":"185362","text":"Barbara: uhyoudonebrah :  He has general outlines, such as what he has been preaching ever since he was a senator","type":"L","timestamp":"2016-07-28 12:13:32"},{"nodeID":"185363","text":"Default Conflict","type":"CA","timestamp":"2016-07-28 12:13:33","scheme":"Default Conflict","schemeID":"71"},{"nodeID":"185364","text":"Default Transition","type":"TA","timestamp":"2016-07-28 12:13:34","scheme":"Default Transition","schemeID":"82"},{"nodeID":"185365","text":"Disagreeing","type":"YA","timestamp":"2016-07-28 12:13:34","scheme":"Disagreeing","schemeID":"78"},{"nodeID":"185366","text":"uhyoudonebrah : Can you give me a specific outlined plan by any other candidate?","type":"L","timestamp":"2016-07-28 12:13:34"},{"nodeID":"185367","text":"Rhetorical Questioning","type":"YA","timestamp":"2016-07-28 12:13:35","scheme":"RhetoricalQuestioning","schemeID":"85"},{"nodeID":"185368","text":"you cannot give me a specific outlined plan by any other candidate","type":"I","timestamp":"2016-07-28 12:13:36"},{"nodeID":"185369","text":"Barbara: uhyoudonebrah : Can you give me a specific outlined plan by any other candidate?","type":"L","timestamp":"2016-07-28 12:13:36"},{"nodeID":"185370","text":"uhyoudonebrah : Thought not.","type":"L","timestamp":"2016-07-28 12:13:37"},{"nodeID":"185371","text":"Asserting","type":"YA","timestamp":"2016-07-28 12:13:37","scheme":"Asserting","schemeID":"74"},{"nodeID":"185372","text":"thought not","type":"I","timestamp":"2016-07-28 12:13:37"},{"nodeID":"185373","text":"Barbara: uhyoudonebrah : Thought not.","type":"L","timestamp":"2016-07-28 12:13:37"},{"nodeID":"185374","text":"Default Conflict","type":"CA","timestamp":"2016-07-28 12:13:38","scheme":"Default Conflict","schemeID":"71"},{"nodeID":"185375","text":"Default Transition","type":"TA","timestamp":"2016-07-28 12:13:38","scheme":"Default Transition","schemeID":"82"},{"nodeID":"185376","text":"Disagreeing","type":"YA","timestamp":"2016-07-28 12:13:38","scheme":"Disagreeing","schemeID":"78"},{"nodeID":"185377","text":"Default Transition","type":"TA","timestamp":"2016-07-28 12:13:38","scheme":"Default Transition","schemeID":"82"}],"edges":[{"edgeID":"226834","fromID":"185286","toID":"185287","formEdgeID":null},{"edgeID":"226835","fromID":"185285","toID":"185286","formEdgeID":null},{"edgeID":"226836","fromID":"185290","toID":"185291","formEdgeID":null},{"edgeID":"226837","fromID":"185289","toID":"185290","formEdgeID":null},{"edgeID":"226838","fromID":"185294","toID":"185295","formEdgeID":null},{"edgeID":"226839","fromID":"185293","toID":"185294","formEdgeID":null},{"edgeID":"226840","fromID":"185289","toID":"185297","formEdgeID":null},{"edgeID":"226841","fromID":"185297","toID":"185293","formEdgeID":null},{"edgeID":"226842","fromID":"185291","toID":"185298","formEdgeID":null},{"edgeID":"226843","fromID":"185298","toID":"185287","formEdgeID":null},{"edgeID":"226844","fromID":"185285","toID":"185299","formEdgeID":null},{"edgeID":"226845","fromID":"185299","toID":"185289","formEdgeID":null},{"edgeID":"226846","fromID":"185299","toID":"185300","formEdgeID":null},{"edgeID":"226847","fromID":"185300","toID":"185298","formEdgeID":null},{"edgeID":"226848","fromID":"185302","toID":"185303","formEdgeID":null},{"edgeID":"226849","fromID":"185301","toID":"185302","formEdgeID":null},{"edgeID":"226850","fromID":"185303","toID":"185305","formEdgeID":null},{"edgeID":"226851","fromID":"185305","toID":"185291","formEdgeID":null},{"edgeID":"226852","fromID":"185289","toID":"185306","formEdgeID":null},{"edgeID":"226853","fromID":"185306","toID":"185301","formEdgeID":null},{"edgeID":"226854","fromID":"185306","toID":"185307","formEdgeID":null},{"edgeID":"226855","fromID":"185307","toID":"185305","formEdgeID":null},{"edgeID":"226856","fromID":"185309","toID":"185310","formEdgeID":null},{"edgeID":"226857","fromID":"185308","toID":"185309","formEdgeID":null},{"edgeID":"226858","fromID":"185310","toID":"185312","formEdgeID":null},{"edgeID":"226859","fromID":"185312","toID":"185303","formEdgeID":null},{"edgeID":"226860","fromID":"185301","toID":"185313","formEdgeID":null},{"edgeID":"226861","fromID":"185313","toID":"185308","formEdgeID":null},{"edgeID":"226862","fromID":"185313","toID":"185314","formEdgeID":null},{"edgeID":"226863","fromID":"185314","toID":"185312","formEdgeID":null},{"edgeID":"226864","fromID":"185316","toID":"185317","formEdgeID":null},{"edgeID":"226865","fromID":"185315","toID":"185316","formEdgeID":null},{"edgeID":"226866","fromID":"185320","toID":"185321","formEdgeID":null},{"edgeID":"226867","fromID":"185319","toID":"185320","formEdgeID":null},{"edgeID":"226868","fromID":"185293","toID":"185323","formEdgeID":null},{"edgeID":"226869","fromID":"185323","toID":"185319","formEdgeID":null},{"edgeID":"226870","fromID":"185308","toID":"185324","formEdgeID":null},{"edgeID":"226871","fromID":"185324","toID":"185315","formEdgeID":null},{"edgeID":"226872","fromID":"185321","toID":"185325","formEdgeID":null},{"edgeID":"226873","fromID":"185325","toID":"185295","formEdgeID":null},{"edgeID":"226874","fromID":"185323","toID":"185326","formEdgeID":null},{"edgeID":"226875","fromID":"185326","toID":"185325","formEdgeID":null},{"edgeID":"226876","fromID":"185328","toID":"185329","formEdgeID":null},{"edgeID":"226877","fromID":"185327","toID":"185328","formEdgeID":null},{"edgeID":"226878","fromID":"185285","toID":"185331","formEdgeID":null},{"edgeID":"226879","fromID":"185331","toID":"185327","formEdgeID":null},{"edgeID":"226880","fromID":"185329","toID":"185332","formEdgeID":null},{"edgeID":"226881","fromID":"185332","toID":"185287","formEdgeID":null},{"edgeID":"226882","fromID":"185331","toID":"185333","formEdgeID":null},{"edgeID":"226883","fromID":"185333","toID":"185332","formEdgeID":null},{"edgeID":"226884","fromID":"185335","toID":"185336","formEdgeID":null},{"edgeID":"226885","fromID":"185334","toID":"185335","formEdgeID":null},{"edgeID":"226886","fromID":"185336","toID":"185338","formEdgeID":null},{"edgeID":"226887","fromID":"185338","toID":"185287","formEdgeID":null},{"edgeID":"226888","fromID":"185285","toID":"185339","formEdgeID":null},{"edgeID":"226889","fromID":"185339","toID":"185334","formEdgeID":null},{"edgeID":"226890","fromID":"185339","toID":"185340","formEdgeID":null},{"edgeID":"226891","fromID":"185340","toID":"185338","formEdgeID":null},{"edgeID":"226892","fromID":"185342","toID":"185343","formEdgeID":null},{"edgeID":"226893","fromID":"185341","toID":"185342","formEdgeID":null},{"edgeID":"226894","fromID":"185343","toID":"185345","formEdgeID":null},{"edgeID":"226895","fromID":"185345","toID":"185336","formEdgeID":null},{"edgeID":"226896","fromID":"185334","toID":"185346","formEdgeID":null},{"edgeID":"226897","fromID":"185346","toID":"185341","formEdgeID":null},{"edgeID":"226898","fromID":"185346","toID":"185347","formEdgeID":null},{"edgeID":"226899","fromID":"185347","toID":"185345","formEdgeID":null},{"edgeID":"226900","fromID":"185349","toID":"185350","formEdgeID":null},{"edgeID":"226901","fromID":"185348","toID":"185349","formEdgeID":null},{"edgeID":"226902","fromID":"185350","toID":"185352","formEdgeID":null},{"edgeID":"226903","fromID":"185352","toID":"185343","formEdgeID":null},{"edgeID":"226904","fromID":"185341","toID":"185353","formEdgeID":null},{"edgeID":"226905","fromID":"185353","toID":"185348","formEdgeID":null},{"edgeID":"226906","fromID":"185353","toID":"185354","formEdgeID":null},{"edgeID":"226907","fromID":"185354","toID":"185352","formEdgeID":null},{"edgeID":"226908","fromID":"185356","toID":"185357","formEdgeID":null},{"edgeID":"226909","fromID":"185355","toID":"185356","formEdgeID":null},{"edgeID":"226910","fromID":"185357","toID":"185352","formEdgeID":null},{"edgeID":"226911","fromID":"185353","toID":"185355","formEdgeID":null},{"edgeID":"226912","fromID":"185360","toID":"185361","formEdgeID":null},{"edgeID":"226913","fromID":"185359","toID":"185360","formEdgeID":null},{"edgeID":"226914","fromID":"185361","toID":"185363","formEdgeID":null},{"edgeID":"226915","fromID":"185363","toID":"185357","formEdgeID":null},{"edgeID":"226916","fromID":"185355","toID":"185364","formEdgeID":null},{"edgeID":"226917","fromID":"185364","toID":"185359","formEdgeID":null},{"edgeID":"226918","fromID":"185364","toID":"185365","formEdgeID":null},{"edgeID":"226919","fromID":"185365","toID":"185363","formEdgeID":null},{"edgeID":"226920","fromID":"185367","toID":"185368","formEdgeID":null},{"edgeID":"226921","fromID":"185366","toID":"185367","formEdgeID":null},{"edgeID":"226922","fromID":"185371","toID":"185372","formEdgeID":null},{"edgeID":"226923","fromID":"185370","toID":"185371","formEdgeID":null},{"edgeID":"226924","fromID":"185368","toID":"185367","formEdgeID":null},{"edgeID":"226925","fromID":"185368","toID":"185374","formEdgeID":null},{"edgeID":"226926","fromID":"185374","toID":"185357","formEdgeID":null},{"edgeID":"226927","fromID":"185355","toID":"185375","formEdgeID":null},{"edgeID":"226928","fromID":"185375","toID":"185366","formEdgeID":null},{"edgeID":"226929","fromID":"185375","toID":"185376","formEdgeID":null},{"edgeID":"226930","fromID":"185376","toID":"185374","formEdgeID":null},{"edgeID":"226931","fromID":"185366","toID":"185377","formEdgeID":null},{"edgeID":"226932","fromID":"185377","toID":"185370","formEdgeID":null}],"locutions":[]}