{"nodes":[{"nodeID":"8408","text":"who","type":"I","timestamp":"2012-07-23 15:52:52"},{"nodeID":"196028","text":"iheartblankets : Bernie: Sorry I zone out every time Webb starts talking","type":"L","timestamp":"2016-08-22 17:29:51"},{"nodeID":"196029","text":"Asserting","type":"YA","timestamp":"2016-08-22 17:29:51","scheme":"Asserting","schemeID":"74"},{"nodeID":"196030","text":"Bernie Sanders zones out every time Webb starts talking","type":"I","timestamp":"2016-08-22 17:29:51"},{"nodeID":"196031","text":"Barbara: iheartblankets : Bernie: Sorry I zone out every time Webb starts talking","type":"L","timestamp":"2016-08-22 17:29:51"},{"nodeID":"196032","text":"Spamakin : Don't we all","type":"L","timestamp":"2016-08-22 17:29:51"},{"nodeID":"196033","text":"Asserting","type":"YA","timestamp":"2016-08-22 17:29:51","scheme":"Asserting","schemeID":"74"},{"nodeID":"196034","text":"we all do zone out when Webb starts talking","type":"I","timestamp":"2016-08-22 17:29:51"},{"nodeID":"196035","text":"Barbara: Spamakin : Don't we all","type":"L","timestamp":"2016-08-22 17:29:52"},{"nodeID":"196036","text":"FatalErrorr : Who","type":"L","timestamp":"2016-08-22 17:29:52"},{"nodeID":"196037","text":"Rhetorical Questioning","type":"YA","timestamp":"2016-08-22 17:29:52","scheme":"RhetoricalQuestioning","schemeID":"85"},{"nodeID":"196038","text":"Barbara: FatalErrorr : Who?","type":"L","timestamp":"2016-08-22 17:29:52"},{"nodeID":"196039","text":"meta_perspective : Bernie Sanders","type":"L","timestamp":"2016-08-22 17:29:52"},{"nodeID":"196040","text":"Asserting","type":"YA","timestamp":"2016-08-22 17:29:52","scheme":"Asserting","schemeID":"74"},{"nodeID":"196041","text":"Bernie Sanders","type":"I","timestamp":"2016-08-22 17:29:52"},{"nodeID":"196042","text":"Barbara: meta_perspective : Bernie Sanders","type":"L","timestamp":"2016-08-22 17:29:52"},{"nodeID":"196043","text":"Default Transition","type":"TA","timestamp":"2016-08-22 17:29:52","scheme":"Default Transition","schemeID":"82"},{"nodeID":"196044","text":"Default Transition","type":"TA","timestamp":"2016-08-22 17:29:52","scheme":"Default Transition","schemeID":"82"},{"nodeID":"196045","text":"Default Transition","type":"TA","timestamp":"2016-08-22 17:29:53","scheme":"Default Transition","schemeID":"82"},{"nodeID":"196046","text":"meta_perspective : He has been \"grassrooted\" all over reddit for months now","type":"L","timestamp":"2016-08-22 17:29:53"},{"nodeID":"196047","text":"Asserting","type":"YA","timestamp":"2016-08-22 17:29:53","scheme":"Asserting","schemeID":"74"},{"nodeID":"196048","text":"Bernie Sanders has been \"grassrooted\" all over reddit for months now","type":"I","timestamp":"2016-08-22 17:29:53"},{"nodeID":"196049","text":"Barbara: meta_perspective : He has been \"grassrooted\" all over reddit for months now","type":"L","timestamp":"2016-08-22 17:29:53"},{"nodeID":"196050","text":"Default Transition","type":"TA","timestamp":"2016-08-22 17:29:53","scheme":"Default Transition","schemeID":"82"},{"nodeID":"196051","text":"hfxRos : http:\/\/i.imgur.com\/XZJxeN1.gif","type":"L","timestamp":"2016-08-22 17:29:53"},{"nodeID":"196052","text":"Asserting","type":"YA","timestamp":"2016-08-22 17:29:53","scheme":"Asserting","schemeID":"74"},{"nodeID":"196053","text":"http:\/\/i.imgur.com\/XZJxeN1.gif","type":"I","timestamp":"2016-08-22 17:29:53"},{"nodeID":"196054","text":"Barbara: hfxRos : http:\/\/i.imgur.com\/XZJxeN1.gif","type":"L","timestamp":"2016-08-22 17:29:53"},{"nodeID":"196055","text":"Default Transition","type":"TA","timestamp":"2016-08-22 17:29:54","scheme":"Default Transition","schemeID":"82"},{"nodeID":"196056","text":"Barbara: hfxRos : I meant, who is Webb","type":"L","timestamp":"2016-08-22 17:29:54"},{"nodeID":"196057","text":"Default Transition","type":"TA","timestamp":"2016-08-22 17:29:54","scheme":"Default Transition","schemeID":"82"},{"nodeID":"196058","text":"Default Rephrase","type":"MA","timestamp":"2016-08-22 17:29:54","scheme":"Default Rephrase","schemeID":"144"},{"nodeID":"196059","text":"Restating","type":"YA","timestamp":"2016-08-22 17:29:54","scheme":"Restating","schemeID":"101"},{"nodeID":"196060","text":"FatalErrorr : my joke being: I also don't pay attention to him","type":"L","timestamp":"2016-08-22 17:29:54"},{"nodeID":"196061","text":"Asserting","type":"YA","timestamp":"2016-08-22 17:29:54","scheme":"Asserting","schemeID":"74"},{"nodeID":"196062","text":"my joke being: I also don't pay attention to him","type":"I","timestamp":"2016-08-22 17:29:54"},{"nodeID":"196063","text":"Barbara: FatalErrorr : my joke being: I also don't pay attention to him","type":"L","timestamp":"2016-08-22 17:29:54"},{"nodeID":"196064","text":"FatalErrorr : who is Webb","type":"L","timestamp":"2016-08-22 17:29:54"},{"nodeID":"196065","text":"Assertive Questioning","type":"YA","timestamp":"2016-08-22 17:29:54","scheme":"AssertiveQuestioning","schemeID":"73"},{"nodeID":"196066","text":"who is Webb","type":"I","timestamp":"2016-08-22 17:29:55"},{"nodeID":"196067","text":"Barbara: FatalErrorr : who is Webb","type":"L","timestamp":"2016-08-22 17:29:55"},{"nodeID":"196068","text":"Default Transition","type":"TA","timestamp":"2016-08-22 17:29:55","scheme":"Default Transition","schemeID":"82"},{"nodeID":"196069","text":"MisterNetHead : He's the only sane Republican running for President","type":"L","timestamp":"2016-08-22 17:29:55"},{"nodeID":"196070","text":"Asserting","type":"YA","timestamp":"2016-08-22 17:29:55","scheme":"Asserting","schemeID":"74"},{"nodeID":"196071","text":"Webb is the only sane Republican running for President","type":"I","timestamp":"2016-08-22 17:29:55"},{"nodeID":"196072","text":"Barbara: MisterNetHead : He's the only sane Republican running for President","type":"L","timestamp":"2016-08-22 17:29:55"},{"nodeID":"196073","text":"Default Transition","type":"TA","timestamp":"2016-08-22 17:29:55","scheme":"Default Transition","schemeID":"82"},{"nodeID":"196074","text":"MisterNetHead : Her","type":"L","timestamp":"2016-08-22 17:29:55"},{"nodeID":"196075","text":"Assertive Questioning","type":"YA","timestamp":"2016-08-22 17:29:55","scheme":"AssertiveQuestioning","schemeID":"73"},{"nodeID":"196076","text":"Her","type":"I","timestamp":"2016-08-22 17:29:55"},{"nodeID":"196077","text":"Barbara: MisterNetHead : Her","type":"L","timestamp":"2016-08-22 17:29:55"},{"nodeID":"196078","text":"Default Transition","type":"TA","timestamp":"2016-08-22 17:29:56","scheme":"Default Transition","schemeID":"82"},{"nodeID":"196079","text":"[deleted] : I really thought he might say something like, \"I actually went to sleep, what did he say?\" when prompted for a response to Webb","type":"L","timestamp":"2016-08-22 17:29:56"},{"nodeID":"196080","text":"Asserting","type":"YA","timestamp":"2016-08-22 17:29:56","scheme":"Asserting","schemeID":"74"},{"nodeID":"196081","text":"I really thought Bernie Sanders might say something like, \"I actually went to sleep, what did he say?\" when prompted for a response to Webb","type":"I","timestamp":"2016-08-22 17:29:56"},{"nodeID":"196082","text":"Barbara: [deleted] : I really thought he might say something like, \"I actually went to sleep, what did he say?\" when prompted for a response to Webb","type":"L","timestamp":"2016-08-22 17:29:56"},{"nodeID":"196083","text":"Default Transition","type":"TA","timestamp":"2016-08-22 17:29:56","scheme":"Default Transition","schemeID":"82"}],"edges":[{"edgeID":"240180","fromID":"196029","toID":"196030","formEdgeID":null},{"edgeID":"240181","fromID":"196028","toID":"196029","formEdgeID":null},{"edgeID":"240182","fromID":"196033","toID":"196034","formEdgeID":null},{"edgeID":"240183","fromID":"196032","toID":"196033","formEdgeID":null},{"edgeID":"240184","fromID":"196037","toID":"8408","formEdgeID":null},{"edgeID":"240185","fromID":"196036","toID":"196037","formEdgeID":null},{"edgeID":"240186","fromID":"196040","toID":"196041","formEdgeID":null},{"edgeID":"240187","fromID":"196039","toID":"196040","formEdgeID":null},{"edgeID":"240188","fromID":"196028","toID":"196043","formEdgeID":null},{"edgeID":"240189","fromID":"196043","toID":"196032","formEdgeID":null},{"edgeID":"240190","fromID":"196028","toID":"196044","formEdgeID":null},{"edgeID":"240191","fromID":"196044","toID":"196036","formEdgeID":null},{"edgeID":"240192","fromID":"196036","toID":"196045","formEdgeID":null},{"edgeID":"240193","fromID":"196045","toID":"196039","formEdgeID":null},{"edgeID":"240194","fromID":"196047","toID":"196048","formEdgeID":null},{"edgeID":"240195","fromID":"196046","toID":"196047","formEdgeID":null},{"edgeID":"240196","fromID":"196039","toID":"196050","formEdgeID":null},{"edgeID":"240197","fromID":"196050","toID":"196046","formEdgeID":null},{"edgeID":"240198","fromID":"196052","toID":"196053","formEdgeID":null},{"edgeID":"240199","fromID":"196051","toID":"196052","formEdgeID":null},{"edgeID":"240200","fromID":"196046","toID":"196055","formEdgeID":null},{"edgeID":"240201","fromID":"196055","toID":"196051","formEdgeID":null},{"edgeID":"240202","fromID":"196036","toID":"196057","formEdgeID":null},{"edgeID":"240203","fromID":"196058","toID":"8408","formEdgeID":null},{"edgeID":"240204","fromID":"196057","toID":"196059","formEdgeID":null},{"edgeID":"240205","fromID":"196059","toID":"196058","formEdgeID":null},{"edgeID":"240206","fromID":"196061","toID":"196062","formEdgeID":null},{"edgeID":"240207","fromID":"196060","toID":"196061","formEdgeID":null},{"edgeID":"240208","fromID":"196065","toID":"196066","formEdgeID":null},{"edgeID":"240209","fromID":"196064","toID":"196065","formEdgeID":null},{"edgeID":"240210","fromID":"196066","toID":"196058","formEdgeID":null},{"edgeID":"240211","fromID":"196057","toID":"196064","formEdgeID":null},{"edgeID":"240212","fromID":"196064","toID":"196068","formEdgeID":null},{"edgeID":"240213","fromID":"196068","toID":"196060","formEdgeID":null},{"edgeID":"240214","fromID":"196070","toID":"196071","formEdgeID":null},{"edgeID":"240215","fromID":"196069","toID":"196070","formEdgeID":null},{"edgeID":"240216","fromID":"196064","toID":"196073","formEdgeID":null},{"edgeID":"240217","fromID":"196073","toID":"196069","formEdgeID":null},{"edgeID":"240218","fromID":"196075","toID":"196076","formEdgeID":null},{"edgeID":"240219","fromID":"196074","toID":"196075","formEdgeID":null},{"edgeID":"240220","fromID":"196036","toID":"196078","formEdgeID":null},{"edgeID":"240221","fromID":"196078","toID":"196074","formEdgeID":null},{"edgeID":"240222","fromID":"196080","toID":"196081","formEdgeID":null},{"edgeID":"240223","fromID":"196079","toID":"196080","formEdgeID":null},{"edgeID":"240224","fromID":"196028","toID":"196083","formEdgeID":null},{"edgeID":"240225","fromID":"196083","toID":"196079","formEdgeID":null}],"locutions":[]}