{"nodes":[{"nodeID":"199654","text":"Cudder_Buddy : Holy shit","type":"L","timestamp":"2016-09-17 16:25:36"},{"nodeID":"199655","text":"Asserting","type":"YA","timestamp":"2016-09-17 16:25:36","scheme":"Asserting","schemeID":"74"},{"nodeID":"199656","text":"holy shit","type":"I","timestamp":"2016-09-17 16:25:37"},{"nodeID":"199657","text":"Barbara: Cudder_Buddy : Holy shit","type":"L","timestamp":"2016-09-17 16:25:37"},{"nodeID":"199658","text":"Cudder_Buddy : Anderson Cooper giving a little knowledge drop by telling the viewers what Glass Steagall is","type":"L","timestamp":"2016-09-17 16:25:37"},{"nodeID":"199659","text":"Asserting","type":"YA","timestamp":"2016-09-17 16:25:37","scheme":"Asserting","schemeID":"74"},{"nodeID":"199660","text":"Anderson Cooper giving a little knowledge drop by telling the viewers what Glass Steagall is","type":"I","timestamp":"2016-09-17 16:25:37"},{"nodeID":"199661","text":"Barbara: Cudder_Buddy : Anderson Cooper giving a little knowledge drop by telling the viewers what Glass Steagall is","type":"L","timestamp":"2016-09-17 16:25:37"},{"nodeID":"199662","text":"Cudder_Buddy : it's more than just a talking point something people actually know what the candidates are talking about","type":"L","timestamp":"2016-09-17 16:25:37"},{"nodeID":"199663","text":"Asserting","type":"YA","timestamp":"2016-09-17 16:25:37","scheme":"Asserting","schemeID":"74"},{"nodeID":"199664","text":"Anderson Cooper wants Glass Steagall to be more than just a talking point something people actually know what the candidates are talking about","type":"I","timestamp":"2016-09-17 16:25:37"},{"nodeID":"199665","text":"Barbara: Cudder_Buddy : it's more than just a talking point","type":"L","timestamp":"2016-09-17 16:25:38"},{"nodeID":"199666","text":"Anderson Coooper is really doing a great job as moderator of this debate","type":"I","timestamp":"2016-09-17 16:25:38"},{"nodeID":"199667","text":"Asserting","type":"YA","timestamp":"2016-09-17 16:25:38","scheme":"Asserting","schemeID":"74"},{"nodeID":"199668","text":"Cudder_Buddy : Anderson is really doing a great job as moderator of this debate","type":"L","timestamp":"2016-09-17 16:25:38"},{"nodeID":"199669","text":"Barbara: Cudder_Buddy : Anderson is really doing a great job as moderator of this debate","type":"L","timestamp":"2016-09-17 16:25:38"},{"nodeID":"199670","text":"Cudder_Buddy : He's really providing a good platform for this debate","type":"L","timestamp":"2016-09-17 16:25:38"},{"nodeID":"199671","text":"Asserting","type":"YA","timestamp":"2016-09-17 16:25:38","scheme":"Asserting","schemeID":"74"},{"nodeID":"199672","text":"Anderson Coooper is really providing a good platform for this debate","type":"I","timestamp":"2016-09-17 16:25:38"},{"nodeID":"199673","text":"Barbara: Cudder_Buddy : He's really providing a good platform for this debate","type":"L","timestamp":"2016-09-17 16:25:38"},{"nodeID":"199674","text":"Default Inference","type":"RA","timestamp":"2016-09-17 16:25:38","scheme":"Default Inference","schemeID":"72"},{"nodeID":"199675","text":"Default Transition","type":"TA","timestamp":"2016-09-17 16:25:39","scheme":"Default Transition","schemeID":"82"},{"nodeID":"199676","text":"Arguing","type":"YA","timestamp":"2016-09-17 16:25:39","scheme":"Arguing","schemeID":"80"},{"nodeID":"199677","text":"Default Transition","type":"TA","timestamp":"2016-09-17 16:25:39","scheme":"Default Transition","schemeID":"82"},{"nodeID":"199678","text":"Default Transition","type":"TA","timestamp":"2016-09-17 16:25:39","scheme":"Default Transition","schemeID":"82"},{"nodeID":"199679","text":"Default Inference","type":"RA","timestamp":"2016-09-17 16:25:39","scheme":"Default Inference","schemeID":"72"},{"nodeID":"199680","text":"Arguing","type":"YA","timestamp":"2016-09-17 16:25:39","scheme":"Arguing","schemeID":"80"},{"nodeID":"199681","text":"Default Inference","type":"RA","timestamp":"2016-09-17 16:25:39","scheme":"Default Inference","schemeID":"72"},{"nodeID":"199682","text":"Default Transition","type":"TA","timestamp":"2016-09-17 16:25:39","scheme":"Default Transition","schemeID":"82"},{"nodeID":"199683","text":"Arguing","type":"YA","timestamp":"2016-09-17 16:25:39","scheme":"Arguing","schemeID":"80"},{"nodeID":"199684","text":"exitpursuedbybear : Even Elizabeth Warren admits now that glass steagal would not have been enough to stop the 08 collapse","type":"L","timestamp":"2016-09-17 16:25:40"},{"nodeID":"199685","text":"glass steagal would not have been enough to stop the 08 collapse","type":"I","timestamp":"2016-09-17 16:25:40"},{"nodeID":"199686","text":"Barbara: exitpursuedbybear : Even Elizabeth Warren admits now that glass steagal would not have been enough to stop the 08 collapse","type":"L","timestamp":"2016-09-17 16:25:40"},{"nodeID":"199687","text":"Elisabeth : glass steagal would not have been enough to stop the 08 collapse","type":"L","timestamp":"2016-09-17 16:25:40"},{"nodeID":"199688","text":"Barbara: Elisabeth : Even Elizabeth Warren admits now that glass steagal would not have been enough to stop the 08 collapse","type":"L","timestamp":"2016-09-17 16:25:40"},{"nodeID":"199689","text":"Asserting","type":"YA","timestamp":"2016-09-17 16:25:40","scheme":"Asserting","schemeID":"74"},{"nodeID":"199690","text":"Asserting","type":"YA","timestamp":"2016-09-17 16:25:40","scheme":"Asserting","schemeID":"74"},{"nodeID":"199691","text":"Default Transition","type":"TA","timestamp":"2016-09-17 16:25:40","scheme":"Default Transition","schemeID":"82"},{"nodeID":"199692","text":"burntfuck : \"Elizabeth Warren is not a candidate exitpursuedbybear!\" -AC","type":"L","timestamp":"2016-09-17 16:25:40"},{"nodeID":"199693","text":"Asserting","type":"YA","timestamp":"2016-09-17 16:25:41","scheme":"Asserting","schemeID":"74"},{"nodeID":"199694","text":"\"Elizabeth Warren is not a candidate exitpursuedbybear!\" -AC","type":"I","timestamp":"2016-09-17 16:25:41"},{"nodeID":"199695","text":"Barbara: burntfuck : \"Elizabeth Warren is not a candidate exitpursuedbybear!\" -AC","type":"L","timestamp":"2016-09-17 16:25:41"},{"nodeID":"199696","text":"Default Transition","type":"TA","timestamp":"2016-09-17 16:25:41","scheme":"Default Transition","schemeID":"82"},{"nodeID":"199697","text":"dan_bailey_cooper : \"I KNOW THAT\" ~ EPBB","type":"L","timestamp":"2016-09-17 16:25:41"},{"nodeID":"199698","text":"Asserting","type":"YA","timestamp":"2016-09-17 16:25:41","scheme":"Asserting","schemeID":"74"},{"nodeID":"199699","text":"\"I KNOW THAT\" ~ EPBB","type":"I","timestamp":"2016-09-17 16:25:41"},{"nodeID":"199700","text":"Barbara: dan_bailey_cooper : \"I KNOW THAT\" ~ EPBB","type":"L","timestamp":"2016-09-17 16:25:41"},{"nodeID":"199701","text":"kangawu : Cooper for Grand President of Presidential Debates 2016","type":"L","timestamp":"2016-09-17 16:25:41"},{"nodeID":"199702","text":"Asserting","type":"YA","timestamp":"2016-09-17 16:25:41","scheme":"Asserting","schemeID":"74"},{"nodeID":"199703","text":"Cooper for Grand President of Presidential Debates 2016","type":"I","timestamp":"2016-09-17 16:25:42"},{"nodeID":"199704","text":"Barbara: kangawu : Cooper for Grand President of Presidential Debates 2016","type":"L","timestamp":"2016-09-17 16:25:42"},{"nodeID":"199705","text":"Default Transition","type":"TA","timestamp":"2016-09-17 16:25:42","scheme":"Default Transition","schemeID":"82"},{"nodeID":"199706","text":"Default Transition","type":"TA","timestamp":"2016-09-17 16:25:42","scheme":"Default Transition","schemeID":"82"},{"nodeID":"199707","text":"MY_NAME_IS_IN_CAPS : Anderson is killing it as moderator","type":"L","timestamp":"2016-09-17 16:25:42"},{"nodeID":"199708","text":"Asserting","type":"YA","timestamp":"2016-09-17 16:25:42","scheme":"Asserting","schemeID":"74"},{"nodeID":"199709","text":"Anderson Cooper is killing it as moderator","type":"I","timestamp":"2016-09-17 16:25:42"},{"nodeID":"199710","text":"Barbara: MY_NAME_IS_IN_CAPS : Anderson is killing it as moderator","type":"L","timestamp":"2016-09-17 16:25:42"},{"nodeID":"199711","text":"Default Rephrase","type":"MA","timestamp":"2016-09-17 16:25:42","scheme":"Default Rephrase","schemeID":"144"},{"nodeID":"199712","text":"Default Transition","type":"TA","timestamp":"2016-09-17 16:25:42","scheme":"Default Transition","schemeID":"82"},{"nodeID":"199713","text":"Ajwf : My only issue is he gets caught up with Webb over time but won't cut off Clinton","type":"L","timestamp":"2016-09-17 16:25:42"},{"nodeID":"199714","text":"Asserting","type":"YA","timestamp":"2016-09-17 16:25:43","scheme":"Asserting","schemeID":"74"},{"nodeID":"199715","text":"Anderson Cooper gets caught up with Webb over time but won't cut off Clinton","type":"I","timestamp":"2016-09-17 16:25:43"},{"nodeID":"199716","text":"Barbara: Ajwf : My only issue is he gets caught up with Webb over time but won't cut off Clinton","type":"L","timestamp":"2016-09-17 16:25:43"},{"nodeID":"199717","text":"Default Conflict","type":"CA","timestamp":"2016-09-17 16:25:43","scheme":"Default Conflict","schemeID":"71"},{"nodeID":"199718","text":"Default Transition","type":"TA","timestamp":"2016-09-17 16:25:43","scheme":"Default Transition","schemeID":"82"},{"nodeID":"199719","text":"Disagreeing","type":"YA","timestamp":"2016-09-17 16:25:43","scheme":"Disagreeing","schemeID":"78"},{"nodeID":"199720","text":"SweeterThanYoohoo : This was extremely noticeable","type":"L","timestamp":"2016-09-17 16:25:43"},{"nodeID":"199721","text":"Barbara: SweeterThanYoohoo : This was extremely noticeable","type":"L","timestamp":"2016-09-17 16:25:43"},{"nodeID":"199722","text":"Default Transition","type":"TA","timestamp":"2016-09-17 16:25:43","scheme":"Default Transition","schemeID":"82"},{"nodeID":"199723","text":"Agreeing","type":"YA","timestamp":"2016-09-17 16:25:43","scheme":"Agreeing","schemeID":"77"},{"nodeID":"199724","text":"SweeterThanYoohoo : While Webb was a bit childish in his continued insistence in bringing up time, he was damn root","type":"L","timestamp":"2016-09-17 16:25:43"},{"nodeID":"199725","text":"Asserting","type":"YA","timestamp":"2016-09-17 16:25:44","scheme":"Asserting","schemeID":"74"},{"nodeID":"199726","text":"While Webb was a bit childish in his continued insistence in bringing up time, he was damn root","type":"I","timestamp":"2016-09-17 16:25:44"},{"nodeID":"199727","text":"Barbara: SweeterThanYoohoo : While Webb was a bit childish in his continued insistence in bringing up time, he was damn root","type":"L","timestamp":"2016-09-17 16:25:44"},{"nodeID":"199728","text":"Default Inference","type":"RA","timestamp":"2016-09-17 16:25:44","scheme":"Default Inference","schemeID":"72"},{"nodeID":"199729","text":"Restating","type":"YA","timestamp":"2016-09-17 16:25:44","scheme":"Restating","schemeID":"101"},{"nodeID":"199730","text":"Default Transition","type":"TA","timestamp":"2016-09-17 16:25:44","scheme":"Default Transition","schemeID":"82"},{"nodeID":"199731","text":"Arguing","type":"YA","timestamp":"2016-09-17 16:25:44","scheme":"Arguing","schemeID":"80"},{"nodeID":"199732","text":"linkprovidor : Webb tried to ask for more time rather than just keep talking","type":"L","timestamp":"2016-09-17 16:25:44"},{"nodeID":"199733","text":"Asserting","type":"YA","timestamp":"2016-09-17 16:25:44","scheme":"Asserting","schemeID":"74"},{"nodeID":"199734","text":"Webb tried to ask for more time rather than just keep talking","type":"I","timestamp":"2016-09-17 16:25:44"},{"nodeID":"199735","text":"Barbara: linkprovidor : Webb tried to ask for more time rather than just keep talking","type":"L","timestamp":"2016-09-17 16:25:44"},{"nodeID":"199736","text":"linkprovidor : It's the classic ask for forgiveness not permission thing","type":"L","timestamp":"2016-09-17 16:25:45"},{"nodeID":"199737","text":"Asserting","type":"YA","timestamp":"2016-09-17 16:25:45","scheme":"Asserting","schemeID":"74"},{"nodeID":"199738","text":"It's the classic ask for forgiveness not permission thing","type":"I","timestamp":"2016-09-17 16:25:45"},{"nodeID":"199739","text":"Barbara: linkprovidor : It's the classic ask for forgiveness not permission thing","type":"L","timestamp":"2016-09-17 16:25:45"},{"nodeID":"199740","text":"Default Inference","type":"RA","timestamp":"2016-09-17 16:25:45","scheme":"Default Inference","schemeID":"72"},{"nodeID":"199741","text":"Default Transition","type":"TA","timestamp":"2016-09-17 16:25:45","scheme":"Default Transition","schemeID":"82"},{"nodeID":"199742","text":"Arguing","type":"YA","timestamp":"2016-09-17 16:25:45","scheme":"Arguing","schemeID":"80"},{"nodeID":"199743","text":"Default Transition","type":"TA","timestamp":"2016-09-17 16:25:45","scheme":"Default Transition","schemeID":"82"},{"nodeID":"199744","text":"ncocca : She just talked louder","type":"L","timestamp":"2016-09-17 16:25:46"},{"nodeID":"199745","text":"Asserting","type":"YA","timestamp":"2016-09-17 16:25:46","scheme":"Asserting","schemeID":"74"},{"nodeID":"199746","text":"when asked to stop speaking, Hillary Clinton just talked louder","type":"I","timestamp":"2016-09-17 16:25:46"},{"nodeID":"199747","text":"Barbara: ncocca : She just talked louder","type":"L","timestamp":"2016-09-17 16:25:46"},{"nodeID":"199748","text":"ncocca : Fuck it, cut her mic","type":"L","timestamp":"2016-09-17 16:25:46"},{"nodeID":"199749","text":"Asserting","type":"YA","timestamp":"2016-09-17 16:25:46","scheme":"Asserting","schemeID":"74"},{"nodeID":"199750","text":"Hillary Clinton's microphone should have been switched off","type":"I","timestamp":"2016-09-17 16:25:46"},{"nodeID":"199751","text":"Barbara: ncocca : Fuck it, cut her mic","type":"L","timestamp":"2016-09-17 16:25:47"},{"nodeID":"199752","text":"Default Inference","type":"RA","timestamp":"2016-09-17 16:25:47","scheme":"Default Inference","schemeID":"72"},{"nodeID":"199753","text":"Default Transition","type":"TA","timestamp":"2016-09-17 16:25:47","scheme":"Default Transition","schemeID":"82"},{"nodeID":"199754","text":"Default Inference","type":"RA","timestamp":"2016-09-17 16:25:47","scheme":"Default Inference","schemeID":"72"},{"nodeID":"199755","text":"Default Transition","type":"TA","timestamp":"2016-09-17 16:25:47","scheme":"Default Transition","schemeID":"82"},{"nodeID":"199756","text":"Arguing","type":"YA","timestamp":"2016-09-17 16:25:47","scheme":"Arguing","schemeID":"80"},{"nodeID":"199757","text":"Arguing","type":"YA","timestamp":"2016-09-17 16:25:47","scheme":"Arguing","schemeID":"80"},{"nodeID":"199758","text":"ThirdMostAverage : Cutting mics should totally be a thing in debates","type":"L","timestamp":"2016-09-17 16:25:47"},{"nodeID":"199759","text":"Asserting","type":"YA","timestamp":"2016-09-17 16:25:47","scheme":"Asserting","schemeID":"74"},{"nodeID":"199760","text":"cutting mics should totally be a thing in debates","type":"I","timestamp":"2016-09-17 16:25:47"},{"nodeID":"199761","text":"Barbara: ThirdMostAverage : Cutting mics should totally be a thing in debates","type":"L","timestamp":"2016-09-17 16:25:48"},{"nodeID":"199762","text":"Default Inference","type":"RA","timestamp":"2016-09-17 16:25:48","scheme":"Default Inference","schemeID":"72"},{"nodeID":"199763","text":"Default Transition","type":"TA","timestamp":"2016-09-17 16:25:48","scheme":"Default Transition","schemeID":"82"},{"nodeID":"199764","text":"Asserting","type":"YA","timestamp":"2016-09-17 16:25:48","scheme":"Asserting","schemeID":"74"},{"nodeID":"199765","text":"we should bring back the talking stick","type":"I","timestamp":"2016-09-17 16:25:48"},{"nodeID":"199766","text":"Asserting","type":"YA","timestamp":"2016-09-17 16:25:48","scheme":"Asserting","schemeID":"74"},{"nodeID":"199767","text":"UnrulyEnormity : Bring back the talking stick","type":"L","timestamp":"2016-09-17 16:25:48"},{"nodeID":"199768","text":"Barbara: UnrulyEnormity : Bring back the talking stick","type":"L","timestamp":"2016-09-17 16:25:48"},{"nodeID":"199769","text":"Default Transition","type":"TA","timestamp":"2016-09-17 16:25:48","scheme":"Default Transition","schemeID":"82"},{"nodeID":"199770","text":"oh poor trump","type":"I","timestamp":"2016-09-17 16:25:48"},{"nodeID":"199771","text":"Asserting","type":"YA","timestamp":"2016-09-17 16:25:49","scheme":"Asserting","schemeID":"74"},{"nodeID":"199772","text":"DrMobius : oh poor trump","type":"L","timestamp":"2016-09-17 16:25:49"},{"nodeID":"199773","text":"Barbara: DrMobius : oh poor trump","type":"L","timestamp":"2016-09-17 16:25:49"},{"nodeID":"199774","text":"Default Transition","type":"TA","timestamp":"2016-09-17 16:25:49","scheme":"Default Transition","schemeID":"82"},{"nodeID":"199775","text":"Seakawn : Damn... this is actually a really great suggestion","type":"L","timestamp":"2016-09-17 16:25:49"},{"nodeID":"199776","text":"Barbara: Seakawn : Damn... this is actually a really great suggestion","type":"L","timestamp":"2016-09-17 16:25:49"},{"nodeID":"199777","text":"Default Transition","type":"TA","timestamp":"2016-09-17 16:25:49","scheme":"Default Transition","schemeID":"82"},{"nodeID":"199778","text":"Agreeing","type":"YA","timestamp":"2016-09-17 16:25:49","scheme":"Agreeing","schemeID":"77"},{"nodeID":"199779","text":"Seakawn : I wish they'd do that","type":"L","timestamp":"2016-09-17 16:25:49"},{"nodeID":"199780","text":"Asserting","type":"YA","timestamp":"2016-09-17 16:25:49","scheme":"Asserting","schemeID":"74"},{"nodeID":"199781","text":"I wish the organizers would make cutting of the microphone a part of the debate","type":"I","timestamp":"2016-09-17 16:25:49"},{"nodeID":"199782","text":"Barbara: Seakawn : I wish they'd do that","type":"L","timestamp":"2016-09-17 16:25:50"},{"nodeID":"199783","text":"Default Rephrase","type":"MA","timestamp":"2016-09-17 16:25:50","scheme":"Default Rephrase","schemeID":"144"},{"nodeID":"199784","text":"Default Transition","type":"TA","timestamp":"2016-09-17 16:25:50","scheme":"Default Transition","schemeID":"82"},{"nodeID":"199785","text":"Restating","type":"YA","timestamp":"2016-09-17 16:25:50","scheme":"Restating","schemeID":"101"},{"nodeID":"199786","text":"Seakawn : that'd probably be a little too progressive and productive of a thing to implement","type":"L","timestamp":"2016-09-17 16:25:50"},{"nodeID":"199787","text":"Asserting","type":"YA","timestamp":"2016-09-17 16:25:50","scheme":"Asserting","schemeID":"74"},{"nodeID":"199788","text":"introducing cutting off microphones would probably be a little too progressive and productive of a thing to implement","type":"I","timestamp":"2016-09-17 16:25:50"},{"nodeID":"199789","text":"Barbara: Seakawn : that'd probably be a little too progressive and productive of a thing to implement","type":"L","timestamp":"2016-09-17 16:25:50"},{"nodeID":"199790","text":"Default Transition","type":"TA","timestamp":"2016-09-17 16:25:50","scheme":"Default Transition","schemeID":"82"},{"nodeID":"199791","text":"MY_NAME_IS_IN_CAPS : I mean, would you want the future president to remember you as the guy who cut your mic off while you were talking","type":"L","timestamp":"2016-09-17 16:25:51"},{"nodeID":"199792","text":"Rhetorical Questioning","type":"YA","timestamp":"2016-09-17 16:25:51","scheme":"RhetoricalQuestioning","schemeID":"85"},{"nodeID":"199793","text":"you would not want the future president to remember you as the guy who cut your mic off while you were talking","type":"I","timestamp":"2016-09-17 16:25:51"},{"nodeID":"199794","text":"Barbara: MY_NAME_IS_IN_CAPS : I mean, would you want the future president to remember you as the guy who cut your mic off while you were talking?","type":"L","timestamp":"2016-09-17 16:25:51"},{"nodeID":"199795","text":"Default Conflict","type":"CA","timestamp":"2016-09-17 16:25:51","scheme":"Default Conflict","schemeID":"71"},{"nodeID":"199796","text":"Default Transition","type":"TA","timestamp":"2016-09-17 16:25:51","scheme":"Default Transition","schemeID":"82"},{"nodeID":"199797","text":"Disagreeing","type":"YA","timestamp":"2016-09-17 16:25:51","scheme":"Disagreeing","schemeID":"78"},{"nodeID":"199798","text":"MY_NAME_IS_IN_CAPS : Good luck getting into the white house press briefings if he or she has a long memory","type":"L","timestamp":"2016-09-17 16:25:51"},{"nodeID":"199799","text":"Asserting","type":"YA","timestamp":"2016-09-17 16:25:51","scheme":"Asserting","schemeID":"74"},{"nodeID":"199800","text":"getting into the white house press briefings would be difficult  if he or she has a long memory","type":"I","timestamp":"2016-09-17 16:25:51"},{"nodeID":"199801","text":"Barbara: MY_NAME_IS_IN_CAPS : Good luck getting into the white house press briefings if he or she has a long memory","type":"L","timestamp":"2016-09-17 16:25:51"},{"nodeID":"199802","text":"Default Inference","type":"RA","timestamp":"2016-09-17 16:25:52","scheme":"Default Inference","schemeID":"72"},{"nodeID":"199803","text":"Default Transition","type":"TA","timestamp":"2016-09-17 16:25:52","scheme":"Default Transition","schemeID":"82"},{"nodeID":"199804","text":"Arguing","type":"YA","timestamp":"2016-09-17 16:25:52","scheme":"Arguing","schemeID":"80"},{"nodeID":"199805","text":"whiteflagwaiver : I have to thank him","type":"L","timestamp":"2016-09-17 16:25:52"},{"nodeID":"199806","text":"Asserting","type":"YA","timestamp":"2016-09-17 16:25:52","scheme":"Asserting","schemeID":"74"},{"nodeID":"199807","text":"I have to thank Anderson Cooper","type":"I","timestamp":"2016-09-17 16:25:52"},{"nodeID":"199808","text":"Barbara: whiteflagwaiver : I have to thank him","type":"L","timestamp":"2016-09-17 16:25:52"},{"nodeID":"199809","text":"Default Inference","type":"RA","timestamp":"2016-09-17 16:25:53","scheme":"Default Inference","schemeID":"72"},{"nodeID":"199810","text":"Default Transition","type":"TA","timestamp":"2016-09-17 16:25:53","scheme":"Default Transition","schemeID":"82"},{"nodeID":"199811","text":"Arguing","type":"YA","timestamp":"2016-09-17 16:25:53","scheme":"Arguing","schemeID":"80"},{"nodeID":"199812","text":"whiteflagwaiver : AS an 18 yr\/o viewer","type":"L","timestamp":"2016-09-17 16:25:53"},{"nodeID":"199813","text":"Asserting","type":"YA","timestamp":"2016-09-17 16:25:53","scheme":"Asserting","schemeID":"74"},{"nodeID":"199814","text":"I am an 18 yr\/o viewer","type":"I","timestamp":"2016-09-17 16:25:53"},{"nodeID":"199815","text":"Barbara: whiteflagwaiver : AS an 18 yr\/o viewer","type":"L","timestamp":"2016-09-17 16:25:53"},{"nodeID":"199816","text":"Default Inference","type":"RA","timestamp":"2016-09-17 16:25:53","scheme":"Default Inference","schemeID":"72"},{"nodeID":"199817","text":"Default Transition","type":"TA","timestamp":"2016-09-17 16:25:53","scheme":"Default Transition","schemeID":"82"},{"nodeID":"199818","text":"Arguing","type":"YA","timestamp":"2016-09-17 16:25:54","scheme":"Arguing","schemeID":"80"},{"nodeID":"199819","text":"martymcflyer : Many might make some snide comment about your age being irrelevant","type":"L","timestamp":"2016-09-17 16:25:54"},{"nodeID":"199820","text":"Asserting","type":"YA","timestamp":"2016-09-17 16:25:54","scheme":"Asserting","schemeID":"74"},{"nodeID":"199821","text":"many might make some snide comment about your age being irrelevant","type":"I","timestamp":"2016-09-17 16:25:54"},{"nodeID":"199822","text":"Barbara: martymcflyer : Many might make some snide comment about your age being irrelevant","type":"L","timestamp":"2016-09-17 16:25:54"},{"nodeID":"199823","text":"Default Transition","type":"TA","timestamp":"2016-09-17 16:25:54","scheme":"Default Transition","schemeID":"82"},{"nodeID":"199824","text":"Barbara: whiteflagwaiver : I for one am glad you aren't apathetic about politics at your age","type":"L","timestamp":"2016-09-17 16:25:54"},{"nodeID":"199825","text":"whiteflagwaiver : Things are not going to change if my generation decides to sit on their hands and think voting isnt important","type":"L","timestamp":"2016-09-17 16:25:54"},{"nodeID":"199826","text":"Asserting","type":"YA","timestamp":"2016-09-17 16:25:54","scheme":"Asserting","schemeID":"74"},{"nodeID":"199827","text":"things are not going to change if my generation decides to sit on their hands and think voting isnt important","type":"I","timestamp":"2016-09-17 16:25:54"},{"nodeID":"199828","text":"Barbara: whiteflagwaiver : Things are not going to change if my generation decides to sit on their hands and think voting isnt important","type":"L","timestamp":"2016-09-17 16:25:54"},{"nodeID":"199829","text":"whiteflagwaiver : I for one am glad you aren't apathetic about politics at your age","type":"L","timestamp":"2016-09-17 16:25:55"},{"nodeID":"199830","text":"Asserting","type":"YA","timestamp":"2016-09-17 16:25:55","scheme":"Asserting","schemeID":"74"},{"nodeID":"199831","text":"I for one am glad you aren't apathetic about politics at your age","type":"I","timestamp":"2016-09-17 16:25:55"},{"nodeID":"199832","text":"Default Transition","type":"TA","timestamp":"2016-09-17 16:25:55","scheme":"Default Transition","schemeID":"82"},{"nodeID":"199833","text":"whiteflagwaiver : Lets just hope sooner rather than later the young vote wake up","type":"L","timestamp":"2016-09-17 16:25:55"},{"nodeID":"199834","text":"Asserting","type":"YA","timestamp":"2016-09-17 16:25:55","scheme":"Asserting","schemeID":"74"},{"nodeID":"199835","text":"lets just hope sooner rather than later the young vote wake up","type":"I","timestamp":"2016-09-17 16:25:55"},{"nodeID":"199836","text":"Barbara: whiteflagwaiver : Lets just hope sooner rather than later the young vote wake up","type":"L","timestamp":"2016-09-17 16:25:55"},{"nodeID":"199837","text":"Default Inference","type":"RA","timestamp":"2016-09-17 16:25:55","scheme":"Default Inference","schemeID":"72"},{"nodeID":"199838","text":"Default Transition","type":"TA","timestamp":"2016-09-17 16:25:55","scheme":"Default Transition","schemeID":"82"},{"nodeID":"199839","text":"Arguing","type":"YA","timestamp":"2016-09-17 16:25:56","scheme":"Arguing","schemeID":"80"},{"nodeID":"199840","text":"Default Transition","type":"TA","timestamp":"2016-09-17 16:25:56","scheme":"Default Transition","schemeID":"82"},{"nodeID":"199841","text":"nfactor : Agree","type":"L","timestamp":"2016-09-17 16:25:56"},{"nodeID":"199842","text":"Barbara: nfactor : Agree","type":"L","timestamp":"2016-09-17 16:25:56"},{"nodeID":"199843","text":"Default Transition","type":"TA","timestamp":"2016-09-17 16:25:56","scheme":"Default Transition","schemeID":"82"},{"nodeID":"199844","text":"Agreeing","type":"YA","timestamp":"2016-09-17 16:25:56","scheme":"Agreeing","schemeID":"77"},{"nodeID":"199845","text":"Anderson Cooper isn't letting the candidates get away with not answering the question either","type":"I","timestamp":"2016-09-17 16:25:56"},{"nodeID":"199846","text":"Asserting","type":"YA","timestamp":"2016-09-17 16:25:56","scheme":"Asserting","schemeID":"74"},{"nodeID":"199847","text":"nfactor : He isn't letting them get away with not answering the question either","type":"L","timestamp":"2016-09-17 16:25:56"},{"nodeID":"199848","text":"Barbara: nfactor : He isn't letting them get away with not answering the question either","type":"L","timestamp":"2016-09-17 16:25:56"},{"nodeID":"199849","text":"Anderson Cooper is a great moderator","type":"I","timestamp":"2016-09-17 16:25:57"},{"nodeID":"199850","text":"Asserting","type":"YA","timestamp":"2016-09-17 16:25:57","scheme":"Asserting","schemeID":"74"},{"nodeID":"199851","text":"nfactor :great moderator","type":"L","timestamp":"2016-09-17 16:25:57"},{"nodeID":"199852","text":"Barbara: nfactor : Anderson Cooper is a great moderator","type":"L","timestamp":"2016-09-17 16:25:57"},{"nodeID":"199853","text":"Default Inference","type":"RA","timestamp":"2016-09-17 16:25:57","scheme":"Default Inference","schemeID":"72"},{"nodeID":"199854","text":"Default Transition","type":"TA","timestamp":"2016-09-17 16:25:57","scheme":"Default Transition","schemeID":"82"},{"nodeID":"199855","text":"Arguing","type":"YA","timestamp":"2016-09-17 16:25:57","scheme":"Arguing","schemeID":"80"},{"nodeID":"199856","text":"Default Transition","type":"TA","timestamp":"2016-09-17 16:25:57","scheme":"Default Transition","schemeID":"82"},{"nodeID":"199857","text":"Default Inference","type":"RA","timestamp":"2016-09-17 16:25:57","scheme":"Default Inference","schemeID":"72"},{"nodeID":"199858","text":"Arguing","type":"YA","timestamp":"2016-09-17 16:25:58","scheme":"Arguing","schemeID":"80"},{"nodeID":"199859","text":"Default Rephrase","type":"MA","timestamp":"2016-09-17 16:25:58","scheme":"Default Rephrase","schemeID":"144"},{"nodeID":"199860","text":"Default Transition","type":"TA","timestamp":"2016-09-17 16:25:58","scheme":"Default Transition","schemeID":"82"},{"nodeID":"199861","text":"Restating","type":"YA","timestamp":"2016-09-17 16:25:58","scheme":"Restating","schemeID":"101"},{"nodeID":"199862","text":"Default Transition","type":"TA","timestamp":"2016-09-17 16:25:58","scheme":"Default Transition","schemeID":"82"},{"nodeID":"199863","text":"mwax321 : Secretary Clinton, Clinton, Clinton, CLINTON, FINAL WARNING OR YOU WILL BE COOPERIZED!!!!","type":"L","timestamp":"2016-09-17 16:25:58"},{"nodeID":"199864","text":"Asserting","type":"YA","timestamp":"2016-09-17 16:25:58","scheme":"Asserting","schemeID":"74"},{"nodeID":"199865","text":"Secretary Clinton, Clinton, Clinton, CLINTON, FINAL WARNING OR YOU WILL BE COOPERIZED!!!!","type":"I","timestamp":"2016-09-17 16:25:58"},{"nodeID":"199866","text":"Barbara: mwax321 : Secretary Clinton, Clinton, Clinton, CLINTON, FINAL WARNING OR YOU WILL BE COOPERIZED!!!!","type":"L","timestamp":"2016-09-17 16:25:58"},{"nodeID":"199867","text":"Default Transition","type":"TA","timestamp":"2016-09-17 16:25:58","scheme":"Default Transition","schemeID":"82"},{"nodeID":"199868","text":"gbuck97 : Props to my US History Teacher for actually making me remember that and how it was repealed by Clinton","type":"L","timestamp":"2016-09-17 16:25:59"},{"nodeID":"199869","text":"Asserting","type":"YA","timestamp":"2016-09-17 16:25:59","scheme":"Asserting","schemeID":"74"},{"nodeID":"199870","text":"props to my US History Teacher for actually making me remember that and how it was repealed by Clinton","type":"I","timestamp":"2016-09-17 16:25:59"},{"nodeID":"199871","text":"Barbara: gbuck97 : Props to my US History Teacher for actually making me remember that and how it was repealed by Clinton","type":"L","timestamp":"2016-09-17 16:25:59"},{"nodeID":"199872","text":"Default Transition","type":"TA","timestamp":"2016-09-17 16:25:59","scheme":"Default Transition","schemeID":"82"},{"nodeID":"199873","text":"Roygbiv856 : dropped the population of Denmark off the top of his head","type":"L","timestamp":"2016-09-17 16:25:59"},{"nodeID":"199874","text":"Asserting","type":"YA","timestamp":"2016-09-17 16:25:59","scheme":"Asserting","schemeID":"74"},{"nodeID":"199875","text":"Anderson Cooper dropped the population of Denmark off the top of his head","type":"I","timestamp":"2016-09-17 16:25:59"},{"nodeID":"199876","text":"Barbara: Roygbiv856 : dropped the population of Denmark off the top of his head","type":"L","timestamp":"2016-09-17 16:25:59"},{"nodeID":"199877","text":"Default Transition","type":"TA","timestamp":"2016-09-17 16:26:00","scheme":"Default Transition","schemeID":"82"},{"nodeID":"199878","text":"Roygbiv856 : Not bad at all","type":"L","timestamp":"2016-09-17 16:26:00"},{"nodeID":"199879","text":"Asserting","type":"YA","timestamp":"2016-09-17 16:26:00","scheme":"Asserting","schemeID":"74"},{"nodeID":"199880","text":"Anderson Cooper is not bad at all","type":"I","timestamp":"2016-09-17 16:26:00"},{"nodeID":"199881","text":"Barbara: Roygbiv856 : Not bad at all","type":"L","timestamp":"2016-09-17 16:26:00"},{"nodeID":"199882","text":"Default Inference","type":"RA","timestamp":"2016-09-17 16:26:00","scheme":"Default Inference","schemeID":"72"},{"nodeID":"199883","text":"Default Inference","type":"RA","timestamp":"2016-09-17 16:26:00","scheme":"Default Inference","schemeID":"72"},{"nodeID":"199884","text":"Default Transition","type":"TA","timestamp":"2016-09-17 16:26:00","scheme":"Default Transition","schemeID":"82"},{"nodeID":"199885","text":"Arguing","type":"YA","timestamp":"2016-09-17 16:26:00","scheme":"Arguing","schemeID":"80"},{"nodeID":"199886","text":"Arguing","type":"YA","timestamp":"2016-09-17 16:26:01","scheme":"Arguing","schemeID":"80"},{"nodeID":"199887","text":"Default Rephrase","type":"MA","timestamp":"2016-09-17 16:26:01","scheme":"Default Rephrase","schemeID":"144"},{"nodeID":"199888","text":"Default Transition","type":"TA","timestamp":"2016-09-17 16:26:01","scheme":"Default Transition","schemeID":"82"},{"nodeID":"199889","text":"Restating","type":"YA","timestamp":"2016-09-17 16:26:01","scheme":"Restating","schemeID":"101"}],"edges":[{"edgeID":"244277","fromID":"199655","toID":"199656","formEdgeID":null},{"edgeID":"244278","fromID":"199654","toID":"199655","formEdgeID":null},{"edgeID":"244279","fromID":"199659","toID":"199660","formEdgeID":null},{"edgeID":"244280","fromID":"199658","toID":"199659","formEdgeID":null},{"edgeID":"244281","fromID":"199663","toID":"199664","formEdgeID":null},{"edgeID":"244282","fromID":"199662","toID":"199663","formEdgeID":null},{"edgeID":"244283","fromID":"199667","toID":"199666","formEdgeID":null},{"edgeID":"244284","fromID":"199668","toID":"199667","formEdgeID":null},{"edgeID":"244285","fromID":"199671","toID":"199672","formEdgeID":null},{"edgeID":"244286","fromID":"199670","toID":"199671","formEdgeID":null},{"edgeID":"244287","fromID":"199664","toID":"199674","formEdgeID":null},{"edgeID":"244288","fromID":"199674","toID":"199660","formEdgeID":null},{"edgeID":"244289","fromID":"199658","toID":"199675","formEdgeID":null},{"edgeID":"244290","fromID":"199675","toID":"199662","formEdgeID":null},{"edgeID":"244291","fromID":"199675","toID":"199676","formEdgeID":null},{"edgeID":"244292","fromID":"199676","toID":"199674","formEdgeID":null},{"edgeID":"244293","fromID":"199654","toID":"199677","formEdgeID":null},{"edgeID":"244294","fromID":"199677","toID":"199658","formEdgeID":null},{"edgeID":"244295","fromID":"199668","toID":"199678","formEdgeID":null},{"edgeID":"244296","fromID":"199678","toID":"199670","formEdgeID":null},{"edgeID":"244297","fromID":"199672","toID":"199679","formEdgeID":null},{"edgeID":"244298","fromID":"199679","toID":"199666","formEdgeID":null},{"edgeID":"244299","fromID":"199678","toID":"199680","formEdgeID":null},{"edgeID":"244300","fromID":"199680","toID":"199679","formEdgeID":null},{"edgeID":"244301","fromID":"199660","toID":"199681","formEdgeID":null},{"edgeID":"244302","fromID":"199681","toID":"199666","formEdgeID":null},{"edgeID":"244303","fromID":"199658","toID":"199682","formEdgeID":null},{"edgeID":"244304","fromID":"199682","toID":"199668","formEdgeID":null},{"edgeID":"244305","fromID":"199682","toID":"199683","formEdgeID":null},{"edgeID":"244306","fromID":"199683","toID":"199681","formEdgeID":null},{"edgeID":"244307","fromID":"199684","toID":"199689","formEdgeID":null},{"edgeID":"244308","fromID":"199689","toID":"199687","formEdgeID":null},{"edgeID":"244309","fromID":"199687","toID":"199690","formEdgeID":null},{"edgeID":"244310","fromID":"199690","toID":"199685","formEdgeID":null},{"edgeID":"244311","fromID":"199670","toID":"199691","formEdgeID":null},{"edgeID":"244312","fromID":"199691","toID":"199684","formEdgeID":null},{"edgeID":"244313","fromID":"199693","toID":"199694","formEdgeID":null},{"edgeID":"244314","fromID":"199692","toID":"199693","formEdgeID":null},{"edgeID":"244315","fromID":"199684","toID":"199696","formEdgeID":null},{"edgeID":"244316","fromID":"199696","toID":"199692","formEdgeID":null},{"edgeID":"244317","fromID":"199698","toID":"199699","formEdgeID":null},{"edgeID":"244318","fromID":"199697","toID":"199698","formEdgeID":null},{"edgeID":"244319","fromID":"199702","toID":"199703","formEdgeID":null},{"edgeID":"244320","fromID":"199701","toID":"199702","formEdgeID":null},{"edgeID":"244321","fromID":"199692","toID":"199705","formEdgeID":null},{"edgeID":"244322","fromID":"199705","toID":"199697","formEdgeID":null},{"edgeID":"244323","fromID":"199697","toID":"199706","formEdgeID":null},{"edgeID":"244324","fromID":"199706","toID":"199701","formEdgeID":null},{"edgeID":"244325","fromID":"199708","toID":"199709","formEdgeID":null},{"edgeID":"244326","fromID":"199707","toID":"199708","formEdgeID":null},{"edgeID":"244327","fromID":"199709","toID":"199711","formEdgeID":null},{"edgeID":"244328","fromID":"199711","toID":"199666","formEdgeID":null},{"edgeID":"244329","fromID":"199668","toID":"199712","formEdgeID":null},{"edgeID":"244330","fromID":"199712","toID":"199707","formEdgeID":null},{"edgeID":"244331","fromID":"199714","toID":"199715","formEdgeID":null},{"edgeID":"244332","fromID":"199713","toID":"199714","formEdgeID":null},{"edgeID":"244333","fromID":"199715","toID":"199717","formEdgeID":null},{"edgeID":"244334","fromID":"199717","toID":"199709","formEdgeID":null},{"edgeID":"244335","fromID":"199707","toID":"199718","formEdgeID":null},{"edgeID":"244336","fromID":"199718","toID":"199713","formEdgeID":null},{"edgeID":"244337","fromID":"199718","toID":"199719","formEdgeID":null},{"edgeID":"244338","fromID":"199719","toID":"199717","formEdgeID":null},{"edgeID":"244339","fromID":"199713","toID":"199722","formEdgeID":null},{"edgeID":"244340","fromID":"199722","toID":"199720","formEdgeID":null},{"edgeID":"244341","fromID":"199722","toID":"199723","formEdgeID":null},{"edgeID":"244342","fromID":"199723","toID":"199715","formEdgeID":null},{"edgeID":"244343","fromID":"199725","toID":"199726","formEdgeID":null},{"edgeID":"244344","fromID":"199724","toID":"199725","formEdgeID":null},{"edgeID":"244345","fromID":"199726","toID":"199728","formEdgeID":null},{"edgeID":"244346","fromID":"199728","toID":"199715","formEdgeID":null},{"edgeID":"244347","fromID":"199712","toID":"199729","formEdgeID":null},{"edgeID":"244348","fromID":"199729","toID":"199711","formEdgeID":null},{"edgeID":"244349","fromID":"199713","toID":"199730","formEdgeID":null},{"edgeID":"244350","fromID":"199730","toID":"199724","formEdgeID":null},{"edgeID":"244351","fromID":"199730","toID":"199731","formEdgeID":null},{"edgeID":"244352","fromID":"199731","toID":"199728","formEdgeID":null},{"edgeID":"244353","fromID":"199733","toID":"199734","formEdgeID":null},{"edgeID":"244354","fromID":"199732","toID":"199733","formEdgeID":null},{"edgeID":"244355","fromID":"199737","toID":"199738","formEdgeID":null},{"edgeID":"244356","fromID":"199736","toID":"199737","formEdgeID":null},{"edgeID":"244357","fromID":"199734","toID":"199740","formEdgeID":null},{"edgeID":"244358","fromID":"199740","toID":"199715","formEdgeID":null},{"edgeID":"244359","fromID":"199713","toID":"199741","formEdgeID":null},{"edgeID":"244360","fromID":"199741","toID":"199732","formEdgeID":null},{"edgeID":"244361","fromID":"199741","toID":"199742","formEdgeID":null},{"edgeID":"244362","fromID":"199742","toID":"199740","formEdgeID":null},{"edgeID":"244363","fromID":"199732","toID":"199743","formEdgeID":null},{"edgeID":"244364","fromID":"199743","toID":"199736","formEdgeID":null},{"edgeID":"244365","fromID":"199745","toID":"199746","formEdgeID":null},{"edgeID":"244366","fromID":"199744","toID":"199745","formEdgeID":null},{"edgeID":"244367","fromID":"199749","toID":"199750","formEdgeID":null},{"edgeID":"244368","fromID":"199748","toID":"199749","formEdgeID":null},{"edgeID":"244369","fromID":"199746","toID":"199752","formEdgeID":null},{"edgeID":"244370","fromID":"199752","toID":"199750","formEdgeID":null},{"edgeID":"244371","fromID":"199744","toID":"199753","formEdgeID":null},{"edgeID":"244372","fromID":"199753","toID":"199748","formEdgeID":null},{"edgeID":"244373","fromID":"199750","toID":"199749","formEdgeID":null},{"edgeID":"244374","fromID":"199750","toID":"199754","formEdgeID":null},{"edgeID":"244375","fromID":"199754","toID":"199715","formEdgeID":null},{"edgeID":"244376","fromID":"199713","toID":"199755","formEdgeID":null},{"edgeID":"244377","fromID":"199755","toID":"199748","formEdgeID":null},{"edgeID":"244378","fromID":"199756","toID":"199754","formEdgeID":null},{"edgeID":"244379","fromID":"199755","toID":"199756","formEdgeID":null},{"edgeID":"244380","fromID":"199753","toID":"199757","formEdgeID":null},{"edgeID":"244381","fromID":"199757","toID":"199752","formEdgeID":null},{"edgeID":"244382","fromID":"199759","toID":"199760","formEdgeID":null},{"edgeID":"244383","fromID":"199758","toID":"199759","formEdgeID":null},{"edgeID":"244384","fromID":"199760","toID":"199762","formEdgeID":null},{"edgeID":"244385","fromID":"199762","toID":"199750","formEdgeID":null},{"edgeID":"244386","fromID":"199748","toID":"199763","formEdgeID":null},{"edgeID":"244387","fromID":"199763","toID":"199758","formEdgeID":null},{"edgeID":"244388","fromID":"199763","toID":"199764","formEdgeID":null},{"edgeID":"244389","fromID":"199764","toID":"199762","formEdgeID":null},{"edgeID":"244390","fromID":"199766","toID":"199765","formEdgeID":null},{"edgeID":"244391","fromID":"199767","toID":"199766","formEdgeID":null},{"edgeID":"244392","fromID":"199758","toID":"199769","formEdgeID":null},{"edgeID":"244393","fromID":"199769","toID":"199767","formEdgeID":null},{"edgeID":"244394","fromID":"199771","toID":"199770","formEdgeID":null},{"edgeID":"244395","fromID":"199772","toID":"199771","formEdgeID":null},{"edgeID":"244396","fromID":"199767","toID":"199774","formEdgeID":null},{"edgeID":"244397","fromID":"199774","toID":"199772","formEdgeID":null},{"edgeID":"244398","fromID":"199758","toID":"199777","formEdgeID":null},{"edgeID":"244399","fromID":"199777","toID":"199775","formEdgeID":null},{"edgeID":"244400","fromID":"199777","toID":"199778","formEdgeID":null},{"edgeID":"244401","fromID":"199778","toID":"199760","formEdgeID":null},{"edgeID":"244402","fromID":"199780","toID":"199781","formEdgeID":null},{"edgeID":"244403","fromID":"199779","toID":"199780","formEdgeID":null},{"edgeID":"244404","fromID":"199781","toID":"199783","formEdgeID":null},{"edgeID":"244405","fromID":"199783","toID":"199760","formEdgeID":null},{"edgeID":"244406","fromID":"199779","toID":"199784","formEdgeID":null},{"edgeID":"244407","fromID":"199784","toID":"199758","formEdgeID":null},{"edgeID":"244408","fromID":"199784","toID":"199785","formEdgeID":null},{"edgeID":"244409","fromID":"199785","toID":"199783","formEdgeID":null},{"edgeID":"244410","fromID":"199787","toID":"199788","formEdgeID":null},{"edgeID":"244411","fromID":"199786","toID":"199787","formEdgeID":null},{"edgeID":"244412","fromID":"199786","toID":"199790","formEdgeID":null},{"edgeID":"244413","fromID":"199790","toID":"199779","formEdgeID":null},{"edgeID":"244414","fromID":"199792","toID":"199793","formEdgeID":null},{"edgeID":"244415","fromID":"199791","toID":"199792","formEdgeID":null},{"edgeID":"244416","fromID":"199793","toID":"199795","formEdgeID":null},{"edgeID":"244417","fromID":"199795","toID":"199781","formEdgeID":null},{"edgeID":"244418","fromID":"199779","toID":"199796","formEdgeID":null},{"edgeID":"244419","fromID":"199796","toID":"199791","formEdgeID":null},{"edgeID":"244420","fromID":"199796","toID":"199797","formEdgeID":null},{"edgeID":"244421","fromID":"199797","toID":"199795","formEdgeID":null},{"edgeID":"244422","fromID":"199799","toID":"199800","formEdgeID":null},{"edgeID":"244423","fromID":"199798","toID":"199799","formEdgeID":null},{"edgeID":"244424","fromID":"199800","toID":"199802","formEdgeID":null},{"edgeID":"244425","fromID":"199802","toID":"199793","formEdgeID":null},{"edgeID":"244426","fromID":"199791","toID":"199803","formEdgeID":null},{"edgeID":"244427","fromID":"199803","toID":"199798","formEdgeID":null},{"edgeID":"244428","fromID":"199803","toID":"199804","formEdgeID":null},{"edgeID":"244429","fromID":"199804","toID":"199802","formEdgeID":null},{"edgeID":"244430","fromID":"199806","toID":"199807","formEdgeID":null},{"edgeID":"244431","fromID":"199805","toID":"199806","formEdgeID":null},{"edgeID":"244432","fromID":"199807","toID":"199809","formEdgeID":null},{"edgeID":"244433","fromID":"199809","toID":"199666","formEdgeID":null},{"edgeID":"244434","fromID":"199805","toID":"199810","formEdgeID":null},{"edgeID":"244435","fromID":"199810","toID":"199668","formEdgeID":null},{"edgeID":"244436","fromID":"199811","toID":"199809","formEdgeID":null},{"edgeID":"244437","fromID":"199810","toID":"199811","formEdgeID":null},{"edgeID":"244438","fromID":"199813","toID":"199814","formEdgeID":null},{"edgeID":"244439","fromID":"199812","toID":"199813","formEdgeID":null},{"edgeID":"244440","fromID":"199814","toID":"199816","formEdgeID":null},{"edgeID":"244441","fromID":"199816","toID":"199807","formEdgeID":null},{"edgeID":"244442","fromID":"199812","toID":"199817","formEdgeID":null},{"edgeID":"244443","fromID":"199817","toID":"199805","formEdgeID":null},{"edgeID":"244444","fromID":"199817","toID":"199818","formEdgeID":null},{"edgeID":"244445","fromID":"199818","toID":"199816","formEdgeID":null},{"edgeID":"244446","fromID":"199820","toID":"199821","formEdgeID":null},{"edgeID":"244447","fromID":"199819","toID":"199820","formEdgeID":null},{"edgeID":"244448","fromID":"199812","toID":"199823","formEdgeID":null},{"edgeID":"244449","fromID":"199823","toID":"199819","formEdgeID":null},{"edgeID":"244450","fromID":"199826","toID":"199827","formEdgeID":null},{"edgeID":"244451","fromID":"199825","toID":"199826","formEdgeID":null},{"edgeID":"244452","fromID":"199830","toID":"199831","formEdgeID":null},{"edgeID":"244453","fromID":"199829","toID":"199830","formEdgeID":null},{"edgeID":"244454","fromID":"199819","toID":"199832","formEdgeID":null},{"edgeID":"244455","fromID":"199832","toID":"199829","formEdgeID":null},{"edgeID":"244456","fromID":"199834","toID":"199835","formEdgeID":null},{"edgeID":"244457","fromID":"199833","toID":"199834","formEdgeID":null},{"edgeID":"244458","fromID":"199827","toID":"199837","formEdgeID":null},{"edgeID":"244459","fromID":"199837","toID":"199835","formEdgeID":null},{"edgeID":"244460","fromID":"199825","toID":"199838","formEdgeID":null},{"edgeID":"244461","fromID":"199838","toID":"199833","formEdgeID":null},{"edgeID":"244462","fromID":"199838","toID":"199839","formEdgeID":null},{"edgeID":"244463","fromID":"199839","toID":"199837","formEdgeID":null},{"edgeID":"244464","fromID":"199829","toID":"199840","formEdgeID":null},{"edgeID":"244465","fromID":"199840","toID":"199825","formEdgeID":null},{"edgeID":"244466","fromID":"199668","toID":"199843","formEdgeID":null},{"edgeID":"244467","fromID":"199843","toID":"199841","formEdgeID":null},{"edgeID":"244468","fromID":"199843","toID":"199844","formEdgeID":null},{"edgeID":"244469","fromID":"199844","toID":"199666","formEdgeID":null},{"edgeID":"244470","fromID":"199846","toID":"199845","formEdgeID":null},{"edgeID":"244471","fromID":"199847","toID":"199846","formEdgeID":null},{"edgeID":"244472","fromID":"199850","toID":"199849","formEdgeID":null},{"edgeID":"244473","fromID":"199851","toID":"199850","formEdgeID":null},{"edgeID":"244474","fromID":"199845","toID":"199853","formEdgeID":null},{"edgeID":"244475","fromID":"199853","toID":"199666","formEdgeID":null},{"edgeID":"244476","fromID":"199668","toID":"199854","formEdgeID":null},{"edgeID":"244477","fromID":"199854","toID":"199847","formEdgeID":null},{"edgeID":"244478","fromID":"199854","toID":"199855","formEdgeID":null},{"edgeID":"244479","fromID":"199855","toID":"199853","formEdgeID":null},{"edgeID":"244480","fromID":"199847","toID":"199856","formEdgeID":null},{"edgeID":"244481","fromID":"199856","toID":"199851","formEdgeID":null},{"edgeID":"244482","fromID":"199845","toID":"199857","formEdgeID":null},{"edgeID":"244483","fromID":"199857","toID":"199849","formEdgeID":null},{"edgeID":"244484","fromID":"199856","toID":"199858","formEdgeID":null},{"edgeID":"244485","fromID":"199858","toID":"199857","formEdgeID":null},{"edgeID":"244486","fromID":"199849","toID":"199859","formEdgeID":null},{"edgeID":"244487","fromID":"199859","toID":"199666","formEdgeID":null},{"edgeID":"244488","fromID":"199668","toID":"199860","formEdgeID":null},{"edgeID":"244489","fromID":"199860","toID":"199851","formEdgeID":null},{"edgeID":"244490","fromID":"199860","toID":"199861","formEdgeID":null},{"edgeID":"244491","fromID":"199861","toID":"199859","formEdgeID":null},{"edgeID":"244492","fromID":"199841","toID":"199862","formEdgeID":null},{"edgeID":"244493","fromID":"199862","toID":"199847","formEdgeID":null},{"edgeID":"244494","fromID":"199864","toID":"199865","formEdgeID":null},{"edgeID":"244495","fromID":"199863","toID":"199864","formEdgeID":null},{"edgeID":"244496","fromID":"199668","toID":"199867","formEdgeID":null},{"edgeID":"244497","fromID":"199867","toID":"199863","formEdgeID":null},{"edgeID":"244498","fromID":"199869","toID":"199870","formEdgeID":null},{"edgeID":"244499","fromID":"199868","toID":"199869","formEdgeID":null},{"edgeID":"244500","fromID":"199668","toID":"199872","formEdgeID":null},{"edgeID":"244501","fromID":"199872","toID":"199868","formEdgeID":null},{"edgeID":"244502","fromID":"199874","toID":"199875","formEdgeID":null},{"edgeID":"244503","fromID":"199873","toID":"199874","formEdgeID":null},{"edgeID":"244504","fromID":"199668","toID":"199877","formEdgeID":null},{"edgeID":"244505","fromID":"199877","toID":"199873","formEdgeID":null},{"edgeID":"244506","fromID":"199879","toID":"199880","formEdgeID":null},{"edgeID":"244507","fromID":"199878","toID":"199879","formEdgeID":null},{"edgeID":"244508","fromID":"199875","toID":"199882","formEdgeID":null},{"edgeID":"244509","fromID":"199882","toID":"199666","formEdgeID":null},{"edgeID":"244510","fromID":"199875","toID":"199883","formEdgeID":null},{"edgeID":"244511","fromID":"199883","toID":"199880","formEdgeID":null},{"edgeID":"244512","fromID":"199873","toID":"199884","formEdgeID":null},{"edgeID":"244513","fromID":"199884","toID":"199878","formEdgeID":null},{"edgeID":"244514","fromID":"199884","toID":"199885","formEdgeID":null},{"edgeID":"244515","fromID":"199885","toID":"199883","formEdgeID":null},{"edgeID":"244516","fromID":"199877","toID":"199886","formEdgeID":null},{"edgeID":"244517","fromID":"199886","toID":"199882","formEdgeID":null},{"edgeID":"244518","fromID":"199880","toID":"199887","formEdgeID":null},{"edgeID":"244519","fromID":"199887","toID":"199666","formEdgeID":null},{"edgeID":"244520","fromID":"199668","toID":"199888","formEdgeID":null},{"edgeID":"244521","fromID":"199888","toID":"199878","formEdgeID":null},{"edgeID":"244522","fromID":"199888","toID":"199889","formEdgeID":null},{"edgeID":"244523","fromID":"199889","toID":"199887","formEdgeID":null}],"locutions":[{"nodeID":"199668","personID":"2194","timestamp":"2016-09-17 16:26:12","start":null,"end":null,"source":null},{"nodeID":"199687","personID":"2256","timestamp":"2016-09-17 16:26:12","start":null,"end":null,"source":null},{"nodeID":"199767","personID":"2265","timestamp":"2016-09-17 16:26:12","start":null,"end":null,"source":null},{"nodeID":"199772","personID":"2266","timestamp":"2016-09-17 16:26:12","start":null,"end":null,"source":null},{"nodeID":"199775","personID":"2267","timestamp":"2016-09-17 16:26:12","start":null,"end":null,"source":null},{"nodeID":"199847","personID":"2270","timestamp":"2016-09-17 16:26:12","start":null,"end":null,"source":null},{"nodeID":"199851","personID":"2270","timestamp":"2016-09-17 16:26:12","start":null,"end":null,"source":null}]}