{"nodes":[{"nodeID":"188286","text":"RoswellSpaceman :  Sorry Reddit....Hillary is kicking Bernie's ass","type":"L","timestamp":"2016-08-03 16:20:19"},{"nodeID":"188288","text":"Hillary Clinton is kicking Bernie Sanders' ass","type":"I","timestamp":"2016-08-03 16:20:19"},{"nodeID":"188289","text":"Barbara: RoswellSpaceman :  Sorry Reddit....Hillary is kicking Bernie's ass","type":"L","timestamp":"2016-08-03 16:20:19"},{"nodeID":"188290","text":"RoswellSpaceman : hides behind chair","type":"L","timestamp":"2016-08-03 16:20:19"},{"nodeID":"188292","text":"hides behind chair","type":"I","timestamp":"2016-08-03 16:20:19"},{"nodeID":"188293","text":"Barbara: RoswellSpaceman : hides behind chair","type":"L","timestamp":"2016-08-03 16:20:19"},{"nodeID":"188295","text":"Invient : ILL &@%$-$+# admit that to be true at this moment","type":"L","timestamp":"2016-08-03 16:20:19"},{"nodeID":"188296","text":"Barbara: Invient : ILL &@%$-$+# admit that to be true at this moment","type":"L","timestamp":"2016-08-03 16:20:20"},{"nodeID":"188299","text":"liamliam1234liam : In the same way Romney beat Obama in one of their debates: disingenuously","type":"L","timestamp":"2016-08-03 16:20:20"},{"nodeID":"188301","text":"Hilary Clinton is behaving in the same way Romney beat Obama in one of their debates: disingenuously","type":"I","timestamp":"2016-08-03 16:20:20"},{"nodeID":"188302","text":"Barbara: liamliam1234liam : In the same way Romney beat Obama in one of their debates: disingenuously","type":"L","timestamp":"2016-08-03 16:20:20"},{"nodeID":"188306","text":"liamliam1234liam : Yes, Hillary, tell us how it was a no-brainer for you to vote for gun control and how clearly Bernie supports murders","type":"L","timestamp":"2016-08-03 16:20:21"},{"nodeID":"188308","text":"Hilary Clinton is wrong in saying how it was a no-brainer for you to vote for gun control and how clearly Bernie supports murders","type":"I","timestamp":"2016-08-03 16:20:21"},{"nodeID":"188309","text":"Barbara: liamliam1234liam : Yes, Hillary, tell us how it was a no-brainer for you to vote for gun control and how clearly Bernie supports murders","type":"L","timestamp":"2016-08-03 16:20:21"},{"nodeID":"188310","text":"liamliam1234liam : It is not as if you can reverse that on a much larger scale with the Iraq War. Oh, wait","type":"L","timestamp":"2016-08-03 16:20:21"},{"nodeID":"188312","text":"you can reverse that on a much larger scale with the Iraq War","type":"I","timestamp":"2016-08-03 16:20:21"},{"nodeID":"188313","text":"Barbara: liamliam1234liam : It is not as if you can reverse that on a much larger scale with the Iraq War. Oh, wait","type":"L","timestamp":"2016-08-03 16:20:21"},{"nodeID":"188317","text":"Mutt1223 : No, Romney didn't win","type":"L","timestamp":"2016-08-03 16:20:22"},{"nodeID":"188319","text":"no, Romney didn't win","type":"I","timestamp":"2016-08-03 16:20:22"},{"nodeID":"188320","text":"Barbara: Mutt1223 : No, Romney didn't win,","type":"L","timestamp":"2016-08-03 16:20:22"},{"nodeID":"188324","text":"Mutt1223 : Obama lost","type":"L","timestamp":"2016-08-03 16:20:22"},{"nodeID":"188326","text":"Obama lost","type":"I","timestamp":"2016-08-03 16:20:23"},{"nodeID":"188327","text":"Barbara: Mutt1223 : Obama lost","type":"L","timestamp":"2016-08-03 16:20:23"},{"nodeID":"188331","text":"Mutt1223 : he seemed disinterested","type":"L","timestamp":"2016-08-03 16:20:23"},{"nodeID":"188333","text":"Obama seemed disinterested","type":"I","timestamp":"2016-08-03 16:20:23"},{"nodeID":"188334","text":"Barbara: Mutt1223 : he seemed disinterested","type":"L","timestamp":"2016-08-03 16:20:23"},{"nodeID":"188335","text":"Mutt1223 : relied to heavily on trying to actually explain the issue","type":"L","timestamp":"2016-08-03 16:20:23"},{"nodeID":"188337","text":"Obama relied to heavily on trying to actually explain the issue","type":"I","timestamp":"2016-08-03 16:20:24"},{"nodeID":"188338","text":"Barbara: Mutt1223 : relied to heavily on trying to actually explain the issue","type":"L","timestamp":"2016-08-03 16:20:24"},{"nodeID":"188342","text":"Barbara: Mutt1223 : In this debate though, Clinton is winning despite Bernie","type":"L","timestamp":"2016-08-03 16:20:24"},{"nodeID":"188343","text":"Mutt1223 : In this debate though, Clinton is winning despite Bernie","type":"L","timestamp":"2016-08-03 16:20:24"},{"nodeID":"188345","text":"in this debate though Clinton is winning despite Bernie Sanders","type":"I","timestamp":"2016-08-03 16:20:25"},{"nodeID":"188349","text":"ShouldersofGiants100 : And Obama could afford a loss...","type":"L","timestamp":"2016-08-03 16:20:25"},{"nodeID":"188351","text":"Obama could afford a loss in debate","type":"I","timestamp":"2016-08-03 16:20:25"},{"nodeID":"188352","text":"Barbara: ShouldersofGiants100 : And Obama could afford a loss...","type":"L","timestamp":"2016-08-03 16:20:25"},{"nodeID":"188354","text":"ShouldersofGiants100 : in fact I'm still fairly convinced he threw that first debate","type":"L","timestamp":"2016-08-03 16:20:25"},{"nodeID":"188356","text":"Obama threw that first debate","type":"I","timestamp":"2016-08-03 16:20:26"},{"nodeID":"188357","text":"Barbara: ShouldersofGiants100 : in fact I'm still fairly convinced he threw that first debate","type":"L","timestamp":"2016-08-03 16:20:26"},{"nodeID":"188359","text":"ShouldersofGiants100 : expectations of him as a debater were so high he needed to lower them to wipe the floor in the later ones","type":"L","timestamp":"2016-08-03 16:20:26"},{"nodeID":"188361","text":"expectations of Obama as a debater were so high he needed to lower them to wipe the floor in the later ones","type":"I","timestamp":"2016-08-03 16:20:26"},{"nodeID":"188362","text":"Barbara: ShouldersofGiants100 : expectations of him as a debater were so high he needed to lower them to wipe the floor in the later ones","type":"L","timestamp":"2016-08-03 16:20:26"},{"nodeID":"188363","text":"ShouldersofGiants100 : Bernie can't afford that","type":"L","timestamp":"2016-08-03 16:20:26"},{"nodeID":"188365","text":"Bernie Sanders can't afford loosing the debate","type":"I","timestamp":"2016-08-03 16:20:27"},{"nodeID":"188366","text":"Barbara: ShouldersofGiants100 : Bernie can't afford that","type":"L","timestamp":"2016-08-03 16:20:27"},{"nodeID":"188367","text":"ShouldersofGiants100 : if he doesn't absolutely slaughter Hillary, his campaign is basically dead","type":"L","timestamp":"2016-08-03 16:20:27"},{"nodeID":"188369","text":"if Bernie Sanders doesn't absolutely slaughter Hillary Clinton, his campaign is basically dead","type":"I","timestamp":"2016-08-03 16:20:27"},{"nodeID":"188370","text":"Barbara: ShouldersofGiants100 : if he doesn't absolutely slaughter Hillary, his campaign is basically dead","type":"L","timestamp":"2016-08-03 16:20:27"},{"nodeID":"188380","text":"[deleted] : The gun control answers were the perfect example of Bernie trying to give a fairly nuanced policy answer and Hilary \"beating\" him with a flashy catchphrase that has zero justification in reality","type":"L","timestamp":"2016-08-03 16:20:28"},{"nodeID":"188382","text":"the gun control answers were the perfect example of Bernie Sanders trying to give a fairly nuanced policy answer and Hilary Clinton  \"beating\" him with a flashy catchphrase that has zero justification in reality","type":"I","timestamp":"2016-08-03 16:20:28"},{"nodeID":"188383","text":"Barbara: [deleted] : The gun control answers were the perfect example of Bernie trying to give a fairly nuanced policy answer and Hilary \"beating\" him with a flashy catchphrase that has zero justification in reality","type":"L","timestamp":"2016-08-03 16:20:28"},{"nodeID":"188387","text":"Bernie : We have to balance the needs of rural gun-owners with the social costs of gun ownership","type":"L","timestamp":"2016-08-03 16:20:29"},{"nodeID":"188389","text":"we have to balance the needs of rural gun-owners with the social costs of gun ownership","type":"I","timestamp":"2016-08-03 16:20:29"},{"nodeID":"188390","text":"Barbara: Bernie : We have to balance the needs of rural gun-owners with the social costs of gun ownership","type":"L","timestamp":"2016-08-03 16:20:29"},{"nodeID":"188391","text":"[deleted] : Bernie : We have to balance the needs of rural gun-owners with the social costs of gun ownership","type":"L","timestamp":"2016-08-03 16:20:29"},{"nodeID":"188392","text":"Barbara: [deleted] : Bernie","type":"L","timestamp":"2016-08-03 16:20:29"},{"nodeID":"188395","text":"Hilary : We have to do battle with the NRA in the streets! We'll use their own guns against them! Storm the Bastille!!! Que sera Gun Laws!!!","type":"L","timestamp":"2016-08-03 16:20:30"},{"nodeID":"188397","text":"we have to do battle with the NRA in the streets! We'll use their own guns against them! Storm the Bastille!!! Que sera Gun Laws","type":"I","timestamp":"2016-08-03 16:20:30"},{"nodeID":"188398","text":"Barbara: Hilary : We have to do battle with the NRA in the streets! We'll use their own guns against them! Storm the Bastille!!! Que sera Gun Laws!!!","type":"L","timestamp":"2016-08-03 16:20:30"},{"nodeID":"188399","text":"[deleted] : Hilary : We have to do battle with the NRA in the streets! We'll use their own guns against them! Storm the Bastille!!! Que sera Gun Laws!!!","type":"L","timestamp":"2016-08-03 16:20:30"},{"nodeID":"188400","text":"Barbara: [deleted] : Hilary","type":"L","timestamp":"2016-08-03 16:20:30"},{"nodeID":"188404","text":"fireinthesky7 : Yeah","type":"L","timestamp":"2016-08-03 16:20:30"},{"nodeID":"188405","text":"Barbara: fireinthesky7 : Yeah","type":"L","timestamp":"2016-08-03 16:20:31"},{"nodeID":"188408","text":"fireinthesky7 : nobody who dinged Bernie for that answer has ever been to the South","type":"L","timestamp":"2016-08-03 16:20:31"},{"nodeID":"188410","text":"nobody who dinged Bernie Sanders for that answer has ever been to the South","type":"I","timestamp":"2016-08-03 16:20:31"},{"nodeID":"188411","text":"Barbara: fireinthesky7 : nobody who dinged Bernie for that answer has ever been to the South","type":"L","timestamp":"2016-08-03 16:20:31"},{"nodeID":"188415","text":"fireinthesky7 : I'm not a gun advocate by any stretch","type":"L","timestamp":"2016-08-03 16:20:32"},{"nodeID":"188417","text":"fireinthesky7 is not a gun advocate by any stretch","type":"I","timestamp":"2016-08-03 16:20:32"},{"nodeID":"188418","text":"Barbara: fireinthesky7 : I'm not a gun advocate by any stretch","type":"L","timestamp":"2016-08-03 16:20:32"},{"nodeID":"188419","text":"fireinthesky7 : Bernie is exactly right","type":"L","timestamp":"2016-08-03 16:20:32"},{"nodeID":"188421","text":"Bernie is exactly right","type":"I","timestamp":"2016-08-03 16:20:32"},{"nodeID":"188422","text":"Barbara: fireinthesky7 : Bernie is exactly right","type":"L","timestamp":"2016-08-03 16:20:32"},{"nodeID":"188424","text":"Barbara: fireinthesky7 : I am a gun advocate","type":"L","timestamp":"2016-08-03 16:20:32"},{"nodeID":"188425","text":"the argument seems more like a cop out to me","type":"L","timestamp":"2016-08-03 16:20:33"},{"nodeID":"188426","text":"Glblwrmingisfak :  I am a gun advocate","type":"L","timestamp":"2016-08-03 16:20:33"},{"nodeID":"188428","text":"Glblwrmingisfak is a gun advocate","type":"I","timestamp":"2016-08-03 16:20:33"},{"nodeID":"188429","text":"Barbara: Glblwrmingisfak :  I am a gun advocate","type":"L","timestamp":"2016-08-03 16:20:33"},{"nodeID":"188430","text":"Glblwrmingisfak : the argument seems more like a cop out to me","type":"L","timestamp":"2016-08-03 16:20:33"},{"nodeID":"188432","text":"the argument seems more like a cop out to Glblwrmingisfak","type":"I","timestamp":"2016-08-03 16:20:33"},{"nodeID":"188433","text":"Barbara: Glblwrmingisfak : Glblwrmingisfak","type":"L","timestamp":"2016-08-03 16:20:33"},{"nodeID":"188434","text":"Glblwrmingisfak : Especially when juxtaposed with his stance on assault weapons","type":"L","timestamp":"2016-08-03 16:20:33"},{"nodeID":"188436","text":"especially when juxtaposed with Bernie Sanders' stance on assault weapons","type":"I","timestamp":"2016-08-03 16:20:34"},{"nodeID":"188437","text":"Barbara: Glblwrmingisfak : Especially when juxtaposed with his stance on assault weapons","type":"L","timestamp":"2016-08-03 16:20:34"},{"nodeID":"188438","text":"Glblwrmingisfak : I don't think he understands the issue any better then the rest of the Democratic party","type":"L","timestamp":"2016-08-03 16:20:34"},{"nodeID":"188440","text":"Bernie Sanders does not understand the issue any better then the rest of the Democratic party","type":"I","timestamp":"2016-08-03 16:20:34"},{"nodeID":"188441","text":"Barbara: Glblwrmingisfak : I don't think he understands the issue any better then the rest of the Democratic party","type":"L","timestamp":"2016-08-03 16:20:34"},{"nodeID":"188452","text":"fireinthesky7 : It's the exact same argument the GOP uses any time anyone proposes common-sense solutions to gun violence","type":"L","timestamp":"2016-08-03 16:20:35"},{"nodeID":"188454","text":"It's the exact same argument the Republican Party uses any time anyone proposes common-sense solutions to gun violence","type":"I","timestamp":"2016-08-03 16:20:36"},{"nodeID":"188455","text":"Barbara: fireinthesky7 : It's the exact same argument the GOP uses any time anyone proposes common-sense solutions to gun violence","type":"L","timestamp":"2016-08-03 16:20:36"},{"nodeID":"188456","text":"Barbara: fireinthesky7 : fireinthesky7","type":"L","timestamp":"2016-08-03 16:20:36"},{"nodeID":"188460","text":"Glblwrmingisfak : What argument?","type":"L","timestamp":"2016-08-03 16:20:36"},{"nodeID":"188462","text":"argument xxx","type":"I","timestamp":"2016-08-03 16:20:36"},{"nodeID":"188463","text":"Barbara: Glblwrmingisfak : What argument?","type":"L","timestamp":"2016-08-03 16:20:36"},{"nodeID":"188465","text":"Glblwrmingisfak : Nobody proposes common sense gun solutions","type":"L","timestamp":"2016-08-03 16:20:37"},{"nodeID":"188467","text":"nobody proposes common sense gun solutions","type":"I","timestamp":"2016-08-03 16:20:37"},{"nodeID":"188468","text":"Barbara: Glblwrmingisfak : Nobody proposes common sense gun solutions","type":"L","timestamp":"2016-08-03 16:20:37"},{"nodeID":"188472","text":"Glblwrmingisfak : The DOJ over a decade ago already determined that an assault weapons ban won't do shit for addressing homicide rates in the US","type":"L","timestamp":"2016-08-03 16:20:37"},{"nodeID":"188474","text":"the Department of Justice over a decade ago already determined that an assault weapons ban won't do shit for addressing homicide rates in the US","type":"I","timestamp":"2016-08-03 16:20:37"},{"nodeID":"188475","text":"Barbara: Glblwrmingisfak : The DOJ over a decade ago already determined that an assault weapons ban won't do shit for addressing homicide rates in the US","type":"L","timestamp":"2016-08-03 16:20:38"},{"nodeID":"188476","text":"Glblwrmingisfak : It is not a solution for any of our problems","type":"L","timestamp":"2016-08-03 16:20:38"},{"nodeID":"188478","text":"it is not a solution for any of our problems","type":"I","timestamp":"2016-08-03 16:20:38"},{"nodeID":"188479","text":"Barbara: Glblwrmingisfak : It is not a solution for any of our problems","type":"L","timestamp":"2016-08-03 16:20:38"},{"nodeID":"188483","text":"Glblwrmingisfak : Bernie should know","type":"L","timestamp":"2016-08-03 16:20:38"},{"nodeID":"188485","text":"Bernie Sanders should know this is not a solution for any of our problems","type":"I","timestamp":"2016-08-03 16:20:39"},{"nodeID":"188486","text":"Barbara: Glblwrmingisfak : Bernie should know","type":"L","timestamp":"2016-08-03 16:20:39"},{"nodeID":"188487","text":"Glblwrmingisfak : he clearly isn't stupid","type":"L","timestamp":"2016-08-03 16:20:39"},{"nodeID":"188489","text":"Bernie Sanders clearly isn't stupid","type":"I","timestamp":"2016-08-03 16:20:39"},{"nodeID":"188490","text":"Barbara: Glblwrmingisfak : he clearly isn't stupid","type":"L","timestamp":"2016-08-03 16:20:39"},{"nodeID":"188497","text":"Hillary is doing oka","type":"L","timestamp":"2016-08-03 16:20:40"},{"nodeID":"188498","text":"Raccoonpuncher :  Hillary is doing okay","type":"L","timestamp":"2016-08-03 16:20:40"},{"nodeID":"188500","text":"Hillary Clinton is doing okay","type":"I","timestamp":"2016-08-03 16:20:40"},{"nodeID":"188501","text":"Barbara: Raccoonpuncher :  Hillary is doing okay","type":"L","timestamp":"2016-08-03 16:20:40"},{"nodeID":"188502","text":"Barbara: Bernie : Bernie is crashing and burning","type":"L","timestamp":"2016-08-03 16:20:40"},{"nodeID":"188503","text":"Raccoonpuncher : Bernie is crashing and burning","type":"L","timestamp":"2016-08-03 16:20:40"},{"nodeID":"188505","text":"Bernie Sanders is crashing and burning","type":"I","timestamp":"2016-08-03 16:20:41"},{"nodeID":"188506","text":"Barbara: Raccoonpuncher : Bernie is crashing and burning","type":"L","timestamp":"2016-08-03 16:20:41"},{"nodeID":"188509","text":"Raccoonpuncher : I love the man","type":"L","timestamp":"2016-08-03 16:20:41"},{"nodeID":"188511","text":"I love Bernie Sanders","type":"I","timestamp":"2016-08-03 16:20:41"},{"nodeID":"188512","text":"Barbara: Raccoonpuncher : I love the man","type":"L","timestamp":"2016-08-03 16:20:41"},{"nodeID":"188514","text":"Raccoonpuncher : he has been dodging questions","type":"L","timestamp":"2016-08-03 16:20:41"},{"nodeID":"188516","text":"Bernie Sanders has been dodging questions","type":"I","timestamp":"2016-08-03 16:20:42"},{"nodeID":"188517","text":"Barbara: Raccoonpuncher : he has been dodging questions","type":"L","timestamp":"2016-08-03 16:20:42"},{"nodeID":"188522","text":"Raccoonpuncher : getting upstaged by Hillary left and right","type":"L","timestamp":"2016-08-03 16:20:42"},{"nodeID":"188524","text":"Bernie Sanders has been getting upstaged by Hillary left and right","type":"I","timestamp":"2016-08-03 16:20:43"},{"nodeID":"188525","text":"Barbara: Raccoonpuncher : getting upstaged by Hillary left and right","type":"L","timestamp":"2016-08-03 16:20:43"},{"nodeID":"188526","text":"kirkwilcox : Berning","type":"L","timestamp":"2016-08-03 16:20:43"},{"nodeID":"188528","text":"Berning","type":"I","timestamp":"2016-08-03 16:20:43"},{"nodeID":"188529","text":"Barbara: kirkwilcox : Berning","type":"L","timestamp":"2016-08-03 16:20:43"},{"nodeID":"188530","text":"Kumpfh41 :  Damn It looks like I'm on of the few who thought Hillary did a complete shit job?","type":"L","timestamp":"2016-08-03 16:20:43"},{"nodeID":"188532","text":"Hillary Clinton did a complete shit job","type":"I","timestamp":"2016-08-03 16:20:43"},{"nodeID":"188533","text":"Barbara: Kumpfh41 :  Damn It looks like I'm on of the few who thought Hillary did a complete shit job?","type":"L","timestamp":"2016-08-03 16:20:43"},{"nodeID":"188538","text":"[deleted] : exactly","type":"L","timestamp":"2016-08-03 16:20:44"},{"nodeID":"188539","text":"Barbara: [deleted] : exactly","type":"L","timestamp":"2016-08-03 16:20:44"},{"nodeID":"189450","text":"Asserting","type":"YA","timestamp":"2016-08-05 10:26:23","scheme":"Asserting","schemeID":"74"},{"nodeID":"189451","text":"Asserting","type":"YA","timestamp":"2016-08-05 10:26:24","scheme":"Asserting","schemeID":"74"},{"nodeID":"189452","text":"Default Transition","type":"TA","timestamp":"2016-08-05 10:26:24","scheme":"Default Transition","schemeID":"82"},{"nodeID":"189453","text":"Default Transition","type":"TA","timestamp":"2016-08-05 10:26:24","scheme":"Default Transition","schemeID":"82"},{"nodeID":"189454","text":"Agreeing","type":"YA","timestamp":"2016-08-05 10:26:24","scheme":"Agreeing","schemeID":"77"},{"nodeID":"189455","text":"Asserting","type":"YA","timestamp":"2016-08-05 10:26:24","scheme":"Asserting","schemeID":"74"},{"nodeID":"189456","text":"Default Transition","type":"TA","timestamp":"2016-08-05 10:26:25","scheme":"Default Transition","schemeID":"82"},{"nodeID":"189457","text":"Default Conflict","type":"CA","timestamp":"2016-08-05 10:26:25","scheme":"Default Conflict","schemeID":"71"},{"nodeID":"189458","text":"Disagreeing","type":"YA","timestamp":"2016-08-05 10:26:25","scheme":"Disagreeing","schemeID":"78"},{"nodeID":"189459","text":"Asserting","type":"YA","timestamp":"2016-08-05 10:26:25","scheme":"Asserting","schemeID":"74"},{"nodeID":"189460","text":"Asserting","type":"YA","timestamp":"2016-08-05 10:26:25","scheme":"Asserting","schemeID":"74"},{"nodeID":"189461","text":"Default Inference","type":"RA","timestamp":"2016-08-05 10:26:26","scheme":"Default Inference","schemeID":"72"},{"nodeID":"189462","text":"Default Transition","type":"TA","timestamp":"2016-08-05 10:26:26","scheme":"Default Transition","schemeID":"82"},{"nodeID":"189463","text":"Arguing","type":"YA","timestamp":"2016-08-05 10:26:26","scheme":"Arguing","schemeID":"80"},{"nodeID":"189464","text":"Asserting","type":"YA","timestamp":"2016-08-05 10:26:26","scheme":"Asserting","schemeID":"74"},{"nodeID":"189465","text":"Default Conflict","type":"CA","timestamp":"2016-08-05 10:26:26","scheme":"Default Conflict","schemeID":"71"},{"nodeID":"189466","text":"Default Transition","type":"TA","timestamp":"2016-08-05 10:26:26","scheme":"Default Transition","schemeID":"82"},{"nodeID":"189467","text":"Disagreeing","type":"YA","timestamp":"2016-08-05 10:26:26","scheme":"Disagreeing","schemeID":"78"},{"nodeID":"189468","text":"Asserting","type":"YA","timestamp":"2016-08-05 10:26:27","scheme":"Asserting","schemeID":"74"},{"nodeID":"189469","text":"Default Inference","type":"RA","timestamp":"2016-08-05 10:26:27","scheme":"Default Inference","schemeID":"72"},{"nodeID":"189470","text":"Default Transition","type":"TA","timestamp":"2016-08-05 10:26:27","scheme":"Default Transition","schemeID":"82"},{"nodeID":"189471","text":"Arguing","type":"YA","timestamp":"2016-08-05 10:26:27","scheme":"Arguing","schemeID":"80"},{"nodeID":"189472","text":"Asserting","type":"YA","timestamp":"2016-08-05 10:26:27","scheme":"Asserting","schemeID":"74"},{"nodeID":"189473","text":"Asserting","type":"YA","timestamp":"2016-08-05 10:26:28","scheme":"Asserting","schemeID":"74"},{"nodeID":"189474","text":"Default Transition","type":"TA","timestamp":"2016-08-05 10:26:28","scheme":"Default Transition","schemeID":"82"},{"nodeID":"189475","text":"Default Inference","type":"RA","timestamp":"2016-08-05 10:26:28","scheme":"Default Inference","schemeID":"72"},{"nodeID":"189476","text":"Arguing","type":"YA","timestamp":"2016-08-05 10:26:28","scheme":"Arguing","schemeID":"80"},{"nodeID":"189477","text":"Asserting","type":"YA","timestamp":"2016-08-05 10:26:28","scheme":"Asserting","schemeID":"74"},{"nodeID":"189478","text":"Default Transition","type":"TA","timestamp":"2016-08-05 10:26:29","scheme":"Default Transition","schemeID":"82"},{"nodeID":"189479","text":"Default Rephrase","type":"MA","timestamp":"2016-08-05 10:26:29","scheme":"Default Rephrase","schemeID":"144"},{"nodeID":"189480","text":"Restating","type":"YA","timestamp":"2016-08-05 10:26:29","scheme":"Restating","schemeID":"101"},{"nodeID":"189481","text":"Asserting","type":"YA","timestamp":"2016-08-05 10:26:29","scheme":"Asserting","schemeID":"74"},{"nodeID":"189482","text":"Default Transition","type":"TA","timestamp":"2016-08-05 10:26:29","scheme":"Default Transition","schemeID":"82"},{"nodeID":"189483","text":"Asserting","type":"YA","timestamp":"2016-08-05 10:26:29","scheme":"Asserting","schemeID":"74"},{"nodeID":"189484","text":"Default Transition","type":"TA","timestamp":"2016-08-05 10:26:30","scheme":"Default Transition","schemeID":"82"},{"nodeID":"189485","text":"Asserting","type":"YA","timestamp":"2016-08-05 10:26:30","scheme":"Asserting","schemeID":"74"},{"nodeID":"189486","text":"Asserting","type":"YA","timestamp":"2016-08-05 10:26:30","scheme":"Asserting","schemeID":"74"},{"nodeID":"189487","text":"Asserting","type":"YA","timestamp":"2016-08-05 10:26:30","scheme":"Asserting","schemeID":"74"},{"nodeID":"189488","text":"Default Inference","type":"RA","timestamp":"2016-08-05 10:26:31","scheme":"Default Inference","schemeID":"72"},{"nodeID":"189489","text":"Default Transition","type":"TA","timestamp":"2016-08-05 10:26:31","scheme":"Default Transition","schemeID":"82"},{"nodeID":"189490","text":"Arguing","type":"YA","timestamp":"2016-08-05 10:26:31","scheme":"Arguing","schemeID":"80"},{"nodeID":"189491","text":"Default Inference","type":"RA","timestamp":"2016-08-05 10:26:31","scheme":"Default Inference","schemeID":"72"},{"nodeID":"189492","text":"Arguing","type":"YA","timestamp":"2016-08-05 10:26:31","scheme":"Arguing","schemeID":"80"},{"nodeID":"189493","text":"Default Inference","type":"RA","timestamp":"2016-08-05 10:26:31","scheme":"Default Inference","schemeID":"72"},{"nodeID":"189494","text":"Default Transition","type":"TA","timestamp":"2016-08-05 10:26:31","scheme":"Default Transition","schemeID":"82"},{"nodeID":"189495","text":"Arguing","type":"YA","timestamp":"2016-08-05 10:26:31","scheme":"Arguing","schemeID":"80"},{"nodeID":"189496","text":"Default Transition","type":"TA","timestamp":"2016-08-05 10:26:31","scheme":"Default Transition","schemeID":"82"},{"nodeID":"189497","text":"Asserting","type":"YA","timestamp":"2016-08-05 10:26:32","scheme":"Asserting","schemeID":"74"},{"nodeID":"189498","text":"Default Conflict","type":"CA","timestamp":"2016-08-05 10:26:32","scheme":"Default Conflict","schemeID":"71"},{"nodeID":"189499","text":"Default Transition","type":"TA","timestamp":"2016-08-05 10:26:32","scheme":"Default Transition","schemeID":"82"},{"nodeID":"189500","text":"Disagreeing","type":"YA","timestamp":"2016-08-05 10:26:32","scheme":"Disagreeing","schemeID":"78"},{"nodeID":"189501","text":"Asserting","type":"YA","timestamp":"2016-08-05 10:26:32","scheme":"Asserting","schemeID":"74"},{"nodeID":"189502","text":"Asserting","type":"YA","timestamp":"2016-08-05 10:26:33","scheme":"Asserting","schemeID":"74"},{"nodeID":"189503","text":"Default Transition","type":"TA","timestamp":"2016-08-05 10:26:33","scheme":"Default Transition","schemeID":"82"},{"nodeID":"189504","text":"Asserting","type":"YA","timestamp":"2016-08-05 10:26:33","scheme":"Asserting","schemeID":"74"},{"nodeID":"189505","text":"Asserting","type":"YA","timestamp":"2016-08-05 10:26:33","scheme":"Asserting","schemeID":"74"},{"nodeID":"189506","text":"Default Inference","type":"RA","timestamp":"2016-08-05 10:26:33","scheme":"Default Inference","schemeID":"72"},{"nodeID":"189507","text":"Arguing","type":"YA","timestamp":"2016-08-05 10:26:33","scheme":"Arguing","schemeID":"80"},{"nodeID":"189508","text":"Default Transition","type":"TA","timestamp":"2016-08-05 10:26:34","scheme":"Default Transition","schemeID":"82"},{"nodeID":"189509","text":"Agreeing","type":"YA","timestamp":"2016-08-05 10:26:34","scheme":"Agreeing","schemeID":"77"},{"nodeID":"189510","text":"Asserting","type":"YA","timestamp":"2016-08-05 10:26:34","scheme":"Asserting","schemeID":"74"},{"nodeID":"189511","text":"Default Inference","type":"RA","timestamp":"2016-08-05 10:26:34","scheme":"Default Inference","schemeID":"72"},{"nodeID":"189512","text":"Default Transition","type":"TA","timestamp":"2016-08-05 10:26:34","scheme":"Default Transition","schemeID":"82"},{"nodeID":"189513","text":"Arguing","type":"YA","timestamp":"2016-08-05 10:26:34","scheme":"Arguing","schemeID":"80"},{"nodeID":"189514","text":"Asserting","type":"YA","timestamp":"2016-08-05 10:26:35","scheme":"Asserting","schemeID":"74"},{"nodeID":"189515","text":"Asserting","type":"YA","timestamp":"2016-08-05 10:26:35","scheme":"Asserting","schemeID":"74"},{"nodeID":"189516","text":"Default Transition","type":"TA","timestamp":"2016-08-05 10:26:35","scheme":"Default Transition","schemeID":"82"},{"nodeID":"189517","text":"Asserting","type":"YA","timestamp":"2016-08-05 10:26:36","scheme":"Asserting","schemeID":"74"},{"nodeID":"189518","text":"Asserting","type":"YA","timestamp":"2016-08-05 10:26:36","scheme":"Asserting","schemeID":"74"},{"nodeID":"189519","text":"Asserting","type":"YA","timestamp":"2016-08-05 10:26:36","scheme":"Asserting","schemeID":"74"},{"nodeID":"189520","text":"Asserting","type":"YA","timestamp":"2016-08-05 10:26:37","scheme":"Asserting","schemeID":"74"},{"nodeID":"189521","text":"Default Inference","type":"RA","timestamp":"2016-08-05 10:26:37","scheme":"Default Inference","schemeID":"72"},{"nodeID":"189522","text":"Default Transition","type":"TA","timestamp":"2016-08-05 10:26:37","scheme":"Default Transition","schemeID":"82"},{"nodeID":"189523","text":"Default Conflict","type":"CA","timestamp":"2016-08-05 10:26:37","scheme":"Default Conflict","schemeID":"71"},{"nodeID":"189524","text":"Default Transition","type":"TA","timestamp":"2016-08-05 10:26:37","scheme":"Default Transition","schemeID":"82"},{"nodeID":"189525","text":"Disagreeing","type":"YA","timestamp":"2016-08-05 10:26:37","scheme":"Disagreeing","schemeID":"78"},{"nodeID":"189526","text":"Default Inference","type":"RA","timestamp":"2016-08-05 10:26:37","scheme":"Default Inference","schemeID":"72"},{"nodeID":"189527","text":"Default Transition","type":"TA","timestamp":"2016-08-05 10:26:37","scheme":"Default Transition","schemeID":"82"},{"nodeID":"189528","text":"Arguing","type":"YA","timestamp":"2016-08-05 10:26:37","scheme":"Arguing","schemeID":"80"},{"nodeID":"189529","text":"Default Transition","type":"TA","timestamp":"2016-08-05 10:26:38","scheme":"Default Transition","schemeID":"82"},{"nodeID":"189530","text":"Arguing","type":"YA","timestamp":"2016-08-05 10:26:38","scheme":"Arguing","schemeID":"80"},{"nodeID":"189531","text":"Asserting","type":"YA","timestamp":"2016-08-05 10:26:38","scheme":"Asserting","schemeID":"74"},{"nodeID":"189532","text":"Default Conflict","type":"CA","timestamp":"2016-08-05 10:26:38","scheme":"Default Conflict","schemeID":"71"},{"nodeID":"189533","text":"Default Transition","type":"TA","timestamp":"2016-08-05 10:26:38","scheme":"Default Transition","schemeID":"82"},{"nodeID":"189534","text":"Disagreeing","type":"YA","timestamp":"2016-08-05 10:26:38","scheme":"Disagreeing","schemeID":"78"},{"nodeID":"189535","text":"Pure Questioning","type":"YA","timestamp":"2016-08-05 10:26:38","scheme":"PureQuestioning","schemeID":"91"},{"nodeID":"189536","text":"Default Transition","type":"TA","timestamp":"2016-08-05 10:26:39","scheme":"Default Transition","schemeID":"82"},{"nodeID":"189537","text":"Asserting","type":"YA","timestamp":"2016-08-05 10:26:39","scheme":"Asserting","schemeID":"74"},{"nodeID":"189538","text":"Default Transition","type":"TA","timestamp":"2016-08-05 10:26:39","scheme":"Default Transition","schemeID":"82"},{"nodeID":"189539","text":"Default Conflict","type":"CA","timestamp":"2016-08-05 10:26:39","scheme":"Default Conflict","schemeID":"71"},{"nodeID":"189540","text":"Disagreeing","type":"YA","timestamp":"2016-08-05 10:26:39","scheme":"Disagreeing","schemeID":"78"},{"nodeID":"189541","text":"Asserting","type":"YA","timestamp":"2016-08-05 10:26:39","scheme":"Asserting","schemeID":"74"},{"nodeID":"189542","text":"Asserting","type":"YA","timestamp":"2016-08-05 10:26:40","scheme":"Asserting","schemeID":"74"},{"nodeID":"189543","text":"Argument From Authority","type":"RA","timestamp":"2016-08-05 10:26:40","scheme":"ArgumentFromAuthority","schemeID":"160"},{"nodeID":"189544","text":"Default Transition","type":"TA","timestamp":"2016-08-05 10:26:40","scheme":"Default Transition","schemeID":"82"},{"nodeID":"189545","text":"Arguing","type":"YA","timestamp":"2016-08-05 10:26:40","scheme":"Arguing","schemeID":"80"},{"nodeID":"189546","text":"Asserting","type":"YA","timestamp":"2016-08-05 10:26:40","scheme":"Asserting","schemeID":"74"},{"nodeID":"189547","text":"Asserting","type":"YA","timestamp":"2016-08-05 10:26:41","scheme":"Asserting","schemeID":"74"},{"nodeID":"189548","text":"Default Inference","type":"RA","timestamp":"2016-08-05 10:26:41","scheme":"Default Inference","schemeID":"72"},{"nodeID":"189549","text":"Default Transition","type":"TA","timestamp":"2016-08-05 10:26:41","scheme":"Default Transition","schemeID":"82"},{"nodeID":"189550","text":"Arguing","type":"YA","timestamp":"2016-08-05 10:26:41","scheme":"Arguing","schemeID":"80"},{"nodeID":"189551","text":"Default Conflict","type":"CA","timestamp":"2016-08-05 10:26:41","scheme":"Default Conflict","schemeID":"71"},{"nodeID":"189552","text":"Default Transition","type":"TA","timestamp":"2016-08-05 10:26:41","scheme":"Default Transition","schemeID":"82"},{"nodeID":"189553","text":"Disagreeing","type":"YA","timestamp":"2016-08-05 10:26:41","scheme":"Disagreeing","schemeID":"78"},{"nodeID":"189554","text":"Asserting","type":"YA","timestamp":"2016-08-05 10:26:42","scheme":"Asserting","schemeID":"74"},{"nodeID":"189555","text":"Asserting","type":"YA","timestamp":"2016-08-05 10:26:42","scheme":"Asserting","schemeID":"74"},{"nodeID":"189556","text":"Default Inference","type":"RA","timestamp":"2016-08-05 10:26:42","scheme":"Default Inference","schemeID":"72"},{"nodeID":"189557","text":"Default Transition","type":"TA","timestamp":"2016-08-05 10:26:42","scheme":"Default Transition","schemeID":"82"},{"nodeID":"189558","text":"Asserting","type":"YA","timestamp":"2016-08-05 10:26:43","scheme":"Asserting","schemeID":"74"},{"nodeID":"189559","text":"Default Transition","type":"TA","timestamp":"2016-08-05 10:26:43","scheme":"Default Transition","schemeID":"82"},{"nodeID":"189560","text":"Asserting","type":"YA","timestamp":"2016-08-05 10:26:43","scheme":"Asserting","schemeID":"74"},{"nodeID":"189561","text":"Default Inference","type":"RA","timestamp":"2016-08-05 10:26:43","scheme":"Default Inference","schemeID":"72"},{"nodeID":"189562","text":"Arguing","type":"YA","timestamp":"2016-08-05 10:26:43","scheme":"Arguing","schemeID":"80"},{"nodeID":"189563","text":"Default Transition","type":"TA","timestamp":"2016-08-05 10:26:43","scheme":"Default Transition","schemeID":"82"},{"nodeID":"189564","text":"Arguing","type":"YA","timestamp":"2016-08-05 10:26:44","scheme":"Arguing","schemeID":"80"},{"nodeID":"189565","text":"Asserting","type":"YA","timestamp":"2016-08-05 10:26:44","scheme":"Asserting","schemeID":"74"},{"nodeID":"189566","text":"Asserting","type":"YA","timestamp":"2016-08-05 10:26:44","scheme":"Asserting","schemeID":"74"},{"nodeID":"189567","text":"Assertive Questioning","type":"YA","timestamp":"2016-08-05 10:26:44","scheme":"AssertiveQuestioning","schemeID":"73"},{"nodeID":"189568","text":"Default Transition","type":"TA","timestamp":"2016-08-05 10:26:45","scheme":"Default Transition","schemeID":"82"},{"nodeID":"189569","text":"Default Transition","type":"TA","timestamp":"2016-08-05 10:26:45","scheme":"Default Transition","schemeID":"82"},{"nodeID":"189570","text":"Default Conflict","type":"CA","timestamp":"2016-08-05 10:26:45","scheme":"Default Conflict","schemeID":"71"},{"nodeID":"189571","text":"Disagreeing","type":"YA","timestamp":"2016-08-05 10:26:45","scheme":"Disagreeing","schemeID":"78"},{"nodeID":"189572","text":"Default Transition","type":"TA","timestamp":"2016-08-05 10:26:45","scheme":"Default Transition","schemeID":"82"},{"nodeID":"189573","text":"Agreeing","type":"YA","timestamp":"2016-08-05 10:26:45","scheme":"Agreeing","schemeID":"77"},{"nodeID":"189574","text":"Arcanine_Rules : Ya","type":"L","timestamp":"2016-08-05 10:26:45"},{"nodeID":"189575","text":"Barbara: Arcanine_Rules : a","type":"L","timestamp":"2016-08-05 10:26:45"},{"nodeID":"189576","text":"Default Transition","type":"TA","timestamp":"2016-08-05 10:26:45","scheme":"Default Transition","schemeID":"82"},{"nodeID":"189577","text":"Agreeing","type":"YA","timestamp":"2016-08-05 10:26:46","scheme":"Agreeing","schemeID":"77"},{"nodeID":"189578","text":"Arcanine_Rules : Bernie has had a couple stumbles","type":"L","timestamp":"2016-08-05 10:26:46"},{"nodeID":"189579","text":"Asserting","type":"YA","timestamp":"2016-08-05 10:26:46","scheme":"Asserting","schemeID":"74"},{"nodeID":"189580","text":"Bernie Sanders has had a couple stumbles","type":"I","timestamp":"2016-08-05 10:26:46"},{"nodeID":"189581","text":"Barbara: Arcanine_Rules : Bernie has had a couple stumbles","type":"L","timestamp":"2016-08-05 10:26:46"},{"nodeID":"189582","text":"Default Inference","type":"RA","timestamp":"2016-08-05 10:26:46","scheme":"Default Inference","schemeID":"72"},{"nodeID":"189583","text":"Default Transition","type":"TA","timestamp":"2016-08-05 10:26:46","scheme":"Default Transition","schemeID":"82"},{"nodeID":"189584","text":"Arguing","type":"YA","timestamp":"2016-08-05 10:26:46","scheme":"Arguing","schemeID":"80"},{"nodeID":"189585","text":"Notreallybutmaybe : I didn't understand the whole \"Putin will realize he's wrong. He'll come around.\"","type":"L","timestamp":"2016-08-05 10:26:46"},{"nodeID":"189586","text":"Asserting","type":"YA","timestamp":"2016-08-05 10:26:46","scheme":"Asserting","schemeID":"74"},{"nodeID":"189587","text":"I didn't understand the whole \"Putin will realize he's wrong. He'll come around.\"","type":"I","timestamp":"2016-08-05 10:26:46"},{"nodeID":"189588","text":"Barbara: Notreallybutmaybe : I didn't understand the whole \"Putin will realize he's wrong. He'll come around.\"","type":"L","timestamp":"2016-08-05 10:26:47"},{"nodeID":"189589","text":"Notreallybutmaybe : Sure thing Bernie, I'm sure Kim Jong Un will be right behind him too.","type":"L","timestamp":"2016-08-05 10:26:47"},{"nodeID":"189590","text":"Asserting","type":"YA","timestamp":"2016-08-05 10:26:47","scheme":"Asserting","schemeID":"74"},{"nodeID":"189591","text":"sure thing Bernie, I'm sure Kim Jong Un will be right behind him too.","type":"I","timestamp":"2016-08-05 10:26:47"},{"nodeID":"189592","text":"Barbara: Notreallybutmaybe : Sure thing Bernie, I'm sure Kim Jong Un will be right behind him too.","type":"L","timestamp":"2016-08-05 10:26:47"},{"nodeID":"189593","text":"Default Transition","type":"TA","timestamp":"2016-08-05 10:26:47","scheme":"Default Transition","schemeID":"82"},{"nodeID":"189594","text":"Default Inference","type":"RA","timestamp":"2016-08-05 10:26:47","scheme":"Default Inference","schemeID":"72"},{"nodeID":"189595","text":"Arguing","type":"YA","timestamp":"2016-08-05 10:26:47","scheme":"Arguing","schemeID":"80"},{"nodeID":"189596","text":"CollumMcJingleballs : Bernie just got hit hard by Martin O Malley","type":"L","timestamp":"2016-08-05 10:26:47"},{"nodeID":"189597","text":"Asserting","type":"YA","timestamp":"2016-08-05 10:26:47","scheme":"Asserting","schemeID":"74"},{"nodeID":"189598","text":"Bernie Sanders just got hit hard by Martin O Malley","type":"I","timestamp":"2016-08-05 10:26:47"},{"nodeID":"189599","text":"Barbara: CollumMcJingleballs : Bernie just got hit hard by Martin O Malley","type":"L","timestamp":"2016-08-05 10:26:48"},{"nodeID":"189600","text":"Default Transition","type":"TA","timestamp":"2016-08-05 10:26:48","scheme":"Default Transition","schemeID":"82"},{"nodeID":"189601","text":"CollumMcJingleballs : Malley's hitting and Sanders just sounds like he's lecturing","type":"L","timestamp":"2016-08-05 10:26:48"},{"nodeID":"189602","text":"Asserting","type":"YA","timestamp":"2016-08-05 10:26:48","scheme":"Asserting","schemeID":"74"},{"nodeID":"189603","text":"Malley's hitting and Sanders just sounds like he's lecturing","type":"I","timestamp":"2016-08-05 10:26:48"},{"nodeID":"189604","text":"Barbara: CollumMcJingleballs : Malley's hitting and Sanders just sounds like he's lecturing","type":"L","timestamp":"2016-08-05 10:26:48"},{"nodeID":"189605","text":"Default Inference","type":"RA","timestamp":"2016-08-05 10:26:48","scheme":"Default Inference","schemeID":"72"},{"nodeID":"189606","text":"Default Transition","type":"TA","timestamp":"2016-08-05 10:26:48","scheme":"Default Transition","schemeID":"82"},{"nodeID":"189607","text":"Arguing","type":"YA","timestamp":"2016-08-05 10:26:48","scheme":"Arguing","schemeID":"80"},{"nodeID":"189608","text":"Janube : Bernie's soft stance on guns is not what Americans want to hear right now","type":"L","timestamp":"2016-08-05 10:26:48"},{"nodeID":"189609","text":"Asserting","type":"YA","timestamp":"2016-08-05 10:26:48","scheme":"Asserting","schemeID":"74"},{"nodeID":"189610","text":"Bernie Sanders' soft stance on guns is not what Americans want to hear right now","type":"I","timestamp":"2016-08-05 10:26:49"},{"nodeID":"189611","text":"Barbara: Janube : Bernie's soft stance on guns is not what Americans want to hear right now","type":"L","timestamp":"2016-08-05 10:26:49"},{"nodeID":"189612","text":"Janube : Hillary is capitalizing on that to a huge degree","type":"L","timestamp":"2016-08-05 10:26:49"},{"nodeID":"189613","text":"Asserting","type":"YA","timestamp":"2016-08-05 10:26:49","scheme":"Asserting","schemeID":"74"},{"nodeID":"189614","text":"Hillary Clinton is capitalizing on Sanders' soft stance on guns to a huge degree","type":"I","timestamp":"2016-08-05 10:26:49"},{"nodeID":"189615","text":"Barbara: Janube : Hillary is capitalizing on that to a huge degree","type":"L","timestamp":"2016-08-05 10:26:49"},{"nodeID":"189616","text":"Default Inference","type":"RA","timestamp":"2016-08-05 10:26:49","scheme":"Default Inference","schemeID":"72"},{"nodeID":"189617","text":"Default Transition","type":"TA","timestamp":"2016-08-05 10:26:49","scheme":"Default Transition","schemeID":"82"},{"nodeID":"189618","text":"Arguing","type":"YA","timestamp":"2016-08-05 10:26:49","scheme":"Arguing","schemeID":"80"},{"nodeID":"189619","text":"Janube : I'm shocked he didn't have anything better prepared to address that","type":"L","timestamp":"2016-08-05 10:26:49"},{"nodeID":"189620","text":"Asserting","type":"YA","timestamp":"2016-08-05 10:26:49","scheme":"Asserting","schemeID":"74"},{"nodeID":"189621","text":"I'm shocked Bernie Sanders didn't have anything better prepared to address that","type":"I","timestamp":"2016-08-05 10:26:49"},{"nodeID":"189622","text":"Barbara: Janube : I'm shocked he didn't have anything better prepared to address that","type":"L","timestamp":"2016-08-05 10:26:50"},{"nodeID":"189623","text":"Default Transition","type":"TA","timestamp":"2016-08-05 10:26:50","scheme":"Default Transition","schemeID":"82"},{"nodeID":"189624","text":"Are you sure? I do not think so","type":"L","timestamp":"2016-08-05 10:26:50"},{"nodeID":"189625","text":"120z8t : Are you sure?","type":"L","timestamp":"2016-08-05 10:26:50"},{"nodeID":"189626","text":"Rhetorical Challenging","type":"YA","timestamp":"2016-08-05 10:26:50","scheme":"RhetoricalChallenging","schemeID":"86"},{"nodeID":"189627","text":"Are you sure?","type":"I","timestamp":"2016-08-05 10:26:50"},{"nodeID":"189628","text":"Barbara: 120z8t : Are you sure?","type":"L","timestamp":"2016-08-05 10:26:50"},{"nodeID":"189629","text":"Default Transition","type":"TA","timestamp":"2016-08-05 10:26:50","scheme":"Default Transition","schemeID":"82"},{"nodeID":"189630","text":"120z8t : I do not think so","type":"L","timestamp":"2016-08-05 10:26:50"},{"nodeID":"189631","text":"Asserting","type":"YA","timestamp":"2016-08-05 10:26:50","scheme":"Asserting","schemeID":"74"},{"nodeID":"189632","text":"I do not think  Bernie Sanders soft stance on guns is not what Americans want to hear right now","type":"I","timestamp":"2016-08-05 10:26:50"},{"nodeID":"189633","text":"Barbara: 120z8t : I do not think so","type":"L","timestamp":"2016-08-05 10:26:50"},{"nodeID":"189634","text":"Default Conflict","type":"CA","timestamp":"2016-08-05 10:26:51","scheme":"Default Conflict","schemeID":"71"},{"nodeID":"189635","text":"Default Transition","type":"TA","timestamp":"2016-08-05 10:26:51","scheme":"Default Transition","schemeID":"82"},{"nodeID":"189636","text":"Disagreeing","type":"YA","timestamp":"2016-08-05 10:26:51","scheme":"Disagreeing","schemeID":"78"},{"nodeID":"189637","text":"120z8t : You will never win any rural votes by being hard on guns","type":"L","timestamp":"2016-08-05 10:26:51"},{"nodeID":"189638","text":"Asserting","type":"YA","timestamp":"2016-08-05 10:26:51","scheme":"Asserting","schemeID":"74"},{"nodeID":"189639","text":"you will never win any rural votes by being hard on guns","type":"I","timestamp":"2016-08-05 10:26:51"},{"nodeID":"189640","text":"Barbara: 120z8t : You will never win any rural votes by being hard on guns","type":"L","timestamp":"2016-08-05 10:26:51"},{"nodeID":"189641","text":"120z8t : Sanders understands this","type":"L","timestamp":"2016-08-05 10:26:51"},{"nodeID":"189642","text":"Asserting","type":"YA","timestamp":"2016-08-05 10:26:51","scheme":"Asserting","schemeID":"74"},{"nodeID":"189643","text":"Sanders understands that you will never win any rural votes by being hard on guns","type":"I","timestamp":"2016-08-05 10:26:51"},{"nodeID":"189644","text":"Barbara: 120z8t : Sanders understands this","type":"L","timestamp":"2016-08-05 10:26:51"},{"nodeID":"189645","text":"Default Inference","type":"RA","timestamp":"2016-08-05 10:26:52","scheme":"Default Inference","schemeID":"72"},{"nodeID":"189646","text":"Default Transition","type":"TA","timestamp":"2016-08-05 10:26:52","scheme":"Default Transition","schemeID":"82"},{"nodeID":"189647","text":"Arguing","type":"YA","timestamp":"2016-08-05 10:26:52","scheme":"Arguing","schemeID":"80"},{"nodeID":"189648","text":"Janube : Right","type":"L","timestamp":"2016-08-05 10:26:52"},{"nodeID":"189649","text":"Barbara: Janube : Right,","type":"L","timestamp":"2016-08-05 10:26:52"},{"nodeID":"189650","text":"Default Transition","type":"TA","timestamp":"2016-08-05 10:26:52","scheme":"Default Transition","schemeID":"82"},{"nodeID":"189651","text":"Agreeing","type":"YA","timestamp":"2016-08-05 10:26:52","scheme":"Agreeing","schemeID":"77"},{"nodeID":"189652","text":"Janube : rural voters aren't what he needs","type":"L","timestamp":"2016-08-05 10:26:52"},{"nodeID":"189653","text":"Asserting","type":"YA","timestamp":"2016-08-05 10:26:52","scheme":"Asserting","schemeID":"74"},{"nodeID":"189654","text":"rural voters aren't what Bernie Sanders needs","type":"I","timestamp":"2016-08-05 10:26:52"},{"nodeID":"189655","text":"Barbara: Janube : rural voters aren't what he needs","type":"L","timestamp":"2016-08-05 10:26:52"},{"nodeID":"189656","text":"Janube : taking a soft stance against guns in the current climate isn't favored","type":"L","timestamp":"2016-08-05 10:26:52"},{"nodeID":"189657","text":"Asserting","type":"YA","timestamp":"2016-08-05 10:26:53","scheme":"Asserting","schemeID":"74"},{"nodeID":"189658","text":"taking a soft stance against guns in the current climate isn't favored","type":"I","timestamp":"2016-08-05 10:26:53"},{"nodeID":"189659","text":"Barbara: Janube : taking a soft stance against guns in the current climate isn't favored","type":"L","timestamp":"2016-08-05 10:26:53"},{"nodeID":"189660","text":"Janube : evidenced by the deafening cheers Hillary got","type":"L","timestamp":"2016-08-05 10:26:53"},{"nodeID":"189661","text":"Asserting","type":"YA","timestamp":"2016-08-05 10:26:53","scheme":"Asserting","schemeID":"74"},{"nodeID":"189662","text":"Hillary Clinton got deafening cheers for hard stance on guns","type":"I","timestamp":"2016-08-05 10:26:53"},{"nodeID":"189663","text":"Barbara: Janube : evidenced by the deafening cheers Hillary got","type":"L","timestamp":"2016-08-05 10:26:53"},{"nodeID":"189664","text":"Default Inference","type":"RA","timestamp":"2016-08-05 10:26:53","scheme":"Default Inference","schemeID":"72"},{"nodeID":"189665","text":"Default Transition","type":"TA","timestamp":"2016-08-05 10:26:53","scheme":"Default Transition","schemeID":"82"},{"nodeID":"189666","text":"Arguing","type":"YA","timestamp":"2016-08-05 10:26:53","scheme":"Arguing","schemeID":"80"},{"nodeID":"189667","text":"Default Conflict","type":"CA","timestamp":"2016-08-05 10:26:53","scheme":"Default Conflict","schemeID":"71"},{"nodeID":"189668","text":"Default Conflict","type":"CA","timestamp":"2016-08-05 10:26:54","scheme":"Default Conflict","schemeID":"71"},{"nodeID":"189669","text":"Default Transition","type":"TA","timestamp":"2016-08-05 10:26:54","scheme":"Default Transition","schemeID":"82"},{"nodeID":"189670","text":"Disagreeing","type":"YA","timestamp":"2016-08-05 10:26:54","scheme":"Disagreeing","schemeID":"78"},{"nodeID":"189671","text":"Default Transition","type":"TA","timestamp":"2016-08-05 10:26:54","scheme":"Default Transition","schemeID":"82"},{"nodeID":"189672","text":"Disagreeing","type":"YA","timestamp":"2016-08-05 10:26:54","scheme":"Disagreeing","schemeID":"78"}],"edges":[{"edgeID":"232228","fromID":"189450","toID":"188288","formEdgeID":null},{"edgeID":"232229","fromID":"188286","toID":"189450","formEdgeID":null},{"edgeID":"232230","fromID":"189451","toID":"188292","formEdgeID":null},{"edgeID":"232231","fromID":"188290","toID":"189451","formEdgeID":null},{"edgeID":"232232","fromID":"188286","toID":"189452","formEdgeID":null},{"edgeID":"232233","fromID":"189452","toID":"188290","formEdgeID":null},{"edgeID":"232234","fromID":"188286","toID":"189453","formEdgeID":null},{"edgeID":"232235","fromID":"189453","toID":"188295","formEdgeID":null},{"edgeID":"232236","fromID":"189453","toID":"189454","formEdgeID":null},{"edgeID":"232237","fromID":"189454","toID":"188288","formEdgeID":null},{"edgeID":"232238","fromID":"189455","toID":"188301","formEdgeID":null},{"edgeID":"232239","fromID":"188299","toID":"189455","formEdgeID":null},{"edgeID":"232240","fromID":"188286","toID":"189456","formEdgeID":null},{"edgeID":"232241","fromID":"189456","toID":"188299","formEdgeID":null},{"edgeID":"232242","fromID":"188301","toID":"189457","formEdgeID":null},{"edgeID":"232243","fromID":"189457","toID":"188288","formEdgeID":null},{"edgeID":"232244","fromID":"189456","toID":"189458","formEdgeID":null},{"edgeID":"232245","fromID":"189458","toID":"189457","formEdgeID":null},{"edgeID":"232246","fromID":"189459","toID":"188308","formEdgeID":null},{"edgeID":"232247","fromID":"188306","toID":"189459","formEdgeID":null},{"edgeID":"232248","fromID":"189460","toID":"188312","formEdgeID":null},{"edgeID":"232249","fromID":"188310","toID":"189460","formEdgeID":null},{"edgeID":"232250","fromID":"188308","toID":"189461","formEdgeID":null},{"edgeID":"232251","fromID":"189461","toID":"188301","formEdgeID":null},{"edgeID":"232252","fromID":"188312","toID":"189461","formEdgeID":null},{"edgeID":"232253","fromID":"188299","toID":"189462","formEdgeID":null},{"edgeID":"232254","fromID":"189462","toID":"188310","formEdgeID":null},{"edgeID":"232255","fromID":"189462","toID":"188306","formEdgeID":null},{"edgeID":"232256","fromID":"189462","toID":"189463","formEdgeID":null},{"edgeID":"232257","fromID":"189463","toID":"189461","formEdgeID":null},{"edgeID":"232258","fromID":"189464","toID":"188319","formEdgeID":null},{"edgeID":"232259","fromID":"188317","toID":"189464","formEdgeID":null},{"edgeID":"232260","fromID":"188319","toID":"189465","formEdgeID":null},{"edgeID":"232261","fromID":"189465","toID":"188301","formEdgeID":null},{"edgeID":"232262","fromID":"188299","toID":"189466","formEdgeID":null},{"edgeID":"232263","fromID":"189466","toID":"188317","formEdgeID":null},{"edgeID":"232264","fromID":"189466","toID":"189467","formEdgeID":null},{"edgeID":"232265","fromID":"189467","toID":"189465","formEdgeID":null},{"edgeID":"232266","fromID":"189468","toID":"188326","formEdgeID":null},{"edgeID":"232267","fromID":"188324","toID":"189468","formEdgeID":null},{"edgeID":"232268","fromID":"188326","toID":"189469","formEdgeID":null},{"edgeID":"232269","fromID":"189469","toID":"188319","formEdgeID":null},{"edgeID":"232270","fromID":"188317","toID":"189470","formEdgeID":null},{"edgeID":"232271","fromID":"189470","toID":"188324","formEdgeID":null},{"edgeID":"232272","fromID":"189470","toID":"189471","formEdgeID":null},{"edgeID":"232273","fromID":"189471","toID":"189469","formEdgeID":null},{"edgeID":"232274","fromID":"189472","toID":"188333","formEdgeID":null},{"edgeID":"232275","fromID":"188331","toID":"189472","formEdgeID":null},{"edgeID":"232276","fromID":"189473","toID":"188337","formEdgeID":null},{"edgeID":"232277","fromID":"188335","toID":"189473","formEdgeID":null},{"edgeID":"232278","fromID":"188324","toID":"189474","formEdgeID":null},{"edgeID":"232279","fromID":"189474","toID":"188331","formEdgeID":null},{"edgeID":"232280","fromID":"189474","toID":"188335","formEdgeID":null},{"edgeID":"232281","fromID":"188337","toID":"189475","formEdgeID":null},{"edgeID":"232282","fromID":"189475","toID":"188326","formEdgeID":null},{"edgeID":"232283","fromID":"188333","toID":"189475","formEdgeID":null},{"edgeID":"232284","fromID":"189474","toID":"189476","formEdgeID":null},{"edgeID":"232285","fromID":"189476","toID":"189475","formEdgeID":null},{"edgeID":"232286","fromID":"189477","toID":"188345","formEdgeID":null},{"edgeID":"232287","fromID":"188343","toID":"189477","formEdgeID":null},{"edgeID":"232288","fromID":"188286","toID":"189478","formEdgeID":null},{"edgeID":"232289","fromID":"189478","toID":"188343","formEdgeID":null},{"edgeID":"232290","fromID":"188345","toID":"189479","formEdgeID":null},{"edgeID":"232291","fromID":"189479","toID":"188288","formEdgeID":null},{"edgeID":"232292","fromID":"189478","toID":"189480","formEdgeID":null},{"edgeID":"232293","fromID":"189480","toID":"189479","formEdgeID":null},{"edgeID":"232294","fromID":"189481","toID":"188351","formEdgeID":null},{"edgeID":"232295","fromID":"188349","toID":"189481","formEdgeID":null},{"edgeID":"232296","fromID":"188343","toID":"189482","formEdgeID":null},{"edgeID":"232297","fromID":"189482","toID":"188349","formEdgeID":null},{"edgeID":"232298","fromID":"189483","toID":"188356","formEdgeID":null},{"edgeID":"232299","fromID":"188354","toID":"189483","formEdgeID":null},{"edgeID":"232300","fromID":"188349","toID":"189484","formEdgeID":null},{"edgeID":"232301","fromID":"189484","toID":"188354","formEdgeID":null},{"edgeID":"232302","fromID":"189485","toID":"188361","formEdgeID":null},{"edgeID":"232303","fromID":"188359","toID":"189485","formEdgeID":null},{"edgeID":"232304","fromID":"189486","toID":"188365","formEdgeID":null},{"edgeID":"232305","fromID":"188363","toID":"189486","formEdgeID":null},{"edgeID":"232306","fromID":"189487","toID":"188369","formEdgeID":null},{"edgeID":"232307","fromID":"188367","toID":"189487","formEdgeID":null},{"edgeID":"232308","fromID":"188369","toID":"189488","formEdgeID":null},{"edgeID":"232309","fromID":"189488","toID":"188365","formEdgeID":null},{"edgeID":"232310","fromID":"188363","toID":"189489","formEdgeID":null},{"edgeID":"232311","fromID":"189489","toID":"188367","formEdgeID":null},{"edgeID":"232312","fromID":"189489","toID":"189490","formEdgeID":null},{"edgeID":"232313","fromID":"189490","toID":"189488","formEdgeID":null},{"edgeID":"232314","fromID":"188351","toID":"189491","formEdgeID":null},{"edgeID":"232315","fromID":"189491","toID":"188356","formEdgeID":null},{"edgeID":"232316","fromID":"189484","toID":"189492","formEdgeID":null},{"edgeID":"232317","fromID":"189492","toID":"189491","formEdgeID":null},{"edgeID":"232318","fromID":"188361","toID":"189493","formEdgeID":null},{"edgeID":"232319","fromID":"189493","toID":"188356","formEdgeID":null},{"edgeID":"232320","fromID":"188354","toID":"189494","formEdgeID":null},{"edgeID":"232321","fromID":"189494","toID":"188359","formEdgeID":null},{"edgeID":"232322","fromID":"189494","toID":"189495","formEdgeID":null},{"edgeID":"232323","fromID":"189495","toID":"189493","formEdgeID":null},{"edgeID":"232324","fromID":"188359","toID":"189496","formEdgeID":null},{"edgeID":"232325","fromID":"189496","toID":"188363","formEdgeID":null},{"edgeID":"232326","fromID":"189497","toID":"188382","formEdgeID":null},{"edgeID":"232327","fromID":"188380","toID":"189497","formEdgeID":null},{"edgeID":"232328","fromID":"188382","toID":"189498","formEdgeID":null},{"edgeID":"232329","fromID":"189498","toID":"188288","formEdgeID":null},{"edgeID":"232330","fromID":"188286","toID":"189499","formEdgeID":null},{"edgeID":"232331","fromID":"189499","toID":"188380","formEdgeID":null},{"edgeID":"232332","fromID":"189499","toID":"189500","formEdgeID":null},{"edgeID":"232333","fromID":"189500","toID":"189498","formEdgeID":null},{"edgeID":"232334","fromID":"189501","toID":"188389","formEdgeID":null},{"edgeID":"232335","fromID":"188387","toID":"189501","formEdgeID":null},{"edgeID":"232336","fromID":"188391","toID":"189502","formEdgeID":null},{"edgeID":"232337","fromID":"189502","toID":"188387","formEdgeID":null},{"edgeID":"232338","fromID":"188380","toID":"189503","formEdgeID":null},{"edgeID":"232339","fromID":"189503","toID":"188391","formEdgeID":null},{"edgeID":"232340","fromID":"189504","toID":"188397","formEdgeID":null},{"edgeID":"232341","fromID":"188395","toID":"189504","formEdgeID":null},{"edgeID":"232342","fromID":"188399","toID":"189505","formEdgeID":null},{"edgeID":"232343","fromID":"189505","toID":"188395","formEdgeID":null},{"edgeID":"232344","fromID":"188389","toID":"189506","formEdgeID":null},{"edgeID":"232345","fromID":"189506","toID":"188382","formEdgeID":null},{"edgeID":"232346","fromID":"188397","toID":"189506","formEdgeID":null},{"edgeID":"232347","fromID":"189503","toID":"188399","formEdgeID":null},{"edgeID":"232348","fromID":"189503","toID":"189507","formEdgeID":null},{"edgeID":"232349","fromID":"189507","toID":"189506","formEdgeID":null},{"edgeID":"232350","fromID":"188380","toID":"189508","formEdgeID":null},{"edgeID":"232351","fromID":"189508","toID":"188404","formEdgeID":null},{"edgeID":"232352","fromID":"189508","toID":"189509","formEdgeID":null},{"edgeID":"232353","fromID":"189509","toID":"188382","formEdgeID":null},{"edgeID":"232354","fromID":"189510","toID":"188410","formEdgeID":null},{"edgeID":"232355","fromID":"188408","toID":"189510","formEdgeID":null},{"edgeID":"232356","fromID":"188410","toID":"189511","formEdgeID":null},{"edgeID":"232357","fromID":"189511","toID":"188382","formEdgeID":null},{"edgeID":"232358","fromID":"188380","toID":"189512","formEdgeID":null},{"edgeID":"232359","fromID":"189512","toID":"188408","formEdgeID":null},{"edgeID":"232360","fromID":"189512","toID":"189513","formEdgeID":null},{"edgeID":"232361","fromID":"189513","toID":"189511","formEdgeID":null},{"edgeID":"232362","fromID":"189514","toID":"188417","formEdgeID":null},{"edgeID":"232363","fromID":"188415","toID":"189514","formEdgeID":null},{"edgeID":"232364","fromID":"189515","toID":"188421","formEdgeID":null},{"edgeID":"232365","fromID":"188419","toID":"189515","formEdgeID":null},{"edgeID":"232366","fromID":"188408","toID":"189516","formEdgeID":null},{"edgeID":"232367","fromID":"189516","toID":"188415","formEdgeID":null},{"edgeID":"232368","fromID":"189517","toID":"188428","formEdgeID":null},{"edgeID":"232369","fromID":"188426","toID":"189517","formEdgeID":null},{"edgeID":"232370","fromID":"189518","toID":"188432","formEdgeID":null},{"edgeID":"232371","fromID":"188430","toID":"189518","formEdgeID":null},{"edgeID":"232372","fromID":"189519","toID":"188436","formEdgeID":null},{"edgeID":"232373","fromID":"188434","toID":"189519","formEdgeID":null},{"edgeID":"232374","fromID":"189520","toID":"188440","formEdgeID":null},{"edgeID":"232375","fromID":"188438","toID":"189520","formEdgeID":null},{"edgeID":"232376","fromID":"188432","toID":"189521","formEdgeID":null},{"edgeID":"232377","fromID":"189521","toID":"188440","formEdgeID":null},{"edgeID":"232378","fromID":"188436","toID":"189521","formEdgeID":null},{"edgeID":"232379","fromID":"188430","toID":"189522","formEdgeID":null},{"edgeID":"232380","fromID":"189522","toID":"188438","formEdgeID":null},{"edgeID":"232381","fromID":"188440","toID":"189523","formEdgeID":null},{"edgeID":"232382","fromID":"189523","toID":"188421","formEdgeID":null},{"edgeID":"232383","fromID":"188419","toID":"189524","formEdgeID":null},{"edgeID":"232384","fromID":"189524","toID":"188438","formEdgeID":null},{"edgeID":"232385","fromID":"189524","toID":"189525","formEdgeID":null},{"edgeID":"232386","fromID":"189525","toID":"189523","formEdgeID":null},{"edgeID":"232387","fromID":"188421","toID":"189526","formEdgeID":null},{"edgeID":"232388","fromID":"189526","toID":"188410","formEdgeID":null},{"edgeID":"232389","fromID":"188408","toID":"189527","formEdgeID":null},{"edgeID":"232390","fromID":"189527","toID":"188419","formEdgeID":null},{"edgeID":"232391","fromID":"189527","toID":"189528","formEdgeID":null},{"edgeID":"232392","fromID":"189528","toID":"189526","formEdgeID":null},{"edgeID":"232393","fromID":"189529","toID":"188430","formEdgeID":null},{"edgeID":"232394","fromID":"188426","toID":"189529","formEdgeID":null},{"edgeID":"232395","fromID":"189522","toID":"189530","formEdgeID":null},{"edgeID":"232396","fromID":"189530","toID":"189521","formEdgeID":null},{"edgeID":"232397","fromID":"189531","toID":"188454","formEdgeID":null},{"edgeID":"232398","fromID":"188452","toID":"189531","formEdgeID":null},{"edgeID":"232399","fromID":"188454","toID":"189532","formEdgeID":null},{"edgeID":"232400","fromID":"189532","toID":"188432","formEdgeID":null},{"edgeID":"232401","fromID":"188430","toID":"189533","formEdgeID":null},{"edgeID":"232402","fromID":"189533","toID":"188452","formEdgeID":null},{"edgeID":"232403","fromID":"189533","toID":"189534","formEdgeID":null},{"edgeID":"232404","fromID":"189534","toID":"189532","formEdgeID":null},{"edgeID":"232405","fromID":"189535","toID":"188462","formEdgeID":null},{"edgeID":"232406","fromID":"188460","toID":"189535","formEdgeID":null},{"edgeID":"232407","fromID":"188452","toID":"189536","formEdgeID":null},{"edgeID":"232408","fromID":"189536","toID":"188460","formEdgeID":null},{"edgeID":"232409","fromID":"189537","toID":"188467","formEdgeID":null},{"edgeID":"232410","fromID":"188465","toID":"189537","formEdgeID":null},{"edgeID":"232411","fromID":"188452","toID":"189538","formEdgeID":null},{"edgeID":"232412","fromID":"189538","toID":"188465","formEdgeID":null},{"edgeID":"232413","fromID":"188467","toID":"189539","formEdgeID":null},{"edgeID":"232414","fromID":"189539","toID":"188454","formEdgeID":null},{"edgeID":"232415","fromID":"189538","toID":"189540","formEdgeID":null},{"edgeID":"232416","fromID":"189540","toID":"189539","formEdgeID":null},{"edgeID":"232417","fromID":"189541","toID":"188474","formEdgeID":null},{"edgeID":"232418","fromID":"188472","toID":"189541","formEdgeID":null},{"edgeID":"232419","fromID":"189542","toID":"188478","formEdgeID":null},{"edgeID":"232420","fromID":"188476","toID":"189542","formEdgeID":null},{"edgeID":"232421","fromID":"188474","toID":"189543","formEdgeID":null},{"edgeID":"232422","fromID":"189543","toID":"188478","formEdgeID":null},{"edgeID":"232423","fromID":"188472","toID":"189544","formEdgeID":null},{"edgeID":"232424","fromID":"189544","toID":"188476","formEdgeID":null},{"edgeID":"232425","fromID":"189544","toID":"189545","formEdgeID":null},{"edgeID":"232426","fromID":"189545","toID":"189543","formEdgeID":null},{"edgeID":"232427","fromID":"189546","toID":"188485","formEdgeID":null},{"edgeID":"232428","fromID":"188483","toID":"189546","formEdgeID":null},{"edgeID":"232429","fromID":"189547","toID":"188489","formEdgeID":null},{"edgeID":"232430","fromID":"188487","toID":"189547","formEdgeID":null},{"edgeID":"232431","fromID":"188489","toID":"189548","formEdgeID":null},{"edgeID":"232432","fromID":"189548","toID":"188485","formEdgeID":null},{"edgeID":"232433","fromID":"188483","toID":"189549","formEdgeID":null},{"edgeID":"232434","fromID":"189549","toID":"188487","formEdgeID":null},{"edgeID":"232435","fromID":"189549","toID":"189550","formEdgeID":null},{"edgeID":"232436","fromID":"189550","toID":"189548","formEdgeID":null},{"edgeID":"232437","fromID":"188478","toID":"189548","formEdgeID":null},{"edgeID":"232438","fromID":"188476","toID":"189549","formEdgeID":null},{"edgeID":"232439","fromID":"188478","toID":"189551","formEdgeID":null},{"edgeID":"232440","fromID":"189551","toID":"188467","formEdgeID":null},{"edgeID":"232441","fromID":"188465","toID":"189552","formEdgeID":null},{"edgeID":"232442","fromID":"189552","toID":"188476","formEdgeID":null},{"edgeID":"232443","fromID":"189552","toID":"189553","formEdgeID":null},{"edgeID":"232444","fromID":"189553","toID":"189551","formEdgeID":null},{"edgeID":"232445","fromID":"189554","toID":"188500","formEdgeID":null},{"edgeID":"232446","fromID":"188498","toID":"189554","formEdgeID":null},{"edgeID":"232447","fromID":"189555","toID":"188505","formEdgeID":null},{"edgeID":"232448","fromID":"188503","toID":"189555","formEdgeID":null},{"edgeID":"232449","fromID":"188505","toID":"189556","formEdgeID":null},{"edgeID":"232450","fromID":"189556","toID":"188288","formEdgeID":null},{"edgeID":"232451","fromID":"188500","toID":"189556","formEdgeID":null},{"edgeID":"232452","fromID":"188286","toID":"189557","formEdgeID":null},{"edgeID":"232453","fromID":"189557","toID":"188498","formEdgeID":null},{"edgeID":"232454","fromID":"189558","toID":"188511","formEdgeID":null},{"edgeID":"232455","fromID":"188509","toID":"189558","formEdgeID":null},{"edgeID":"232456","fromID":"188503","toID":"189559","formEdgeID":null},{"edgeID":"232457","fromID":"189559","toID":"188509","formEdgeID":null},{"edgeID":"232458","fromID":"189560","toID":"188516","formEdgeID":null},{"edgeID":"232459","fromID":"188514","toID":"189560","formEdgeID":null},{"edgeID":"232460","fromID":"188516","toID":"189561","formEdgeID":null},{"edgeID":"232461","fromID":"189561","toID":"188505","formEdgeID":null},{"edgeID":"232462","fromID":"189557","toID":"189562","formEdgeID":null},{"edgeID":"232463","fromID":"189562","toID":"189556","formEdgeID":null},{"edgeID":"232464","fromID":"188503","toID":"189563","formEdgeID":null},{"edgeID":"232465","fromID":"189563","toID":"188514","formEdgeID":null},{"edgeID":"232466","fromID":"189563","toID":"189564","formEdgeID":null},{"edgeID":"232467","fromID":"189564","toID":"189561","formEdgeID":null},{"edgeID":"232468","fromID":"189565","toID":"188524","formEdgeID":null},{"edgeID":"232469","fromID":"188522","toID":"189565","formEdgeID":null},{"edgeID":"232470","fromID":"188524","toID":"189561","formEdgeID":null},{"edgeID":"232471","fromID":"189563","toID":"188522","formEdgeID":null},{"edgeID":"232472","fromID":"189566","toID":"188528","formEdgeID":null},{"edgeID":"232473","fromID":"188526","toID":"189566","formEdgeID":null},{"edgeID":"232474","fromID":"189567","toID":"188532","formEdgeID":null},{"edgeID":"232475","fromID":"188530","toID":"189567","formEdgeID":null},{"edgeID":"232476","fromID":"188503","toID":"189568","formEdgeID":null},{"edgeID":"232477","fromID":"189568","toID":"188526","formEdgeID":null},{"edgeID":"232478","fromID":"188532","toID":"189567","formEdgeID":null},{"edgeID":"232479","fromID":"188498","toID":"189569","formEdgeID":null},{"edgeID":"232480","fromID":"189569","toID":"188530","formEdgeID":null},{"edgeID":"232481","fromID":"188532","toID":"189570","formEdgeID":null},{"edgeID":"232482","fromID":"189570","toID":"188500","formEdgeID":null},{"edgeID":"232483","fromID":"189569","toID":"189571","formEdgeID":null},{"edgeID":"232484","fromID":"189571","toID":"189570","formEdgeID":null},{"edgeID":"232485","fromID":"188286","toID":"189572","formEdgeID":null},{"edgeID":"232486","fromID":"189572","toID":"188538","formEdgeID":null},{"edgeID":"232487","fromID":"189572","toID":"189573","formEdgeID":null},{"edgeID":"232488","fromID":"189573","toID":"188288","formEdgeID":null},{"edgeID":"232489","fromID":"188286","toID":"189576","formEdgeID":null},{"edgeID":"232490","fromID":"189576","toID":"189574","formEdgeID":null},{"edgeID":"232491","fromID":"189576","toID":"189577","formEdgeID":null},{"edgeID":"232492","fromID":"189577","toID":"188288","formEdgeID":null},{"edgeID":"232493","fromID":"189579","toID":"189580","formEdgeID":null},{"edgeID":"232494","fromID":"189578","toID":"189579","formEdgeID":null},{"edgeID":"232495","fromID":"189580","toID":"189582","formEdgeID":null},{"edgeID":"232496","fromID":"189582","toID":"188288","formEdgeID":null},{"edgeID":"232497","fromID":"188286","toID":"189583","formEdgeID":null},{"edgeID":"232498","fromID":"189583","toID":"189578","formEdgeID":null},{"edgeID":"232499","fromID":"189583","toID":"189584","formEdgeID":null},{"edgeID":"232500","fromID":"189584","toID":"189582","formEdgeID":null},{"edgeID":"232501","fromID":"189586","toID":"189587","formEdgeID":null},{"edgeID":"232502","fromID":"189585","toID":"189586","formEdgeID":null},{"edgeID":"232503","fromID":"189590","toID":"189591","formEdgeID":null},{"edgeID":"232504","fromID":"189589","toID":"189590","formEdgeID":null},{"edgeID":"232505","fromID":"189578","toID":"189593","formEdgeID":null},{"edgeID":"232506","fromID":"189593","toID":"189589","formEdgeID":null},{"edgeID":"232507","fromID":"189593","toID":"189585","formEdgeID":null},{"edgeID":"232508","fromID":"189580","toID":"189579","formEdgeID":null},{"edgeID":"232509","fromID":"189591","toID":"189594","formEdgeID":null},{"edgeID":"232510","fromID":"189594","toID":"189580","formEdgeID":null},{"edgeID":"232511","fromID":"189587","toID":"189594","formEdgeID":null},{"edgeID":"232512","fromID":"189593","toID":"189595","formEdgeID":null},{"edgeID":"232513","fromID":"189595","toID":"189594","formEdgeID":null},{"edgeID":"232514","fromID":"189597","toID":"189598","formEdgeID":null},{"edgeID":"232515","fromID":"189596","toID":"189597","formEdgeID":null},{"edgeID":"232516","fromID":"188286","toID":"189600","formEdgeID":null},{"edgeID":"232517","fromID":"189600","toID":"189596","formEdgeID":null},{"edgeID":"232518","fromID":"189602","toID":"189603","formEdgeID":null},{"edgeID":"232519","fromID":"189601","toID":"189602","formEdgeID":null},{"edgeID":"232520","fromID":"189603","toID":"189605","formEdgeID":null},{"edgeID":"232521","fromID":"189605","toID":"189598","formEdgeID":null},{"edgeID":"232522","fromID":"189596","toID":"189606","formEdgeID":null},{"edgeID":"232523","fromID":"189606","toID":"189601","formEdgeID":null},{"edgeID":"232524","fromID":"189606","toID":"189607","formEdgeID":null},{"edgeID":"232525","fromID":"189607","toID":"189605","formEdgeID":null},{"edgeID":"232526","fromID":"189609","toID":"189610","formEdgeID":null},{"edgeID":"232527","fromID":"189608","toID":"189609","formEdgeID":null},{"edgeID":"232528","fromID":"189613","toID":"189614","formEdgeID":null},{"edgeID":"232529","fromID":"189612","toID":"189613","formEdgeID":null},{"edgeID":"232530","fromID":"189610","toID":"189616","formEdgeID":null},{"edgeID":"232531","fromID":"189616","toID":"188288","formEdgeID":null},{"edgeID":"232532","fromID":"189614","toID":"189616","formEdgeID":null},{"edgeID":"232533","fromID":"188286","toID":"189617","formEdgeID":null},{"edgeID":"232534","fromID":"189617","toID":"189608","formEdgeID":null},{"edgeID":"232535","fromID":"189617","toID":"189612","formEdgeID":null},{"edgeID":"232536","fromID":"189617","toID":"189618","formEdgeID":null},{"edgeID":"232537","fromID":"189618","toID":"189616","formEdgeID":null},{"edgeID":"232538","fromID":"189620","toID":"189621","formEdgeID":null},{"edgeID":"232539","fromID":"189619","toID":"189620","formEdgeID":null},{"edgeID":"232540","fromID":"189612","toID":"189623","formEdgeID":null},{"edgeID":"232541","fromID":"189623","toID":"189619","formEdgeID":null},{"edgeID":"232542","fromID":"189626","toID":"189627","formEdgeID":null},{"edgeID":"232543","fromID":"189625","toID":"189626","formEdgeID":null},{"edgeID":"232544","fromID":"189629","toID":"189625","formEdgeID":null},{"edgeID":"232545","fromID":"189608","toID":"189629","formEdgeID":null},{"edgeID":"232546","fromID":"189631","toID":"189632","formEdgeID":null},{"edgeID":"232547","fromID":"189630","toID":"189631","formEdgeID":null},{"edgeID":"232548","fromID":"189632","toID":"189634","formEdgeID":null},{"edgeID":"232549","fromID":"189634","toID":"189610","formEdgeID":null},{"edgeID":"232550","fromID":"189608","toID":"189635","formEdgeID":null},{"edgeID":"232551","fromID":"189635","toID":"189630","formEdgeID":null},{"edgeID":"232552","fromID":"189635","toID":"189636","formEdgeID":null},{"edgeID":"232553","fromID":"189636","toID":"189634","formEdgeID":null},{"edgeID":"232554","fromID":"189638","toID":"189639","formEdgeID":null},{"edgeID":"232555","fromID":"189637","toID":"189638","formEdgeID":null},{"edgeID":"232556","fromID":"189642","toID":"189643","formEdgeID":null},{"edgeID":"232557","fromID":"189641","toID":"189642","formEdgeID":null},{"edgeID":"232558","fromID":"189643","toID":"189645","formEdgeID":null},{"edgeID":"232559","fromID":"189645","toID":"189632","formEdgeID":null},{"edgeID":"232560","fromID":"189639","toID":"189645","formEdgeID":null},{"edgeID":"232561","fromID":"189630","toID":"189646","formEdgeID":null},{"edgeID":"232562","fromID":"189646","toID":"189641","formEdgeID":null},{"edgeID":"232563","fromID":"189646","toID":"189637","formEdgeID":null},{"edgeID":"232564","fromID":"189646","toID":"189647","formEdgeID":null},{"edgeID":"232565","fromID":"189647","toID":"189645","formEdgeID":null},{"edgeID":"232566","fromID":"189641","toID":"189650","formEdgeID":null},{"edgeID":"232567","fromID":"189650","toID":"189648","formEdgeID":null},{"edgeID":"232568","fromID":"189650","toID":"189651","formEdgeID":null},{"edgeID":"232569","fromID":"189651","toID":"189643","formEdgeID":null},{"edgeID":"232570","fromID":"189653","toID":"189654","formEdgeID":null},{"edgeID":"232571","fromID":"189652","toID":"189653","formEdgeID":null},{"edgeID":"232572","fromID":"189657","toID":"189658","formEdgeID":null},{"edgeID":"232573","fromID":"189656","toID":"189657","formEdgeID":null},{"edgeID":"232574","fromID":"189661","toID":"189662","formEdgeID":null},{"edgeID":"232575","fromID":"189660","toID":"189661","formEdgeID":null},{"edgeID":"232576","fromID":"189662","toID":"189664","formEdgeID":null},{"edgeID":"232577","fromID":"189664","toID":"189658","formEdgeID":null},{"edgeID":"232578","fromID":"189656","toID":"189665","formEdgeID":null},{"edgeID":"232579","fromID":"189665","toID":"189660","formEdgeID":null},{"edgeID":"232580","fromID":"189665","toID":"189666","formEdgeID":null},{"edgeID":"232581","fromID":"189666","toID":"189664","formEdgeID":null},{"edgeID":"232582","fromID":"189658","toID":"189667","formEdgeID":null},{"edgeID":"232583","fromID":"189667","toID":"189639","formEdgeID":null},{"edgeID":"232584","fromID":"189654","toID":"189668","formEdgeID":null},{"edgeID":"232585","fromID":"189668","toID":"189639","formEdgeID":null},{"edgeID":"232586","fromID":"189637","toID":"189669","formEdgeID":null},{"edgeID":"232587","fromID":"189669","toID":"189656","formEdgeID":null},{"edgeID":"232588","fromID":"189669","toID":"189670","formEdgeID":null},{"edgeID":"232589","fromID":"189670","toID":"189667","formEdgeID":null},{"edgeID":"232590","fromID":"189637","toID":"189671","formEdgeID":null},{"edgeID":"232591","fromID":"189671","toID":"189652","formEdgeID":null},{"edgeID":"232592","fromID":"189671","toID":"189672","formEdgeID":null},{"edgeID":"232593","fromID":"189672","toID":"189668","formEdgeID":null}],"locutions":[]}