{"nodes":[{"nodeID":"191491","text":"Barbara: Helicase21 : Hillary: Nobody's been able to make an attack stick yet and that's what needed to happen","type":"L","timestamp":"2016-08-10 10:16:46"},{"nodeID":"191492","text":"Helicase21 : Hillary","type":"L","timestamp":"2016-08-10 10:16:47"},{"nodeID":"191493","text":"Asserting","type":"YA","timestamp":"2016-08-10 10:16:47","scheme":"Asserting","schemeID":"74"},{"nodeID":"191494","text":"1. Hillary Clinton","type":"I","timestamp":"2016-08-10 10:16:47"},{"nodeID":"191495","text":"Barbara: Helicase21 : Hillary","type":"L","timestamp":"2016-08-10 10:16:47"},{"nodeID":"191496","text":"Helicase21 : Nobody's been able to make an attack stick yet and that's what needed to happen","type":"L","timestamp":"2016-08-10 10:16:47"},{"nodeID":"191497","text":"Asserting","type":"YA","timestamp":"2016-08-10 10:16:47","scheme":"Asserting","schemeID":"74"},{"nodeID":"191498","text":"nobody's been able to make an attack  stick yet on Hilary Clinton and that's what needed to happen","type":"I","timestamp":"2016-08-10 10:16:48"},{"nodeID":"191499","text":"Barbara: Helicase21 : Nobody's been able to make an attack stick yet and that's what needed to happen","type":"L","timestamp":"2016-08-10 10:16:48"},{"nodeID":"191500","text":"Helicase21 :  O'Malley","type":"L","timestamp":"2016-08-10 10:16:48"},{"nodeID":"191501","text":"Asserting","type":"YA","timestamp":"2016-08-10 10:16:48","scheme":"Asserting","schemeID":"74"},{"nodeID":"191502","text":"2. O'Malley","type":"I","timestamp":"2016-08-10 10:16:48"},{"nodeID":"191503","text":"Barbara: Helicase21 :  O'Malley","type":"L","timestamp":"2016-08-10 10:16:48"},{"nodeID":"191504","text":"Helicase21 : Performing much higher than expectations IMHO","type":"L","timestamp":"2016-08-10 10:16:48"},{"nodeID":"191505","text":"Asserting","type":"YA","timestamp":"2016-08-10 10:16:48","scheme":"Asserting","schemeID":"74"},{"nodeID":"191506","text":"O'Malley is performing much higher than expectations IMHO","type":"I","timestamp":"2016-08-10 10:16:48"},{"nodeID":"191507","text":"Barbara: Helicase21 : Performing much higher than expectations IMHO","type":"L","timestamp":"2016-08-10 10:16:48"},{"nodeID":"191508","text":"Default Transition","type":"TA","timestamp":"2016-08-10 10:16:48","scheme":"Default Transition","schemeID":"82"},{"nodeID":"191509","text":"Default Inference","type":"RA","timestamp":"2016-08-10 10:16:49","scheme":"Default Inference","schemeID":"72"},{"nodeID":"191510","text":"Arguing","type":"YA","timestamp":"2016-08-10 10:16:49","scheme":"Arguing","schemeID":"80"},{"nodeID":"191511","text":"Default Transition","type":"TA","timestamp":"2016-08-10 10:16:49","scheme":"Default Transition","schemeID":"82"},{"nodeID":"191512","text":"Default Transition","type":"TA","timestamp":"2016-08-10 10:16:49","scheme":"Default Transition","schemeID":"82"},{"nodeID":"191513","text":"Default Inference","type":"RA","timestamp":"2016-08-10 10:16:49","scheme":"Default Inference","schemeID":"72"},{"nodeID":"191514","text":"Arguing","type":"YA","timestamp":"2016-08-10 10:16:49","scheme":"Arguing","schemeID":"80"},{"nodeID":"191515","text":"Helicase21 : My ranking so far","type":"L","timestamp":"2016-08-10 10:16:49"},{"nodeID":"191516","text":"Asserting","type":"YA","timestamp":"2016-08-10 10:16:49","scheme":"Asserting","schemeID":"74"},{"nodeID":"191517","text":"my ranking so far","type":"I","timestamp":"2016-08-10 10:16:50"},{"nodeID":"191518","text":"Barbara: Helicase21 : My ranking so far","type":"L","timestamp":"2016-08-10 10:16:50"},{"nodeID":"191519","text":"Default Transition","type":"TA","timestamp":"2016-08-10 10:16:50","scheme":"Default Transition","schemeID":"82"},{"nodeID":"191520","text":"Helicase21 : 3. Sanders","type":"L","timestamp":"2016-08-10 10:16:50"},{"nodeID":"191521","text":"Asserting","type":"YA","timestamp":"2016-08-10 10:16:50","scheme":"Asserting","schemeID":"74"},{"nodeID":"191522","text":"3. Sanders","type":"I","timestamp":"2016-08-10 10:16:50"},{"nodeID":"191523","text":"Barbara: Helicase21 : 3. Sanders","type":"L","timestamp":"2016-08-10 10:16:50"},{"nodeID":"191524","text":"Helicase21 : Seems like he's kinda choking","type":"L","timestamp":"2016-08-10 10:16:50"},{"nodeID":"191525","text":"Asserting","type":"YA","timestamp":"2016-08-10 10:16:50","scheme":"Asserting","schemeID":"74"},{"nodeID":"191526","text":"seems like Sanders is kinda choking","type":"I","timestamp":"2016-08-10 10:16:50"},{"nodeID":"191527","text":"Barbara: Helicase21 : Seems like he's kinda choking","type":"L","timestamp":"2016-08-10 10:16:50"},{"nodeID":"191528","text":"Default Transition","type":"TA","timestamp":"2016-08-10 10:16:51","scheme":"Default Transition","schemeID":"82"},{"nodeID":"191529","text":"Default Transition","type":"TA","timestamp":"2016-08-10 10:16:51","scheme":"Default Transition","schemeID":"82"},{"nodeID":"191530","text":"Helicase21 : 4. Webb","type":"L","timestamp":"2016-08-10 10:16:51"},{"nodeID":"191531","text":"Asserting","type":"YA","timestamp":"2016-08-10 10:16:51","scheme":"Asserting","schemeID":"74"},{"nodeID":"191532","text":"4. Webb","type":"I","timestamp":"2016-08-10 10:16:51"},{"nodeID":"191533","text":"Barbara: Helicase21 : 4. Webb","type":"L","timestamp":"2016-08-10 10:16:51"},{"nodeID":"191534","text":"Default Transition","type":"TA","timestamp":"2016-08-10 10:16:51","scheme":"Default Transition","schemeID":"82"},{"nodeID":"191535","text":"Helicase21 : Answer on guns won't win him many points with dems but is at least coherent","type":"L","timestamp":"2016-08-10 10:16:51"},{"nodeID":"191536","text":"Asserting","type":"YA","timestamp":"2016-08-10 10:16:51","scheme":"Asserting","schemeID":"74"},{"nodeID":"191537","text":"answer on guns won't win Webb many points with dems but is at least coherent","type":"I","timestamp":"2016-08-10 10:16:51"},{"nodeID":"191538","text":"Barbara: Helicase21 : Answer on guns won't win him many points with dems but is at least coherent","type":"L","timestamp":"2016-08-10 10:16:51"},{"nodeID":"191539","text":"Default Transition","type":"TA","timestamp":"2016-08-10 10:16:52","scheme":"Default Transition","schemeID":"82"},{"nodeID":"191540","text":"Default Inference","type":"RA","timestamp":"2016-08-10 10:16:52","scheme":"Default Inference","schemeID":"72"},{"nodeID":"191541","text":"Arguing","type":"YA","timestamp":"2016-08-10 10:16:52","scheme":"Arguing","schemeID":"80"},{"nodeID":"191542","text":"Default Inference","type":"RA","timestamp":"2016-08-10 10:16:52","scheme":"Default Inference","schemeID":"72"},{"nodeID":"191543","text":"Arguing","type":"YA","timestamp":"2016-08-10 10:16:52","scheme":"Arguing","schemeID":"80"},{"nodeID":"191544","text":"Who put this guy on the stage?","type":"L","timestamp":"2016-08-10 10:16:52"},{"nodeID":"191545","text":"Helicase21 : Chaffee","type":"L","timestamp":"2016-08-10 10:16:52"},{"nodeID":"191546","text":"Asserting","type":"YA","timestamp":"2016-08-10 10:16:52","scheme":"Asserting","schemeID":"74"},{"nodeID":"191547","text":"5. Chaffee","type":"I","timestamp":"2016-08-10 10:16:52"},{"nodeID":"191548","text":"Barbara: Helicase21 : Chaffee","type":"L","timestamp":"2016-08-10 10:16:52"},{"nodeID":"191549","text":"Helicase21 : Who put this guy on the stage?","type":"L","timestamp":"2016-08-10 10:16:52"},{"nodeID":"191550","text":"Rhetorical Questioning","type":"YA","timestamp":"2016-08-10 10:16:53","scheme":"RhetoricalQuestioning","schemeID":"85"},{"nodeID":"191551","text":"Chaffee should not be on the stage","type":"I","timestamp":"2016-08-10 10:16:53"},{"nodeID":"191552","text":"Barbara: Helicase21 : Who put this guy on the stage?","type":"L","timestamp":"2016-08-10 10:16:53"},{"nodeID":"191553","text":"Default Transition","type":"TA","timestamp":"2016-08-10 10:16:53","scheme":"Default Transition","schemeID":"82"},{"nodeID":"191554","text":"Default Transition","type":"TA","timestamp":"2016-08-10 10:16:53","scheme":"Default Transition","schemeID":"82"},{"nodeID":"191555","text":"Default Inference","type":"RA","timestamp":"2016-08-10 10:16:53","scheme":"Default Inference","schemeID":"72"},{"nodeID":"191556","text":"Arguing","type":"YA","timestamp":"2016-08-10 10:16:53","scheme":"Arguing","schemeID":"80"},{"nodeID":"191557","text":"Fallen_Glory : She's literally skirting issues","type":"L","timestamp":"2016-08-10 10:16:53"},{"nodeID":"191558","text":"Asserting","type":"YA","timestamp":"2016-08-10 10:16:54","scheme":"Asserting","schemeID":"74"},{"nodeID":"191559","text":"Clinton is literally skirting issues","type":"I","timestamp":"2016-08-10 10:16:54"},{"nodeID":"191560","text":"Barbara: Fallen_Glory : She's literally skirting issues","type":"L","timestamp":"2016-08-10 10:16:54"},{"nodeID":"191561","text":"Fallen_Glory : how is she in first","type":"L","timestamp":"2016-08-10 10:16:54"},{"nodeID":"191562","text":"Assertive Challenging","type":"YA","timestamp":"2016-08-10 10:16:54","scheme":"AssertiveChallenging","schemeID":"87"},{"nodeID":"191563","text":"Clinton should not be in first","type":"I","timestamp":"2016-08-10 10:16:54"},{"nodeID":"191564","text":"Barbara: Fallen_Glory : how is she in first","type":"L","timestamp":"2016-08-10 10:16:54"},{"nodeID":"191565","text":"Default Inference","type":"RA","timestamp":"2016-08-10 10:16:54","scheme":"Default Inference","schemeID":"72"},{"nodeID":"191566","text":"Default Transition","type":"TA","timestamp":"2016-08-10 10:16:54","scheme":"Default Transition","schemeID":"82"},{"nodeID":"191567","text":"Arguing","type":"YA","timestamp":"2016-08-10 10:16:54","scheme":"Arguing","schemeID":"80"},{"nodeID":"191568","text":"Default Transition","type":"TA","timestamp":"2016-08-10 10:16:55","scheme":"Default Transition","schemeID":"82"},{"nodeID":"191569","text":"Helicase21 :  she came in relatively strong","type":"L","timestamp":"2016-08-10 10:16:55"},{"nodeID":"191570","text":"Asserting","type":"YA","timestamp":"2016-08-10 10:16:55","scheme":"Asserting","schemeID":"74"},{"nodeID":"191571","text":"Clinton came in relatively strong","type":"I","timestamp":"2016-08-10 10:16:55"},{"nodeID":"191572","text":"Barbara: Helicase21 :  she came in relatively strong","type":"L","timestamp":"2016-08-10 10:16:55"},{"nodeID":"191573","text":"Default Conflict","type":"CA","timestamp":"2016-08-10 10:16:55","scheme":"Default Conflict","schemeID":"71"},{"nodeID":"191574","text":"Disagreeing","type":"YA","timestamp":"2016-08-10 10:16:55","scheme":"Disagreeing","schemeID":"78"},{"nodeID":"191575","text":"Helicase21 : nobody's been able to make anything stick to her","type":"L","timestamp":"2016-08-10 10:16:55"},{"nodeID":"191576","text":"Asserting","type":"YA","timestamp":"2016-08-10 10:16:56","scheme":"Asserting","schemeID":"74"},{"nodeID":"191577","text":"nobody's been able to make anything stick to Clinton","type":"I","timestamp":"2016-08-10 10:16:56"},{"nodeID":"191578","text":"Barbara: Helicase21 : nobody's been able to make anything stick to her","type":"L","timestamp":"2016-08-10 10:16:56"},{"nodeID":"191579","text":"Helicase21 : She looks confident, intelligent, and well-informed","type":"L","timestamp":"2016-08-10 10:16:56"},{"nodeID":"191580","text":"Asserting","type":"YA","timestamp":"2016-08-10 10:16:56","scheme":"Asserting","schemeID":"74"},{"nodeID":"191581","text":"Clinton looks confident, intelligent, and well-informed","type":"I","timestamp":"2016-08-10 10:16:56"},{"nodeID":"191582","text":"Barbara: Helicase21 : She looks confident, intelligent, and well-informed","type":"L","timestamp":"2016-08-10 10:16:56"},{"nodeID":"191583","text":"Default Inference","type":"RA","timestamp":"2016-08-10 10:16:56","scheme":"Default Inference","schemeID":"72"},{"nodeID":"191584","text":"Default Inference","type":"RA","timestamp":"2016-08-10 10:16:56","scheme":"Default Inference","schemeID":"72"},{"nodeID":"191585","text":"Default Inference","type":"RA","timestamp":"2016-08-10 10:16:56","scheme":"Default Inference","schemeID":"72"},{"nodeID":"191586","text":"Default Transition","type":"TA","timestamp":"2016-08-10 10:16:57","scheme":"Default Transition","schemeID":"82"},{"nodeID":"191587","text":"Default Transition","type":"TA","timestamp":"2016-08-10 10:16:57","scheme":"Default Transition","schemeID":"82"},{"nodeID":"191588","text":"Default Transition","type":"TA","timestamp":"2016-08-10 10:16:57","scheme":"Default Transition","schemeID":"82"},{"nodeID":"191589","text":"Arguing","type":"YA","timestamp":"2016-08-10 10:16:57","scheme":"Arguing","schemeID":"80"},{"nodeID":"191590","text":"Arguing","type":"YA","timestamp":"2016-08-10 10:16:57","scheme":"Arguing","schemeID":"80"},{"nodeID":"191591","text":"Arguing","type":"YA","timestamp":"2016-08-10 10:16:57","scheme":"Arguing","schemeID":"80"},{"nodeID":"191592","text":"Helicase21 : Remember the whole thing a month or so ago about how having fewer debates was good for Hillary? I'm not so sure that's true","type":"L","timestamp":"2016-08-10 10:16:57"},{"nodeID":"191593","text":"Assertive Questioning","type":"YA","timestamp":"2016-08-10 10:16:57","scheme":"AssertiveQuestioning","schemeID":"73"},{"nodeID":"191594","text":"it is not true that having fewer debates was good for Clinton","type":"I","timestamp":"2016-08-10 10:16:57"},{"nodeID":"191595","text":"Barbara: Helicase21 : Remember the whole thing a month or so ago about how having fewer debates was good for Hillary? I'm not so sure that's true","type":"L","timestamp":"2016-08-10 10:16:57"},{"nodeID":"191596","text":"Helicase21 : Sanders, by far her biggest competitor","type":"L","timestamp":"2016-08-10 10:16:57"},{"nodeID":"191597","text":"Asserting","type":"YA","timestamp":"2016-08-10 10:16:58","scheme":"Asserting","schemeID":"74"},{"nodeID":"191598","text":"Sanders is biggest competitor of Clinton","type":"I","timestamp":"2016-08-10 10:16:58"},{"nodeID":"191599","text":"Barbara: Helicase21 : Sanders, by far her biggest competitor","type":"L","timestamp":"2016-08-10 10:16:58"},{"nodeID":"191600","text":"Helicase21 : continues to perform as lacklusterly as he has so far in this one","type":"L","timestamp":"2016-08-10 10:16:58"},{"nodeID":"191601","text":"Asserting","type":"YA","timestamp":"2016-08-10 10:16:58","scheme":"Asserting","schemeID":"74"},{"nodeID":"191602","text":"Sanders performs as lacklusterly as he has so far in this one","type":"I","timestamp":"2016-08-10 10:16:58"},{"nodeID":"191603","text":"Barbara: Helicase21 : continues to perform as lacklusterly as he has so far in this one","type":"L","timestamp":"2016-08-10 10:16:58"},{"nodeID":"191604","text":"Default Inference","type":"RA","timestamp":"2016-08-10 10:16:58","scheme":"Default Inference","schemeID":"72"},{"nodeID":"191605","text":"Default Transition","type":"TA","timestamp":"2016-08-10 10:16:58","scheme":"Default Transition","schemeID":"82"},{"nodeID":"191606","text":"Arguing","type":"YA","timestamp":"2016-08-10 10:16:59","scheme":"Arguing","schemeID":"80"},{"nodeID":"191607","text":"Default Transition","type":"TA","timestamp":"2016-08-10 10:16:59","scheme":"Default Transition","schemeID":"82"},{"nodeID":"191608","text":"Stompedm : Chaffee looks like the grabbed some guy off the street just to make the other guys look better","type":"L","timestamp":"2016-08-10 10:16:59"},{"nodeID":"191609","text":"Asserting","type":"YA","timestamp":"2016-08-10 10:16:59","scheme":"Asserting","schemeID":"74"},{"nodeID":"191610","text":"Chaffee looks like the grabbed some guy off the street just to make the other guys look better","type":"I","timestamp":"2016-08-10 10:16:59"},{"nodeID":"191611","text":"Barbara: Stompedm : Chaffee looks like the grabbed some guy off the street just to make the other guys look better","type":"L","timestamp":"2016-08-10 10:16:59"},{"nodeID":"191612","text":"Default Inference","type":"RA","timestamp":"2016-08-10 10:16:59","scheme":"Default Inference","schemeID":"72"},{"nodeID":"191613","text":"Default Transition","type":"TA","timestamp":"2016-08-10 10:16:59","scheme":"Default Transition","schemeID":"82"},{"nodeID":"191614","text":"Arguing","type":"YA","timestamp":"2016-08-10 10:16:59","scheme":"Arguing","schemeID":"80"},{"nodeID":"191615","text":"[deleted] : How can someone make an attack on her","type":"L","timestamp":"2016-08-10 10:17:00"},{"nodeID":"191616","text":"Assertive Questioning","type":"YA","timestamp":"2016-08-10 10:17:00","scheme":"AssertiveQuestioning","schemeID":"73"},{"nodeID":"191617","text":"no one was able to make an attack on Clinton","type":"I","timestamp":"2016-08-10 10:17:00"},{"nodeID":"191618","text":"Barbara: [deleted] : How can someone make an attack on her","type":"L","timestamp":"2016-08-10 10:17:00"},{"nodeID":"191619","text":"Default Conflict","type":"CA","timestamp":"2016-08-10 10:17:00","scheme":"Default Conflict","schemeID":"71"},{"nodeID":"191620","text":"Default Transition","type":"TA","timestamp":"2016-08-10 10:17:00","scheme":"Default Transition","schemeID":"82"},{"nodeID":"191621","text":"Disagreeing","type":"YA","timestamp":"2016-08-10 10:17:00","scheme":"Disagreeing","schemeID":"78"},{"nodeID":"191622","text":"[deleted] :  all she does is speak when she isn't spoken to out of turn","type":"L","timestamp":"2016-08-10 10:17:00"},{"nodeID":"191623","text":"Asserting","type":"YA","timestamp":"2016-08-10 10:17:00","scheme":"Asserting","schemeID":"74"},{"nodeID":"191624","text":"all Clinton does is speak when she isn't spoken to out of turn","type":"I","timestamp":"2016-08-10 10:17:00"},{"nodeID":"191625","text":"Barbara: [deleted] :  all she does is speak when she isn't spoken to out of turn","type":"L","timestamp":"2016-08-10 10:17:00"},{"nodeID":"191626","text":"Default Inference","type":"RA","timestamp":"2016-08-10 10:17:01","scheme":"Default Inference","schemeID":"72"},{"nodeID":"191627","text":"Default Transition","type":"TA","timestamp":"2016-08-10 10:17:01","scheme":"Default Transition","schemeID":"82"},{"nodeID":"191628","text":"Arguing","type":"YA","timestamp":"2016-08-10 10:17:01","scheme":"Arguing","schemeID":"80"},{"nodeID":"191629","text":"[deleted] : SHe just has been doing counters","type":"L","timestamp":"2016-08-10 10:17:01"},{"nodeID":"191630","text":"Asserting","type":"YA","timestamp":"2016-08-10 10:17:01","scheme":"Asserting","schemeID":"74"},{"nodeID":"191631","text":"Cinton just has been doing counters","type":"I","timestamp":"2016-08-10 10:17:01"},{"nodeID":"191632","text":"Barbara: [deleted] : SHe just has been doing counters","type":"L","timestamp":"2016-08-10 10:17:01"},{"nodeID":"191633","text":"[deleted] : She has had hardly any direct questions so far","type":"L","timestamp":"2016-08-10 10:17:01"},{"nodeID":"191634","text":"Asserting","type":"YA","timestamp":"2016-08-10 10:17:01","scheme":"Asserting","schemeID":"74"},{"nodeID":"191635","text":"Clinton has had hardly any direct questions so far","type":"I","timestamp":"2016-08-10 10:17:02"},{"nodeID":"191636","text":"Barbara: [deleted] : She has had hardly any direct questions so far","type":"L","timestamp":"2016-08-10 10:17:02"},{"nodeID":"191637","text":"Default Inference","type":"RA","timestamp":"2016-08-10 10:17:02","scheme":"Default Inference","schemeID":"72"},{"nodeID":"191638","text":"Default Transition","type":"TA","timestamp":"2016-08-10 10:17:02","scheme":"Default Transition","schemeID":"82"},{"nodeID":"191639","text":"Arguing","type":"YA","timestamp":"2016-08-10 10:17:02","scheme":"Arguing","schemeID":"80"},{"nodeID":"191640","text":"Helicase21 : I'm just talking about debate performance as things stand so far","type":"L","timestamp":"2016-08-10 10:17:02"},{"nodeID":"191641","text":"Asserting","type":"YA","timestamp":"2016-08-10 10:17:02","scheme":"Asserting","schemeID":"74"},{"nodeID":"191642","text":"I'm just talking about debate performance as things stand so far","type":"I","timestamp":"2016-08-10 10:17:02"},{"nodeID":"191643","text":"Barbara: Helicase21 : I'm just talking about debate performance as things stand so far","type":"L","timestamp":"2016-08-10 10:17:02"},{"nodeID":"191644","text":"Helicase21 : I'm not saying it's a good thing or a bad thing","type":"L","timestamp":"2016-08-10 10:17:02"},{"nodeID":"191645","text":"Asserting","type":"YA","timestamp":"2016-08-10 10:17:02","scheme":"Asserting","schemeID":"74"},{"nodeID":"191646","text":"I'm not saying it's a good thing or a bad thing","type":"I","timestamp":"2016-08-10 10:17:03"},{"nodeID":"191647","text":"Barbara: Helicase21 : I'm not saying it's a good thing or a bad thing","type":"L","timestamp":"2016-08-10 10:17:03"},{"nodeID":"191648","text":"Helicase21 : she's a smart lady and a canny campaigner (and thus debater)","type":"L","timestamp":"2016-08-10 10:17:03"},{"nodeID":"191649","text":"Asserting","type":"YA","timestamp":"2016-08-10 10:17:03","scheme":"Asserting","schemeID":"74"},{"nodeID":"191650","text":"Clinton is a smart lady and a canny campaigner (and thus debater)","type":"I","timestamp":"2016-08-10 10:17:03"},{"nodeID":"191651","text":"Barbara: Helicase21 : she's a smart lady and a canny campaigner (and thus debater)","type":"L","timestamp":"2016-08-10 10:17:03"},{"nodeID":"191652","text":"Helicase21 :  She has very little to gain by speaking too much","type":"L","timestamp":"2016-08-10 10:17:03"},{"nodeID":"191653","text":"Asserting","type":"YA","timestamp":"2016-08-10 10:17:03","scheme":"Asserting","schemeID":"74"},{"nodeID":"191654","text":"Clinton has very little to gain by speaking too much","type":"I","timestamp":"2016-08-10 10:17:03"},{"nodeID":"191655","text":"Barbara: Helicase21 :  She has very little to gain by speaking too much","type":"L","timestamp":"2016-08-10 10:17:03"},{"nodeID":"191656","text":"Helicase21 :  a lot to lose if she opens herself up for an attack","type":"L","timestamp":"2016-08-10 10:17:03"},{"nodeID":"191657","text":"Asserting","type":"YA","timestamp":"2016-08-10 10:17:04","scheme":"Asserting","schemeID":"74"},{"nodeID":"191658","text":"Clinton has a lot to lose if she opens herself up for an attack","type":"I","timestamp":"2016-08-10 10:17:04"},{"nodeID":"191659","text":"Barbara: Helicase21 :  a lot to lose if she opens herself up for an attack","type":"L","timestamp":"2016-08-10 10:17:04"},{"nodeID":"191660","text":"Default Transition","type":"TA","timestamp":"2016-08-10 10:17:04","scheme":"Default Transition","schemeID":"82"},{"nodeID":"191661","text":"Default Transition","type":"TA","timestamp":"2016-08-10 10:17:04","scheme":"Default Transition","schemeID":"82"},{"nodeID":"191662","text":"Default Transition","type":"TA","timestamp":"2016-08-10 10:17:04","scheme":"Default Transition","schemeID":"82"},{"nodeID":"191663","text":"Default Transition","type":"TA","timestamp":"2016-08-10 10:17:04","scheme":"Default Transition","schemeID":"82"},{"nodeID":"191664","text":"Default Transition","type":"TA","timestamp":"2016-08-10 10:17:04","scheme":"Default Transition","schemeID":"82"},{"nodeID":"191665","text":"[deleted] : That is an unfair ranking","type":"L","timestamp":"2016-08-10 10:17:04"},{"nodeID":"191666","text":"Asserting","type":"YA","timestamp":"2016-08-10 10:17:04","scheme":"Asserting","schemeID":"74"},{"nodeID":"191667","text":"that is an unfair ranking","type":"I","timestamp":"2016-08-10 10:17:04"},{"nodeID":"191668","text":"Barbara: [deleted] : That is an unfair ranking","type":"L","timestamp":"2016-08-10 10:17:05"},{"nodeID":"191669","text":"[deleted] : that isn't objective","type":"L","timestamp":"2016-08-10 10:17:05"},{"nodeID":"191670","text":"Asserting","type":"YA","timestamp":"2016-08-10 10:17:05","scheme":"Asserting","schemeID":"74"},{"nodeID":"191671","text":"that isn't objective ranking","type":"I","timestamp":"2016-08-10 10:17:05"},{"nodeID":"191672","text":"Barbara: [deleted] : that isn't objective","type":"L","timestamp":"2016-08-10 10:17:05"},{"nodeID":"191673","text":"Default Inference","type":"RA","timestamp":"2016-08-10 10:17:05","scheme":"Default Inference","schemeID":"72"},{"nodeID":"191674","text":"Default Transition","type":"TA","timestamp":"2016-08-10 10:17:05","scheme":"Default Transition","schemeID":"82"},{"nodeID":"191675","text":"Arguing","type":"YA","timestamp":"2016-08-10 10:17:06","scheme":"Arguing","schemeID":"80"},{"nodeID":"191676","text":"[deleted] : You ahve to weight the thing I said very seriously if you want to put that sort of list up","type":"L","timestamp":"2016-08-10 10:17:06"},{"nodeID":"191677","text":"Asserting","type":"YA","timestamp":"2016-08-10 10:17:06","scheme":"Asserting","schemeID":"74"},{"nodeID":"191678","text":"you have to weight the thing I said very seriously if you want to put that sort of list up","type":"I","timestamp":"2016-08-10 10:17:06"},{"nodeID":"191679","text":"Barbara: [deleted] : You ahve to weight the thing I said very seriously if you want to put that sort of list up","type":"L","timestamp":"2016-08-10 10:17:06"},{"nodeID":"191680","text":"[deleted] : You can't rank her high","type":"L","timestamp":"2016-08-10 10:17:06"},{"nodeID":"191681","text":"Asserting","type":"YA","timestamp":"2016-08-10 10:17:06","scheme":"Asserting","schemeID":"74"},{"nodeID":"191682","text":"you can't rank Hilary Clinton high","type":"I","timestamp":"2016-08-10 10:17:06"},{"nodeID":"191683","text":"Barbara: [deleted] : You can't rank her high","type":"L","timestamp":"2016-08-10 10:17:06"},{"nodeID":"191684","text":"[deleted] :  she's hardly had that sort of questioniing on her","type":"L","timestamp":"2016-08-10 10:17:06"},{"nodeID":"191685","text":"Asserting","type":"YA","timestamp":"2016-08-10 10:17:06","scheme":"Asserting","schemeID":"74"},{"nodeID":"191686","text":"Clinton has hardly had that sort of questioniing on her","type":"I","timestamp":"2016-08-10 10:17:07"},{"nodeID":"191687","text":"Barbara: [deleted] :  she's hardly had that sort of questioniing on her","type":"L","timestamp":"2016-08-10 10:17:07"},{"nodeID":"191688","text":"Default Inference","type":"RA","timestamp":"2016-08-10 10:17:07","scheme":"Default Inference","schemeID":"72"},{"nodeID":"191689","text":"Default Transition","type":"TA","timestamp":"2016-08-10 10:17:07","scheme":"Default Transition","schemeID":"82"},{"nodeID":"191690","text":"Asserting","type":"YA","timestamp":"2016-08-10 10:17:07","scheme":"Asserting","schemeID":"74"},{"nodeID":"191691","text":"Default Inference","type":"RA","timestamp":"2016-08-10 10:17:07","scheme":"Default Inference","schemeID":"72"},{"nodeID":"191692","text":"Default Transition","type":"TA","timestamp":"2016-08-10 10:17:07","scheme":"Default Transition","schemeID":"82"},{"nodeID":"191693","text":"Default Transition","type":"TA","timestamp":"2016-08-10 10:17:07","scheme":"Default Transition","schemeID":"82"},{"nodeID":"191694","text":"Arguing","type":"YA","timestamp":"2016-08-10 10:17:07","scheme":"Arguing","schemeID":"80"},{"nodeID":"191695","text":"Default Conflict","type":"CA","timestamp":"2016-08-10 10:17:07","scheme":"Default Conflict","schemeID":"71"},{"nodeID":"191696","text":"Default Transition","type":"TA","timestamp":"2016-08-10 10:17:08","scheme":"Default Transition","schemeID":"82"},{"nodeID":"191697","text":"Disagreeing","type":"YA","timestamp":"2016-08-10 10:17:08","scheme":"Disagreeing","schemeID":"78"},{"nodeID":"191698","text":"Helicase21 : Sorry, I was totally unclear","type":"L","timestamp":"2016-08-10 10:17:08"},{"nodeID":"191699","text":"Asserting","type":"YA","timestamp":"2016-08-10 10:17:08","scheme":"Asserting","schemeID":"74"},{"nodeID":"191700","text":"I was totally unclear","type":"I","timestamp":"2016-08-10 10:17:08"},{"nodeID":"191701","text":"Barbara: Helicase21 : Sorry, I was totally unclear","type":"L","timestamp":"2016-08-10 10:17:08"},{"nodeID":"191702","text":"Default Transition","type":"TA","timestamp":"2016-08-10 10:17:08","scheme":"Default Transition","schemeID":"82"},{"nodeID":"191703","text":"Helicase21 : This isn't in any way a ranking of how I'm planning on voting","type":"L","timestamp":"2016-08-10 10:17:08"},{"nodeID":"191704","text":"Asserting","type":"YA","timestamp":"2016-08-10 10:17:08","scheme":"Asserting","schemeID":"74"},{"nodeID":"191705","text":"this isn't in any way a ranking of how I'm planning on voting","type":"I","timestamp":"2016-08-10 10:17:08"},{"nodeID":"191706","text":"Barbara: Helicase21 : This isn't in any way a ranking of how I'm planning on voting","type":"L","timestamp":"2016-08-10 10:17:08"},{"nodeID":"191707","text":"Default Transition","type":"TA","timestamp":"2016-08-10 10:17:09","scheme":"Default Transition","schemeID":"82"},{"nodeID":"191708","text":"Helicase21 : I'm doing my best to figure out who 'won' in the pundit-analysis sense of the word","type":"L","timestamp":"2016-08-10 10:17:09"},{"nodeID":"191709","text":"Asserting","type":"YA","timestamp":"2016-08-10 10:17:09","scheme":"Asserting","schemeID":"74"},{"nodeID":"191710","text":"I'm doing my best to figure out who 'won' in the pundit-analysis sense of the word","type":"I","timestamp":"2016-08-10 10:17:09"},{"nodeID":"191711","text":"Barbara: Helicase21 : I'm doing my best to figure out who 'won' in the pundit-analysis sense of the word","type":"L","timestamp":"2016-08-10 10:17:09"},{"nodeID":"191712","text":"Default Transition","type":"TA","timestamp":"2016-08-10 10:17:09","scheme":"Default Transition","schemeID":"82"},{"nodeID":"191713","text":"Helicase21 : I don't think it's a good thing","type":"L","timestamp":"2016-08-10 10:17:09"},{"nodeID":"191714","text":"Asserting","type":"YA","timestamp":"2016-08-10 10:17:09","scheme":"Asserting","schemeID":"74"},{"nodeID":"191715","text":"I don't think it's a good thing","type":"I","timestamp":"2016-08-10 10:17:09"},{"nodeID":"191716","text":"Barbara: Helicase21 : I don't think it's a good thing","type":"L","timestamp":"2016-08-10 10:17:09"},{"nodeID":"191717","text":"Default Transition","type":"TA","timestamp":"2016-08-10 10:17:10","scheme":"Default Transition","schemeID":"82"},{"nodeID":"191718","text":"Helicase21 : I think Hillary should be challenged more","type":"L","timestamp":"2016-08-10 10:17:10"},{"nodeID":"191719","text":"Asserting","type":"YA","timestamp":"2016-08-10 10:17:10","scheme":"Asserting","schemeID":"74"},{"nodeID":"191720","text":"Hillary Clinton should be challenged more","type":"I","timestamp":"2016-08-10 10:17:10"},{"nodeID":"191721","text":"Barbara: Helicase21 : I think Hillary should be challenged more","type":"L","timestamp":"2016-08-10 10:17:10"},{"nodeID":"191722","text":"Default Transition","type":"TA","timestamp":"2016-08-10 10:17:10","scheme":"Default Transition","schemeID":"82"},{"nodeID":"191723","text":"Helicase21 : she's debating strategically","type":"L","timestamp":"2016-08-10 10:17:10"},{"nodeID":"191724","text":"Asserting","type":"YA","timestamp":"2016-08-10 10:17:10","scheme":"Asserting","schemeID":"74"},{"nodeID":"191725","text":"Hilary Clinton is debating strategically","type":"I","timestamp":"2016-08-10 10:17:10"},{"nodeID":"191726","text":"Barbara: Helicase21 : she's debating strategically","type":"L","timestamp":"2016-08-10 10:17:11"},{"nodeID":"191727","text":"Default Transition","type":"TA","timestamp":"2016-08-10 10:17:11","scheme":"Default Transition","schemeID":"82"},{"nodeID":"191728","text":"Barbara: Hencley : I think these are fair as well","type":"L","timestamp":"2016-08-10 10:17:11"},{"nodeID":"191729","text":"Hencley : I think these are fair as well","type":"L","timestamp":"2016-08-10 10:17:11"},{"nodeID":"191730","text":"Asserting","type":"YA","timestamp":"2016-08-10 10:17:11","scheme":"Asserting","schemeID":"74"},{"nodeID":"191731","text":"these ranks are fair","type":"I","timestamp":"2016-08-10 10:17:11"},{"nodeID":"191732","text":"Default Conflict","type":"CA","timestamp":"2016-08-10 10:17:12","scheme":"Default Conflict","schemeID":"71"},{"nodeID":"191733","text":"Default Transition","type":"TA","timestamp":"2016-08-10 10:17:12","scheme":"Default Transition","schemeID":"82"},{"nodeID":"191734","text":"Disagreeing","type":"YA","timestamp":"2016-08-10 10:17:12","scheme":"Disagreeing","schemeID":"78"},{"nodeID":"191735","text":"Black_Nerd : Brit here","type":"L","timestamp":"2016-08-10 10:17:12"},{"nodeID":"191736","text":"Asserting","type":"YA","timestamp":"2016-08-10 10:17:12","scheme":"Asserting","schemeID":"74"},{"nodeID":"191737","text":"I am British","type":"I","timestamp":"2016-08-10 10:17:12"},{"nodeID":"191738","text":"Barbara: Black_Nerd : Brit here","type":"L","timestamp":"2016-08-10 10:17:12"},{"nodeID":"191739","text":"Black_Nerd : I'm coming in cold","type":"L","timestamp":"2016-08-10 10:17:12"},{"nodeID":"191740","text":"Asserting","type":"YA","timestamp":"2016-08-10 10:17:12","scheme":"Asserting","schemeID":"74"},{"nodeID":"191741","text":"I'm coming in cold","type":"I","timestamp":"2016-08-10 10:17:12"},{"nodeID":"191742","text":"Barbara: Black_Nerd : I'm coming in cold","type":"L","timestamp":"2016-08-10 10:17:12"},{"nodeID":"191743","text":"Default Inference","type":"RA","timestamp":"2016-08-10 10:17:13","scheme":"Default Inference","schemeID":"72"},{"nodeID":"191744","text":"Default Transition","type":"TA","timestamp":"2016-08-10 10:17:13","scheme":"Default Transition","schemeID":"82"},{"nodeID":"191745","text":"Arguing","type":"YA","timestamp":"2016-08-10 10:17:13","scheme":"Arguing","schemeID":"80"},{"nodeID":"191746","text":"Black_Nerd : O'Malley's been killing it","type":"L","timestamp":"2016-08-10 10:17:13"},{"nodeID":"191747","text":"Asserting","type":"YA","timestamp":"2016-08-10 10:17:13","scheme":"Asserting","schemeID":"74"},{"nodeID":"191748","text":"O'Malley's been killing it","type":"I","timestamp":"2016-08-10 10:17:13"},{"nodeID":"191749","text":"Barbara: Black_Nerd : O'Malley's been killing it","type":"L","timestamp":"2016-08-10 10:17:13"},{"nodeID":"191750","text":"Black_Nerd : Hillary hasn't really said jack shit of importance","type":"L","timestamp":"2016-08-10 10:17:13"},{"nodeID":"191751","text":"Asserting","type":"YA","timestamp":"2016-08-10 10:17:13","scheme":"Asserting","schemeID":"74"},{"nodeID":"191752","text":"Hillary Clinton hasn't really said jack shit of importance","type":"I","timestamp":"2016-08-10 10:17:13"},{"nodeID":"191753","text":"Barbara: Black_Nerd : Hillary hasn't really said jack shit of importance","type":"L","timestamp":"2016-08-10 10:17:13"},{"nodeID":"191754","text":"Black_Nerd : she seems to have a dick load of supporters in that audience","type":"L","timestamp":"2016-08-10 10:17:14"},{"nodeID":"191755","text":"Asserting","type":"YA","timestamp":"2016-08-10 10:17:14","scheme":"Asserting","schemeID":"74"},{"nodeID":"191756","text":"Hilary Clinton seems to have a dick load of supporters in that audience","type":"I","timestamp":"2016-08-10 10:17:14"},{"nodeID":"191757","text":"Barbara: Black_Nerd : she seems to have a dick load of supporters in that audience","type":"L","timestamp":"2016-08-10 10:17:14"},{"nodeID":"191758","text":"Black_Nerd :  every other sentence gets a cheer","type":"L","timestamp":"2016-08-10 10:17:14"},{"nodeID":"191759","text":"Asserting","type":"YA","timestamp":"2016-08-10 10:17:14","scheme":"Asserting","schemeID":"74"},{"nodeID":"191760","text":"every other sentence from Hilary Clinton gets a cheer","type":"I","timestamp":"2016-08-10 10:17:14"},{"nodeID":"191761","text":"Barbara: Black_Nerd :  every other sentence gets a cheer","type":"L","timestamp":"2016-08-10 10:17:14"},{"nodeID":"191762","text":"Default Inference","type":"RA","timestamp":"2016-08-10 10:17:14","scheme":"Default Inference","schemeID":"72"},{"nodeID":"191763","text":"Default Transition","type":"TA","timestamp":"2016-08-10 10:17:14","scheme":"Default Transition","schemeID":"82"},{"nodeID":"191764","text":"Arguing","type":"YA","timestamp":"2016-08-10 10:17:14","scheme":"Arguing","schemeID":"80"},{"nodeID":"191765","text":"Black_Nerd : Sanders has been iffy as hel","type":"L","timestamp":"2016-08-10 10:17:15"},{"nodeID":"191766","text":"Asserting","type":"YA","timestamp":"2016-08-10 10:17:15","scheme":"Asserting","schemeID":"74"},{"nodeID":"191767","text":"Sanders has been iffy as hel","type":"I","timestamp":"2016-08-10 10:17:15"},{"nodeID":"191768","text":"Barbara: Black_Nerd : Sanders has been iffy as hel","type":"L","timestamp":"2016-08-10 10:17:15"},{"nodeID":"191769","text":"Black_Nerd : I'm not sure why he didn't take a solid stance on gun control","type":"L","timestamp":"2016-08-10 10:17:15"},{"nodeID":"191770","text":"Asserting","type":"YA","timestamp":"2016-08-10 10:17:15","scheme":"Asserting","schemeID":"74"},{"nodeID":"191771","text":"Bernie Sanders should have taken a solid stance on gun control","type":"I","timestamp":"2016-08-10 10:17:15"},{"nodeID":"191772","text":"Barbara: Black_Nerd : I'm not sure why he didn't take a solid stance on gun contro","type":"L","timestamp":"2016-08-10 10:17:15"},{"nodeID":"191773","text":"Default Transition","type":"TA","timestamp":"2016-08-10 10:17:15","scheme":"Default Transition","schemeID":"82"},{"nodeID":"191774","text":"Default Inference","type":"RA","timestamp":"2016-08-10 10:17:15","scheme":"Default Inference","schemeID":"72"},{"nodeID":"191775","text":"Default Transition","type":"TA","timestamp":"2016-08-10 10:17:16","scheme":"Default Transition","schemeID":"82"},{"nodeID":"191776","text":"Arguing","type":"YA","timestamp":"2016-08-10 10:17:16","scheme":"Arguing","schemeID":"80"},{"nodeID":"191777","text":"Default Transition","type":"TA","timestamp":"2016-08-10 10:17:16","scheme":"Default Transition","schemeID":"82"},{"nodeID":"191778","text":"Default Transition","type":"TA","timestamp":"2016-08-10 10:17:16","scheme":"Default Transition","schemeID":"82"},{"nodeID":"191779","text":"Default Conflict","type":"CA","timestamp":"2016-08-10 10:17:16","scheme":"Default Conflict","schemeID":"71"},{"nodeID":"191780","text":"Default Transition","type":"TA","timestamp":"2016-08-10 10:17:16","scheme":"Default Transition","schemeID":"82"},{"nodeID":"191781","text":"Disagreeing","type":"YA","timestamp":"2016-08-10 10:17:16","scheme":"Disagreeing","schemeID":"78"},{"nodeID":"191782","text":"Helicase21 : I mentioned this in another comment, but Hillary is basically the frontrunner","type":"L","timestamp":"2016-08-10 10:17:16"},{"nodeID":"191783","text":"Asserting","type":"YA","timestamp":"2016-08-10 10:17:16","scheme":"Asserting","schemeID":"74"},{"nodeID":"191784","text":"Hillary Clinton is basically the frontrunner","type":"I","timestamp":"2016-08-10 10:17:17"},{"nodeID":"191785","text":"Barbara: Helicase21 : I mentioned this in another comment, but Hillary is basically the frontrunner","type":"L","timestamp":"2016-08-10 10:17:17"},{"nodeID":"191786","text":"Helicase21 : She has little to gain by making strong, impassioned points, and a lot to lose by opening herself up for one of the other candidates to attack her","type":"L","timestamp":"2016-08-10 10:17:17"},{"nodeID":"191787","text":"Asserting","type":"YA","timestamp":"2016-08-10 10:17:17","scheme":"Asserting","schemeID":"74"},{"nodeID":"191788","text":"Hilary Clinton has little to gain by making strong, impassioned points, and a lot to lose by opening herself up for one of the other candidates to attack her","type":"I","timestamp":"2016-08-10 10:17:17"},{"nodeID":"191789","text":"Barbara: Helicase21 : She has little to gain by making strong, impassioned points, and a lot to lose by opening herself up for one of the other candidates to attack her","type":"L","timestamp":"2016-08-10 10:17:17"},{"nodeID":"191790","text":"Default Inference","type":"RA","timestamp":"2016-08-10 10:17:17","scheme":"Default Inference","schemeID":"72"},{"nodeID":"191791","text":"Default Transition","type":"TA","timestamp":"2016-08-10 10:17:17","scheme":"Default Transition","schemeID":"82"},{"nodeID":"191792","text":"Arguing","type":"YA","timestamp":"2016-08-10 10:17:17","scheme":"Arguing","schemeID":"80"},{"nodeID":"191793","text":"Default Transition","type":"TA","timestamp":"2016-08-10 10:17:18","scheme":"Default Transition","schemeID":"82"},{"nodeID":"191794","text":"Default Transition","type":"TA","timestamp":"2016-08-10 10:17:18","scheme":"Default Transition","schemeID":"82"},{"nodeID":"191795","text":"Default Conflict","type":"CA","timestamp":"2016-08-10 10:17:18","scheme":"Default Conflict","schemeID":"71"},{"nodeID":"191796","text":"Default Transition","type":"TA","timestamp":"2016-08-10 10:17:18","scheme":"Default Transition","schemeID":"82"},{"nodeID":"191797","text":"Disagreeing","type":"YA","timestamp":"2016-08-10 10:17:18","scheme":"Disagreeing","schemeID":"78"},{"nodeID":"191798","text":"Helicase21 : Sanders' stance on gun control is just weird","type":"L","timestamp":"2016-08-10 10:17:18"},{"nodeID":"191799","text":"Asserting","type":"YA","timestamp":"2016-08-10 10:17:18","scheme":"Asserting","schemeID":"74"},{"nodeID":"191800","text":"Sanders' stance on gun control is just weird","type":"I","timestamp":"2016-08-10 10:17:18"},{"nodeID":"191801","text":"Barbara: Helicase21 : Sanders' stance on gun control is just weird","type":"L","timestamp":"2016-08-10 10:17:18"},{"nodeID":"191802","text":"Default Inference","type":"RA","timestamp":"2016-08-10 10:17:19","scheme":"Default Inference","schemeID":"72"},{"nodeID":"191803","text":"Default Transition","type":"TA","timestamp":"2016-08-10 10:17:19","scheme":"Default Transition","schemeID":"82"},{"nodeID":"191804","text":"Arguing","type":"YA","timestamp":"2016-08-10 10:17:19","scheme":"Arguing","schemeID":"80"},{"nodeID":"191805","text":"Helicase21 : partly coming from a mostly-rural state, but it doesn't really make a lot of sense to me eithe","type":"L","timestamp":"2016-08-10 10:17:19"},{"nodeID":"191806","text":"Asserting","type":"YA","timestamp":"2016-08-10 10:17:19","scheme":"Asserting","schemeID":"74"},{"nodeID":"191807","text":"partly coming from a mostly-rural state, but it doesn't really make a lot of sense to me either","type":"I","timestamp":"2016-08-10 10:17:19"},{"nodeID":"191808","text":"Barbara: Helicase21 : partly coming from a mostly-rural state, but it doesn't really make a lot of sense to me eithe","type":"L","timestamp":"2016-08-10 10:17:19"},{"nodeID":"191809","text":"Default Transition","type":"TA","timestamp":"2016-08-10 10:17:19","scheme":"Default Transition","schemeID":"82"},{"nodeID":"191810","text":"MutthaFuzza : I think O'Malley is killing it","type":"L","timestamp":"2016-08-10 10:17:19"},{"nodeID":"191811","text":"Asserting","type":"YA","timestamp":"2016-08-10 10:17:20","scheme":"Asserting","schemeID":"74"},{"nodeID":"191812","text":"O'Malley is killing it","type":"I","timestamp":"2016-08-10 10:17:20"},{"nodeID":"191813","text":"Barbara: MutthaFuzza : I think O'Malley is killing it","type":"L","timestamp":"2016-08-10 10:17:20"},{"nodeID":"191814","text":"Default Inference","type":"RA","timestamp":"2016-08-10 10:17:20","scheme":"Default Inference","schemeID":"72"},{"nodeID":"191815","text":"Default Transition","type":"TA","timestamp":"2016-08-10 10:17:20","scheme":"Default Transition","schemeID":"82"},{"nodeID":"191816","text":"Arguing","type":"YA","timestamp":"2016-08-10 10:17:20","scheme":"Arguing","schemeID":"80"}],"edges":[{"edgeID":"234479","fromID":"191493","toID":"191494","formEdgeID":null},{"edgeID":"234480","fromID":"191492","toID":"191493","formEdgeID":null},{"edgeID":"234481","fromID":"191497","toID":"191498","formEdgeID":null},{"edgeID":"234482","fromID":"191496","toID":"191497","formEdgeID":null},{"edgeID":"234483","fromID":"191501","toID":"191502","formEdgeID":null},{"edgeID":"234484","fromID":"191500","toID":"191501","formEdgeID":null},{"edgeID":"234485","fromID":"191505","toID":"191506","formEdgeID":null},{"edgeID":"234486","fromID":"191504","toID":"191505","formEdgeID":null},{"edgeID":"234487","fromID":"191492","toID":"191508","formEdgeID":null},{"edgeID":"234488","fromID":"191508","toID":"191496","formEdgeID":null},{"edgeID":"234489","fromID":"191498","toID":"191509","formEdgeID":null},{"edgeID":"234490","fromID":"191509","toID":"191494","formEdgeID":null},{"edgeID":"234491","fromID":"191508","toID":"191510","formEdgeID":null},{"edgeID":"234492","fromID":"191510","toID":"191509","formEdgeID":null},{"edgeID":"234493","fromID":"191496","toID":"191511","formEdgeID":null},{"edgeID":"234494","fromID":"191511","toID":"191500","formEdgeID":null},{"edgeID":"234495","fromID":"191500","toID":"191512","formEdgeID":null},{"edgeID":"234496","fromID":"191512","toID":"191504","formEdgeID":null},{"edgeID":"234497","fromID":"191506","toID":"191513","formEdgeID":null},{"edgeID":"234498","fromID":"191513","toID":"191502","formEdgeID":null},{"edgeID":"234499","fromID":"191512","toID":"191514","formEdgeID":null},{"edgeID":"234500","fromID":"191514","toID":"191513","formEdgeID":null},{"edgeID":"234501","fromID":"191516","toID":"191517","formEdgeID":null},{"edgeID":"234502","fromID":"191515","toID":"191516","formEdgeID":null},{"edgeID":"234503","fromID":"191515","toID":"191519","formEdgeID":null},{"edgeID":"234504","fromID":"191519","toID":"191492","formEdgeID":null},{"edgeID":"234505","fromID":"191521","toID":"191522","formEdgeID":null},{"edgeID":"234506","fromID":"191520","toID":"191521","formEdgeID":null},{"edgeID":"234507","fromID":"191525","toID":"191526","formEdgeID":null},{"edgeID":"234508","fromID":"191524","toID":"191525","formEdgeID":null},{"edgeID":"234509","fromID":"191504","toID":"191528","formEdgeID":null},{"edgeID":"234510","fromID":"191528","toID":"191520","formEdgeID":null},{"edgeID":"234511","fromID":"191520","toID":"191529","formEdgeID":null},{"edgeID":"234512","fromID":"191529","toID":"191524","formEdgeID":null},{"edgeID":"234513","fromID":"191531","toID":"191532","formEdgeID":null},{"edgeID":"234514","fromID":"191530","toID":"191531","formEdgeID":null},{"edgeID":"234515","fromID":"191524","toID":"191534","formEdgeID":null},{"edgeID":"234516","fromID":"191534","toID":"191530","formEdgeID":null},{"edgeID":"234517","fromID":"191536","toID":"191537","formEdgeID":null},{"edgeID":"234518","fromID":"191535","toID":"191536","formEdgeID":null},{"edgeID":"234519","fromID":"191530","toID":"191539","formEdgeID":null},{"edgeID":"234520","fromID":"191539","toID":"191535","formEdgeID":null},{"edgeID":"234521","fromID":"191537","toID":"191540","formEdgeID":null},{"edgeID":"234522","fromID":"191540","toID":"191532","formEdgeID":null},{"edgeID":"234523","fromID":"191539","toID":"191541","formEdgeID":null},{"edgeID":"234524","fromID":"191541","toID":"191540","formEdgeID":null},{"edgeID":"234525","fromID":"191526","toID":"191542","formEdgeID":null},{"edgeID":"234526","fromID":"191542","toID":"191522","formEdgeID":null},{"edgeID":"234527","fromID":"191529","toID":"191543","formEdgeID":null},{"edgeID":"234528","fromID":"191543","toID":"191542","formEdgeID":null},{"edgeID":"234529","fromID":"191546","toID":"191547","formEdgeID":null},{"edgeID":"234530","fromID":"191545","toID":"191546","formEdgeID":null},{"edgeID":"234531","fromID":"191550","toID":"191551","formEdgeID":null},{"edgeID":"234532","fromID":"191549","toID":"191550","formEdgeID":null},{"edgeID":"234533","fromID":"191535","toID":"191553","formEdgeID":null},{"edgeID":"234534","fromID":"191553","toID":"191545","formEdgeID":null},{"edgeID":"234535","fromID":"191545","toID":"191554","formEdgeID":null},{"edgeID":"234536","fromID":"191554","toID":"191549","formEdgeID":null},{"edgeID":"234537","fromID":"191551","toID":"191555","formEdgeID":null},{"edgeID":"234538","fromID":"191555","toID":"191547","formEdgeID":null},{"edgeID":"234539","fromID":"191554","toID":"191556","formEdgeID":null},{"edgeID":"234540","fromID":"191556","toID":"191555","formEdgeID":null},{"edgeID":"234541","fromID":"191558","toID":"191559","formEdgeID":null},{"edgeID":"234542","fromID":"191557","toID":"191558","formEdgeID":null},{"edgeID":"234543","fromID":"191562","toID":"191563","formEdgeID":null},{"edgeID":"234544","fromID":"191561","toID":"191562","formEdgeID":null},{"edgeID":"234545","fromID":"191559","toID":"191565","formEdgeID":null},{"edgeID":"234546","fromID":"191565","toID":"191563","formEdgeID":null},{"edgeID":"234547","fromID":"191557","toID":"191566","formEdgeID":null},{"edgeID":"234548","fromID":"191566","toID":"191561","formEdgeID":null},{"edgeID":"234549","fromID":"191566","toID":"191567","formEdgeID":null},{"edgeID":"234550","fromID":"191567","toID":"191565","formEdgeID":null},{"edgeID":"234551","fromID":"191492","toID":"191568","formEdgeID":null},{"edgeID":"234552","fromID":"191568","toID":"191561","formEdgeID":null},{"edgeID":"234553","fromID":"191570","toID":"191571","formEdgeID":null},{"edgeID":"234554","fromID":"191569","toID":"191570","formEdgeID":null},{"edgeID":"234555","fromID":"191563","toID":"191573","formEdgeID":null},{"edgeID":"234556","fromID":"191573","toID":"191494","formEdgeID":null},{"edgeID":"234557","fromID":"191568","toID":"191574","formEdgeID":null},{"edgeID":"234558","fromID":"191574","toID":"191573","formEdgeID":null},{"edgeID":"234559","fromID":"191576","toID":"191577","formEdgeID":null},{"edgeID":"234560","fromID":"191575","toID":"191576","formEdgeID":null},{"edgeID":"234561","fromID":"191580","toID":"191581","formEdgeID":null},{"edgeID":"234562","fromID":"191579","toID":"191580","formEdgeID":null},{"edgeID":"234563","fromID":"191581","toID":"191583","formEdgeID":null},{"edgeID":"234564","fromID":"191583","toID":"191494","formEdgeID":null},{"edgeID":"234565","fromID":"191577","toID":"191584","formEdgeID":null},{"edgeID":"234566","fromID":"191584","toID":"191494","formEdgeID":null},{"edgeID":"234567","fromID":"191571","toID":"191585","formEdgeID":null},{"edgeID":"234568","fromID":"191585","toID":"191494","formEdgeID":null},{"edgeID":"234569","fromID":"191492","toID":"191586","formEdgeID":null},{"edgeID":"234570","fromID":"191586","toID":"191569","formEdgeID":null},{"edgeID":"234571","fromID":"191492","toID":"191587","formEdgeID":null},{"edgeID":"234572","fromID":"191587","toID":"191575","formEdgeID":null},{"edgeID":"234573","fromID":"191492","toID":"191588","formEdgeID":null},{"edgeID":"234574","fromID":"191588","toID":"191579","formEdgeID":null},{"edgeID":"234575","fromID":"191586","toID":"191589","formEdgeID":null},{"edgeID":"234576","fromID":"191589","toID":"191585","formEdgeID":null},{"edgeID":"234577","fromID":"191587","toID":"191590","formEdgeID":null},{"edgeID":"234578","fromID":"191590","toID":"191584","formEdgeID":null},{"edgeID":"234579","fromID":"191588","toID":"191591","formEdgeID":null},{"edgeID":"234580","fromID":"191591","toID":"191583","formEdgeID":null},{"edgeID":"234581","fromID":"191593","toID":"191594","formEdgeID":null},{"edgeID":"234582","fromID":"191592","toID":"191593","formEdgeID":null},{"edgeID":"234583","fromID":"191597","toID":"191598","formEdgeID":null},{"edgeID":"234584","fromID":"191596","toID":"191597","formEdgeID":null},{"edgeID":"234585","fromID":"191601","toID":"191602","formEdgeID":null},{"edgeID":"234586","fromID":"191600","toID":"191601","formEdgeID":null},{"edgeID":"234587","fromID":"191602","toID":"191604","formEdgeID":null},{"edgeID":"234588","fromID":"191604","toID":"191594","formEdgeID":null},{"edgeID":"234589","fromID":"191598","toID":"191604","formEdgeID":null},{"edgeID":"234590","fromID":"191592","toID":"191605","formEdgeID":null},{"edgeID":"234591","fromID":"191605","toID":"191600","formEdgeID":null},{"edgeID":"234592","fromID":"191605","toID":"191596","formEdgeID":null},{"edgeID":"234593","fromID":"191605","toID":"191606","formEdgeID":null},{"edgeID":"234594","fromID":"191606","toID":"191604","formEdgeID":null},{"edgeID":"234595","fromID":"191579","toID":"191607","formEdgeID":null},{"edgeID":"234596","fromID":"191607","toID":"191592","formEdgeID":null},{"edgeID":"234597","fromID":"191609","toID":"191610","formEdgeID":null},{"edgeID":"234598","fromID":"191608","toID":"191609","formEdgeID":null},{"edgeID":"234599","fromID":"191610","toID":"191612","formEdgeID":null},{"edgeID":"234600","fromID":"191612","toID":"191551","formEdgeID":null},{"edgeID":"234601","fromID":"191549","toID":"191613","formEdgeID":null},{"edgeID":"234602","fromID":"191613","toID":"191608","formEdgeID":null},{"edgeID":"234603","fromID":"191613","toID":"191614","formEdgeID":null},{"edgeID":"234604","fromID":"191614","toID":"191612","formEdgeID":null},{"edgeID":"234605","fromID":"191616","toID":"191617","formEdgeID":null},{"edgeID":"234606","fromID":"191615","toID":"191616","formEdgeID":null},{"edgeID":"234607","fromID":"191617","toID":"191619","formEdgeID":null},{"edgeID":"234608","fromID":"191619","toID":"191494","formEdgeID":null},{"edgeID":"234609","fromID":"191492","toID":"191620","formEdgeID":null},{"edgeID":"234610","fromID":"191620","toID":"191615","formEdgeID":null},{"edgeID":"234611","fromID":"191620","toID":"191621","formEdgeID":null},{"edgeID":"234612","fromID":"191621","toID":"191619","formEdgeID":null},{"edgeID":"234613","fromID":"191623","toID":"191624","formEdgeID":null},{"edgeID":"234614","fromID":"191622","toID":"191623","formEdgeID":null},{"edgeID":"234615","fromID":"191624","toID":"191626","formEdgeID":null},{"edgeID":"234616","fromID":"191626","toID":"191617","formEdgeID":null},{"edgeID":"234617","fromID":"191615","toID":"191627","formEdgeID":null},{"edgeID":"234618","fromID":"191627","toID":"191622","formEdgeID":null},{"edgeID":"234619","fromID":"191627","toID":"191628","formEdgeID":null},{"edgeID":"234620","fromID":"191628","toID":"191626","formEdgeID":null},{"edgeID":"234621","fromID":"191630","toID":"191631","formEdgeID":null},{"edgeID":"234622","fromID":"191629","toID":"191630","formEdgeID":null},{"edgeID":"234623","fromID":"191634","toID":"191635","formEdgeID":null},{"edgeID":"234624","fromID":"191633","toID":"191634","formEdgeID":null},{"edgeID":"234625","fromID":"191631","toID":"191637","formEdgeID":null},{"edgeID":"234626","fromID":"191637","toID":"191624","formEdgeID":null},{"edgeID":"234627","fromID":"191635","toID":"191637","formEdgeID":null},{"edgeID":"234628","fromID":"191622","toID":"191638","formEdgeID":null},{"edgeID":"234629","fromID":"191638","toID":"191633","formEdgeID":null},{"edgeID":"234630","fromID":"191638","toID":"191629","formEdgeID":null},{"edgeID":"234631","fromID":"191638","toID":"191639","formEdgeID":null},{"edgeID":"234632","fromID":"191639","toID":"191637","formEdgeID":null},{"edgeID":"234633","fromID":"191641","toID":"191642","formEdgeID":null},{"edgeID":"234634","fromID":"191640","toID":"191641","formEdgeID":null},{"edgeID":"234635","fromID":"191645","toID":"191646","formEdgeID":null},{"edgeID":"234636","fromID":"191644","toID":"191645","formEdgeID":null},{"edgeID":"234637","fromID":"191649","toID":"191650","formEdgeID":null},{"edgeID":"234638","fromID":"191648","toID":"191649","formEdgeID":null},{"edgeID":"234639","fromID":"191653","toID":"191654","formEdgeID":null},{"edgeID":"234640","fromID":"191652","toID":"191653","formEdgeID":null},{"edgeID":"234641","fromID":"191657","toID":"191658","formEdgeID":null},{"edgeID":"234642","fromID":"191656","toID":"191657","formEdgeID":null},{"edgeID":"234643","fromID":"191644","toID":"191660","formEdgeID":null},{"edgeID":"234644","fromID":"191660","toID":"191648","formEdgeID":null},{"edgeID":"234645","fromID":"191648","toID":"191661","formEdgeID":null},{"edgeID":"234646","fromID":"191661","toID":"191652","formEdgeID":null},{"edgeID":"234647","fromID":"191652","toID":"191662","formEdgeID":null},{"edgeID":"234648","fromID":"191662","toID":"191656","formEdgeID":null},{"edgeID":"234649","fromID":"191633","toID":"191663","formEdgeID":null},{"edgeID":"234650","fromID":"191663","toID":"191640","formEdgeID":null},{"edgeID":"234651","fromID":"191640","toID":"191664","formEdgeID":null},{"edgeID":"234652","fromID":"191664","toID":"191644","formEdgeID":null},{"edgeID":"234653","fromID":"191666","toID":"191667","formEdgeID":null},{"edgeID":"234654","fromID":"191665","toID":"191666","formEdgeID":null},{"edgeID":"234655","fromID":"191670","toID":"191671","formEdgeID":null},{"edgeID":"234656","fromID":"191669","toID":"191670","formEdgeID":null},{"edgeID":"234657","fromID":"191671","toID":"191673","formEdgeID":null},{"edgeID":"234658","fromID":"191673","toID":"191667","formEdgeID":null},{"edgeID":"234659","fromID":"191665","toID":"191674","formEdgeID":null},{"edgeID":"234660","fromID":"191674","toID":"191669","formEdgeID":null},{"edgeID":"234661","fromID":"191674","toID":"191675","formEdgeID":null},{"edgeID":"234662","fromID":"191675","toID":"191673","formEdgeID":null},{"edgeID":"234663","fromID":"191677","toID":"191678","formEdgeID":null},{"edgeID":"234664","fromID":"191676","toID":"191677","formEdgeID":null},{"edgeID":"234665","fromID":"191681","toID":"191682","formEdgeID":null},{"edgeID":"234666","fromID":"191680","toID":"191681","formEdgeID":null},{"edgeID":"234667","fromID":"191685","toID":"191686","formEdgeID":null},{"edgeID":"234668","fromID":"191684","toID":"191685","formEdgeID":null},{"edgeID":"234669","fromID":"191686","toID":"191688","formEdgeID":null},{"edgeID":"234670","fromID":"191688","toID":"191682","formEdgeID":null},{"edgeID":"234671","fromID":"191680","toID":"191689","formEdgeID":null},{"edgeID":"234672","fromID":"191689","toID":"191684","formEdgeID":null},{"edgeID":"234673","fromID":"191689","toID":"191690","formEdgeID":null},{"edgeID":"234674","fromID":"191690","toID":"191688","formEdgeID":null},{"edgeID":"234675","fromID":"191682","toID":"191691","formEdgeID":null},{"edgeID":"234676","fromID":"191691","toID":"191671","formEdgeID":null},{"edgeID":"234677","fromID":"191669","toID":"191692","formEdgeID":null},{"edgeID":"234678","fromID":"191692","toID":"191676","formEdgeID":null},{"edgeID":"234679","fromID":"191669","toID":"191693","formEdgeID":null},{"edgeID":"234680","fromID":"191693","toID":"191680","formEdgeID":null},{"edgeID":"234681","fromID":"191693","toID":"191694","formEdgeID":null},{"edgeID":"234682","fromID":"191694","toID":"191691","formEdgeID":null},{"edgeID":"234683","fromID":"191667","toID":"191695","formEdgeID":null},{"edgeID":"234684","fromID":"191695","toID":"191494","formEdgeID":null},{"edgeID":"234685","fromID":"191515","toID":"191696","formEdgeID":null},{"edgeID":"234686","fromID":"191696","toID":"191665","formEdgeID":null},{"edgeID":"234687","fromID":"191696","toID":"191697","formEdgeID":null},{"edgeID":"234688","fromID":"191697","toID":"191695","formEdgeID":null},{"edgeID":"234689","fromID":"191699","toID":"191700","formEdgeID":null},{"edgeID":"234690","fromID":"191698","toID":"191699","formEdgeID":null},{"edgeID":"234691","fromID":"191684","toID":"191702","formEdgeID":null},{"edgeID":"234692","fromID":"191702","toID":"191698","formEdgeID":null},{"edgeID":"234693","fromID":"191704","toID":"191705","formEdgeID":null},{"edgeID":"234694","fromID":"191703","toID":"191704","formEdgeID":null},{"edgeID":"234695","fromID":"191698","toID":"191707","formEdgeID":null},{"edgeID":"234696","fromID":"191707","toID":"191703","formEdgeID":null},{"edgeID":"234697","fromID":"191709","toID":"191710","formEdgeID":null},{"edgeID":"234698","fromID":"191708","toID":"191709","formEdgeID":null},{"edgeID":"234699","fromID":"191703","toID":"191712","formEdgeID":null},{"edgeID":"234700","fromID":"191712","toID":"191708","formEdgeID":null},{"edgeID":"234701","fromID":"191714","toID":"191715","formEdgeID":null},{"edgeID":"234702","fromID":"191713","toID":"191714","formEdgeID":null},{"edgeID":"234703","fromID":"191708","toID":"191717","formEdgeID":null},{"edgeID":"234704","fromID":"191717","toID":"191713","formEdgeID":null},{"edgeID":"234705","fromID":"191719","toID":"191720","formEdgeID":null},{"edgeID":"234706","fromID":"191718","toID":"191719","formEdgeID":null},{"edgeID":"234707","fromID":"191713","toID":"191722","formEdgeID":null},{"edgeID":"234708","fromID":"191722","toID":"191718","formEdgeID":null},{"edgeID":"234709","fromID":"191724","toID":"191725","formEdgeID":null},{"edgeID":"234710","fromID":"191723","toID":"191724","formEdgeID":null},{"edgeID":"234711","fromID":"191718","toID":"191727","formEdgeID":null},{"edgeID":"234712","fromID":"191727","toID":"191723","formEdgeID":null},{"edgeID":"234713","fromID":"191730","toID":"191731","formEdgeID":null},{"edgeID":"234714","fromID":"191729","toID":"191730","formEdgeID":null},{"edgeID":"234715","fromID":"191731","toID":"191732","formEdgeID":null},{"edgeID":"234716","fromID":"191732","toID":"191667","formEdgeID":null},{"edgeID":"234717","fromID":"191665","toID":"191733","formEdgeID":null},{"edgeID":"234718","fromID":"191733","toID":"191729","formEdgeID":null},{"edgeID":"234719","fromID":"191733","toID":"191734","formEdgeID":null},{"edgeID":"234720","fromID":"191734","toID":"191732","formEdgeID":null},{"edgeID":"234721","fromID":"191736","toID":"191737","formEdgeID":null},{"edgeID":"234722","fromID":"191735","toID":"191736","formEdgeID":null},{"edgeID":"234723","fromID":"191740","toID":"191741","formEdgeID":null},{"edgeID":"234724","fromID":"191739","toID":"191740","formEdgeID":null},{"edgeID":"234725","fromID":"191737","toID":"191743","formEdgeID":null},{"edgeID":"234726","fromID":"191743","toID":"191741","formEdgeID":null},{"edgeID":"234727","fromID":"191735","toID":"191744","formEdgeID":null},{"edgeID":"234728","fromID":"191744","toID":"191739","formEdgeID":null},{"edgeID":"234729","fromID":"191744","toID":"191745","formEdgeID":null},{"edgeID":"234730","fromID":"191745","toID":"191743","formEdgeID":null},{"edgeID":"234731","fromID":"191747","toID":"191748","formEdgeID":null},{"edgeID":"234732","fromID":"191746","toID":"191747","formEdgeID":null},{"edgeID":"234733","fromID":"191751","toID":"191752","formEdgeID":null},{"edgeID":"234734","fromID":"191750","toID":"191751","formEdgeID":null},{"edgeID":"234735","fromID":"191755","toID":"191756","formEdgeID":null},{"edgeID":"234736","fromID":"191754","toID":"191755","formEdgeID":null},{"edgeID":"234737","fromID":"191759","toID":"191760","formEdgeID":null},{"edgeID":"234738","fromID":"191758","toID":"191759","formEdgeID":null},{"edgeID":"234739","fromID":"191756","toID":"191762","formEdgeID":null},{"edgeID":"234740","fromID":"191762","toID":"191760","formEdgeID":null},{"edgeID":"234741","fromID":"191754","toID":"191763","formEdgeID":null},{"edgeID":"234742","fromID":"191763","toID":"191758","formEdgeID":null},{"edgeID":"234743","fromID":"191763","toID":"191764","formEdgeID":null},{"edgeID":"234744","fromID":"191764","toID":"191762","formEdgeID":null},{"edgeID":"234745","fromID":"191766","toID":"191767","formEdgeID":null},{"edgeID":"234746","fromID":"191765","toID":"191766","formEdgeID":null},{"edgeID":"234747","fromID":"191770","toID":"191771","formEdgeID":null},{"edgeID":"234748","fromID":"191769","toID":"191770","formEdgeID":null},{"edgeID":"234749","fromID":"191729","toID":"191773","formEdgeID":null},{"edgeID":"234750","fromID":"191773","toID":"191735","formEdgeID":null},{"edgeID":"234751","fromID":"191748","toID":"191774","formEdgeID":null},{"edgeID":"234752","fromID":"191774","toID":"191502","formEdgeID":null},{"edgeID":"234753","fromID":"191500","toID":"191775","formEdgeID":null},{"edgeID":"234754","fromID":"191775","toID":"191746","formEdgeID":null},{"edgeID":"234755","fromID":"191775","toID":"191776","formEdgeID":null},{"edgeID":"234756","fromID":"191776","toID":"191774","formEdgeID":null},{"edgeID":"234757","fromID":"191746","toID":"191777","formEdgeID":null},{"edgeID":"234758","fromID":"191777","toID":"191750","formEdgeID":null},{"edgeID":"234759","fromID":"191750","toID":"191778","formEdgeID":null},{"edgeID":"234760","fromID":"191778","toID":"191754","formEdgeID":null},{"edgeID":"234761","fromID":"191767","toID":"191779","formEdgeID":null},{"edgeID":"234762","fromID":"191779","toID":"191522","formEdgeID":null},{"edgeID":"234763","fromID":"191520","toID":"191780","formEdgeID":null},{"edgeID":"234764","fromID":"191780","toID":"191765","formEdgeID":null},{"edgeID":"234765","fromID":"191780","toID":"191781","formEdgeID":null},{"edgeID":"234766","fromID":"191781","toID":"191779","formEdgeID":null},{"edgeID":"234767","fromID":"191783","toID":"191784","formEdgeID":null},{"edgeID":"234768","fromID":"191782","toID":"191783","formEdgeID":null},{"edgeID":"234769","fromID":"191787","toID":"191788","formEdgeID":null},{"edgeID":"234770","fromID":"191786","toID":"191787","formEdgeID":null},{"edgeID":"234771","fromID":"191784","toID":"191790","formEdgeID":null},{"edgeID":"234772","fromID":"191790","toID":"191788","formEdgeID":null},{"edgeID":"234773","fromID":"191782","toID":"191791","formEdgeID":null},{"edgeID":"234774","fromID":"191791","toID":"191786","formEdgeID":null},{"edgeID":"234775","fromID":"191791","toID":"191792","formEdgeID":null},{"edgeID":"234776","fromID":"191792","toID":"191790","formEdgeID":null},{"edgeID":"234777","fromID":"191765","toID":"191793","formEdgeID":null},{"edgeID":"234778","fromID":"191793","toID":"191769","formEdgeID":null},{"edgeID":"234779","fromID":"191769","toID":"191794","formEdgeID":null},{"edgeID":"234780","fromID":"191794","toID":"191782","formEdgeID":null},{"edgeID":"234781","fromID":"191788","toID":"191795","formEdgeID":null},{"edgeID":"234782","fromID":"191795","toID":"191752","formEdgeID":null},{"edgeID":"234783","fromID":"191750","toID":"191796","formEdgeID":null},{"edgeID":"234784","fromID":"191796","toID":"191786","formEdgeID":null},{"edgeID":"234785","fromID":"191796","toID":"191797","formEdgeID":null},{"edgeID":"234786","fromID":"191797","toID":"191795","formEdgeID":null},{"edgeID":"234787","fromID":"191799","toID":"191800","formEdgeID":null},{"edgeID":"234788","fromID":"191798","toID":"191799","formEdgeID":null},{"edgeID":"234789","fromID":"191800","toID":"191802","formEdgeID":null},{"edgeID":"234790","fromID":"191802","toID":"191771","formEdgeID":null},{"edgeID":"234791","fromID":"191769","toID":"191803","formEdgeID":null},{"edgeID":"234792","fromID":"191803","toID":"191798","formEdgeID":null},{"edgeID":"234793","fromID":"191803","toID":"191804","formEdgeID":null},{"edgeID":"234794","fromID":"191804","toID":"191802","formEdgeID":null},{"edgeID":"234795","fromID":"191806","toID":"191807","formEdgeID":null},{"edgeID":"234796","fromID":"191805","toID":"191806","formEdgeID":null},{"edgeID":"234797","fromID":"191798","toID":"191809","formEdgeID":null},{"edgeID":"234798","fromID":"191809","toID":"191805","formEdgeID":null},{"edgeID":"234799","fromID":"191811","toID":"191812","formEdgeID":null},{"edgeID":"234800","fromID":"191810","toID":"191811","formEdgeID":null},{"edgeID":"234801","fromID":"191812","toID":"191814","formEdgeID":null},{"edgeID":"234802","fromID":"191814","toID":"191502","formEdgeID":null},{"edgeID":"234803","fromID":"191500","toID":"191815","formEdgeID":null},{"edgeID":"234804","fromID":"191815","toID":"191810","formEdgeID":null},{"edgeID":"234805","fromID":"191815","toID":"191816","formEdgeID":null},{"edgeID":"234806","fromID":"191816","toID":"191814","formEdgeID":null}],"locutions":[]}