{"nodes":[{"nodeID":"202514","text":"Alienm00se : Anderson : What's the difference between you and Obama","type":"L","timestamp":"2016-09-26 12:57:06"},{"nodeID":"202515","text":"the difference between Hillary Clinton and Barack Obama is xxx","type":"I","timestamp":"2016-09-26 12:57:06"},{"nodeID":"202516","text":"Barbara: Anderson : What's the difference between you and Obama","type":"L","timestamp":"2016-09-26 12:57:06"},{"nodeID":"202517","text":"Barbara: Clifford : she receives massive applause, incredible","type":"L","timestamp":"2016-09-26 12:57:06"},{"nodeID":"202518","text":"Barbara: Alienm00se : Anderson : What's the difference between you and Obama","type":"L","timestamp":"2016-09-26 12:57:07"},{"nodeID":"202520","text":"Anderson : the difference between Hillary Clinton and Barack Obama is xxx","type":"L","timestamp":"2016-09-26 12:57:07"},{"nodeID":"202521","text":"Barbara: Anderson : the difference between Hillary Clinton and Barack Obama is xxx","type":"L","timestamp":"2016-09-26 12:57:07"},{"nodeID":"202523","text":"Alienm00se : Hillary : VAGINA","type":"L","timestamp":"2016-09-26 12:57:07"},{"nodeID":"202524","text":"the difference between Hillary Clinton and Barack Obama is VAGINA","type":"I","timestamp":"2016-09-26 12:57:07"},{"nodeID":"202525","text":"Barbara: Hillary : VAGINA","type":"L","timestamp":"2016-09-26 12:57:07"},{"nodeID":"202526","text":"Barbara: [deleted] : Hillary : VAGINA","type":"L","timestamp":"2016-09-26 12:57:07"},{"nodeID":"202528","text":"Hillary : VAGINA","type":"L","timestamp":"2016-09-26 12:57:07"},{"nodeID":"202529","text":"Barbara: Hillary : the difference between Hillary Clinton and Barack Obama is VAGINA","type":"L","timestamp":"2016-09-26 12:57:08"},{"nodeID":"202531","text":"[deleted] : she receives massive applause, incredible","type":"L","timestamp":"2016-09-26 12:57:08"},{"nodeID":"202533","text":"Hillary Clinton receives massive applause, incredible","type":"I","timestamp":"2016-09-26 12:57:08"},{"nodeID":"202534","text":"Barbara: [deleted] : she receives massive applause, incredible","type":"L","timestamp":"2016-09-26 12:57:08"},{"nodeID":"202535","text":"martymcflyer : wooohoooo for the feminist party as a subset of the democratic party","type":"L","timestamp":"2016-09-26 12:57:08"},{"nodeID":"202537","text":"wooohoooo for the feminist party as a subset of the democratic party","type":"I","timestamp":"2016-09-26 12:57:08"},{"nodeID":"202538","text":"Barbara: martymcflyer : wooohoooo for the feminist party as a subset of the democratic party","type":"L","timestamp":"2016-09-26 12:57:08"},{"nodeID":"202539","text":"martymcflyer : I'm a woman = that's all I need to be better","type":"L","timestamp":"2016-09-26 12:57:08"},{"nodeID":"202541","text":"I'm a woman = that's all I need to be better","type":"I","timestamp":"2016-09-26 12:57:09"},{"nodeID":"202542","text":"Barbara: martymcflyer : 'm a woman = that's all I need to be better","type":"L","timestamp":"2016-09-26 12:57:09"},{"nodeID":"202543","text":"martymcflyer : GG merit out the window boys praise be our woman overlords","type":"L","timestamp":"2016-09-26 12:57:09"},{"nodeID":"202545","text":"GG merit out the window boys praise be our woman overlords","type":"I","timestamp":"2016-09-26 12:57:09"},{"nodeID":"202546","text":"Barbara: martymcflyer : GG merit out the window boys praise be our woman overlords","type":"L","timestamp":"2016-09-26 12:57:09"},{"nodeID":"202547","text":"smith-smythesmith : Embarrassing moment","type":"L","timestamp":"2016-09-26 12:57:10"},{"nodeID":"202549","text":"Hillary Clinton receiving huge applause for her answer was an embarrassing moment","type":"I","timestamp":"2016-09-26 12:57:10"},{"nodeID":"202550","text":"Barbara: smith-smythesmith : Embarrassing moment","type":"L","timestamp":"2016-09-26 12:57:10"},{"nodeID":"202551","text":"smith-smythesmith : Reminded me of the behavior of Republican crowds we like to ridicule so much here","type":"L","timestamp":"2016-09-26 12:57:10"},{"nodeID":"202553","text":"reminded me of the behavior of Republican crowds we like to ridicule so much here","type":"I","timestamp":"2016-09-26 12:57:10"},{"nodeID":"202554","text":"Barbara: smith-smythesmith : Reminded me of the behavior of Republican crowds we like to ridicule so much here","type":"L","timestamp":"2016-09-26 12:57:10"},{"nodeID":"202558","text":"noot : https:\/\/youtu.be\/Vnu8FOTwM2U?t=1m5s","type":"L","timestamp":"2016-09-26 12:57:11"},{"nodeID":"202560","text":"https:\/\/youtu.be\/Vnu8FOTwM2U?t=1m5s","type":"I","timestamp":"2016-09-26 12:57:11"},{"nodeID":"202561","text":"Barbara: noot : https:\/\/youtu.be\/Vnu8FOTwM2U?t=1m5s","type":"L","timestamp":"2016-09-26 12:57:11"},{"nodeID":"202563","text":"joey6957 : lmao","type":"L","timestamp":"2016-09-26 12:57:11"},{"nodeID":"202565","text":"lmao","type":"I","timestamp":"2016-09-26 12:57:11"},{"nodeID":"202566","text":"Barbara: joey6957 : lmao","type":"L","timestamp":"2016-09-26 12:57:11"},{"nodeID":"202568","text":"88sporty :  her whole argument this debate has been \"Me, me, me...me,me...me,me,me. Vagina.\"","type":"L","timestamp":"2016-09-26 12:57:11"},{"nodeID":"202570","text":"Clinton's whole argument this debate has been \"Me, me, me...me,me...me,me,me. Vagina.\"","type":"I","timestamp":"2016-09-26 12:57:12"},{"nodeID":"202571","text":"Barbara: 88sporty :  her whole argument this debate has been \"Me, me, me...me,me...me,me,me. Vagina.\"","type":"L","timestamp":"2016-09-26 12:57:12"},{"nodeID":"202572","text":"Barbara: Clifford : it's kinda true","type":"L","timestamp":"2016-09-26 12:57:12"},{"nodeID":"202573","text":"[deleted] :  it's kinda true","type":"L","timestamp":"2016-09-26 12:57:12"},{"nodeID":"202574","text":"Barbara: [deleted] :  it's kinda true","type":"L","timestamp":"2016-09-26 12:57:12"},{"nodeID":"202577","text":"DontRockTheGoat : She says she doesn't want to be recognized as just another Clinton","type":"L","timestamp":"2016-09-26 12:57:12"},{"nodeID":"202579","text":"Hillary Clinton says she doesn't want to be recognized as just another Clinton","type":"I","timestamp":"2016-09-26 12:57:12"},{"nodeID":"202580","text":"Barbara: DontRockTheGoat : She says she doesn't want to be recognized as just another Clinton","type":"L","timestamp":"2016-09-26 12:57:13"},{"nodeID":"202581","text":"DontRockTheGoat : apparently her being a woman is something we should all take note of","type":"L","timestamp":"2016-09-26 12:57:13"},{"nodeID":"202584","text":"Barbara: DontRockTheGoat : apparently her being a woman is something we should all take note of","type":"L","timestamp":"2016-09-26 12:57:13"},{"nodeID":"202585","text":"DontRockTheGoat : What a crock of shit","type":"L","timestamp":"2016-09-26 12:57:13"},{"nodeID":"202587","text":"Hillary Clinton is a crock of shit","type":"I","timestamp":"2016-09-26 12:57:13"},{"nodeID":"202588","text":"Barbara: DontRockTheGoat : What a crock of shit","type":"L","timestamp":"2016-09-26 12:57:13"},{"nodeID":"202594","text":"Barbara: Anderson : Im sorry Mr. Chafee, but that question was directed at Hillary.","type":"L","timestamp":"2016-09-26 12:57:14"},{"nodeID":"202595","text":"Barbara: WaffleConeNate : Anderson : Im sorry Mr. Chafee, but that question was directed at Hillary.","type":"L","timestamp":"2016-09-26 12:57:14"},{"nodeID":"202599","text":"MrTittyFingers : it's basically the biggest difference they have","type":"L","timestamp":"2016-09-26 12:57:14"},{"nodeID":"202601","text":"gender is basically the biggest difference Barack Obama and Hillary Clinton have","type":"I","timestamp":"2016-09-26 12:57:15"},{"nodeID":"202603","text":"Barbara: MrTittyFingers : it's basically the biggest difference they have","type":"L","timestamp":"2016-09-26 12:57:15"},{"nodeID":"202604","text":"Pure Questioning","type":"YA","timestamp":"2016-09-27 10:14:36","scheme":"PureQuestioning","schemeID":"91"},{"nodeID":"202605","text":"Asserting","type":"YA","timestamp":"2016-09-27 10:14:36","scheme":"Asserting","schemeID":"74"},{"nodeID":"202606","text":"Asserting","type":"YA","timestamp":"2016-09-27 10:14:37","scheme":"Asserting","schemeID":"74"},{"nodeID":"202607","text":"Asserting","type":"YA","timestamp":"2016-09-27 10:14:37","scheme":"Asserting","schemeID":"74"},{"nodeID":"202608","text":"Asserting","type":"YA","timestamp":"2016-09-27 10:14:37","scheme":"Asserting","schemeID":"74"},{"nodeID":"202609","text":"Asserting","type":"YA","timestamp":"2016-09-27 10:14:37","scheme":"Asserting","schemeID":"74"},{"nodeID":"202610","text":"Asserting","type":"YA","timestamp":"2016-09-27 10:14:38","scheme":"Asserting","schemeID":"74"},{"nodeID":"202611","text":"Asserting","type":"YA","timestamp":"2016-09-27 10:14:38","scheme":"Asserting","schemeID":"74"},{"nodeID":"202612","text":"Asserting","type":"YA","timestamp":"2016-09-27 10:14:39","scheme":"Asserting","schemeID":"74"},{"nodeID":"202613","text":"Asserting","type":"YA","timestamp":"2016-09-27 10:14:39","scheme":"Asserting","schemeID":"74"},{"nodeID":"202614","text":"Default Inference","type":"RA","timestamp":"2016-09-27 10:14:39","scheme":"Default Inference","schemeID":"72"},{"nodeID":"202615","text":"Default Transition","type":"TA","timestamp":"2016-09-27 10:14:39","scheme":"Default Transition","schemeID":"82"},{"nodeID":"202616","text":"Arguing","type":"YA","timestamp":"2016-09-27 10:14:39","scheme":"Arguing","schemeID":"80"},{"nodeID":"202617","text":"Asserting","type":"YA","timestamp":"2016-09-27 10:14:40","scheme":"Asserting","schemeID":"74"},{"nodeID":"202618","text":"Default Transition","type":"TA","timestamp":"2016-09-27 10:14:40","scheme":"Default Transition","schemeID":"82"},{"nodeID":"202619","text":"Asserting","type":"YA","timestamp":"2016-09-27 10:14:40","scheme":"Asserting","schemeID":"74"},{"nodeID":"202620","text":"Default Transition","type":"TA","timestamp":"2016-09-27 10:14:40","scheme":"Default Transition","schemeID":"82"},{"nodeID":"202621","text":"Asserting","type":"YA","timestamp":"2016-09-27 10:14:41","scheme":"Asserting","schemeID":"74"},{"nodeID":"202622","text":"Default Transition","type":"TA","timestamp":"2016-09-27 10:14:41","scheme":"Default Transition","schemeID":"82"},{"nodeID":"202623","text":"Agreeing","type":"YA","timestamp":"2016-09-27 10:14:42","scheme":"Agreeing","schemeID":"77"},{"nodeID":"202624","text":"Asserting","type":"YA","timestamp":"2016-09-27 10:14:42","scheme":"Asserting","schemeID":"74"},{"nodeID":"202625","text":"Asserting","type":"YA","timestamp":"2016-09-27 10:14:42","scheme":"Asserting","schemeID":"74"},{"nodeID":"202626","text":"apparently Hillary Clinton being a woman is something we should all take note of","type":"I","timestamp":"2016-09-27 10:14:42"},{"nodeID":"202627","text":"Asserting","type":"YA","timestamp":"2016-09-27 10:14:43","scheme":"Asserting","schemeID":"74"},{"nodeID":"202628","text":"Default Inference","type":"RA","timestamp":"2016-09-27 10:14:43","scheme":"Default Inference","schemeID":"72"},{"nodeID":"202629","text":"Default Transition","type":"TA","timestamp":"2016-09-27 10:14:43","scheme":"Default Transition","schemeID":"82"},{"nodeID":"202630","text":"Arguing","type":"YA","timestamp":"2016-09-27 10:14:43","scheme":"Arguing","schemeID":"80"},{"nodeID":"202631","text":"WaffleConeNate : Anderson : Im sorry Mr. Chafee, but that question was directed at Hillary","type":"L","timestamp":"2016-09-27 10:14:43"},{"nodeID":"202632","text":"Im sorry Mr. Chafee, but that question was directed at Hillary","type":"I","timestamp":"2016-09-27 10:14:43"},{"nodeID":"202633","text":"Asserting","type":"YA","timestamp":"2016-09-27 10:14:44","scheme":"Asserting","schemeID":"74"},{"nodeID":"202634","text":"Anderson : Im sorry Mr. Chafee, but that question was directed at Hillary","type":"L","timestamp":"2016-09-27 10:14:44"},{"nodeID":"202635","text":"Asserting","type":"YA","timestamp":"2016-09-27 10:14:44","scheme":"Asserting","schemeID":"74"},{"nodeID":"202636","text":"Default Rephrase","type":"MA","timestamp":"2016-09-27 10:14:44","scheme":"Default Rephrase","schemeID":"144"},{"nodeID":"202637","text":"Default Transition","type":"TA","timestamp":"2016-09-27 10:14:44","scheme":"Default Transition","schemeID":"82"},{"nodeID":"202638","text":"Default Illocuting","type":"YA","timestamp":"2016-09-27 10:14:44","scheme":"Default Illocuting","schemeID":"168"},{"nodeID":"202639","text":"Default Transition","type":"TA","timestamp":"2016-09-27 10:14:44","scheme":"Default Transition","schemeID":"82"},{"nodeID":"202640","text":"Default Transition","type":"TA","timestamp":"2016-09-27 10:14:45","scheme":"Default Transition","schemeID":"82"},{"nodeID":"202641","text":"Default Inference","type":"RA","timestamp":"2016-09-27 10:14:45","scheme":"Default Inference","schemeID":"72"},{"nodeID":"202642","text":"Default Transition","type":"TA","timestamp":"2016-09-27 10:14:45","scheme":"Default Transition","schemeID":"82"},{"nodeID":"202643","text":"Arguing","type":"YA","timestamp":"2016-09-27 10:14:45","scheme":"Arguing","schemeID":"80"},{"nodeID":"202644","text":"Default Transition","type":"TA","timestamp":"2016-09-27 10:14:45","scheme":"Default Transition","schemeID":"82"},{"nodeID":"202645","text":"Default Rephrase","type":"MA","timestamp":"2016-09-27 10:14:45","scheme":"Default Rephrase","schemeID":"144"},{"nodeID":"202646","text":"Default Transition","type":"TA","timestamp":"2016-09-27 10:14:45","scheme":"Default Transition","schemeID":"82"},{"nodeID":"202647","text":"Restating","type":"YA","timestamp":"2016-09-27 10:14:45","scheme":"Restating","schemeID":"101"},{"nodeID":"202648","text":"Default Inference","type":"RA","timestamp":"2016-09-27 10:14:45","scheme":"Default Inference","schemeID":"72"},{"nodeID":"202649","text":"Default Transition","type":"TA","timestamp":"2016-09-27 10:14:45","scheme":"Default Transition","schemeID":"82"},{"nodeID":"202650","text":"Arguing","type":"YA","timestamp":"2016-09-27 10:14:45","scheme":"Arguing","schemeID":"80"},{"nodeID":"202651","text":"Default Inference","type":"RA","timestamp":"2016-09-27 10:14:46","scheme":"Default Inference","schemeID":"72"},{"nodeID":"202652","text":"Default Transition","type":"TA","timestamp":"2016-09-27 10:14:46","scheme":"Default Transition","schemeID":"82"},{"nodeID":"202653","text":"Arguing","type":"YA","timestamp":"2016-09-27 10:14:46","scheme":"Arguing","schemeID":"80"},{"nodeID":"202654","text":"Default Transition","type":"TA","timestamp":"2016-09-27 10:14:46","scheme":"Default Transition","schemeID":"82"},{"nodeID":"202655","text":"Default Inference","type":"RA","timestamp":"2016-09-27 10:14:46","scheme":"Default Inference","schemeID":"72"},{"nodeID":"202656","text":"Default Transition","type":"TA","timestamp":"2016-09-27 10:14:46","scheme":"Default Transition","schemeID":"82"},{"nodeID":"202657","text":"Asserting","type":"YA","timestamp":"2016-09-27 10:14:46","scheme":"Asserting","schemeID":"74"},{"nodeID":"202658","text":"Arguing","type":"YA","timestamp":"2016-09-27 10:14:46","scheme":"Arguing","schemeID":"80"}],"edges":[{"edgeID":"247490","fromID":"202604","toID":"202515","formEdgeID":null},{"edgeID":"247491","fromID":"202520","toID":"202604","formEdgeID":null},{"edgeID":"247492","fromID":"202514","toID":"202605","formEdgeID":null},{"edgeID":"247493","fromID":"202605","toID":"202520","formEdgeID":null},{"edgeID":"247494","fromID":"202606","toID":"202524","formEdgeID":null},{"edgeID":"247495","fromID":"202528","toID":"202606","formEdgeID":null},{"edgeID":"247496","fromID":"202523","toID":"202607","formEdgeID":null},{"edgeID":"247497","fromID":"202607","toID":"202528","formEdgeID":null},{"edgeID":"247498","fromID":"202608","toID":"202533","formEdgeID":null},{"edgeID":"247499","fromID":"202531","toID":"202608","formEdgeID":null},{"edgeID":"247500","fromID":"202609","toID":"202537","formEdgeID":null},{"edgeID":"247501","fromID":"202535","toID":"202609","formEdgeID":null},{"edgeID":"247502","fromID":"202610","toID":"202541","formEdgeID":null},{"edgeID":"247503","fromID":"202539","toID":"202610","formEdgeID":null},{"edgeID":"247504","fromID":"202611","toID":"202545","formEdgeID":null},{"edgeID":"247505","fromID":"202543","toID":"202611","formEdgeID":null},{"edgeID":"247506","fromID":"202612","toID":"202549","formEdgeID":null},{"edgeID":"247507","fromID":"202547","toID":"202612","formEdgeID":null},{"edgeID":"247508","fromID":"202613","toID":"202553","formEdgeID":null},{"edgeID":"247509","fromID":"202551","toID":"202613","formEdgeID":null},{"edgeID":"247510","fromID":"202553","toID":"202614","formEdgeID":null},{"edgeID":"247511","fromID":"202614","toID":"202549","formEdgeID":null},{"edgeID":"247512","fromID":"202547","toID":"202615","formEdgeID":null},{"edgeID":"247513","fromID":"202615","toID":"202551","formEdgeID":null},{"edgeID":"247514","fromID":"202615","toID":"202616","formEdgeID":null},{"edgeID":"247515","fromID":"202616","toID":"202614","formEdgeID":null},{"edgeID":"247516","fromID":"202617","toID":"202560","formEdgeID":null},{"edgeID":"247517","fromID":"202558","toID":"202617","formEdgeID":null},{"edgeID":"247518","fromID":"202551","toID":"202618","formEdgeID":null},{"edgeID":"247519","fromID":"202618","toID":"202558","formEdgeID":null},{"edgeID":"247520","fromID":"202619","toID":"202565","formEdgeID":null},{"edgeID":"247521","fromID":"202563","toID":"202619","formEdgeID":null},{"edgeID":"247522","fromID":"202558","toID":"202620","formEdgeID":null},{"edgeID":"247523","fromID":"202620","toID":"202563","formEdgeID":null},{"edgeID":"247524","fromID":"202621","toID":"202570","formEdgeID":null},{"edgeID":"247525","fromID":"202568","toID":"202621","formEdgeID":null},{"edgeID":"247526","fromID":"202568","toID":"202622","formEdgeID":null},{"edgeID":"247527","fromID":"202622","toID":"202573","formEdgeID":null},{"edgeID":"247528","fromID":"202622","toID":"202623","formEdgeID":null},{"edgeID":"247529","fromID":"202623","toID":"202570","formEdgeID":null},{"edgeID":"247530","fromID":"202624","toID":"202579","formEdgeID":null},{"edgeID":"247531","fromID":"202577","toID":"202624","formEdgeID":null},{"edgeID":"247532","fromID":"202625","toID":"202626","formEdgeID":null},{"edgeID":"247533","fromID":"202581","toID":"202625","formEdgeID":null},{"edgeID":"247534","fromID":"202627","toID":"202587","formEdgeID":null},{"edgeID":"247535","fromID":"202585","toID":"202627","formEdgeID":null},{"edgeID":"247536","fromID":"202579","toID":"202628","formEdgeID":null},{"edgeID":"247537","fromID":"202628","toID":"202587","formEdgeID":null},{"edgeID":"247538","fromID":"202626","toID":"202628","formEdgeID":null},{"edgeID":"247539","fromID":"202577","toID":"202629","formEdgeID":null},{"edgeID":"247540","fromID":"202629","toID":"202585","formEdgeID":null},{"edgeID":"247541","fromID":"202581","toID":"202629","formEdgeID":null},{"edgeID":"247542","fromID":"202629","toID":"202630","formEdgeID":null},{"edgeID":"247543","fromID":"202630","toID":"202628","formEdgeID":null},{"edgeID":"247544","fromID":"202633","toID":"202632","formEdgeID":null},{"edgeID":"247545","fromID":"202634","toID":"202633","formEdgeID":null},{"edgeID":"247546","fromID":"202635","toID":"202601","formEdgeID":null},{"edgeID":"247547","fromID":"202599","toID":"202635","formEdgeID":null},{"edgeID":"247548","fromID":"202524","toID":"202636","formEdgeID":null},{"edgeID":"247549","fromID":"202636","toID":"202515","formEdgeID":null},{"edgeID":"247550","fromID":"202514","toID":"202637","formEdgeID":null},{"edgeID":"247551","fromID":"202637","toID":"202523","formEdgeID":null},{"edgeID":"247552","fromID":"202637","toID":"202638","formEdgeID":null},{"edgeID":"247553","fromID":"202638","toID":"202636","formEdgeID":null},{"edgeID":"247554","fromID":"202523","toID":"202639","formEdgeID":null},{"edgeID":"247555","fromID":"202639","toID":"202531","formEdgeID":null},{"edgeID":"247556","fromID":"202531","toID":"202640","formEdgeID":null},{"edgeID":"247557","fromID":"202640","toID":"202535","formEdgeID":null},{"edgeID":"247558","fromID":"202541","toID":"202641","formEdgeID":null},{"edgeID":"247559","fromID":"202641","toID":"202528","formEdgeID":null},{"edgeID":"247560","fromID":"202523","toID":"202642","formEdgeID":null},{"edgeID":"247561","fromID":"202642","toID":"202539","formEdgeID":null},{"edgeID":"247562","fromID":"202642","toID":"202643","formEdgeID":null},{"edgeID":"247563","fromID":"202643","toID":"202641","formEdgeID":null},{"edgeID":"247564","fromID":"202539","toID":"202644","formEdgeID":null},{"edgeID":"247565","fromID":"202644","toID":"202543","formEdgeID":null},{"edgeID":"247566","fromID":"202549","toID":"202645","formEdgeID":null},{"edgeID":"247567","fromID":"202645","toID":"202533","formEdgeID":null},{"edgeID":"247568","fromID":"202531","toID":"202646","formEdgeID":null},{"edgeID":"247569","fromID":"202646","toID":"202547","formEdgeID":null},{"edgeID":"247570","fromID":"202646","toID":"202647","formEdgeID":null},{"edgeID":"247571","fromID":"202647","toID":"202645","formEdgeID":null},{"edgeID":"247572","fromID":"202528","toID":"202648","formEdgeID":null},{"edgeID":"247573","fromID":"202648","toID":"202570","formEdgeID":null},{"edgeID":"247574","fromID":"202523","toID":"202649","formEdgeID":null},{"edgeID":"247575","fromID":"202649","toID":"202568","formEdgeID":null},{"edgeID":"247576","fromID":"202649","toID":"202650","formEdgeID":null},{"edgeID":"247577","fromID":"202650","toID":"202648","formEdgeID":null},{"edgeID":"247578","fromID":"202570","toID":"202651","formEdgeID":null},{"edgeID":"247579","fromID":"202651","toID":"202626","formEdgeID":null},{"edgeID":"247580","fromID":"202568","toID":"202652","formEdgeID":null},{"edgeID":"247581","fromID":"202652","toID":"202581","formEdgeID":null},{"edgeID":"247582","fromID":"202652","toID":"202653","formEdgeID":null},{"edgeID":"247583","fromID":"202653","toID":"202651","formEdgeID":null},{"edgeID":"247584","fromID":"202585","toID":"202654","formEdgeID":null},{"edgeID":"247585","fromID":"202654","toID":"202631","formEdgeID":null},{"edgeID":"247586","fromID":"202601","toID":"202655","formEdgeID":null},{"edgeID":"247587","fromID":"202655","toID":"202626","formEdgeID":null},{"edgeID":"247588","fromID":"202581","toID":"202656","formEdgeID":null},{"edgeID":"247589","fromID":"202656","toID":"202599","formEdgeID":null},{"edgeID":"247590","fromID":"202631","toID":"202657","formEdgeID":null},{"edgeID":"247591","fromID":"202657","toID":"202634","formEdgeID":null},{"edgeID":"247592","fromID":"202656","toID":"202658","formEdgeID":null},{"edgeID":"247593","fromID":"202658","toID":"202655","formEdgeID":null}],"locutions":[{"nodeID":"202520","personID":"2343","timestamp":"2016-09-26 12:57:18","start":null,"end":null,"source":null},{"nodeID":"202528","personID":"1850","timestamp":"2016-09-26 12:57:18","start":null,"end":null,"source":null},{"nodeID":"202520","personID":"2343","timestamp":"2016-09-27 10:14:52","start":null,"end":null,"source":null},{"nodeID":"202528","personID":"1850","timestamp":"2016-09-27 10:14:52","start":null,"end":null,"source":null},{"nodeID":"202634","personID":"2343","timestamp":"2016-09-27 10:14:52","start":null,"end":null,"source":null},{"nodeID":"202577","personID":"2354","timestamp":"2016-10-31 19:18:18","start":null,"end":null,"source":null}]}