{"nodes":[{"nodeID":"185151","text":"jimmb06 : fun fact,The top 10 percent of income earners paid 68 percent of all federal income taxes in 2011 (the latest year available), though they earned 45 percent of all income","type":"L","timestamp":"2016-07-28 11:46:58"},{"nodeID":"185153","text":"the top 10 percent of income earners paid 68 percent of all federal income taxes in 2011 (the latest year available), though they earned 45 percent of all income","type":"I","timestamp":"2016-07-28 11:46:58"},{"nodeID":"185154","text":"Barbara: jimmb06 : fun fact,The top 10 percent of income earners paid 68 percent of all federal income taxes in 2011 (the latest year available), though they earned 45 percent of all income","type":"L","timestamp":"2016-07-28 11:46:58"},{"nodeID":"185155","text":"jimmb06 : The bottom 50 percent paid 3 percent of income taxes, but earned 12 percent of income","type":"L","timestamp":"2016-07-28 11:46:58"},{"nodeID":"185157","text":"the bottom 50 percent paid 3 percent of income taxes, but earned 12 percent of income","type":"I","timestamp":"2016-07-28 11:46:58"},{"nodeID":"185158","text":"Barbara: jimmb06 : The bottom 50 percent paid 3 percent of income taxes, but earned 12 percent of income","type":"L","timestamp":"2016-07-28 11:46:59"},{"nodeID":"185159","text":"Barbara: jimmb06 : I'd love to see a retort to this, as i know a lot of you are for MORE of this","type":"L","timestamp":"2016-07-28 11:46:59"},{"nodeID":"185160","text":"jimmb06 : I'd love to see a retort to this","type":"L","timestamp":"2016-07-28 11:46:59"},{"nodeID":"185162","text":"I'd love to see a retort to this","type":"I","timestamp":"2016-07-28 11:46:59"},{"nodeID":"185163","text":"Barbara: jimmb06 : I'd love to see a retort to this","type":"L","timestamp":"2016-07-28 11:46:59"},{"nodeID":"185164","text":"jimmb06 : i know a lot of you are for MORE of this","type":"L","timestamp":"2016-07-28 11:46:59"},{"nodeID":"185166","text":"i know a lot of you are for MORE of this","type":"I","timestamp":"2016-07-28 11:46:59"},{"nodeID":"185167","text":"Barbara: jimmb06 : i know a lot of you are for MORE of this","type":"L","timestamp":"2016-07-28 11:46:59"},{"nodeID":"185170","text":"the bottom fifty percent cannot afford it","type":"I","timestamp":"2016-07-28 11:47:00"},{"nodeID":"185171","text":"Barbara: liamliam1234liam : Because the bottom fifty percent cannot afford it?","type":"L","timestamp":"2016-07-28 11:47:00"},{"nodeID":"185172","text":"liamliam1234liam :  There is no retort","type":"L","timestamp":"2016-07-28 11:47:00"},{"nodeID":"185174","text":"there is no retort","type":"I","timestamp":"2016-07-28 11:47:00"},{"nodeID":"185175","text":"Barbara: liamliam1234liam :  There is no retort","type":"L","timestamp":"2016-07-28 11:47:00"},{"nodeID":"185176","text":"liamliam1234liam : It absolutely should be that way","type":"L","timestamp":"2016-07-28 11:47:00"},{"nodeID":"185178","text":"it absolutely should be that way","type":"I","timestamp":"2016-07-28 11:47:00"},{"nodeID":"185179","text":"Barbara: liamliam1234liam : It absolutely should be that way","type":"L","timestamp":"2016-07-28 11:47:00"},{"nodeID":"185191","text":"Barbara: liamliam1234liam : In the fifties and sixties the income tax rate on the nation's wealthiest citizens was ninety percent","type":"L","timestamp":"2016-07-28 11:47:01"},{"nodeID":"185192","text":"Barbara: liamliam1234liam : the country as a whole was much more successful","type":"L","timestamp":"2016-07-28 11:47:01"},{"nodeID":"185196","text":"liamliam1234liam : I guess you can try to argue fairness","type":"L","timestamp":"2016-07-28 11:47:02"},{"nodeID":"185198","text":"I guess you can try to argue fairness","type":"I","timestamp":"2016-07-28 11:47:02"},{"nodeID":"185199","text":"Barbara: liamliam1234liam : I guess you can try to argue fairness","type":"L","timestamp":"2016-07-28 11:47:02"},{"nodeID":"185200","text":"liamliam1234liam : I do not think it is fair for some people to have nothing while others have everything and then try to prevent you from spreading some of that everything to the people who have nothing","type":"L","timestamp":"2016-07-28 11:47:02"},{"nodeID":"185202","text":"I do not think it is fair for some people to have nothing while others have everything and then try to prevent you from spreading some of that everything to the people who have nothing","type":"I","timestamp":"2016-07-28 11:47:02"},{"nodeID":"185203","text":"Barbara: liamliam1234liam : I do not think it is fair for some people to have nothing while others have everything and then try to prevent you from spreading some of that everything to the people who have nothing","type":"L","timestamp":"2016-07-28 11:47:02"},{"nodeID":"185207","text":"liamliam1234liam : In the fifties and sixties the income tax rate on the nation's wealthiest citizens was ninety percent, and as a result the country as a whole was much more successful.","type":"L","timestamp":"2016-07-28 11:47:03"},{"nodeID":"185208","text":"Barbara: liamliam1234liam : In the fifties and sixties the income tax rate on the nation's wealthiest citizens was ninety percent, and as a result the country as a whole was much more successful.","type":"L","timestamp":"2016-07-28 11:47:03"},{"nodeID":"185209","text":"jimmb06 : liamliam1234liam : In the fifties and sixties the income tax rate on the nation's wealthiest citizens was ninety percent, and as a result the country as a whole was much more successful.","type":"L","timestamp":"2016-07-28 11:47:03"},{"nodeID":"185210","text":"Barbara: jimmb06 : jimmb06:","type":"L","timestamp":"2016-07-28 11:47:03"},{"nodeID":"185212","text":"Barbara: liamliam1234liam : \"","type":"L","timestamp":"2016-07-28 11:47:03"},{"nodeID":"185213","text":"Barbara: jimmb06 : source please","type":"L","timestamp":"2016-07-28 11:47:03"},{"nodeID":"185214","text":"liamliam1234liam : Here: http:\/\/eml.berkeley.edu\/\/~saez\/piketty-saezJEP07taxprog.pdf","type":"L","timestamp":"2016-07-28 11:47:03"},{"nodeID":"185216","text":"Here: http:\/\/eml.berkeley.edu\/\/~saez\/piketty-saezJEP07taxprog.pdf","type":"I","timestamp":"2016-07-28 11:47:03"},{"nodeID":"185217","text":"Barbara: liamliam1234liam : Here: http:\/\/eml.berkeley.edu\/\/~saez\/piketty-saezJEP07taxprog.pdf","type":"L","timestamp":"2016-07-28 11:47:04"},{"nodeID":"185218","text":"liamliam1234liam :  In the fifties and sixties the income tax rate on the nation's wealthiest citizens was ninety percent, and as a result the country as a whole was much more successful","type":"L","timestamp":"2016-07-28 11:47:04"},{"nodeID":"185220","text":"In the fifties and sixties the income tax rate on the nation's wealthiest citizens was ninety percent, and as a result the country as a whole was much more successful","type":"I","timestamp":"2016-07-28 11:47:04"},{"nodeID":"185221","text":"Barbara: liamliam1234liam :  In the fifties and sixties the income tax rate on the nation's wealthiest citizens was ninety percent, and as a result the country as a whole was much more successful","type":"L","timestamp":"2016-07-28 11:47:04"},{"nodeID":"185227","text":"jimmb06 : source please","type":"L","timestamp":"2016-07-28 11:47:04"},{"nodeID":"185229","text":"source please","type":"I","timestamp":"2016-07-28 11:47:05"},{"nodeID":"185230","text":"Barbara: jimmb06 : ource please","type":"L","timestamp":"2016-07-28 11:47:05"},{"nodeID":"185235","text":"liamliam1234liam : I do not have a lot of time to research further","type":"L","timestamp":"2016-07-28 11:47:05"},{"nodeID":"185237","text":"I do not have a lot of time to research further","type":"I","timestamp":"2016-07-28 11:47:05"},{"nodeID":"185238","text":"Barbara: liamliam1234liam : I do not have a lot of time to research further","type":"L","timestamp":"2016-07-28 11:47:05"},{"nodeID":"185239","text":"liamliam1234liam : when I refer to national success, I mean the middle class was far stronger (comparatively wealthier, had more employment benefits despite no real difference in relative pay, etc.), and the poor were also not struggling as much (although it was still generally bad for them)","type":"L","timestamp":"2016-07-28 11:47:05"},{"nodeID":"185241","text":"when I refer to national success, I mean the middle class was far stronger (comparatively wealthier, had more employment benefits despite no real difference in relative pay, etc.), and the poor were also not struggling as much (although it was still generally bad for them)","type":"I","timestamp":"2016-07-28 11:47:06"},{"nodeID":"185242","text":"Barbara: liamliam1234liam : when I refer to national success, I mean the middle class was far stronger (comparatively wealthier, had more employment benefits despite no real difference in relative pay, etc.), and the poor were also not struggling as much (although it was still generally bad for them)","type":"L","timestamp":"2016-07-28 11:47:06"},{"nodeID":"203449","text":"Asserting","type":"YA","timestamp":"2016-09-28 17:29:54","scheme":"Asserting","schemeID":"74"},{"nodeID":"203450","text":"Asserting","type":"YA","timestamp":"2016-09-28 17:29:54","scheme":"Asserting","schemeID":"74"},{"nodeID":"203451","text":"Asserting","type":"YA","timestamp":"2016-09-28 17:29:55","scheme":"Asserting","schemeID":"74"},{"nodeID":"203452","text":"Asserting","type":"YA","timestamp":"2016-09-28 17:29:55","scheme":"Asserting","schemeID":"74"},{"nodeID":"203453","text":"liamliam1234liam : Because the bottom fifty percent cannot afford it","type":"L","timestamp":"2016-09-28 17:29:55"},{"nodeID":"203454","text":"Assertive Questioning","type":"YA","timestamp":"2016-09-28 17:29:55","scheme":"AssertiveQuestioning","schemeID":"73"},{"nodeID":"203455","text":"Asserting","type":"YA","timestamp":"2016-09-28 17:29:56","scheme":"Asserting","schemeID":"74"},{"nodeID":"203456","text":"Asserting","type":"YA","timestamp":"2016-09-28 17:29:56","scheme":"Asserting","schemeID":"74"},{"nodeID":"203457","text":"Default Inference","type":"RA","timestamp":"2016-09-28 17:29:56","scheme":"Default Inference","schemeID":"72"},{"nodeID":"203458","text":"Default Inference","type":"RA","timestamp":"2016-09-28 17:29:56","scheme":"Default Inference","schemeID":"72"},{"nodeID":"203459","text":"Default Transition","type":"TA","timestamp":"2016-09-28 17:29:57","scheme":"Default Transition","schemeID":"82"},{"nodeID":"203460","text":"Arguing","type":"YA","timestamp":"2016-09-28 17:29:57","scheme":"Arguing","schemeID":"80"},{"nodeID":"203461","text":"Default Transition","type":"TA","timestamp":"2016-09-28 17:29:57","scheme":"Default Transition","schemeID":"82"},{"nodeID":"203462","text":"Default Conflict","type":"CA","timestamp":"2016-09-28 17:29:57","scheme":"Default Conflict","schemeID":"71"},{"nodeID":"203463","text":"Default Transition","type":"TA","timestamp":"2016-09-28 17:29:57","scheme":"Default Transition","schemeID":"82"},{"nodeID":"203464","text":"Disagreeing","type":"YA","timestamp":"2016-09-28 17:29:57","scheme":"Disagreeing","schemeID":"78"},{"nodeID":"203465","text":"Default Transition","type":"TA","timestamp":"2016-09-28 17:29:57","scheme":"Default Transition","schemeID":"82"},{"nodeID":"203466","text":"Default Inference","type":"RA","timestamp":"2016-09-28 17:29:57","scheme":"Default Inference","schemeID":"72"},{"nodeID":"203467","text":"Arguing","type":"YA","timestamp":"2016-09-28 17:29:57","scheme":"Arguing","schemeID":"80"},{"nodeID":"203468","text":"Asserting","type":"YA","timestamp":"2016-09-28 17:29:58","scheme":"Asserting","schemeID":"74"},{"nodeID":"203469","text":"Asserting","type":"YA","timestamp":"2016-09-28 17:29:58","scheme":"Asserting","schemeID":"74"},{"nodeID":"203470","text":"Default Inference","type":"RA","timestamp":"2016-09-28 17:29:59","scheme":"Default Inference","schemeID":"72"},{"nodeID":"203471","text":"Default Transition","type":"TA","timestamp":"2016-09-28 17:29:59","scheme":"Default Transition","schemeID":"82"},{"nodeID":"203472","text":"Arguing","type":"YA","timestamp":"2016-09-28 17:29:59","scheme":"Arguing","schemeID":"80"},{"nodeID":"203473","text":"Asserting","type":"YA","timestamp":"2016-09-28 17:30:00","scheme":"Asserting","schemeID":"74"},{"nodeID":"203474","text":"Asserting","type":"YA","timestamp":"2016-09-28 17:30:00","scheme":"Asserting","schemeID":"74"},{"nodeID":"203475","text":"Asserting","type":"YA","timestamp":"2016-09-28 17:30:00","scheme":"Asserting","schemeID":"74"},{"nodeID":"203476","text":"Default Transition","type":"TA","timestamp":"2016-09-28 17:30:01","scheme":"Default Transition","schemeID":"82"},{"nodeID":"203477","text":"Default Inference","type":"RA","timestamp":"2016-09-28 17:30:01","scheme":"Default Inference","schemeID":"72"},{"nodeID":"203478","text":"Arguing","type":"YA","timestamp":"2016-09-28 17:30:01","scheme":"Arguing","schemeID":"80"},{"nodeID":"203479","text":"Default Transition","type":"TA","timestamp":"2016-09-28 17:30:01","scheme":"Default Transition","schemeID":"82"},{"nodeID":"203480","text":"Asserting","type":"YA","timestamp":"2016-09-28 17:30:01","scheme":"Asserting","schemeID":"74"},{"nodeID":"203481","text":"Assertive Challenging","type":"YA","timestamp":"2016-09-28 17:30:01","scheme":"AssertiveChallenging","schemeID":"87"},{"nodeID":"203482","text":"Default Transition","type":"TA","timestamp":"2016-09-28 17:30:01","scheme":"Default Transition","schemeID":"82"},{"nodeID":"203483","text":"Default Inference","type":"RA","timestamp":"2016-09-28 17:30:01","scheme":"Default Inference","schemeID":"72"},{"nodeID":"203484","text":"Default Transition","type":"TA","timestamp":"2016-09-28 17:30:02","scheme":"Default Transition","schemeID":"82"},{"nodeID":"203485","text":"Arguing","type":"YA","timestamp":"2016-09-28 17:30:02","scheme":"Arguing","schemeID":"80"},{"nodeID":"203486","text":"Asserting","type":"YA","timestamp":"2016-09-28 17:30:02","scheme":"Asserting","schemeID":"74"},{"nodeID":"203487","text":"Asserting","type":"YA","timestamp":"2016-09-28 17:30:02","scheme":"Asserting","schemeID":"74"},{"nodeID":"203488","text":"Default Transition","type":"TA","timestamp":"2016-09-28 17:30:03","scheme":"Default Transition","schemeID":"82"},{"nodeID":"203489","text":"Default Transition","type":"TA","timestamp":"2016-09-28 17:30:03","scheme":"Default Transition","schemeID":"82"}],"edges":[{"edgeID":"248370","fromID":"203449","toID":"185153","formEdgeID":null},{"edgeID":"248371","fromID":"185151","toID":"203449","formEdgeID":null},{"edgeID":"248372","fromID":"203450","toID":"185157","formEdgeID":null},{"edgeID":"248373","fromID":"185155","toID":"203450","formEdgeID":null},{"edgeID":"248374","fromID":"203451","toID":"185162","formEdgeID":null},{"edgeID":"248375","fromID":"185160","toID":"203451","formEdgeID":null},{"edgeID":"248376","fromID":"203452","toID":"185166","formEdgeID":null},{"edgeID":"248377","fromID":"185164","toID":"203452","formEdgeID":null},{"edgeID":"248378","fromID":"203454","toID":"185170","formEdgeID":null},{"edgeID":"248379","fromID":"203453","toID":"203454","formEdgeID":null},{"edgeID":"248380","fromID":"203455","toID":"185174","formEdgeID":null},{"edgeID":"248381","fromID":"185172","toID":"203455","formEdgeID":null},{"edgeID":"248382","fromID":"203456","toID":"185178","formEdgeID":null},{"edgeID":"248383","fromID":"185176","toID":"203456","formEdgeID":null},{"edgeID":"248384","fromID":"185178","toID":"203457","formEdgeID":null},{"edgeID":"248385","fromID":"203457","toID":"185174","formEdgeID":null},{"edgeID":"248386","fromID":"185157","toID":"203458","formEdgeID":null},{"edgeID":"248387","fromID":"203458","toID":"185162","formEdgeID":null},{"edgeID":"248388","fromID":"185153","toID":"203458","formEdgeID":null},{"edgeID":"248389","fromID":"185151","toID":"203459","formEdgeID":null},{"edgeID":"248390","fromID":"203459","toID":"185160","formEdgeID":null},{"edgeID":"248391","fromID":"185155","toID":"203459","formEdgeID":null},{"edgeID":"248392","fromID":"203459","toID":"203460","formEdgeID":null},{"edgeID":"248393","fromID":"203460","toID":"203458","formEdgeID":null},{"edgeID":"248394","fromID":"185160","toID":"203461","formEdgeID":null},{"edgeID":"248395","fromID":"203461","toID":"185164","formEdgeID":null},{"edgeID":"248396","fromID":"185174","toID":"203462","formEdgeID":null},{"edgeID":"248397","fromID":"203462","toID":"185162","formEdgeID":null},{"edgeID":"248398","fromID":"185155","toID":"203463","formEdgeID":null},{"edgeID":"248399","fromID":"203463","toID":"185172","formEdgeID":null},{"edgeID":"248400","fromID":"203463","toID":"203464","formEdgeID":null},{"edgeID":"248401","fromID":"203464","toID":"203462","formEdgeID":null},{"edgeID":"248402","fromID":"203453","toID":"203465","formEdgeID":null},{"edgeID":"248403","fromID":"203465","toID":"185176","formEdgeID":null},{"edgeID":"248404","fromID":"185170","toID":"203466","formEdgeID":null},{"edgeID":"248405","fromID":"203466","toID":"185178","formEdgeID":null},{"edgeID":"248406","fromID":"203465","toID":"203467","formEdgeID":null},{"edgeID":"248407","fromID":"203467","toID":"203466","formEdgeID":null},{"edgeID":"248408","fromID":"203468","toID":"185198","formEdgeID":null},{"edgeID":"248409","fromID":"185196","toID":"203468","formEdgeID":null},{"edgeID":"248410","fromID":"203469","toID":"185202","formEdgeID":null},{"edgeID":"248411","fromID":"185200","toID":"203469","formEdgeID":null},{"edgeID":"248412","fromID":"185202","toID":"203470","formEdgeID":null},{"edgeID":"248413","fromID":"203470","toID":"185178","formEdgeID":null},{"edgeID":"248414","fromID":"185176","toID":"203471","formEdgeID":null},{"edgeID":"248415","fromID":"203471","toID":"185200","formEdgeID":null},{"edgeID":"248416","fromID":"203471","toID":"203472","formEdgeID":null},{"edgeID":"248417","fromID":"203472","toID":"203470","formEdgeID":null},{"edgeID":"248418","fromID":"185209","toID":"203473","formEdgeID":null},{"edgeID":"248419","fromID":"203473","toID":"185207","formEdgeID":null},{"edgeID":"248420","fromID":"203474","toID":"185216","formEdgeID":null},{"edgeID":"248421","fromID":"185214","toID":"203474","formEdgeID":null},{"edgeID":"248422","fromID":"203475","toID":"185220","formEdgeID":null},{"edgeID":"248423","fromID":"185218","toID":"203475","formEdgeID":null},{"edgeID":"248424","fromID":"185176","toID":"203476","formEdgeID":null},{"edgeID":"248425","fromID":"203476","toID":"185218","formEdgeID":null},{"edgeID":"248426","fromID":"185220","toID":"203477","formEdgeID":null},{"edgeID":"248427","fromID":"203477","toID":"185178","formEdgeID":null},{"edgeID":"248428","fromID":"203476","toID":"203478","formEdgeID":null},{"edgeID":"248429","fromID":"203478","toID":"203477","formEdgeID":null},{"edgeID":"248430","fromID":"185218","toID":"203479","formEdgeID":null},{"edgeID":"248431","fromID":"203479","toID":"185209","formEdgeID":null},{"edgeID":"248432","fromID":"185207","toID":"203480","formEdgeID":null},{"edgeID":"248433","fromID":"203480","toID":"185220","formEdgeID":null},{"edgeID":"248434","fromID":"203481","toID":"185229","formEdgeID":null},{"edgeID":"248435","fromID":"185227","toID":"203481","formEdgeID":null},{"edgeID":"248436","fromID":"185209","toID":"203482","formEdgeID":null},{"edgeID":"248437","fromID":"203482","toID":"185227","formEdgeID":null},{"edgeID":"248438","fromID":"185216","toID":"203483","formEdgeID":null},{"edgeID":"248439","fromID":"203483","toID":"185220","formEdgeID":null},{"edgeID":"248440","fromID":"185227","toID":"203484","formEdgeID":null},{"edgeID":"248441","fromID":"203484","toID":"185214","formEdgeID":null},{"edgeID":"248442","fromID":"203484","toID":"203485","formEdgeID":null},{"edgeID":"248443","fromID":"203485","toID":"203483","formEdgeID":null},{"edgeID":"248444","fromID":"203486","toID":"185237","formEdgeID":null},{"edgeID":"248445","fromID":"185235","toID":"203486","formEdgeID":null},{"edgeID":"248446","fromID":"203487","toID":"185241","formEdgeID":null},{"edgeID":"248447","fromID":"185239","toID":"203487","formEdgeID":null},{"edgeID":"248448","fromID":"185214","toID":"203488","formEdgeID":null},{"edgeID":"248449","fromID":"203488","toID":"185235","formEdgeID":null},{"edgeID":"248450","fromID":"185235","toID":"203489","formEdgeID":null},{"edgeID":"248451","fromID":"203489","toID":"185239","formEdgeID":null}],"locutions":[]}