{"nodes":[{"nodeID":"190375","text":"Punchee 524 : That was a weird moment in American debate history. \"Yo check my website. Shit's on there.\"","type":"L","timestamp":"2016-08-08 11:04:46"},{"nodeID":"190376","text":"Asserting","type":"YA","timestamp":"2016-08-08 11:04:47","scheme":"Asserting","schemeID":"74"},{"nodeID":"190377","text":"that was a weird moment in American debate history. \"Yo check my website. Shit's on there.\"","type":"I","timestamp":"2016-08-08 11:04:47"},{"nodeID":"190378","text":"Barbara: Punchee 524 : That was a weird moment in American debate history. \"Yo check my website. Shit's on there.\"","type":"L","timestamp":"2016-08-08 11:04:47"},{"nodeID":"190379","text":"JosephConrad9 : While you're at it, check out my mixtape. Shit's fire\"","type":"L","timestamp":"2016-08-08 11:04:47"},{"nodeID":"190380","text":"Asserting","type":"YA","timestamp":"2016-08-08 11:04:47","scheme":"Asserting","schemeID":"74"},{"nodeID":"190381","text":"while you're at it, check out my mixtape. Shit's fire\"","type":"I","timestamp":"2016-08-08 11:04:47"},{"nodeID":"190382","text":"Barbara: JosephConrad9 : While you're at it, check out my mixtape. Shit's fire\"","type":"L","timestamp":"2016-08-08 11:04:47"},{"nodeID":"190383","text":"phero1190 : Feel the Bern, shits fire","type":"L","timestamp":"2016-08-08 11:04:47"},{"nodeID":"190384","text":"Asserting","type":"YA","timestamp":"2016-08-08 11:04:47","scheme":"Asserting","schemeID":"74"},{"nodeID":"190385","text":"feel the Bern, shits fire","type":"I","timestamp":"2016-08-08 11:04:47"},{"nodeID":"190386","text":"Barbara: phero1190 : Feel the Bern, shits fire","type":"L","timestamp":"2016-08-08 11:04:47"},{"nodeID":"190387","text":"seemedlikeagoodplan : More Metamucil, less Taco Bell","type":"L","timestamp":"2016-08-08 11:04:47"},{"nodeID":"190388","text":"Asserting","type":"YA","timestamp":"2016-08-08 11:04:48","scheme":"Asserting","schemeID":"74"},{"nodeID":"190389","text":"more Metamucil, less Taco Bell","type":"I","timestamp":"2016-08-08 11:04:48"},{"nodeID":"190390","text":"Barbara: seemedlikeagoodplan : More Metamucil, less Taco Bell","type":"L","timestamp":"2016-08-08 11:04:48"},{"nodeID":"190391","text":"Default Transition","type":"TA","timestamp":"2016-08-08 11:04:48","scheme":"Default Transition","schemeID":"82"},{"nodeID":"190392","text":"I will have 5 vice-presidential nominees: Dylon, Dylon, Dylon, Dylon and Dylon. Because they spit hot fire.\"","type":"I","timestamp":"2016-08-08 11:04:48"},{"nodeID":"190393","text":"Default Illocuting","type":"YA","timestamp":"2016-08-08 11:04:48","scheme":"Default Illocuting","schemeID":"168"},{"nodeID":"190394","text":"SaxifrageRussel : I will have 5 vice-presidential nominees: Dylon, Dylon, Dylon, Dylon and Dylon. Because they spit hot fire.\"","type":"L","timestamp":"2016-08-08 11:04:48"},{"nodeID":"190395","text":"Barbara: SaxifrageRussel : I will have 5 vice-presidential nominees: Dylon, Dylon, Dylon, Dylon and Dylon. Because they spit hot fire.\"","type":"L","timestamp":"2016-08-08 11:04:48"},{"nodeID":"190396","text":"HashRunner : \"We're selling t-shirts out back\"","type":"L","timestamp":"2016-08-08 11:04:48"},{"nodeID":"190397","text":"Asserting","type":"YA","timestamp":"2016-08-08 11:04:48","scheme":"Asserting","schemeID":"74"},{"nodeID":"190398","text":"\"We're selling t-shirts out back\"","type":"I","timestamp":"2016-08-08 11:04:49"},{"nodeID":"190399","text":"Barbara: HashRunner : \"We're selling t-shirts out back\"","type":"L","timestamp":"2016-08-08 11:04:49"},{"nodeID":"190400","text":"hopelesscompensation : Brb downloading his mixtape","type":"L","timestamp":"2016-08-08 11:04:49"},{"nodeID":"190401","text":"Asserting","type":"YA","timestamp":"2016-08-08 11:04:49","scheme":"Asserting","schemeID":"74"},{"nodeID":"190402","text":"Brb downloading his mixtape","type":"I","timestamp":"2016-08-08 11:04:49"},{"nodeID":"190403","text":"Barbara: hopelesscompensation : Brb downloading his mixtape","type":"L","timestamp":"2016-08-08 11:04:49"},{"nodeID":"190404","text":"Default Transition","type":"TA","timestamp":"2016-08-08 11:04:49","scheme":"Default Transition","schemeID":"82"},{"nodeID":"190405","text":"ThePolemicist : That's actually a common response","type":"L","timestamp":"2016-08-08 11:04:49"},{"nodeID":"190406","text":"Asserting","type":"YA","timestamp":"2016-08-08 11:04:49","scheme":"Asserting","schemeID":"74"},{"nodeID":"190407","text":"that's actually a common response","type":"I","timestamp":"2016-08-08 11:04:49"},{"nodeID":"190408","text":"Barbara: ThePolemicist : That's actually a common response","type":"L","timestamp":"2016-08-08 11:04:50"},{"nodeID":"190409","text":"ThePolemicist : Candidates say things like, \"You can see my full platform on my website, soandso dot com.\" Or, \"I laid out a step-by-step plan for the economy that you can find on my website...\"","type":"L","timestamp":"2016-08-08 11:04:50"},{"nodeID":"190410","text":"Asserting","type":"YA","timestamp":"2016-08-08 11:04:50","scheme":"Asserting","schemeID":"74"},{"nodeID":"190411","text":"candidates say things like, \"You can see my full platform on my website, soandso dot com.\" Or, \"I laid out a step-by-step plan for the economy that you can find on my website...\"","type":"I","timestamp":"2016-08-08 11:04:50"},{"nodeID":"190412","text":"Barbara: ThePolemicist : Candidates say things like, \"You can see my full platform on my website, soandso dot com.\" Or, \"I laid out a step-by-step plan for the economy that you can find on my website...\"","type":"L","timestamp":"2016-08-08 11:04:50"},{"nodeID":"190413","text":"Default Inference","type":"RA","timestamp":"2016-08-08 11:04:50","scheme":"Default Inference","schemeID":"72"},{"nodeID":"190414","text":"Default Transition","type":"TA","timestamp":"2016-08-08 11:04:50","scheme":"Default Transition","schemeID":"82"},{"nodeID":"190415","text":"Arguing","type":"YA","timestamp":"2016-08-08 11:04:50","scheme":"Arguing","schemeID":"80"},{"nodeID":"190416","text":"Default Conflict","type":"CA","timestamp":"2016-08-08 11:04:50","scheme":"Default Conflict","schemeID":"71"},{"nodeID":"190417","text":"Default Transition","type":"TA","timestamp":"2016-08-08 11:04:50","scheme":"Default Transition","schemeID":"82"},{"nodeID":"190418","text":"Disagreeing","type":"YA","timestamp":"2016-08-08 11:04:50","scheme":"Disagreeing","schemeID":"78"},{"nodeID":"190419","text":"TeamDisrespect : RONALD RAYGUN DIDNT NEED NO WEBSITE. HE SHOWED THOSE RUSKIES WHAT FOR","type":"L","timestamp":"2016-08-08 11:04:51"},{"nodeID":"190420","text":"Asserting","type":"YA","timestamp":"2016-08-08 11:04:51","scheme":"Asserting","schemeID":"74"},{"nodeID":"190421","text":"RONALD RAYGUN DIDNT NEED NO WEBSITE. HE SHOWED THOSE RUSKIES WHAT FOR","type":"I","timestamp":"2016-08-08 11:04:51"},{"nodeID":"190422","text":"Barbara: TeamDisrespect : RONALD RAYGUN DIDNT NEED NO WEBSITE. HE SHOWED THOSE RUSKIES WHAT FOR","type":"L","timestamp":"2016-08-08 11:04:51"},{"nodeID":"190423","text":"Default Transition","type":"TA","timestamp":"2016-08-08 11:04:51","scheme":"Default Transition","schemeID":"82"},{"nodeID":"190424","text":"UGMadness : HE WENT AND GOT SHIT DONE","type":"L","timestamp":"2016-08-08 11:04:51"},{"nodeID":"190425","text":"Asserting","type":"YA","timestamp":"2016-08-08 11:04:51","scheme":"Asserting","schemeID":"74"},{"nodeID":"190426","text":"HE WENT AND GOT SHIT DONE","type":"I","timestamp":"2016-08-08 11:04:51"},{"nodeID":"190427","text":"Barbara: UGMadness : HE WENT AND GOT SHIT DONE","type":"L","timestamp":"2016-08-08 11:04:51"},{"nodeID":"190428","text":"Default Transition","type":"TA","timestamp":"2016-08-08 11:04:51","scheme":"Default Transition","schemeID":"82"},{"nodeID":"190429","text":"Default Transition","type":"TA","timestamp":"2016-08-08 11:04:52","scheme":"Default Transition","schemeID":"82"},{"nodeID":"190430","text":"Default Transition","type":"TA","timestamp":"2016-08-08 11:04:52","scheme":"Default Transition","schemeID":"82"},{"nodeID":"190431","text":"Default Transition","type":"TA","timestamp":"2016-08-08 11:04:52","scheme":"Default Transition","schemeID":"82"},{"nodeID":"190432","text":"Default Transition","type":"TA","timestamp":"2016-08-08 11:04:52","scheme":"Default Transition","schemeID":"82"},{"nodeID":"190433","text":"RunHanRun : What happened to the days that we just had duels with single shot pistols","type":"L","timestamp":"2016-08-08 11:04:52"},{"nodeID":"190434","text":"Rhetorical Questioning","type":"YA","timestamp":"2016-08-08 11:04:52","scheme":"RhetoricalQuestioning","schemeID":"85"},{"nodeID":"190435","text":"to the days that we just had duels with single shot pistols  happened xxx","type":"I","timestamp":"2016-08-08 11:04:52"},{"nodeID":"190436","text":"Barbara: RunHanRun : What happened to the days that we just had duels with single shot pistols?","type":"L","timestamp":"2016-08-08 11:04:52"},{"nodeID":"190437","text":"Default Transition","type":"TA","timestamp":"2016-08-08 11:04:52","scheme":"Default Transition","schemeID":"82"},{"nodeID":"190438","text":"Boycat89 : LOL sounded like something a conspiracy theorist would say, ''it's all on my website, man! Lizard people are real!''","type":"L","timestamp":"2016-08-08 11:04:52"},{"nodeID":"190439","text":"Asserting","type":"YA","timestamp":"2016-08-08 11:04:52","scheme":"Asserting","schemeID":"74"},{"nodeID":"190440","text":"LOL sounded like something a conspiracy theorist would say, ''it's all on my website, man! Lizard people are real!''","type":"I","timestamp":"2016-08-08 11:04:53"},{"nodeID":"190441","text":"Barbara: Boycat89 : LOL sounded like something a conspiracy theorist would say, ''it's all on my website, man! Lizard people are real!''","type":"L","timestamp":"2016-08-08 11:04:53"},{"nodeID":"190442","text":"MacK0797 : There it is again to close. I love it. That's his fundraising time right there boi","type":"L","timestamp":"2016-08-08 11:04:53"},{"nodeID":"190443","text":"Asserting","type":"YA","timestamp":"2016-08-08 11:04:53","scheme":"Asserting","schemeID":"74"},{"nodeID":"190444","text":"there it is again to close. I love it. That's his fundraising time right there boi.","type":"I","timestamp":"2016-08-08 11:04:53"},{"nodeID":"190445","text":"Barbara: MacK0797 : There it is again to close. I love it. That's his fundraising time right there boi.","type":"L","timestamp":"2016-08-08 11:04:53"},{"nodeID":"190446","text":"AngelComa : Funny, I thought he did good","type":"L","timestamp":"2016-08-08 11:04:53"},{"nodeID":"190447","text":"Asserting","type":"YA","timestamp":"2016-08-08 11:04:53","scheme":"Asserting","schemeID":"74"},{"nodeID":"190448","text":"Bernie Sanders did good","type":"I","timestamp":"2016-08-08 11:04:53"},{"nodeID":"190449","text":"Barbara: AngelComa : Funny, I thought he did good.","type":"L","timestamp":"2016-08-08 11:04:53"},{"nodeID":"190450","text":"Barbara: AngelComa : They get timed responses and his plan is all there","type":"L","timestamp":"2016-08-08 11:04:53"},{"nodeID":"190451","text":"AngelComa : They get timed responses","type":"L","timestamp":"2016-08-08 11:04:53"},{"nodeID":"190452","text":"Asserting","type":"YA","timestamp":"2016-08-08 11:04:54","scheme":"Asserting","schemeID":"74"},{"nodeID":"190453","text":"candidates get timed responses","type":"I","timestamp":"2016-08-08 11:04:54"},{"nodeID":"190454","text":"Barbara: AngelComa : They get timed responses","type":"L","timestamp":"2016-08-08 11:04:54"},{"nodeID":"190455","text":"AngelComa : his plan is all there","type":"L","timestamp":"2016-08-08 11:04:54"},{"nodeID":"190456","text":"Asserting","type":"YA","timestamp":"2016-08-08 11:04:54","scheme":"Asserting","schemeID":"74"},{"nodeID":"190457","text":"Bernie Sanders' plan is all on the website","type":"I","timestamp":"2016-08-08 11:04:54"},{"nodeID":"190458","text":"Barbara: AngelComa : his plan is all there","type":"L","timestamp":"2016-08-08 11:04:54"},{"nodeID":"190459","text":"AngelComa : He can't talk about everything in the plan","type":"L","timestamp":"2016-08-08 11:04:54"},{"nodeID":"190460","text":"Asserting","type":"YA","timestamp":"2016-08-08 11:04:54","scheme":"Asserting","schemeID":"74"},{"nodeID":"190461","text":"Bernie Sanders can't talk about everything in the plan","type":"I","timestamp":"2016-08-08 11:04:54"},{"nodeID":"190462","text":"Barbara: AngelComa : He can't talk about everything in the plan","type":"L","timestamp":"2016-08-08 11:04:54"},{"nodeID":"190463","text":"Default Inference","type":"RA","timestamp":"2016-08-08 11:04:55","scheme":"Default Inference","schemeID":"72"},{"nodeID":"190464","text":"Default Transition","type":"TA","timestamp":"2016-08-08 11:04:55","scheme":"Default Transition","schemeID":"82"},{"nodeID":"190465","text":"AngelComa : Must be how used you are to politicians saying things and not having a plan","type":"L","timestamp":"2016-08-08 11:04:55"},{"nodeID":"190466","text":"Asserting","type":"YA","timestamp":"2016-08-08 11:04:55","scheme":"Asserting","schemeID":"74"},{"nodeID":"190467","text":"you are used to politicians saying things and not having a plan","type":"I","timestamp":"2016-08-08 11:04:55"},{"nodeID":"190468","text":"Barbara: AngelComa : Must be how used you are to politicians saying things and not having a plan","type":"L","timestamp":"2016-08-08 11:04:55"},{"nodeID":"190469","text":"Default Transition","type":"TA","timestamp":"2016-08-08 11:04:55","scheme":"Default Transition","schemeID":"82"},{"nodeID":"190470","text":"Ad hominem","type":"CA","timestamp":"2016-08-08 11:04:55","scheme":"Ad hominem","schemeID":"172"},{"nodeID":"190471","text":"Disagreeing","type":"YA","timestamp":"2016-08-08 11:04:55","scheme":"Disagreeing","schemeID":"78"},{"nodeID":"190472","text":"Default Conflict","type":"CA","timestamp":"2016-08-08 11:04:55","scheme":"Default Conflict","schemeID":"71"},{"nodeID":"190473","text":"Default Transition","type":"TA","timestamp":"2016-08-08 11:04:55","scheme":"Default Transition","schemeID":"82"},{"nodeID":"190474","text":"Disagreeing","type":"YA","timestamp":"2016-08-08 11:04:56","scheme":"Disagreeing","schemeID":"78"},{"nodeID":"190475","text":"Default Transition","type":"TA","timestamp":"2016-08-08 11:04:56","scheme":"Default Transition","schemeID":"82"},{"nodeID":"190476","text":"Arguing","type":"YA","timestamp":"2016-08-08 11:04:56","scheme":"Arguing","schemeID":"80"}],"edges":[{"edgeID":"233330","fromID":"190376","toID":"190377","formEdgeID":null},{"edgeID":"233331","fromID":"190375","toID":"190376","formEdgeID":null},{"edgeID":"233332","fromID":"190380","toID":"190381","formEdgeID":null},{"edgeID":"233333","fromID":"190379","toID":"190380","formEdgeID":null},{"edgeID":"233334","fromID":"190384","toID":"190385","formEdgeID":null},{"edgeID":"233335","fromID":"190383","toID":"190384","formEdgeID":null},{"edgeID":"233336","fromID":"190388","toID":"190389","formEdgeID":null},{"edgeID":"233337","fromID":"190387","toID":"190388","formEdgeID":null},{"edgeID":"233338","fromID":"190375","toID":"190391","formEdgeID":null},{"edgeID":"233339","fromID":"190391","toID":"190379","formEdgeID":null},{"edgeID":"233340","fromID":"190393","toID":"190392","formEdgeID":null},{"edgeID":"233341","fromID":"190394","toID":"190393","formEdgeID":null},{"edgeID":"233342","fromID":"190397","toID":"190398","formEdgeID":null},{"edgeID":"233343","fromID":"190396","toID":"190397","formEdgeID":null},{"edgeID":"233344","fromID":"190401","toID":"190402","formEdgeID":null},{"edgeID":"233345","fromID":"190400","toID":"190401","formEdgeID":null},{"edgeID":"233346","fromID":"190375","toID":"190404","formEdgeID":null},{"edgeID":"233347","fromID":"190404","toID":"190400","formEdgeID":null},{"edgeID":"233348","fromID":"190406","toID":"190407","formEdgeID":null},{"edgeID":"233349","fromID":"190405","toID":"190406","formEdgeID":null},{"edgeID":"233350","fromID":"190410","toID":"190411","formEdgeID":null},{"edgeID":"233351","fromID":"190409","toID":"190410","formEdgeID":null},{"edgeID":"233352","fromID":"190411","toID":"190413","formEdgeID":null},{"edgeID":"233353","fromID":"190413","toID":"190407","formEdgeID":null},{"edgeID":"233354","fromID":"190405","toID":"190414","formEdgeID":null},{"edgeID":"233355","fromID":"190414","toID":"190409","formEdgeID":null},{"edgeID":"233356","fromID":"190414","toID":"190415","formEdgeID":null},{"edgeID":"233357","fromID":"190415","toID":"190413","formEdgeID":null},{"edgeID":"233358","fromID":"190407","toID":"190416","formEdgeID":null},{"edgeID":"233359","fromID":"190416","toID":"190377","formEdgeID":null},{"edgeID":"233360","fromID":"190375","toID":"190417","formEdgeID":null},{"edgeID":"233361","fromID":"190417","toID":"190405","formEdgeID":null},{"edgeID":"233362","fromID":"190417","toID":"190418","formEdgeID":null},{"edgeID":"233363","fromID":"190418","toID":"190416","formEdgeID":null},{"edgeID":"233364","fromID":"190420","toID":"190421","formEdgeID":null},{"edgeID":"233365","fromID":"190419","toID":"190420","formEdgeID":null},{"edgeID":"233366","fromID":"190375","toID":"190423","formEdgeID":null},{"edgeID":"233367","fromID":"190423","toID":"190419","formEdgeID":null},{"edgeID":"233368","fromID":"190425","toID":"190426","formEdgeID":null},{"edgeID":"233369","fromID":"190424","toID":"190425","formEdgeID":null},{"edgeID":"233370","fromID":"190419","toID":"190428","formEdgeID":null},{"edgeID":"233371","fromID":"190428","toID":"190424","formEdgeID":null},{"edgeID":"233372","fromID":"190379","toID":"190429","formEdgeID":null},{"edgeID":"233373","fromID":"190429","toID":"190383","formEdgeID":null},{"edgeID":"233374","fromID":"190383","toID":"190430","formEdgeID":null},{"edgeID":"233375","fromID":"190430","toID":"190387","formEdgeID":null},{"edgeID":"233376","fromID":"190379","toID":"190431","formEdgeID":null},{"edgeID":"233377","fromID":"190431","toID":"190394","formEdgeID":null},{"edgeID":"233378","fromID":"190379","toID":"190432","formEdgeID":null},{"edgeID":"233379","fromID":"190432","toID":"190396","formEdgeID":null},{"edgeID":"233380","fromID":"190434","toID":"190435","formEdgeID":null},{"edgeID":"233381","fromID":"190433","toID":"190434","formEdgeID":null},{"edgeID":"233382","fromID":"190375","toID":"190437","formEdgeID":null},{"edgeID":"233383","fromID":"190437","toID":"190433","formEdgeID":null},{"edgeID":"233384","fromID":"190439","toID":"190440","formEdgeID":null},{"edgeID":"233385","fromID":"190438","toID":"190439","formEdgeID":null},{"edgeID":"233386","fromID":"190443","toID":"190444","formEdgeID":null},{"edgeID":"233387","fromID":"190442","toID":"190443","formEdgeID":null},{"edgeID":"233388","fromID":"190447","toID":"190448","formEdgeID":null},{"edgeID":"233389","fromID":"190446","toID":"190447","formEdgeID":null},{"edgeID":"233390","fromID":"190452","toID":"190453","formEdgeID":null},{"edgeID":"233391","fromID":"190451","toID":"190452","formEdgeID":null},{"edgeID":"233392","fromID":"190456","toID":"190457","formEdgeID":null},{"edgeID":"233393","fromID":"190455","toID":"190456","formEdgeID":null},{"edgeID":"233394","fromID":"190460","toID":"190461","formEdgeID":null},{"edgeID":"233395","fromID":"190459","toID":"190460","formEdgeID":null},{"edgeID":"233396","fromID":"190453","toID":"190463","formEdgeID":null},{"edgeID":"233397","fromID":"190463","toID":"190448","formEdgeID":null},{"edgeID":"233398","fromID":"190446","toID":"190464","formEdgeID":null},{"edgeID":"233399","fromID":"190464","toID":"190451","formEdgeID":null},{"edgeID":"233400","fromID":"190464","toID":"190455","formEdgeID":null},{"edgeID":"233401","fromID":"190464","toID":"190459","formEdgeID":null},{"edgeID":"233402","fromID":"190457","toID":"190463","formEdgeID":null},{"edgeID":"233403","fromID":"190461","toID":"190463","formEdgeID":null},{"edgeID":"233404","fromID":"190466","toID":"190467","formEdgeID":null},{"edgeID":"233405","fromID":"190465","toID":"190466","formEdgeID":null},{"edgeID":"233406","fromID":"190375","toID":"190469","formEdgeID":null},{"edgeID":"233407","fromID":"190469","toID":"190465","formEdgeID":null},{"edgeID":"233408","fromID":"190377","toID":"190376","formEdgeID":null},{"edgeID":"233409","fromID":"190467","toID":"190470","formEdgeID":null},{"edgeID":"233410","fromID":"190470","toID":"190377","formEdgeID":null},{"edgeID":"233411","fromID":"190469","toID":"190471","formEdgeID":null},{"edgeID":"233412","fromID":"190471","toID":"190470","formEdgeID":null},{"edgeID":"233413","fromID":"190448","toID":"190472","formEdgeID":null},{"edgeID":"233414","fromID":"190472","toID":"190377","formEdgeID":null},{"edgeID":"233415","fromID":"190375","toID":"190473","formEdgeID":null},{"edgeID":"233416","fromID":"190473","toID":"190446","formEdgeID":null},{"edgeID":"233417","fromID":"190473","toID":"190474","formEdgeID":null},{"edgeID":"233418","fromID":"190474","toID":"190472","formEdgeID":null},{"edgeID":"233419","fromID":"190375","toID":"190475","formEdgeID":null},{"edgeID":"233420","fromID":"190475","toID":"190442","formEdgeID":null},{"edgeID":"233421","fromID":"190464","toID":"190476","formEdgeID":null},{"edgeID":"233422","fromID":"190476","toID":"190463","formEdgeID":null}],"locutions":[{"nodeID":"190394","personID":"1800","timestamp":"2016-08-08 11:05:00","start":null,"end":null,"source":null}]}