{"nodes":[{"nodeID":"203497","text":"CrumpledForeskin : It's quite scary to imagine that everyone on that stage but Bernie is a Billionaire","type":"L","timestamp":"2016-09-29 13:50:00"},{"nodeID":"203498","text":"Asserting","type":"YA","timestamp":"2016-09-29 13:50:01","scheme":"Asserting","schemeID":"74"},{"nodeID":"203499","text":"it's quite scary to imagine that everyone on that stage but Bernie is a Billionaire","type":"I","timestamp":"2016-09-29 13:50:01"},{"nodeID":"203500","text":"Barbara: CrumpledForeskin : It's quite scary to imagine that everyone on that stage but Bernie is a Billionaire","type":"L","timestamp":"2016-09-29 13:50:01"},{"nodeID":"203501","text":"ryry666 : They aren't though","type":"L","timestamp":"2016-09-29 13:50:01"},{"nodeID":"203502","text":"Asserting","type":"YA","timestamp":"2016-09-29 13:50:01","scheme":"Asserting","schemeID":"74"},{"nodeID":"203503","text":"it is not the case that everyone on that stage but Bernie is a Billionaire","type":"I","timestamp":"2016-09-29 13:50:01"},{"nodeID":"203504","text":"Barbara: ryry666 : They aren't though","type":"L","timestamp":"2016-09-29 13:50:01"},{"nodeID":"203505","text":"Default Conflict","type":"CA","timestamp":"2016-09-29 13:50:02","scheme":"Default Conflict","schemeID":"71"},{"nodeID":"203506","text":"Default Transition","type":"TA","timestamp":"2016-09-29 13:50:02","scheme":"Default Transition","schemeID":"82"},{"nodeID":"203507","text":"Disagreeing","type":"YA","timestamp":"2016-09-29 13:50:02","scheme":"Disagreeing","schemeID":"78"},{"nodeID":"203508","text":"auburnwde : They aren't","type":"L","timestamp":"2016-09-29 13:50:02"},{"nodeID":"203509","text":"Barbara: auburnwde : They aren't","type":"L","timestamp":"2016-09-29 13:50:02"},{"nodeID":"203510","text":"Default Transition","type":"TA","timestamp":"2016-09-29 13:50:02","scheme":"Default Transition","schemeID":"82"},{"nodeID":"203511","text":"Asserting","type":"YA","timestamp":"2016-09-29 13:50:02","scheme":"Asserting","schemeID":"74"},{"nodeID":"203512","text":"CrumpledForeskin : Fair","type":"L","timestamp":"2016-09-29 13:50:02"},{"nodeID":"203513","text":"Barbara: CrumpledForeskin : Fair","type":"L","timestamp":"2016-09-29 13:50:02"},{"nodeID":"203514","text":"Default Transition","type":"TA","timestamp":"2016-09-29 13:50:02","scheme":"Default Transition","schemeID":"82"},{"nodeID":"203515","text":"Agreeing","type":"YA","timestamp":"2016-09-29 13:50:02","scheme":"Agreeing","schemeID":"77"},{"nodeID":"203516","text":"CrumpledForeskin :  probably shouldn't have jumped to conclusions","type":"L","timestamp":"2016-09-29 13:50:03"},{"nodeID":"203517","text":"Asserting","type":"YA","timestamp":"2016-09-29 13:50:03","scheme":"Asserting","schemeID":"74"},{"nodeID":"203518","text":"CrumpledForeskin probably shouldn't have jumped to conclusions","type":"I","timestamp":"2016-09-29 13:50:03"},{"nodeID":"203519","text":"Barbara: CrumpledForeskin :  probably shouldn't have jumped to conclusions","type":"L","timestamp":"2016-09-29 13:50:03"},{"nodeID":"203520","text":"CrumpledForeskin : Typical American over here","type":"L","timestamp":"2016-09-29 13:50:03"},{"nodeID":"203521","text":"Asserting","type":"YA","timestamp":"2016-09-29 13:50:03","scheme":"Asserting","schemeID":"74"},{"nodeID":"203522","text":"CrumpledForeskin is typical American over here","type":"I","timestamp":"2016-09-29 13:50:03"},{"nodeID":"203523","text":"Barbara: CrumpledForeskin : Typical American over here","type":"L","timestamp":"2016-09-29 13:50:03"},{"nodeID":"203524","text":"Default Transition","type":"TA","timestamp":"2016-09-29 13:50:03","scheme":"Default Transition","schemeID":"82"},{"nodeID":"203525","text":"Default Transition","type":"TA","timestamp":"2016-09-29 13:50:03","scheme":"Default Transition","schemeID":"82"},{"nodeID":"203526","text":"Ridonkulousley : Millionaire","type":"L","timestamp":"2016-09-29 13:50:03"},{"nodeID":"203527","text":"Asserting","type":"YA","timestamp":"2016-09-29 13:50:04","scheme":"Asserting","schemeID":"74"},{"nodeID":"203528","text":"people on this stage are millionaires","type":"I","timestamp":"2016-09-29 13:50:04"},{"nodeID":"203529","text":"Barbara: Ridonkulousley : Millionaire","type":"L","timestamp":"2016-09-29 13:50:04"},{"nodeID":"203530","text":"Ridonkulousley : http:\/\/www.usatoday.com\/story\/news\/politics\/elections\/2015\/08\/26\/24-7-wall-st-net-worth-presidential-candidates\/32409491\/","type":"L","timestamp":"2016-09-29 13:50:04"},{"nodeID":"203531","text":"Asserting","type":"YA","timestamp":"2016-09-29 13:50:04","scheme":"Asserting","schemeID":"74"},{"nodeID":"203532","text":"http:\/\/www.usatoday.com\/story\/news\/politics\/elections\/2015\/08\/26\/24-7-wall-st-net-worth-presidential-candidates\/32409491\/","type":"I","timestamp":"2016-09-29 13:50:04"},{"nodeID":"203533","text":"Barbara: Ridonkulousley : http:\/\/www.usatoday.com\/story\/news\/politics\/elections\/2015\/08\/26\/24-7-wall-st-net-worth-presidential-candidates\/32409491\/","type":"L","timestamp":"2016-09-29 13:50:04"},{"nodeID":"203534","text":"Ridonkulousley : Only 1 billionaire running (trump)","type":"L","timestamp":"2016-09-29 13:50:04"},{"nodeID":"203535","text":"Asserting","type":"YA","timestamp":"2016-09-29 13:50:04","scheme":"Asserting","schemeID":"74"},{"nodeID":"203536","text":"Only 1 billionaire running (trump)","type":"I","timestamp":"2016-09-29 13:50:04"},{"nodeID":"203537","text":"Barbara: Ridonkulousley : Only 1 billionaire running (trump)","type":"L","timestamp":"2016-09-29 13:50:04"},{"nodeID":"203538","text":"CrumpledForeskin : This fact is incorrect","type":"L","timestamp":"2016-09-29 13:50:05"},{"nodeID":"203539","text":"Asserting","type":"YA","timestamp":"2016-09-29 13:50:05","scheme":"Asserting","schemeID":"74"},{"nodeID":"203540","text":"this fact is incorrect","type":"I","timestamp":"2016-09-29 13:50:05"},{"nodeID":"203541","text":"Barbara: CrumpledForeskin : This fact is incorrect","type":"L","timestamp":"2016-09-29 13:50:05"},{"nodeID":"203542","text":"CrumpledForeskin : Trump is the only Billionaire","type":"L","timestamp":"2016-09-29 13:50:05"},{"nodeID":"203543","text":"Asserting","type":"YA","timestamp":"2016-09-29 13:50:05","scheme":"Asserting","schemeID":"74"},{"nodeID":"203544","text":"Trump is the only Billionaire","type":"I","timestamp":"2016-09-29 13:50:05"},{"nodeID":"203545","text":"Barbara: CrumpledForeskin : Trump is the only Billionaire","type":"L","timestamp":"2016-09-29 13:50:05"},{"nodeID":"203546","text":"Default Rephrase","type":"MA","timestamp":"2016-09-29 13:50:05","scheme":"Default Rephrase","schemeID":"144"},{"nodeID":"203547","text":"Default Transition","type":"TA","timestamp":"2016-09-29 13:50:05","scheme":"Default Transition","schemeID":"82"},{"nodeID":"203548","text":"Restating","type":"YA","timestamp":"2016-09-29 13:50:05","scheme":"Restating","schemeID":"101"},{"nodeID":"203549","text":"Default Conflict","type":"CA","timestamp":"2016-09-29 13:50:06","scheme":"Default Conflict","schemeID":"71"},{"nodeID":"203550","text":"Default Transition","type":"TA","timestamp":"2016-09-29 13:50:06","scheme":"Default Transition","schemeID":"82"},{"nodeID":"203551","text":"Disagreeing","type":"YA","timestamp":"2016-09-29 13:50:06","scheme":"Disagreeing","schemeID":"78"},{"nodeID":"203552","text":"Default Inference","type":"RA","timestamp":"2016-09-29 13:50:06","scheme":"Default Inference","schemeID":"72"},{"nodeID":"203553","text":"Default Transition","type":"TA","timestamp":"2016-09-29 13:50:06","scheme":"Default Transition","schemeID":"82"},{"nodeID":"203554","text":"Arguing","type":"YA","timestamp":"2016-09-29 13:50:06","scheme":"Arguing","schemeID":"80"},{"nodeID":"203555","text":"Default Inference","type":"RA","timestamp":"2016-09-29 13:50:06","scheme":"Default Inference","schemeID":"72"},{"nodeID":"203556","text":"Default Transition","type":"TA","timestamp":"2016-09-29 13:50:06","scheme":"Default Transition","schemeID":"82"},{"nodeID":"203557","text":"Arguing","type":"YA","timestamp":"2016-09-29 13:50:06","scheme":"Arguing","schemeID":"80"},{"nodeID":"203558","text":"Default Conflict","type":"CA","timestamp":"2016-09-29 13:50:07","scheme":"Default Conflict","schemeID":"71"},{"nodeID":"203559","text":"Default Transition","type":"TA","timestamp":"2016-09-29 13:50:07","scheme":"Default Transition","schemeID":"82"},{"nodeID":"203560","text":"Disagreeing","type":"YA","timestamp":"2016-09-29 13:50:07","scheme":"Disagreeing","schemeID":"78"},{"nodeID":"203561","text":"Default Inference","type":"RA","timestamp":"2016-09-29 13:50:07","scheme":"Default Inference","schemeID":"72"},{"nodeID":"203562","text":"Arguing","type":"YA","timestamp":"2016-09-29 13:50:07","scheme":"Arguing","schemeID":"80"},{"nodeID":"203563","text":"Default Conflict","type":"CA","timestamp":"2016-09-29 13:50:07","scheme":"Default Conflict","schemeID":"71"},{"nodeID":"203564","text":"Default Transition","type":"TA","timestamp":"2016-09-29 13:50:08","scheme":"Default Transition","schemeID":"82"},{"nodeID":"203565","text":"Disagreeing","type":"YA","timestamp":"2016-09-29 13:50:08","scheme":"Disagreeing","schemeID":"78"}],"edges":[{"edgeID":"248460","fromID":"203498","toID":"203499","formEdgeID":null},{"edgeID":"248461","fromID":"203497","toID":"203498","formEdgeID":null},{"edgeID":"248462","fromID":"203502","toID":"203503","formEdgeID":null},{"edgeID":"248463","fromID":"203501","toID":"203502","formEdgeID":null},{"edgeID":"248464","fromID":"203503","toID":"203505","formEdgeID":null},{"edgeID":"248465","fromID":"203505","toID":"203499","formEdgeID":null},{"edgeID":"248466","fromID":"203497","toID":"203506","formEdgeID":null},{"edgeID":"248467","fromID":"203506","toID":"203501","formEdgeID":null},{"edgeID":"248468","fromID":"203506","toID":"203507","formEdgeID":null},{"edgeID":"248469","fromID":"203507","toID":"203505","formEdgeID":null},{"edgeID":"248470","fromID":"203501","toID":"203510","formEdgeID":null},{"edgeID":"248471","fromID":"203510","toID":"203508","formEdgeID":null},{"edgeID":"248472","fromID":"203508","toID":"203511","formEdgeID":null},{"edgeID":"248473","fromID":"203511","toID":"203503","formEdgeID":null},{"edgeID":"248474","fromID":"203501","toID":"203514","formEdgeID":null},{"edgeID":"248475","fromID":"203514","toID":"203512","formEdgeID":null},{"edgeID":"248476","fromID":"203514","toID":"203515","formEdgeID":null},{"edgeID":"248477","fromID":"203515","toID":"203499","formEdgeID":null},{"edgeID":"248478","fromID":"203517","toID":"203518","formEdgeID":null},{"edgeID":"248479","fromID":"203516","toID":"203517","formEdgeID":null},{"edgeID":"248480","fromID":"203521","toID":"203522","formEdgeID":null},{"edgeID":"248481","fromID":"203520","toID":"203521","formEdgeID":null},{"edgeID":"248482","fromID":"203512","toID":"203524","formEdgeID":null},{"edgeID":"248483","fromID":"203524","toID":"203516","formEdgeID":null},{"edgeID":"248484","fromID":"203516","toID":"203525","formEdgeID":null},{"edgeID":"248485","fromID":"203525","toID":"203520","formEdgeID":null},{"edgeID":"248486","fromID":"203527","toID":"203528","formEdgeID":null},{"edgeID":"248487","fromID":"203526","toID":"203527","formEdgeID":null},{"edgeID":"248488","fromID":"203531","toID":"203532","formEdgeID":null},{"edgeID":"248489","fromID":"203530","toID":"203531","formEdgeID":null},{"edgeID":"248490","fromID":"203535","toID":"203536","formEdgeID":null},{"edgeID":"248491","fromID":"203534","toID":"203535","formEdgeID":null},{"edgeID":"248492","fromID":"203539","toID":"203540","formEdgeID":null},{"edgeID":"248493","fromID":"203538","toID":"203539","formEdgeID":null},{"edgeID":"248494","fromID":"203543","toID":"203544","formEdgeID":null},{"edgeID":"248495","fromID":"203542","toID":"203543","formEdgeID":null},{"edgeID":"248496","fromID":"203544","toID":"203546","formEdgeID":null},{"edgeID":"248497","fromID":"203546","toID":"203536","formEdgeID":null},{"edgeID":"248498","fromID":"203534","toID":"203547","formEdgeID":null},{"edgeID":"248499","fromID":"203547","toID":"203542","formEdgeID":null},{"edgeID":"248500","fromID":"203547","toID":"203548","formEdgeID":null},{"edgeID":"248501","fromID":"203548","toID":"203546","formEdgeID":null},{"edgeID":"248502","fromID":"203544","toID":"203549","formEdgeID":null},{"edgeID":"248503","fromID":"203549","toID":"203540","formEdgeID":null},{"edgeID":"248504","fromID":"203538","toID":"203550","formEdgeID":null},{"edgeID":"248505","fromID":"203550","toID":"203542","formEdgeID":null},{"edgeID":"248506","fromID":"203550","toID":"203551","formEdgeID":null},{"edgeID":"248507","fromID":"203551","toID":"203549","formEdgeID":null},{"edgeID":"248508","fromID":"203532","toID":"203552","formEdgeID":null},{"edgeID":"248509","fromID":"203552","toID":"203528","formEdgeID":null},{"edgeID":"248510","fromID":"203526","toID":"203553","formEdgeID":null},{"edgeID":"248511","fromID":"203553","toID":"203530","formEdgeID":null},{"edgeID":"248512","fromID":"203553","toID":"203554","formEdgeID":null},{"edgeID":"248513","fromID":"203554","toID":"203552","formEdgeID":null},{"edgeID":"248514","fromID":"203536","toID":"203555","formEdgeID":null},{"edgeID":"248515","fromID":"203555","toID":"203528","formEdgeID":null},{"edgeID":"248516","fromID":"203526","toID":"203556","formEdgeID":null},{"edgeID":"248517","fromID":"203556","toID":"203534","formEdgeID":null},{"edgeID":"248518","fromID":"203556","toID":"203557","formEdgeID":null},{"edgeID":"248519","fromID":"203557","toID":"203555","formEdgeID":null},{"edgeID":"248520","fromID":"203540","toID":"203558","formEdgeID":null},{"edgeID":"248521","fromID":"203558","toID":"203499","formEdgeID":null},{"edgeID":"248522","fromID":"203497","toID":"203559","formEdgeID":null},{"edgeID":"248523","fromID":"203559","toID":"203538","formEdgeID":null},{"edgeID":"248524","fromID":"203559","toID":"203560","formEdgeID":null},{"edgeID":"248525","fromID":"203560","toID":"203558","formEdgeID":null},{"edgeID":"248526","fromID":"203522","toID":"203561","formEdgeID":null},{"edgeID":"248527","fromID":"203561","toID":"203518","formEdgeID":null},{"edgeID":"248528","fromID":"203525","toID":"203562","formEdgeID":null},{"edgeID":"248529","fromID":"203562","toID":"203561","formEdgeID":null},{"edgeID":"248530","fromID":"203518","toID":"203563","formEdgeID":null},{"edgeID":"248531","fromID":"203563","toID":"203499","formEdgeID":null},{"edgeID":"248532","fromID":"203497","toID":"203564","formEdgeID":null},{"edgeID":"248533","fromID":"203564","toID":"203516","formEdgeID":null},{"edgeID":"248534","fromID":"203564","toID":"203565","formEdgeID":null},{"edgeID":"248535","fromID":"203565","toID":"203563","formEdgeID":null}],"locutions":[]}