{"nodes":[{"nodeID":"190320","text":"Barbara: c_more_glass : Is it just me or is the crowd very pro-Clinton?","type":"L","timestamp":"2016-08-08 09:57:38"},{"nodeID":"190321","text":"surere seems like it","type":"L","timestamp":"2016-08-08 09:57:38"},{"nodeID":"190322","text":"Barbara: LordMacDonald : c_more_glass : Is it just me or is the crowd very pro-Clinton?","type":"L","timestamp":"2016-08-08 09:57:38"},{"nodeID":"190323","text":"c_more_glass :  Is it just me or is the crowd very pro-Clinton?","type":"L","timestamp":"2016-08-08 09:57:38"},{"nodeID":"190324","text":"Asserting","type":"YA","timestamp":"2016-08-08 09:57:38","scheme":"Asserting","schemeID":"74"},{"nodeID":"190325","text":"the crowd is very pro-Clinton","type":"I","timestamp":"2016-08-08 09:57:38"},{"nodeID":"190326","text":"Barbara: c_more_glass :  Is it just me or is the crowd very pro-Clinton?","type":"L","timestamp":"2016-08-08 09:57:38"},{"nodeID":"190327","text":"LordMacDonald : surere seems like it","type":"L","timestamp":"2016-08-08 09:57:38"},{"nodeID":"190328","text":"Barbara: LordMacDonald : surere seems like it","type":"L","timestamp":"2016-08-08 09:57:38"},{"nodeID":"190329","text":"Default Transition","type":"TA","timestamp":"2016-08-08 09:57:38","scheme":"Default Transition","schemeID":"82"},{"nodeID":"190330","text":"Agreeing","type":"YA","timestamp":"2016-08-08 09:57:39","scheme":"Agreeing","schemeID":"77"},{"nodeID":"190331","text":"fortfive : The camera focuses on smiling faces for Clinton","type":"L","timestamp":"2016-08-08 09:57:39"},{"nodeID":"190332","text":"Asserting","type":"YA","timestamp":"2016-08-08 09:57:39","scheme":"Asserting","schemeID":"74"},{"nodeID":"190333","text":"the camera focuses on smiling faces for Clinton","type":"I","timestamp":"2016-08-08 09:57:39"},{"nodeID":"190334","text":"Barbara: fortfive : The camera focuses on smiling faces for Clinton","type":"L","timestamp":"2016-08-08 09:57:39"},{"nodeID":"190335","text":"Default Transition","type":"TA","timestamp":"2016-08-08 09:57:39","scheme":"Default Transition","schemeID":"82"},{"nodeID":"190336","text":"fortfive : the applause sounds louder to me for Sanders","type":"L","timestamp":"2016-08-08 09:57:39"},{"nodeID":"190337","text":"Asserting","type":"YA","timestamp":"2016-08-08 09:57:39","scheme":"Asserting","schemeID":"74"},{"nodeID":"190338","text":"the applause sounds louder to me for Sanders","type":"I","timestamp":"2016-08-08 09:57:39"},{"nodeID":"190339","text":"Barbara: fortfive : the applause sounds louder to me for Sanders","type":"L","timestamp":"2016-08-08 09:57:39"},{"nodeID":"190340","text":"Default Conflict","type":"CA","timestamp":"2016-08-08 09:57:39","scheme":"Default Conflict","schemeID":"71"},{"nodeID":"190341","text":"Default Transition","type":"TA","timestamp":"2016-08-08 09:57:39","scheme":"Default Transition","schemeID":"82"},{"nodeID":"190342","text":"Disagreeing","type":"YA","timestamp":"2016-08-08 09:57:40","scheme":"Disagreeing","schemeID":"78"},{"nodeID":"190343","text":"flutterfly28 : As is is the country","type":"L","timestamp":"2016-08-08 09:57:40"},{"nodeID":"190344","text":"Asserting","type":"YA","timestamp":"2016-08-08 09:57:40","scheme":"Asserting","schemeID":"74"},{"nodeID":"190345","text":"the country is pro-Clinton","type":"I","timestamp":"2016-08-08 09:57:40"},{"nodeID":"190346","text":"Barbara: flutterfly28 : As is is the country","type":"L","timestamp":"2016-08-08 09:57:40"},{"nodeID":"190347","text":"Default Inference","type":"RA","timestamp":"2016-08-08 09:57:40","scheme":"Default Inference","schemeID":"72"},{"nodeID":"190348","text":"Default Transition","type":"TA","timestamp":"2016-08-08 09:57:40","scheme":"Default Transition","schemeID":"82"},{"nodeID":"190349","text":"Arguing","type":"YA","timestamp":"2016-08-08 09:57:40","scheme":"Arguing","schemeID":"80"},{"nodeID":"190350","text":"TerpZ : she IS the front runner","type":"L","timestamp":"2016-08-08 09:57:40"},{"nodeID":"190351","text":"Asserting","type":"YA","timestamp":"2016-08-08 09:57:40","scheme":"Asserting","schemeID":"74"},{"nodeID":"190352","text":"Clinton is the front runner","type":"I","timestamp":"2016-08-08 09:57:41"},{"nodeID":"190353","text":"Barbara: TerpZ : she IS the front runner","type":"L","timestamp":"2016-08-08 09:57:41"},{"nodeID":"190354","text":"Default Inference","type":"RA","timestamp":"2016-08-08 09:57:41","scheme":"Default Inference","schemeID":"72"},{"nodeID":"190355","text":"Default Transition","type":"TA","timestamp":"2016-08-08 09:57:41","scheme":"Default Transition","schemeID":"82"},{"nodeID":"190356","text":"Arguing","type":"YA","timestamp":"2016-08-08 09:57:41","scheme":"Arguing","schemeID":"80"},{"nodeID":"190357","text":"torgo_phylum : Yes","type":"L","timestamp":"2016-08-08 09:57:41"},{"nodeID":"190358","text":"Barbara: torgo_phylum : Yes","type":"L","timestamp":"2016-08-08 09:57:41"},{"nodeID":"190359","text":"Default Transition","type":"TA","timestamp":"2016-08-08 09:57:41","scheme":"Default Transition","schemeID":"82"},{"nodeID":"190360","text":"Agreeing","type":"YA","timestamp":"2016-08-08 09:57:41","scheme":"Agreeing","schemeID":"77"},{"nodeID":"190361","text":"torgo_phylum : Outside of reddit, democrats really like Clinton","type":"L","timestamp":"2016-08-08 09:57:41"},{"nodeID":"190362","text":"Asserting","type":"YA","timestamp":"2016-08-08 09:57:41","scheme":"Asserting","schemeID":"74"},{"nodeID":"190363","text":"Outside of reddit, democrats really like Clinton","type":"I","timestamp":"2016-08-08 09:57:41"},{"nodeID":"190364","text":"Barbara: torgo_phylum : Outside of reddit, democrats really like Clinton","type":"L","timestamp":"2016-08-08 09:57:42"},{"nodeID":"190365","text":"Default Inference","type":"RA","timestamp":"2016-08-08 09:57:42","scheme":"Default Inference","schemeID":"72"},{"nodeID":"190366","text":"Default Transition","type":"TA","timestamp":"2016-08-08 09:57:42","scheme":"Default Transition","schemeID":"82"},{"nodeID":"190367","text":"Arguing","type":"YA","timestamp":"2016-08-08 09:57:42","scheme":"Arguing","schemeID":"80"},{"nodeID":"190368","text":"ItsBobDoleYo : maybe not very, but favorable","type":"L","timestamp":"2016-08-08 09:57:42"},{"nodeID":"190369","text":"Asserting","type":"YA","timestamp":"2016-08-08 09:57:42","scheme":"Asserting","schemeID":"74"},{"nodeID":"190370","text":"the crowd is favorable towards Clinton","type":"I","timestamp":"2016-08-08 09:57:42"},{"nodeID":"190371","text":"Barbara: ItsBobDoleYo : maybe not very, but favorable","type":"L","timestamp":"2016-08-08 09:57:42"},{"nodeID":"190372","text":"Default Rephrase","type":"MA","timestamp":"2016-08-08 09:57:42","scheme":"Default Rephrase","schemeID":"144"},{"nodeID":"190373","text":"Default Transition","type":"TA","timestamp":"2016-08-08 09:57:42","scheme":"Default Transition","schemeID":"82"},{"nodeID":"190374","text":"Restating","type":"YA","timestamp":"2016-08-08 09:57:42","scheme":"Restating","schemeID":"101"}],"edges":[{"edgeID":"233276","fromID":"190324","toID":"190325","formEdgeID":null},{"edgeID":"233277","fromID":"190323","toID":"190324","formEdgeID":null},{"edgeID":"233278","fromID":"190323","toID":"190329","formEdgeID":null},{"edgeID":"233279","fromID":"190329","toID":"190327","formEdgeID":null},{"edgeID":"233280","fromID":"190329","toID":"190330","formEdgeID":null},{"edgeID":"233281","fromID":"190330","toID":"190325","formEdgeID":null},{"edgeID":"233282","fromID":"190332","toID":"190333","formEdgeID":null},{"edgeID":"233283","fromID":"190331","toID":"190332","formEdgeID":null},{"edgeID":"233284","fromID":"190323","toID":"190335","formEdgeID":null},{"edgeID":"233285","fromID":"190335","toID":"190331","formEdgeID":null},{"edgeID":"233286","fromID":"190337","toID":"190338","formEdgeID":null},{"edgeID":"233287","fromID":"190336","toID":"190337","formEdgeID":null},{"edgeID":"233288","fromID":"190338","toID":"190340","formEdgeID":null},{"edgeID":"233289","fromID":"190340","toID":"190325","formEdgeID":null},{"edgeID":"233290","fromID":"190323","toID":"190341","formEdgeID":null},{"edgeID":"233291","fromID":"190341","toID":"190336","formEdgeID":null},{"edgeID":"233292","fromID":"190341","toID":"190342","formEdgeID":null},{"edgeID":"233293","fromID":"190342","toID":"190340","formEdgeID":null},{"edgeID":"233294","fromID":"190344","toID":"190345","formEdgeID":null},{"edgeID":"233295","fromID":"190343","toID":"190344","formEdgeID":null},{"edgeID":"233296","fromID":"190345","toID":"190347","formEdgeID":null},{"edgeID":"233297","fromID":"190347","toID":"190325","formEdgeID":null},{"edgeID":"233298","fromID":"190323","toID":"190348","formEdgeID":null},{"edgeID":"233299","fromID":"190348","toID":"190343","formEdgeID":null},{"edgeID":"233300","fromID":"190348","toID":"190349","formEdgeID":null},{"edgeID":"233301","fromID":"190349","toID":"190347","formEdgeID":null},{"edgeID":"233302","fromID":"190351","toID":"190352","formEdgeID":null},{"edgeID":"233303","fromID":"190350","toID":"190351","formEdgeID":null},{"edgeID":"233304","fromID":"190352","toID":"190354","formEdgeID":null},{"edgeID":"233305","fromID":"190354","toID":"190325","formEdgeID":null},{"edgeID":"233306","fromID":"190323","toID":"190355","formEdgeID":null},{"edgeID":"233307","fromID":"190355","toID":"190350","formEdgeID":null},{"edgeID":"233308","fromID":"190355","toID":"190356","formEdgeID":null},{"edgeID":"233309","fromID":"190356","toID":"190354","formEdgeID":null},{"edgeID":"233310","fromID":"190323","toID":"190359","formEdgeID":null},{"edgeID":"233311","fromID":"190359","toID":"190357","formEdgeID":null},{"edgeID":"233312","fromID":"190359","toID":"190360","formEdgeID":null},{"edgeID":"233313","fromID":"190360","toID":"190325","formEdgeID":null},{"edgeID":"233314","fromID":"190362","toID":"190363","formEdgeID":null},{"edgeID":"233315","fromID":"190361","toID":"190362","formEdgeID":null},{"edgeID":"233316","fromID":"190363","toID":"190365","formEdgeID":null},{"edgeID":"233317","fromID":"190365","toID":"190325","formEdgeID":null},{"edgeID":"233318","fromID":"190323","toID":"190366","formEdgeID":null},{"edgeID":"233319","fromID":"190366","toID":"190361","formEdgeID":null},{"edgeID":"233320","fromID":"190366","toID":"190367","formEdgeID":null},{"edgeID":"233321","fromID":"190367","toID":"190365","formEdgeID":null},{"edgeID":"233322","fromID":"190369","toID":"190370","formEdgeID":null},{"edgeID":"233323","fromID":"190368","toID":"190369","formEdgeID":null},{"edgeID":"233324","fromID":"190370","toID":"190372","formEdgeID":null},{"edgeID":"233325","fromID":"190372","toID":"190325","formEdgeID":null},{"edgeID":"233326","fromID":"190323","toID":"190373","formEdgeID":null},{"edgeID":"233327","fromID":"190373","toID":"190368","formEdgeID":null},{"edgeID":"233328","fromID":"190373","toID":"190374","formEdgeID":null},{"edgeID":"233329","fromID":"190374","toID":"190372","formEdgeID":null}],"locutions":[]}