{"nodes":[{"nodeID":"200873","text":"Theingloriousak2 : 10 hours a week can pay for a college tuition","type":"L","timestamp":"2016-09-21 11:57:05"},{"nodeID":"200874","text":"Asserting","type":"YA","timestamp":"2016-09-21 11:57:05","scheme":"Asserting","schemeID":"74"},{"nodeID":"200875","text":"10 hours a week cannot pay for a college tuition","type":"I","timestamp":"2016-09-21 11:57:05"},{"nodeID":"200876","text":"Barbara: Theingloriousak2 : 10 hours a week can pay for a college tuition??????!","type":"L","timestamp":"2016-09-21 11:57:05"},{"nodeID":"200877","text":"Penguinkeith : help pay","type":"L","timestamp":"2016-09-21 11:57:05"},{"nodeID":"200878","text":"Asserting","type":"YA","timestamp":"2016-09-21 11:57:05","scheme":"Asserting","schemeID":"74"},{"nodeID":"200879","text":"10 hours a week can help pay for a college tuition","type":"I","timestamp":"2016-09-21 11:57:05"},{"nodeID":"200880","text":"Barbara: Penguinkeith : help pay","type":"L","timestamp":"2016-09-21 11:57:05"},{"nodeID":"200881","text":"Default Conflict","type":"CA","timestamp":"2016-09-21 11:57:06","scheme":"Default Conflict","schemeID":"71"},{"nodeID":"200882","text":"Default Transition","type":"TA","timestamp":"2016-09-21 11:57:06","scheme":"Default Transition","schemeID":"82"},{"nodeID":"200883","text":"Disagreeing","type":"YA","timestamp":"2016-09-21 11:57:06","scheme":"Disagreeing","schemeID":"78"},{"nodeID":"200884","text":"Theingloriousak2 : 5200 before tax won't cover rent","type":"L","timestamp":"2016-09-21 11:57:06"},{"nodeID":"200885","text":"Asserting","type":"YA","timestamp":"2016-09-21 11:57:06","scheme":"Asserting","schemeID":"74"},{"nodeID":"200886","text":"5200 before tax won't cover rent","type":"I","timestamp":"2016-09-21 11:57:06"},{"nodeID":"200887","text":"Barbara: Theingloriousak2 : 5200 before tax won't cover rent","type":"L","timestamp":"2016-09-21 11:57:06"},{"nodeID":"200888","text":"Default Conflict","type":"CA","timestamp":"2016-09-21 11:57:06","scheme":"Default Conflict","schemeID":"71"},{"nodeID":"200889","text":"Default Transition","type":"TA","timestamp":"2016-09-21 11:57:06","scheme":"Default Transition","schemeID":"82"},{"nodeID":"200890","text":"Disagreeing","type":"YA","timestamp":"2016-09-21 11:57:06","scheme":"Disagreeing","schemeID":"78"},{"nodeID":"200891","text":"Theingloriousak2 : It would really help mine","type":"L","timestamp":"2016-09-21 11:57:06"},{"nodeID":"200892","text":"Asserting","type":"YA","timestamp":"2016-09-21 11:57:07","scheme":"Asserting","schemeID":"74"},{"nodeID":"200893","text":"5200 before tax would really help my rent","type":"I","timestamp":"2016-09-21 11:57:07"},{"nodeID":"200894","text":"Barbara: Theingloriousak2 : It would really help mine","type":"L","timestamp":"2016-09-21 11:57:07"},{"nodeID":"200895","text":"Default Conflict","type":"CA","timestamp":"2016-09-21 11:57:07","scheme":"Default Conflict","schemeID":"71"},{"nodeID":"200896","text":"Default Transition","type":"TA","timestamp":"2016-09-21 11:57:07","scheme":"Default Transition","schemeID":"82"},{"nodeID":"200897","text":"Disagreeing","type":"YA","timestamp":"2016-09-21 11:57:07","scheme":"Disagreeing","schemeID":"78"},{"nodeID":"200898","text":"HeilHilter : she is so removed from reality","type":"L","timestamp":"2016-09-21 11:57:07"},{"nodeID":"200899","text":"Asserting","type":"YA","timestamp":"2016-09-21 11:57:07","scheme":"Asserting","schemeID":"74"},{"nodeID":"200900","text":"Clinton is so removed from reality","type":"I","timestamp":"2016-09-21 11:57:07"},{"nodeID":"200901","text":"Barbara: HeilHilter : she is so removed from reality","type":"L","timestamp":"2016-09-21 11:57:07"},{"nodeID":"200902","text":"Default Inference","type":"RA","timestamp":"2016-09-21 11:57:07","scheme":"Default Inference","schemeID":"72"},{"nodeID":"200903","text":"Default Transition","type":"TA","timestamp":"2016-09-21 11:57:08","scheme":"Default Transition","schemeID":"82"},{"nodeID":"200904","text":"Arguing","type":"YA","timestamp":"2016-09-21 11:57:08","scheme":"Arguing","schemeID":"80"},{"nodeID":"200905","text":"m1a2c2kali : That wasn't the point","type":"L","timestamp":"2016-09-21 11:57:08"},{"nodeID":"200906","text":"Asserting","type":"YA","timestamp":"2016-09-21 11:57:08","scheme":"Asserting","schemeID":"74"},{"nodeID":"200907","text":"That wasn't the point","type":"I","timestamp":"2016-09-21 11:57:08"},{"nodeID":"200908","text":"Barbara: m1a2c2kali : That wasn't the point","type":"L","timestamp":"2016-09-21 11:57:08"},{"nodeID":"200909","text":"Default Transition","type":"TA","timestamp":"2016-09-21 11:57:08","scheme":"Default Transition","schemeID":"82"}],"edges":[{"edgeID":"245503","fromID":"200874","toID":"200875","formEdgeID":null},{"edgeID":"245504","fromID":"200873","toID":"200874","formEdgeID":null},{"edgeID":"245505","fromID":"200878","toID":"200879","formEdgeID":null},{"edgeID":"245506","fromID":"200877","toID":"200878","formEdgeID":null},{"edgeID":"245507","fromID":"200879","toID":"200881","formEdgeID":null},{"edgeID":"245508","fromID":"200881","toID":"200875","formEdgeID":null},{"edgeID":"245509","fromID":"200873","toID":"200882","formEdgeID":null},{"edgeID":"245510","fromID":"200882","toID":"200877","formEdgeID":null},{"edgeID":"245511","fromID":"200882","toID":"200883","formEdgeID":null},{"edgeID":"245512","fromID":"200883","toID":"200881","formEdgeID":null},{"edgeID":"245513","fromID":"200885","toID":"200886","formEdgeID":null},{"edgeID":"245514","fromID":"200884","toID":"200885","formEdgeID":null},{"edgeID":"245515","fromID":"200886","toID":"200888","formEdgeID":null},{"edgeID":"245516","fromID":"200888","toID":"200879","formEdgeID":null},{"edgeID":"245517","fromID":"200877","toID":"200889","formEdgeID":null},{"edgeID":"245518","fromID":"200889","toID":"200884","formEdgeID":null},{"edgeID":"245519","fromID":"200889","toID":"200890","formEdgeID":null},{"edgeID":"245520","fromID":"200890","toID":"200888","formEdgeID":null},{"edgeID":"245521","fromID":"200892","toID":"200893","formEdgeID":null},{"edgeID":"245522","fromID":"200891","toID":"200892","formEdgeID":null},{"edgeID":"245523","fromID":"200893","toID":"200895","formEdgeID":null},{"edgeID":"245524","fromID":"200895","toID":"200886","formEdgeID":null},{"edgeID":"245525","fromID":"200884","toID":"200896","formEdgeID":null},{"edgeID":"245526","fromID":"200896","toID":"200891","formEdgeID":null},{"edgeID":"245527","fromID":"200896","toID":"200897","formEdgeID":null},{"edgeID":"245528","fromID":"200897","toID":"200895","formEdgeID":null},{"edgeID":"245529","fromID":"200899","toID":"200900","formEdgeID":null},{"edgeID":"245530","fromID":"200898","toID":"200899","formEdgeID":null},{"edgeID":"245531","fromID":"200875","toID":"200902","formEdgeID":null},{"edgeID":"245532","fromID":"200902","toID":"200900","formEdgeID":null},{"edgeID":"245533","fromID":"200873","toID":"200903","formEdgeID":null},{"edgeID":"245534","fromID":"200903","toID":"200898","formEdgeID":null},{"edgeID":"245535","fromID":"200903","toID":"200904","formEdgeID":null},{"edgeID":"245536","fromID":"200904","toID":"200902","formEdgeID":null},{"edgeID":"245537","fromID":"200906","toID":"200907","formEdgeID":null},{"edgeID":"245538","fromID":"200905","toID":"200906","formEdgeID":null},{"edgeID":"245539","fromID":"200873","toID":"200909","formEdgeID":null},{"edgeID":"245540","fromID":"200909","toID":"200905","formEdgeID":null}],"locutions":[]}