{"nodes":[{"nodeID":"185378","text":"17th_knight : Webb does have a semi-decent point about affirmative action","type":"L","timestamp":"2016-07-29 09:15:49"},{"nodeID":"185379","text":"Asserting","type":"YA","timestamp":"2016-07-29 09:15:49","scheme":"Asserting","schemeID":"74"},{"nodeID":"185380","text":"Webb does have a semi-decent point about affirmative action","type":"I","timestamp":"2016-07-29 09:15:49"},{"nodeID":"185381","text":"Barbara: 17th_knight : Webb does have a semi-decent point about affirmative action","type":"L","timestamp":"2016-07-29 09:15:49"},{"nodeID":"185382","text":"17th_knight : There is a uniquely horrifying experience with uniquely horrifying history that has effects to this day on the African American population","type":"L","timestamp":"2016-07-29 09:15:49"},{"nodeID":"185383","text":"Asserting","type":"YA","timestamp":"2016-07-29 09:15:49","scheme":"Asserting","schemeID":"74"},{"nodeID":"185384","text":"there is a uniquely horrifying experience with uniquely horrifying history that has effects to this day on the African American population","type":"I","timestamp":"2016-07-29 09:15:49"},{"nodeID":"185385","text":"Barbara: 17th_knight : There is a uniquely horrifying experience with uniquely horrifying history that has effects to this day on the African American population","type":"L","timestamp":"2016-07-29 09:15:49"},{"nodeID":"185386","text":"Default Transition","type":"TA","timestamp":"2016-07-29 09:15:49","scheme":"Default Transition","schemeID":"82"},{"nodeID":"185387","text":"Default Inference","type":"RA","timestamp":"2016-07-29 09:15:49","scheme":"Default Inference","schemeID":"72"},{"nodeID":"185388","text":"Arguing","type":"YA","timestamp":"2016-07-29 09:15:50","scheme":"Arguing","schemeID":"80"},{"nodeID":"185389","text":"17th_knight : let's not pretend that Latin-American immigrants aren't often at a severely disadvantaged position as well","type":"L","timestamp":"2016-07-29 09:15:50"},{"nodeID":"185390","text":"Asserting","type":"YA","timestamp":"2016-07-29 09:15:50","scheme":"Asserting","schemeID":"74"},{"nodeID":"185391","text":"let's not pretend that Latin-American immigrants aren't often at a severely disadvantaged position as well","type":"I","timestamp":"2016-07-29 09:15:50"},{"nodeID":"185392","text":"Barbara: 17th_knight : let's not pretend that Latin-American immigrants aren't often at a severely disadvantaged position as well","type":"L","timestamp":"2016-07-29 09:15:50"},{"nodeID":"185393","text":"Janube : It's an argument that has a good point that I don't think Webb made","type":"L","timestamp":"2016-07-29 09:15:50"},{"nodeID":"185394","text":"Asserting","type":"YA","timestamp":"2016-07-29 09:15:50","scheme":"Asserting","schemeID":"74"},{"nodeID":"185395","text":"It's an argument that has a good point that I don't think Webb made","type":"I","timestamp":"2016-07-29 09:15:50"},{"nodeID":"185396","text":"Barbara: Janube : It's an argument that has a good point that I don't think Webb made","type":"L","timestamp":"2016-07-29 09:15:50"},{"nodeID":"185397","text":"Default Transition","type":"TA","timestamp":"2016-07-29 09:15:50","scheme":"Default Transition","schemeID":"82"},{"nodeID":"185398","text":"Agreeing","type":"YA","timestamp":"2016-07-29 09:15:50","scheme":"Agreeing","schemeID":"77"},{"nodeID":"185399","text":"Janube : Affirmative action is an evil","type":"L","timestamp":"2016-07-29 09:15:50"},{"nodeID":"185400","text":"Asserting","type":"YA","timestamp":"2016-07-29 09:15:51","scheme":"Asserting","schemeID":"74"},{"nodeID":"185401","text":"affirmative action is an evil","type":"I","timestamp":"2016-07-29 09:15:51"},{"nodeID":"185402","text":"Barbara: Janube : Affirmative action is an evil","type":"L","timestamp":"2016-07-29 09:15:51"},{"nodeID":"185403","text":"Janube : it is, at its heart, a kind of discrimination\/bias","type":"L","timestamp":"2016-07-29 09:15:51"},{"nodeID":"185404","text":"Asserting","type":"YA","timestamp":"2016-07-29 09:15:51","scheme":"Asserting","schemeID":"74"},{"nodeID":"185405","text":"it is, at its heart, a kind of discrimination\/bias","type":"I","timestamp":"2016-07-29 09:15:51"},{"nodeID":"185406","text":"Barbara: Janube : it is, at its heart, a kind of discrimination\/bias","type":"L","timestamp":"2016-07-29 09:15:51"},{"nodeID":"185407","text":"Default Inference","type":"RA","timestamp":"2016-07-29 09:15:51","scheme":"Default Inference","schemeID":"72"},{"nodeID":"185408","text":"Default Transition","type":"TA","timestamp":"2016-07-29 09:15:52","scheme":"Default Transition","schemeID":"82"},{"nodeID":"185409","text":"Arguing","type":"YA","timestamp":"2016-07-29 09:15:52","scheme":"Arguing","schemeID":"80"},{"nodeID":"185410","text":"Default Transition","type":"TA","timestamp":"2016-07-29 09:15:52","scheme":"Default Transition","schemeID":"82"},{"nodeID":"185411","text":"Janube : However, what a lot of (usually white, middle class) people don't realize is that it's a necessary evil","type":"L","timestamp":"2016-07-29 09:15:52"},{"nodeID":"185412","text":"Asserting","type":"YA","timestamp":"2016-07-29 09:15:52","scheme":"Asserting","schemeID":"74"},{"nodeID":"185413","text":"affirmaive action is a necessary evil","type":"I","timestamp":"2016-07-29 09:15:52"},{"nodeID":"185414","text":"Barbara: Janube : However, what a lot of (usually white, middle class) people don't realize is that it's a necessary evil","type":"L","timestamp":"2016-07-29 09:15:52"},{"nodeID":"185415","text":"Janube : that is in specific recompense for the conditions that we deliberately created for black people in our country","type":"L","timestamp":"2016-07-29 09:15:52"},{"nodeID":"185416","text":"Asserting","type":"YA","timestamp":"2016-07-29 09:15:52","scheme":"Asserting","schemeID":"74"},{"nodeID":"185417","text":"affirmative action is in specific recompense for the conditions that we deliberately created for black people in our country","type":"I","timestamp":"2016-07-29 09:15:52"},{"nodeID":"185418","text":"Barbara: Janube : that is in specific recompense for the conditions that we deliberately created for black people in our country","type":"L","timestamp":"2016-07-29 09:15:53"},{"nodeID":"185419","text":"Default Transition","type":"TA","timestamp":"2016-07-29 09:15:53","scheme":"Default Transition","schemeID":"82"},{"nodeID":"185420","text":"Default Inference","type":"RA","timestamp":"2016-07-29 09:15:53","scheme":"Default Inference","schemeID":"72"},{"nodeID":"185421","text":"Default Transition","type":"TA","timestamp":"2016-07-29 09:15:53","scheme":"Default Transition","schemeID":"82"},{"nodeID":"185422","text":"Arguing","type":"YA","timestamp":"2016-07-29 09:15:53","scheme":"Arguing","schemeID":"80"},{"nodeID":"185423","text":"Default Rephrase","type":"MA","timestamp":"2016-07-29 09:15:53","scheme":"Default Rephrase","schemeID":"144"},{"nodeID":"185424","text":"Default Transition","type":"TA","timestamp":"2016-07-29 09:15:53","scheme":"Default Transition","schemeID":"82"},{"nodeID":"185425","text":"Restating","type":"YA","timestamp":"2016-07-29 09:15:53","scheme":"Restating","schemeID":"101"},{"nodeID":"185426","text":"Janube : The conditions for latinos in this country is half-intentional and half-incidental to how the US developed in relation to Mexico","type":"L","timestamp":"2016-07-29 09:15:53"},{"nodeID":"185427","text":"Asserting","type":"YA","timestamp":"2016-07-29 09:15:53","scheme":"Asserting","schemeID":"74"},{"nodeID":"185428","text":"the conditions for latinos in this country is half-intentional and half-incidental to how the US developed in relation to Mexico","type":"I","timestamp":"2016-07-29 09:15:53"},{"nodeID":"185429","text":"Barbara: Janube : The conditions for latinos in this country is half-intentional and half-incidental to how the US developed in relation to Mexico","type":"L","timestamp":"2016-07-29 09:15:53"},{"nodeID":"185430","text":"Janube : There wasn't a deliberately artificial hole that latinos were put in by American systems (at least to the same extent)","type":"L","timestamp":"2016-07-29 09:15:54"},{"nodeID":"185431","text":"Asserting","type":"YA","timestamp":"2016-07-29 09:15:54","scheme":"Asserting","schemeID":"74"},{"nodeID":"185432","text":"there wasn't a deliberately artificial hole that latinos were put in by American systems (at least to the same extent)","type":"I","timestamp":"2016-07-29 09:15:54"},{"nodeID":"185433","text":"Barbara: Janube : There wasn't a deliberately artificial hole that latinos were put in by American systems (at least to the same extent)","type":"L","timestamp":"2016-07-29 09:15:54"},{"nodeID":"185434","text":"Janube : Moreover, the solutions to the problems and the exact kinds of problems faced by the two (broad\/vague) ethnicities are, to a fair extent, different in nature and origin","type":"L","timestamp":"2016-07-29 09:15:54"},{"nodeID":"185435","text":"Asserting","type":"YA","timestamp":"2016-07-29 09:15:54","scheme":"Asserting","schemeID":"74"},{"nodeID":"185436","text":"moreover, the solutions to the problems and the exact kinds of problems faced by the two (broad\/vague) ethnicities are, to a fair extent, different in nature and origin","type":"I","timestamp":"2016-07-29 09:15:54"},{"nodeID":"185437","text":"Barbara: Janube : Moreover, the solutions to the problems and the exact kinds of problems faced by the two (broad\/vague) ethnicities are, to a fair extent, different in nature and origin","type":"L","timestamp":"2016-07-29 09:15:54"},{"nodeID":"185438","text":"Janube : The solution of education is the better solution for the demographic that already largely resides in the US (black persons), while a more immediate solution for latinos would be immigration reform","type":"L","timestamp":"2016-07-29 09:15:54"},{"nodeID":"185439","text":"Asserting","type":"YA","timestamp":"2016-07-29 09:15:54","scheme":"Asserting","schemeID":"74"},{"nodeID":"185440","text":"the solution of education is the better solution for the demographic that already largely resides in the US (black persons), while a more immediate solution for latinos would be immigration reform","type":"I","timestamp":"2016-07-29 09:15:54"},{"nodeID":"185441","text":"Barbara: Janube : The solution of education is the better solution for the demographic that already largely resides in the US (black persons), while a more immediate solution for latinos would be immigration reform","type":"L","timestamp":"2016-07-29 09:15:55"},{"nodeID":"185442","text":"Janube : Those are a few reasons why Webb's point missed the mark","type":"L","timestamp":"2016-07-29 09:15:55"},{"nodeID":"185443","text":"Asserting","type":"YA","timestamp":"2016-07-29 09:15:55","scheme":"Asserting","schemeID":"74"},{"nodeID":"185444","text":"Webb's point missed the mark","type":"I","timestamp":"2016-07-29 09:15:55"},{"nodeID":"185445","text":"Barbara: Janube : Those are a few reasons why Webb's point missed the mark","type":"L","timestamp":"2016-07-29 09:15:55"},{"nodeID":"185446","text":"Janube : This comic (http:\/\/www.thbook.org\/lightofthemoon\/pics\/Brief%20history%20of%20race%20relations%20in%20the%20US.jpg) is pretty spot in for being a short, visual description of a very long, complicated problem. \u00a0 \u00a0 \u00a0","type":"L","timestamp":"2016-07-29 09:15:55"},{"nodeID":"185447","text":"Asserting","type":"YA","timestamp":"2016-07-29 09:15:55","scheme":"Asserting","schemeID":"74"},{"nodeID":"185448","text":"this comic (http:\/\/www.thbook.org\/lightofthemoon\/pics\/Brief%20history%20of%20race%20relations%20in%20the%20US.jpg) is pretty spot in for being a short, visual description of a very long, complicated problem. \u00a0 \u00a0 \u00a0","type":"I","timestamp":"2016-07-29 09:15:55"},{"nodeID":"185449","text":"Barbara: Janube : This comic (http:\/\/www.thbook.org\/lightofthemoon\/pics\/Brief%20history%20of%20race%20relations%20in%20the%20US.jpg) is pretty spot in for being a short, visual description of a very long, complicated problem. \u00a0 \u00a0 \u00a0","type":"L","timestamp":"2016-07-29 09:15:55"},{"nodeID":"185450","text":"Default Inference","type":"RA","timestamp":"2016-07-29 09:15:55","scheme":"Default Inference","schemeID":"72"},{"nodeID":"185451","text":"Default Transition","type":"TA","timestamp":"2016-07-29 09:15:55","scheme":"Default Transition","schemeID":"82"},{"nodeID":"185452","text":"Arguing","type":"YA","timestamp":"2016-07-29 09:15:55","scheme":"Arguing","schemeID":"80"},{"nodeID":"185453","text":"Default Inference","type":"RA","timestamp":"2016-07-29 09:15:56","scheme":"Default Inference","schemeID":"72"},{"nodeID":"185454","text":"Default Transition","type":"TA","timestamp":"2016-07-29 09:15:56","scheme":"Default Transition","schemeID":"82"},{"nodeID":"185455","text":"Arguing","type":"YA","timestamp":"2016-07-29 09:15:56","scheme":"Arguing","schemeID":"80"},{"nodeID":"185456","text":"Default Inference","type":"RA","timestamp":"2016-07-29 09:15:56","scheme":"Default Inference","schemeID":"72"},{"nodeID":"185457","text":"Default Transition","type":"TA","timestamp":"2016-07-29 09:15:56","scheme":"Default Transition","schemeID":"82"},{"nodeID":"185458","text":"Arguing","type":"YA","timestamp":"2016-07-29 09:15:56","scheme":"Arguing","schemeID":"80"},{"nodeID":"185459","text":"Default Inference","type":"RA","timestamp":"2016-07-29 09:15:56","scheme":"Default Inference","schemeID":"72"},{"nodeID":"185460","text":"Default Transition","type":"TA","timestamp":"2016-07-29 09:15:56","scheme":"Default Transition","schemeID":"82"},{"nodeID":"185461","text":"Arguing","type":"YA","timestamp":"2016-07-29 09:15:56","scheme":"Arguing","schemeID":"80"},{"nodeID":"185462","text":"Default Conflict","type":"CA","timestamp":"2016-07-29 09:15:56","scheme":"Default Conflict","schemeID":"71"},{"nodeID":"185463","text":"Default Transition","type":"TA","timestamp":"2016-07-29 09:15:56","scheme":"Default Transition","schemeID":"82"},{"nodeID":"185464","text":"Disagreeing","type":"YA","timestamp":"2016-07-29 09:15:57","scheme":"Disagreeing","schemeID":"78"},{"nodeID":"185465","text":"Default Transition","type":"TA","timestamp":"2016-07-29 09:15:57","scheme":"Default Transition","schemeID":"82"}],"edges":[{"edgeID":"226933","fromID":"185379","toID":"185380","formEdgeID":null},{"edgeID":"226934","fromID":"185378","toID":"185379","formEdgeID":null},{"edgeID":"226935","fromID":"185383","toID":"185384","formEdgeID":null},{"edgeID":"226936","fromID":"185382","toID":"185383","formEdgeID":null},{"edgeID":"226937","fromID":"185378","toID":"185386","formEdgeID":null},{"edgeID":"226938","fromID":"185386","toID":"185382","formEdgeID":null},{"edgeID":"226939","fromID":"185384","toID":"185387","formEdgeID":null},{"edgeID":"226940","fromID":"185387","toID":"185380","formEdgeID":null},{"edgeID":"226941","fromID":"185386","toID":"185388","formEdgeID":null},{"edgeID":"226942","fromID":"185388","toID":"185387","formEdgeID":null},{"edgeID":"226943","fromID":"185390","toID":"185391","formEdgeID":null},{"edgeID":"226944","fromID":"185389","toID":"185390","formEdgeID":null},{"edgeID":"226945","fromID":"185391","toID":"185387","formEdgeID":null},{"edgeID":"226946","fromID":"185386","toID":"185389","formEdgeID":null},{"edgeID":"226947","fromID":"185394","toID":"185395","formEdgeID":null},{"edgeID":"226948","fromID":"185393","toID":"185394","formEdgeID":null},{"edgeID":"226949","fromID":"185389","toID":"185397","formEdgeID":null},{"edgeID":"226950","fromID":"185397","toID":"185393","formEdgeID":null},{"edgeID":"226951","fromID":"185397","toID":"185398","formEdgeID":null},{"edgeID":"226952","fromID":"185398","toID":"185391","formEdgeID":null},{"edgeID":"226953","fromID":"185400","toID":"185401","formEdgeID":null},{"edgeID":"226954","fromID":"185399","toID":"185400","formEdgeID":null},{"edgeID":"226955","fromID":"185404","toID":"185405","formEdgeID":null},{"edgeID":"226956","fromID":"185403","toID":"185404","formEdgeID":null},{"edgeID":"226957","fromID":"185405","toID":"185407","formEdgeID":null},{"edgeID":"226958","fromID":"185407","toID":"185401","formEdgeID":null},{"edgeID":"226959","fromID":"185399","toID":"185408","formEdgeID":null},{"edgeID":"226960","fromID":"185408","toID":"185403","formEdgeID":null},{"edgeID":"226961","fromID":"185408","toID":"185409","formEdgeID":null},{"edgeID":"226962","fromID":"185409","toID":"185407","formEdgeID":null},{"edgeID":"226963","fromID":"185393","toID":"185410","formEdgeID":null},{"edgeID":"226964","fromID":"185410","toID":"185399","formEdgeID":null},{"edgeID":"226965","fromID":"185412","toID":"185413","formEdgeID":null},{"edgeID":"226966","fromID":"185411","toID":"185412","formEdgeID":null},{"edgeID":"226967","fromID":"185416","toID":"185417","formEdgeID":null},{"edgeID":"226968","fromID":"185415","toID":"185416","formEdgeID":null},{"edgeID":"226969","fromID":"185403","toID":"185419","formEdgeID":null},{"edgeID":"226970","fromID":"185419","toID":"185411","formEdgeID":null},{"edgeID":"226971","fromID":"185417","toID":"185420","formEdgeID":null},{"edgeID":"226972","fromID":"185420","toID":"185413","formEdgeID":null},{"edgeID":"226973","fromID":"185411","toID":"185421","formEdgeID":null},{"edgeID":"226974","fromID":"185421","toID":"185415","formEdgeID":null},{"edgeID":"226975","fromID":"185421","toID":"185422","formEdgeID":null},{"edgeID":"226976","fromID":"185422","toID":"185420","formEdgeID":null},{"edgeID":"226977","fromID":"185413","toID":"185423","formEdgeID":null},{"edgeID":"226978","fromID":"185423","toID":"185401","formEdgeID":null},{"edgeID":"226979","fromID":"185399","toID":"185424","formEdgeID":null},{"edgeID":"226980","fromID":"185424","toID":"185411","formEdgeID":null},{"edgeID":"226981","fromID":"185424","toID":"185425","formEdgeID":null},{"edgeID":"226982","fromID":"185425","toID":"185423","formEdgeID":null},{"edgeID":"226983","fromID":"185427","toID":"185428","formEdgeID":null},{"edgeID":"226984","fromID":"185426","toID":"185427","formEdgeID":null},{"edgeID":"226985","fromID":"185431","toID":"185432","formEdgeID":null},{"edgeID":"226986","fromID":"185430","toID":"185431","formEdgeID":null},{"edgeID":"226987","fromID":"185435","toID":"185436","formEdgeID":null},{"edgeID":"226988","fromID":"185434","toID":"185435","formEdgeID":null},{"edgeID":"226989","fromID":"185439","toID":"185440","formEdgeID":null},{"edgeID":"226990","fromID":"185438","toID":"185439","formEdgeID":null},{"edgeID":"226991","fromID":"185443","toID":"185444","formEdgeID":null},{"edgeID":"226992","fromID":"185442","toID":"185443","formEdgeID":null},{"edgeID":"226993","fromID":"185447","toID":"185448","formEdgeID":null},{"edgeID":"226994","fromID":"185446","toID":"185447","formEdgeID":null},{"edgeID":"226995","fromID":"185440","toID":"185450","formEdgeID":null},{"edgeID":"226996","fromID":"185450","toID":"185444","formEdgeID":null},{"edgeID":"226997","fromID":"185436","toID":"185450","formEdgeID":null},{"edgeID":"226998","fromID":"185434","toID":"185451","formEdgeID":null},{"edgeID":"226999","fromID":"185451","toID":"185442","formEdgeID":null},{"edgeID":"227000","fromID":"185438","toID":"185451","formEdgeID":null},{"edgeID":"227001","fromID":"185451","toID":"185452","formEdgeID":null},{"edgeID":"227002","fromID":"185452","toID":"185450","formEdgeID":null},{"edgeID":"227003","fromID":"185432","toID":"185453","formEdgeID":null},{"edgeID":"227004","fromID":"185453","toID":"185428","formEdgeID":null},{"edgeID":"227005","fromID":"185426","toID":"185454","formEdgeID":null},{"edgeID":"227006","fromID":"185454","toID":"185430","formEdgeID":null},{"edgeID":"227007","fromID":"185454","toID":"185455","formEdgeID":null},{"edgeID":"227008","fromID":"185455","toID":"185453","formEdgeID":null},{"edgeID":"227009","fromID":"185428","toID":"185456","formEdgeID":null},{"edgeID":"227010","fromID":"185456","toID":"185444","formEdgeID":null},{"edgeID":"227011","fromID":"185426","toID":"185457","formEdgeID":null},{"edgeID":"227012","fromID":"185457","toID":"185442","formEdgeID":null},{"edgeID":"227013","fromID":"185457","toID":"185458","formEdgeID":null},{"edgeID":"227014","fromID":"185458","toID":"185456","formEdgeID":null},{"edgeID":"227015","fromID":"185401","toID":"185459","formEdgeID":null},{"edgeID":"227016","fromID":"185459","toID":"185444","formEdgeID":null},{"edgeID":"227017","fromID":"185399","toID":"185460","formEdgeID":null},{"edgeID":"227018","fromID":"185460","toID":"185442","formEdgeID":null},{"edgeID":"227019","fromID":"185460","toID":"185461","formEdgeID":null},{"edgeID":"227020","fromID":"185461","toID":"185459","formEdgeID":null},{"edgeID":"227021","fromID":"185444","toID":"185462","formEdgeID":null},{"edgeID":"227022","fromID":"185462","toID":"185380","formEdgeID":null},{"edgeID":"227023","fromID":"185378","toID":"185463","formEdgeID":null},{"edgeID":"227024","fromID":"185463","toID":"185442","formEdgeID":null},{"edgeID":"227025","fromID":"185463","toID":"185464","formEdgeID":null},{"edgeID":"227026","fromID":"185464","toID":"185462","formEdgeID":null},{"edgeID":"227027","fromID":"185442","toID":"185465","formEdgeID":null},{"edgeID":"227028","fromID":"185465","toID":"185446","formEdgeID":null}],"locutions":[]}