{"nodes":[{"nodeID":"6332","text":"I","type":"I","timestamp":"2012-04-17 13:32:17"},{"nodeID":"201159","text":"SinisterPaige : Webb is not being given the same time as Clinton or Sanders","type":"L","timestamp":"2016-09-21 16:33:25"},{"nodeID":"201161","text":"Webb is not being given the same time as Clinton or Sanders and he should be","type":"I","timestamp":"2016-09-21 16:33:25"},{"nodeID":"201162","text":"Barbara: SinisterPaige : Webb is not being given the same time as Clinton or Sanders","type":"L","timestamp":"2016-09-21 16:33:25"},{"nodeID":"201163","text":"bjhoops333 : Welcome to politics","type":"L","timestamp":"2016-09-21 16:33:25"},{"nodeID":"201165","text":"welcome to politics","type":"I","timestamp":"2016-09-21 16:33:25"},{"nodeID":"201166","text":"Barbara: bjhoops333 : Welcome to politics","type":"L","timestamp":"2016-09-21 16:33:26"},{"nodeID":"201167","text":"Rohkii : Not too different from how the Republican debates went","type":"L","timestamp":"2016-09-21 16:33:26"},{"nodeID":"201169","text":"his debate is not too different from how the Republican debates went","type":"I","timestamp":"2016-09-21 16:33:26"},{"nodeID":"201170","text":"Barbara: Rohkii : Not too different from how the Republican debates went","type":"L","timestamp":"2016-09-21 16:33:26"},{"nodeID":"201171","text":"Rohkii : was all Trump, Bush, and Fiorina","type":"L","timestamp":"2016-09-21 16:33:26"},{"nodeID":"201173","text":"the Republican debate was all Trump, Bush, and Fiorina","type":"I","timestamp":"2016-09-21 16:33:26"},{"nodeID":"201174","text":"Barbara: Rohkii : was all Trump, Bush, and Fiorina","type":"L","timestamp":"2016-09-21 16:33:26"},{"nodeID":"201178","text":"69username69 : Does he deserve it after suggesting that we go to war with China over cyber crimes","type":"L","timestamp":"2016-09-21 16:33:27"},{"nodeID":"201180","text":"Webb does not deserve it after suggesting that we go to war with China over cyber crimes","type":"I","timestamp":"2016-09-21 16:33:27"},{"nodeID":"201181","text":"Barbara: 69username69 : Does he deserve it after suggesting that we go to war with China over cyber crimes","type":"L","timestamp":"2016-09-21 16:33:27"},{"nodeID":"201185","text":"bringmethesampo : I am an Sanders supporter and I think that this is horseshit that Webb and the others aren't given the same time","type":"L","timestamp":"2016-09-21 16:33:27"},{"nodeID":"201187","text":"I am an Sanders supporter and I think that this is horseshit that Webb and the others aren't given the same time","type":"I","timestamp":"2016-09-21 16:33:28"},{"nodeID":"201188","text":"Barbara: bringmethesampo : I am an Sanders supporter and I think that this is horseshit that Webb and the others aren't given the same time","type":"L","timestamp":"2016-09-21 16:33:28"},{"nodeID":"201189","text":"SinisterPaige : I have a lot of respect for Sanders, but he's too far to the left","type":"L","timestamp":"2016-09-21 16:33:28"},{"nodeID":"201191","text":"I have a lot of respect for Sanders, but he's too far to the left","type":"I","timestamp":"2016-09-21 16:33:28"},{"nodeID":"201192","text":"Barbara: SinisterPaige : I have a lot of respect for Sanders, but he's too far to the left","type":"L","timestamp":"2016-09-21 16:33:28"},{"nodeID":"201193","text":"SinisterPaige : hate me all you want","type":"L","timestamp":"2016-09-21 16:33:28"},{"nodeID":"201195","text":"you can hate me all you want","type":"I","timestamp":"2016-09-21 16:33:28"},{"nodeID":"201196","text":"Barbara: SinisterPaige : hate me all you want","type":"L","timestamp":"2016-09-21 16:33:28"},{"nodeID":"201202","text":"bringmethesampo : I am cool with whomever you want to support","type":"L","timestamp":"2016-09-21 16:33:29"},{"nodeID":"201204","text":"I am cool with whomever you want to support","type":"I","timestamp":"2016-09-21 16:33:29"},{"nodeID":"201205","text":"Barbara: bringmethesampo : I am cool with whomever you want to support","type":"L","timestamp":"2016-09-21 16:33:29"},{"nodeID":"201206","text":"bringmethesampo : I just want to see some equal time rather than this format","type":"L","timestamp":"2016-09-21 16:33:30"},{"nodeID":"201208","text":"I just want to see some equal time rather than this format","type":"I","timestamp":"2016-09-21 16:33:30"},{"nodeID":"201209","text":"Barbara: bringmethesampo : I just want to see some equal time rather than this format","type":"L","timestamp":"2016-09-21 16:33:30"},{"nodeID":"201210","text":"SinisterPaige : I agree","type":"L","timestamp":"2016-09-21 16:33:30"},{"nodeID":"201211","text":"Barbara: SinisterPaige : I agree","type":"L","timestamp":"2016-09-21 16:33:30"},{"nodeID":"201217","text":"I expect a Webb debate-time graph in the morning","type":"I","timestamp":"2016-09-21 16:33:30"},{"nodeID":"201219","text":"DabbinDuck : I expect a Webb debate-time graph in the morning","type":"L","timestamp":"2016-09-21 16:33:31"},{"nodeID":"201220","text":"Barbara: DabbinDuck : I expect a Webb debate-time graph in the morning","type":"L","timestamp":"2016-09-21 16:33:31"},{"nodeID":"201222","text":"10 min scale of course","type":"I","timestamp":"2016-09-21 16:33:31"},{"nodeID":"201224","text":"DabbinDuck : 10 min scale of course","type":"L","timestamp":"2016-09-21 16:33:31"},{"nodeID":"201225","text":"Barbara: DabbinDuck : 10 min scale of course","type":"L","timestamp":"2016-09-21 16:33:31"},{"nodeID":"201227","text":"DabbinDuck : He's really not","type":"L","timestamp":"2016-09-21 16:33:31"},{"nodeID":"201228","text":"Barbara: DabbinDuck : He's really not","type":"L","timestamp":"2016-09-21 16:33:31"},{"nodeID":"201231","text":"FreshHotTakes : He's also wasting the time he is given","type":"L","timestamp":"2016-09-21 16:33:32"},{"nodeID":"201233","text":"Webb is wasting the time he is given","type":"I","timestamp":"2016-09-21 16:33:32"},{"nodeID":"201234","text":"Barbara: FreshHotTakes : He's also wasting the time he is given","type":"L","timestamp":"2016-09-21 16:33:32"},{"nodeID":"201238","text":"Soylent_Orange : So","type":"L","timestamp":"2016-09-21 16:33:32"},{"nodeID":"201239","text":"Barbara: Soylent_Orange : So","type":"L","timestamp":"2016-09-21 16:33:32"},{"nodeID":"201241","text":"SinisterPaige : There are other candidates besides Clinton and Sanders","type":"L","timestamp":"2016-09-21 16:33:33"},{"nodeID":"201243","text":"there are other candidates besides Clinton and Sanders","type":"I","timestamp":"2016-09-21 16:33:33"},{"nodeID":"201244","text":"Barbara: SinisterPaige : There are other candidates besides Clinton and Sanders","type":"L","timestamp":"2016-09-21 16:33:33"},{"nodeID":"201249","text":"Soylent_Orange : True","type":"L","timestamp":"2016-09-21 16:33:33"},{"nodeID":"201250","text":"Barbara: Soylent_Orange : True","type":"L","timestamp":"2016-09-21 16:33:33"},{"nodeID":"201253","text":"Soylent_Orange : he agreed to the format of the debate as they all did","type":"L","timestamp":"2016-09-21 16:33:34"},{"nodeID":"201255","text":"Webb agreed to the format of the debate as all candidates did","type":"I","timestamp":"2016-09-21 16:33:34"},{"nodeID":"201256","text":"Barbara: Soylent_Orange : he agreed to the format of the debate as they all did","type":"L","timestamp":"2016-09-21 16:33:34"},{"nodeID":"201257","text":"SinisterPaige : The major media outlets should not be the ones dictating who wins the primaries","type":"L","timestamp":"2016-09-21 16:33:34"},{"nodeID":"201259","text":"the major media outlets should not be the ones dictating who wins the primaries","type":"I","timestamp":"2016-09-21 16:33:34"},{"nodeID":"201260","text":"Barbara: SinisterPaige : The major media outlets should not be the ones dictating who wins the primaries","type":"L","timestamp":"2016-09-21 16:33:34"},{"nodeID":"201267","text":"Soylent_Orange : I agree","type":"L","timestamp":"2016-09-21 16:33:35"},{"nodeID":"201268","text":"Barbara: Soylent_Orange : I agree","type":"L","timestamp":"2016-09-21 16:33:35"},{"nodeID":"201271","text":"Soylent_Orange : all these campaigns agreed to the format","type":"L","timestamp":"2016-09-21 16:33:35"},{"nodeID":"201273","text":"all these campaigns agreed to the format","type":"I","timestamp":"2016-09-21 16:33:36"},{"nodeID":"201274","text":"Barbara: Soylent_Orange : all these campaigns agreed to the format","type":"L","timestamp":"2016-09-21 16:33:36"},{"nodeID":"201278","text":"Barbara: Soylent_Orange : Not sure what the solution is especially when only two parties have a stranglehold on our politics and government","type":"L","timestamp":"2016-09-21 16:33:36"},{"nodeID":"201279","text":"Soylent_Orange : Not sure what the solution is","type":"L","timestamp":"2016-09-21 16:33:36"},{"nodeID":"201281","text":"I am not sure what the solution is","type":"I","timestamp":"2016-09-21 16:33:36"},{"nodeID":"201282","text":"Barbara: Soylent_Orange : Not sure what the solution is","type":"L","timestamp":"2016-09-21 16:33:36"},{"nodeID":"201283","text":"Soylent_Orange : only two parties have a stranglehold on our politics and government","type":"L","timestamp":"2016-09-21 16:33:36"},{"nodeID":"201285","text":"only two parties have a stranglehold on our politics and government","type":"I","timestamp":"2016-09-21 16:33:37"},{"nodeID":"201286","text":"Barbara: Soylent_Orange : only two parties have a stranglehold on our politics and government","type":"L","timestamp":"2016-09-21 16:33:37"},{"nodeID":"201291","text":"Asserting","type":"YA","timestamp":"2016-09-21 16:37:27","scheme":"Asserting","schemeID":"74"},{"nodeID":"201292","text":"Asserting","type":"YA","timestamp":"2016-09-21 16:37:27","scheme":"Asserting","schemeID":"74"},{"nodeID":"201293","text":"Asserting","type":"YA","timestamp":"2016-09-21 16:37:28","scheme":"Asserting","schemeID":"74"},{"nodeID":"201294","text":"Asserting","type":"YA","timestamp":"2016-09-21 16:37:28","scheme":"Asserting","schemeID":"74"},{"nodeID":"201295","text":"Default Inference","type":"RA","timestamp":"2016-09-21 16:37:28","scheme":"Default Inference","schemeID":"72"},{"nodeID":"201296","text":"Default Transition","type":"TA","timestamp":"2016-09-21 16:37:28","scheme":"Default Transition","schemeID":"82"},{"nodeID":"201297","text":"Arguing","type":"YA","timestamp":"2016-09-21 16:37:28","scheme":"Arguing","schemeID":"80"},{"nodeID":"201298","text":"Assertive Questioning","type":"YA","timestamp":"2016-09-21 16:37:29","scheme":"AssertiveQuestioning","schemeID":"73"},{"nodeID":"201299","text":"Default Conflict","type":"CA","timestamp":"2016-09-21 16:37:29","scheme":"Default Conflict","schemeID":"71"},{"nodeID":"201300","text":"Default Transition","type":"TA","timestamp":"2016-09-21 16:37:29","scheme":"Default Transition","schemeID":"82"},{"nodeID":"201301","text":"Disagreeing","type":"YA","timestamp":"2016-09-21 16:37:29","scheme":"Disagreeing","schemeID":"78"},{"nodeID":"201302","text":"Asserting","type":"YA","timestamp":"2016-09-21 16:37:29","scheme":"Asserting","schemeID":"74"},{"nodeID":"201303","text":"Asserting","type":"YA","timestamp":"2016-09-21 16:37:30","scheme":"Asserting","schemeID":"74"},{"nodeID":"201304","text":"Asserting","type":"YA","timestamp":"2016-09-21 16:37:30","scheme":"Asserting","schemeID":"74"},{"nodeID":"201305","text":"Default Transition","type":"TA","timestamp":"2016-09-21 16:37:30","scheme":"Default Transition","schemeID":"82"},{"nodeID":"201306","text":"Default Conflict","type":"CA","timestamp":"2016-09-21 16:37:30","scheme":"Default Conflict","schemeID":"71"},{"nodeID":"201307","text":"Default Transition","type":"TA","timestamp":"2016-09-21 16:37:31","scheme":"Default Transition","schemeID":"82"},{"nodeID":"201308","text":"Disagreeing","type":"YA","timestamp":"2016-09-21 16:37:31","scheme":"Disagreeing","schemeID":"78"},{"nodeID":"201309","text":"Default Transition","type":"TA","timestamp":"2016-09-21 16:37:31","scheme":"Default Transition","schemeID":"82"},{"nodeID":"201310","text":"Asserting","type":"YA","timestamp":"2016-09-21 16:37:31","scheme":"Asserting","schemeID":"74"},{"nodeID":"201311","text":"Asserting","type":"YA","timestamp":"2016-09-21 16:37:32","scheme":"Asserting","schemeID":"74"},{"nodeID":"201312","text":"Default Transition","type":"TA","timestamp":"2016-09-21 16:37:32","scheme":"Default Transition","schemeID":"82"},{"nodeID":"201313","text":"Agreeing","type":"YA","timestamp":"2016-09-21 16:37:32","scheme":"Agreeing","schemeID":"77"},{"nodeID":"201314","text":"Default Transition","type":"TA","timestamp":"2016-09-21 16:37:32","scheme":"Default Transition","schemeID":"82"},{"nodeID":"201315","text":"Default Transition","type":"TA","timestamp":"2016-09-21 16:37:33","scheme":"Default Transition","schemeID":"82"},{"nodeID":"201316","text":"Default Transition","type":"TA","timestamp":"2016-09-21 16:37:33","scheme":"Default Transition","schemeID":"82"},{"nodeID":"201317","text":"Arguing","type":"YA","timestamp":"2016-09-21 16:37:33","scheme":"Arguing","schemeID":"80"},{"nodeID":"201318","text":"Default Transition","type":"TA","timestamp":"2016-09-21 16:37:33","scheme":"Default Transition","schemeID":"82"},{"nodeID":"201319","text":"Asserting","type":"YA","timestamp":"2016-09-21 16:37:33","scheme":"Asserting","schemeID":"74"},{"nodeID":"201320","text":"Default Transition","type":"TA","timestamp":"2016-09-21 16:37:34","scheme":"Default Transition","schemeID":"82"},{"nodeID":"201321","text":"Default Transition","type":"TA","timestamp":"2016-09-21 16:37:34","scheme":"Default Transition","schemeID":"82"},{"nodeID":"201322","text":"Agreeing","type":"YA","timestamp":"2016-09-21 16:37:34","scheme":"Agreeing","schemeID":"77"},{"nodeID":"201323","text":"Asserting","type":"YA","timestamp":"2016-09-21 16:37:34","scheme":"Asserting","schemeID":"74"},{"nodeID":"201324","text":"Default Conflict","type":"CA","timestamp":"2016-09-21 16:37:34","scheme":"Default Conflict","schemeID":"71"},{"nodeID":"201325","text":"Default Transition","type":"TA","timestamp":"2016-09-21 16:37:34","scheme":"Default Transition","schemeID":"82"},{"nodeID":"201326","text":"Disagreeing","type":"YA","timestamp":"2016-09-21 16:37:35","scheme":"Disagreeing","schemeID":"78"},{"nodeID":"201327","text":"Default Transition","type":"TA","timestamp":"2016-09-21 16:37:35","scheme":"Default Transition","schemeID":"82"},{"nodeID":"201328","text":"Asserting","type":"YA","timestamp":"2016-09-21 16:37:35","scheme":"Asserting","schemeID":"74"},{"nodeID":"201329","text":"Default Inference","type":"RA","timestamp":"2016-09-21 16:37:35","scheme":"Default Inference","schemeID":"72"},{"nodeID":"201330","text":"Default Transition","type":"TA","timestamp":"2016-09-21 16:37:35","scheme":"Default Transition","schemeID":"82"},{"nodeID":"201331","text":"Arguing","type":"YA","timestamp":"2016-09-21 16:37:35","scheme":"Arguing","schemeID":"80"},{"nodeID":"201332","text":"Pure Challenging","type":"YA","timestamp":"2016-09-21 16:37:36","scheme":"PureChallenging","schemeID":"92"},{"nodeID":"201333","text":"Default Transition","type":"TA","timestamp":"2016-09-21 16:37:36","scheme":"Default Transition","schemeID":"82"},{"nodeID":"201334","text":"Agreeing","type":"YA","timestamp":"2016-09-21 16:37:36","scheme":"Agreeing","schemeID":"77"},{"nodeID":"201335","text":"Asserting","type":"YA","timestamp":"2016-09-21 16:37:36","scheme":"Asserting","schemeID":"74"},{"nodeID":"201336","text":"Asserting","type":"YA","timestamp":"2016-09-21 16:37:37","scheme":"Asserting","schemeID":"74"},{"nodeID":"201337","text":"Default Conflict","type":"CA","timestamp":"2016-09-21 16:37:37","scheme":"Default Conflict","schemeID":"71"},{"nodeID":"201338","text":"Default Transition","type":"TA","timestamp":"2016-09-21 16:37:37","scheme":"Default Transition","schemeID":"82"},{"nodeID":"201339","text":"Disagreeing","type":"YA","timestamp":"2016-09-21 16:37:37","scheme":"Disagreeing","schemeID":"78"},{"nodeID":"201340","text":"Default Inference","type":"RA","timestamp":"2016-09-21 16:37:37","scheme":"Default Inference","schemeID":"72"},{"nodeID":"201341","text":"Default Transition","type":"TA","timestamp":"2016-09-21 16:37:37","scheme":"Default Transition","schemeID":"82"},{"nodeID":"201342","text":"Arguing","type":"YA","timestamp":"2016-09-21 16:37:38","scheme":"Arguing","schemeID":"80"},{"nodeID":"201343","text":"Default Transition","type":"TA","timestamp":"2016-09-21 16:37:38","scheme":"Default Transition","schemeID":"82"},{"nodeID":"201344","text":"Asserting","type":"YA","timestamp":"2016-09-21 16:37:38","scheme":"Asserting","schemeID":"74"},{"nodeID":"201345","text":"Asserting","type":"YA","timestamp":"2016-09-21 16:37:38","scheme":"Asserting","schemeID":"74"},{"nodeID":"201346","text":"Default Rephrase","type":"MA","timestamp":"2016-09-21 16:37:39","scheme":"Default Rephrase","schemeID":"144"},{"nodeID":"201347","text":"Default Transition","type":"TA","timestamp":"2016-09-21 16:37:39","scheme":"Default Transition","schemeID":"82"},{"nodeID":"201348","text":"Restating","type":"YA","timestamp":"2016-09-21 16:37:39","scheme":"Restating","schemeID":"101"},{"nodeID":"201349","text":"Asserting","type":"YA","timestamp":"2016-09-21 16:37:39","scheme":"Asserting","schemeID":"74"},{"nodeID":"201350","text":"Asserting","type":"YA","timestamp":"2016-09-21 16:37:40","scheme":"Asserting","schemeID":"74"},{"nodeID":"201351","text":"Default Inference","type":"RA","timestamp":"2016-09-21 16:37:40","scheme":"Default Inference","schemeID":"72"},{"nodeID":"201352","text":"Default Transition","type":"TA","timestamp":"2016-09-21 16:37:40","scheme":"Default Transition","schemeID":"82"},{"nodeID":"201353","text":"Arguing","type":"YA","timestamp":"2016-09-21 16:37:40","scheme":"Arguing","schemeID":"80"},{"nodeID":"201354","text":"Default Transition","type":"TA","timestamp":"2016-09-21 16:37:40","scheme":"Default Transition","schemeID":"82"}],"edges":[{"edgeID":"245955","fromID":"201291","toID":"201161","formEdgeID":null},{"edgeID":"245956","fromID":"201159","toID":"201291","formEdgeID":null},{"edgeID":"245957","fromID":"201292","toID":"201165","formEdgeID":null},{"edgeID":"245958","fromID":"201163","toID":"201292","formEdgeID":null},{"edgeID":"245959","fromID":"201293","toID":"201169","formEdgeID":null},{"edgeID":"245960","fromID":"201167","toID":"201293","formEdgeID":null},{"edgeID":"245961","fromID":"201294","toID":"201173","formEdgeID":null},{"edgeID":"245962","fromID":"201171","toID":"201294","formEdgeID":null},{"edgeID":"245963","fromID":"201173","toID":"201295","formEdgeID":null},{"edgeID":"245964","fromID":"201295","toID":"201169","formEdgeID":null},{"edgeID":"245965","fromID":"201167","toID":"201296","formEdgeID":null},{"edgeID":"245966","fromID":"201296","toID":"201171","formEdgeID":null},{"edgeID":"245967","fromID":"201296","toID":"201297","formEdgeID":null},{"edgeID":"245968","fromID":"201297","toID":"201295","formEdgeID":null},{"edgeID":"245969","fromID":"201298","toID":"201180","formEdgeID":null},{"edgeID":"245970","fromID":"201178","toID":"201298","formEdgeID":null},{"edgeID":"245971","fromID":"201180","toID":"201299","formEdgeID":null},{"edgeID":"245972","fromID":"201299","toID":"201161","formEdgeID":null},{"edgeID":"245973","fromID":"201159","toID":"201300","formEdgeID":null},{"edgeID":"245974","fromID":"201300","toID":"201178","formEdgeID":null},{"edgeID":"245975","fromID":"201300","toID":"201301","formEdgeID":null},{"edgeID":"245976","fromID":"201301","toID":"201299","formEdgeID":null},{"edgeID":"245977","fromID":"201302","toID":"201187","formEdgeID":null},{"edgeID":"245978","fromID":"201185","toID":"201302","formEdgeID":null},{"edgeID":"245979","fromID":"201303","toID":"201191","formEdgeID":null},{"edgeID":"245980","fromID":"201189","toID":"201303","formEdgeID":null},{"edgeID":"245981","fromID":"201304","toID":"201195","formEdgeID":null},{"edgeID":"245982","fromID":"201193","toID":"201304","formEdgeID":null},{"edgeID":"245983","fromID":"201159","toID":"201305","formEdgeID":null},{"edgeID":"245984","fromID":"201305","toID":"201163","formEdgeID":null},{"edgeID":"245985","fromID":"201187","toID":"201306","formEdgeID":null},{"edgeID":"245986","fromID":"201306","toID":"201180","formEdgeID":null},{"edgeID":"245987","fromID":"201178","toID":"201307","formEdgeID":null},{"edgeID":"245988","fromID":"201307","toID":"201185","formEdgeID":null},{"edgeID":"245989","fromID":"201307","toID":"201308","formEdgeID":null},{"edgeID":"245990","fromID":"201308","toID":"201306","formEdgeID":null},{"edgeID":"245991","fromID":"201185","toID":"201309","formEdgeID":null},{"edgeID":"245992","fromID":"201309","toID":"201189","formEdgeID":null},{"edgeID":"245993","fromID":"201310","toID":"201204","formEdgeID":null},{"edgeID":"245994","fromID":"201202","toID":"201310","formEdgeID":null},{"edgeID":"245995","fromID":"201311","toID":"201208","formEdgeID":null},{"edgeID":"245996","fromID":"201206","toID":"201311","formEdgeID":null},{"edgeID":"245997","fromID":"201206","toID":"201312","formEdgeID":null},{"edgeID":"245998","fromID":"201312","toID":"201210","formEdgeID":null},{"edgeID":"245999","fromID":"201312","toID":"201313","formEdgeID":null},{"edgeID":"246000","fromID":"201313","toID":"201208","formEdgeID":null},{"edgeID":"246001","fromID":"201189","toID":"201314","formEdgeID":null},{"edgeID":"246002","fromID":"201314","toID":"201193","formEdgeID":null},{"edgeID":"246003","fromID":"201193","toID":"201315","formEdgeID":null},{"edgeID":"246004","fromID":"201315","toID":"201202","formEdgeID":null},{"edgeID":"246005","fromID":"201202","toID":"201316","formEdgeID":null},{"edgeID":"246006","fromID":"201316","toID":"201206","formEdgeID":null},{"edgeID":"246007","fromID":"201317","toID":"201217","formEdgeID":null},{"edgeID":"246008","fromID":"201219","toID":"201317","formEdgeID":null},{"edgeID":"246009","fromID":"201159","toID":"201318","formEdgeID":null},{"edgeID":"246010","fromID":"201318","toID":"201219","formEdgeID":null},{"edgeID":"246011","fromID":"201319","toID":"201222","formEdgeID":null},{"edgeID":"246012","fromID":"201224","toID":"201319","formEdgeID":null},{"edgeID":"246013","fromID":"201219","toID":"201320","formEdgeID":null},{"edgeID":"246014","fromID":"201320","toID":"201224","formEdgeID":null},{"edgeID":"246015","fromID":"201159","toID":"201321","formEdgeID":null},{"edgeID":"246016","fromID":"201321","toID":"201227","formEdgeID":null},{"edgeID":"246017","fromID":"201321","toID":"201322","formEdgeID":null},{"edgeID":"246018","fromID":"201322","toID":"201161","formEdgeID":null},{"edgeID":"246019","fromID":"201323","toID":"201233","formEdgeID":null},{"edgeID":"246020","fromID":"201231","toID":"201323","formEdgeID":null},{"edgeID":"246021","fromID":"201233","toID":"201324","formEdgeID":null},{"edgeID":"246022","fromID":"201324","toID":"201161","formEdgeID":null},{"edgeID":"246023","fromID":"201159","toID":"201325","formEdgeID":null},{"edgeID":"246024","fromID":"201325","toID":"201231","formEdgeID":null},{"edgeID":"246025","fromID":"201325","toID":"201326","formEdgeID":null},{"edgeID":"246026","fromID":"201326","toID":"201324","formEdgeID":null},{"edgeID":"246027","fromID":"201159","toID":"201327","formEdgeID":null},{"edgeID":"246028","fromID":"201327","toID":"201238","formEdgeID":null},{"edgeID":"246029","fromID":"201328","toID":"201243","formEdgeID":null},{"edgeID":"246030","fromID":"201241","toID":"201328","formEdgeID":null},{"edgeID":"246031","fromID":"201243","toID":"201329","formEdgeID":null},{"edgeID":"246032","fromID":"201329","toID":"201161","formEdgeID":null},{"edgeID":"246033","fromID":"201238","toID":"201330","formEdgeID":null},{"edgeID":"246034","fromID":"201330","toID":"201241","formEdgeID":null},{"edgeID":"246035","fromID":"201330","toID":"201331","formEdgeID":null},{"edgeID":"246036","fromID":"201331","toID":"201329","formEdgeID":null},{"edgeID":"246037","fromID":"201238","toID":"201332","formEdgeID":null},{"edgeID":"246038","fromID":"201332","toID":"201161","formEdgeID":null},{"edgeID":"246039","fromID":"201241","toID":"201333","formEdgeID":null},{"edgeID":"246040","fromID":"201333","toID":"201249","formEdgeID":null},{"edgeID":"246041","fromID":"201333","toID":"201334","formEdgeID":null},{"edgeID":"246042","fromID":"201334","toID":"201243","formEdgeID":null},{"edgeID":"246043","fromID":"201335","toID":"201255","formEdgeID":null},{"edgeID":"246044","fromID":"201253","toID":"201335","formEdgeID":null},{"edgeID":"246045","fromID":"201336","toID":"201259","formEdgeID":null},{"edgeID":"246046","fromID":"201257","toID":"201336","formEdgeID":null},{"edgeID":"246047","fromID":"201255","toID":"201337","formEdgeID":null},{"edgeID":"246048","fromID":"201337","toID":"201161","formEdgeID":null},{"edgeID":"246049","fromID":"201159","toID":"201338","formEdgeID":null},{"edgeID":"246050","fromID":"201338","toID":"201253","formEdgeID":null},{"edgeID":"246051","fromID":"201338","toID":"201339","formEdgeID":null},{"edgeID":"246052","fromID":"201339","toID":"201337","formEdgeID":null},{"edgeID":"246053","fromID":"201259","toID":"201340","formEdgeID":null},{"edgeID":"246054","fromID":"201340","toID":"201161","formEdgeID":null},{"edgeID":"246055","fromID":"201159","toID":"201341","formEdgeID":null},{"edgeID":"246056","fromID":"201341","toID":"201257","formEdgeID":null},{"edgeID":"246057","fromID":"201341","toID":"201342","formEdgeID":null},{"edgeID":"246058","fromID":"201342","toID":"201340","formEdgeID":null},{"edgeID":"246059","fromID":"201257","toID":"201343","formEdgeID":null},{"edgeID":"246060","fromID":"201343","toID":"201267","formEdgeID":null},{"edgeID":"246061","fromID":"201343","toID":"201344","formEdgeID":null},{"edgeID":"246062","fromID":"201344","toID":"201259","formEdgeID":null},{"edgeID":"246063","fromID":"201345","toID":"201273","formEdgeID":null},{"edgeID":"246064","fromID":"201271","toID":"201345","formEdgeID":null},{"edgeID":"246065","fromID":"201273","toID":"201346","formEdgeID":null},{"edgeID":"246066","fromID":"201346","toID":"201255","formEdgeID":null},{"edgeID":"246067","fromID":"201253","toID":"201347","formEdgeID":null},{"edgeID":"246068","fromID":"201347","toID":"201271","formEdgeID":null},{"edgeID":"246069","fromID":"201347","toID":"201348","formEdgeID":null},{"edgeID":"246070","fromID":"201348","toID":"201346","formEdgeID":null},{"edgeID":"246071","fromID":"201349","toID":"201281","formEdgeID":null},{"edgeID":"246072","fromID":"201279","toID":"201349","formEdgeID":null},{"edgeID":"246073","fromID":"201350","toID":"201285","formEdgeID":null},{"edgeID":"246074","fromID":"201283","toID":"201350","formEdgeID":null},{"edgeID":"246075","fromID":"201285","toID":"201351","formEdgeID":null},{"edgeID":"246076","fromID":"201351","toID":"201281","formEdgeID":null},{"edgeID":"246077","fromID":"201279","toID":"201352","formEdgeID":null},{"edgeID":"246078","fromID":"201352","toID":"201283","formEdgeID":null},{"edgeID":"246079","fromID":"201352","toID":"201353","formEdgeID":null},{"edgeID":"246080","fromID":"201353","toID":"201351","formEdgeID":null},{"edgeID":"246081","fromID":"201271","toID":"201354","formEdgeID":null},{"edgeID":"246082","fromID":"201354","toID":"201279","formEdgeID":null}],"locutions":[{"nodeID":"201219","personID":"2316","timestamp":"2016-09-21 16:33:44","start":null,"end":null,"source":null},{"nodeID":"201224","personID":"2316","timestamp":"2016-09-21 16:33:44","start":null,"end":null,"source":null},{"nodeID":"201227","personID":"2316","timestamp":"2016-09-21 16:33:44","start":null,"end":null,"source":null},{"nodeID":"201219","personID":"2316","timestamp":"2016-09-21 16:37:47","start":null,"end":null,"source":null},{"nodeID":"201224","personID":"2316","timestamp":"2016-09-21 16:37:47","start":null,"end":null,"source":null},{"nodeID":"201227","personID":"2316","timestamp":"2016-09-21 16:37:47","start":null,"end":null,"source":null}]}