{"nodes":[{"nodeID":"197437","text":"wiresandwaves : Bernie needs to stand up straight and stop holding on to the sides of the podium","type":"L","timestamp":"2016-09-01 11:35:25"},{"nodeID":"197438","text":"Asserting","type":"YA","timestamp":"2016-09-01 11:35:25","scheme":"Asserting","schemeID":"74"},{"nodeID":"197439","text":"Bernie Sanders needs to stand up straight and stop holding on to the sides of the podium","type":"I","timestamp":"2016-09-01 11:35:25"},{"nodeID":"197440","text":"Barbara: wiresandwaves : Bernie needs to stand up straight and stop holding on to the sides of the podium","type":"L","timestamp":"2016-09-01 11:35:25"},{"nodeID":"197441","text":"Personacorona : He's 74","type":"L","timestamp":"2016-09-01 11:35:25"},{"nodeID":"197442","text":"Asserting","type":"YA","timestamp":"2016-09-01 11:35:25","scheme":"Asserting","schemeID":"74"},{"nodeID":"197443","text":"Bernie Sanders is 74","type":"I","timestamp":"2016-09-01 11:35:25"},{"nodeID":"197444","text":"Barbara: Personacorona : He's 74","type":"L","timestamp":"2016-09-01 11:35:25"},{"nodeID":"197445","text":"Personacorona : give him a break","type":"L","timestamp":"2016-09-01 11:35:25"},{"nodeID":"197446","text":"Asserting","type":"YA","timestamp":"2016-09-01 11:35:25","scheme":"Asserting","schemeID":"74"},{"nodeID":"197447","text":"give him a break","type":"I","timestamp":"2016-09-01 11:35:25"},{"nodeID":"197448","text":"Barbara: Personacorona : give him a break","type":"L","timestamp":"2016-09-01 11:35:26"},{"nodeID":"197449","text":"Default Inference","type":"RA","timestamp":"2016-09-01 11:35:26","scheme":"Default Inference","schemeID":"72"},{"nodeID":"197450","text":"Default Transition","type":"TA","timestamp":"2016-09-01 11:35:26","scheme":"Default Transition","schemeID":"82"},{"nodeID":"197451","text":"Arguing","type":"YA","timestamp":"2016-09-01 11:35:26","scheme":"Arguing","schemeID":"80"},{"nodeID":"197452","text":"Default Conflict","type":"CA","timestamp":"2016-09-01 11:35:26","scheme":"Default Conflict","schemeID":"71"},{"nodeID":"197453","text":"Default Transition","type":"TA","timestamp":"2016-09-01 11:35:26","scheme":"Default Transition","schemeID":"82"},{"nodeID":"197454","text":"Disagreeing","type":"YA","timestamp":"2016-09-01 11:35:26","scheme":"Disagreeing","schemeID":"78"},{"nodeID":"197455","text":"he wants to be President","type":"L","timestamp":"2016-09-01 11:35:26"},{"nodeID":"197456","text":"Barbara: Stained_Dagger : Default Transition","type":"L","timestamp":"2016-09-01 11:35:26"},{"nodeID":"197457","text":"Stained_Dagger : he wants to be President","type":"L","timestamp":"2016-09-01 11:35:26"},{"nodeID":"197458","text":"Asserting","type":"YA","timestamp":"2016-09-01 11:35:26","scheme":"Asserting","schemeID":"74"},{"nodeID":"197459","text":"Bernie Sanders wants to be President","type":"I","timestamp":"2016-09-01 11:35:26"},{"nodeID":"197460","text":"Barbara: Stained_Dagger : Stained_Dagger","type":"L","timestamp":"2016-09-01 11:35:27"},{"nodeID":"197461","text":"Stained_Dagger : he could have to be up for 20+ hours a day","type":"L","timestamp":"2016-09-01 11:35:27"},{"nodeID":"197462","text":"Asserting","type":"YA","timestamp":"2016-09-01 11:35:27","scheme":"Asserting","schemeID":"74"},{"nodeID":"197463","text":"Bernie Sanders could have to be up for 20+ hours a day","type":"I","timestamp":"2016-09-01 11:35:27"},{"nodeID":"197464","text":"Barbara: Stained_Dagger : he could have to be up for 20+ hours a day","type":"L","timestamp":"2016-09-01 11:35:27"},{"nodeID":"197465","text":"Default Transition","type":"TA","timestamp":"2016-09-01 11:35:27","scheme":"Default Transition","schemeID":"82"},{"nodeID":"197466","text":"Default Inference","type":"RA","timestamp":"2016-09-01 11:35:27","scheme":"Default Inference","schemeID":"72"},{"nodeID":"197467","text":"Arguing","type":"YA","timestamp":"2016-09-01 11:35:27","scheme":"Arguing","schemeID":"80"},{"nodeID":"197468","text":"Default Conflict","type":"CA","timestamp":"2016-09-01 11:35:27","scheme":"Default Conflict","schemeID":"71"},{"nodeID":"197469","text":"Default Transition","type":"TA","timestamp":"2016-09-01 11:35:27","scheme":"Default Transition","schemeID":"82"},{"nodeID":"197470","text":"Disagreeing","type":"YA","timestamp":"2016-09-01 11:35:27","scheme":"Disagreeing","schemeID":"78"},{"nodeID":"197471","text":"Barbara: Personacorona : Yeah","type":"L","timestamp":"2016-09-01 11:35:28"},{"nodeID":"197472","text":"Default Transition","type":"TA","timestamp":"2016-09-01 11:35:28","scheme":"Default Transition","schemeID":"82"},{"nodeID":"197473","text":"Agreeing","type":"YA","timestamp":"2016-09-01 11:35:28","scheme":"Agreeing","schemeID":"77"},{"nodeID":"197474","text":"Personacorona: Bernie can sit down and do his shit","type":"L","timestamp":"2016-09-01 11:35:28"},{"nodeID":"197475","text":"Asserting","type":"YA","timestamp":"2016-09-01 11:35:28","scheme":"Asserting","schemeID":"74"},{"nodeID":"197476","text":"Bernie Sanders can sit down and do his shit","type":"I","timestamp":"2016-09-01 11:35:28"},{"nodeID":"197477","text":"Barbara: Personacorona : Bernie can sit down and do his shit","type":"L","timestamp":"2016-09-01 11:35:28"},{"nodeID":"197478","text":"Personacorona : Yeah","type":"L","timestamp":"2016-09-01 11:35:28"},{"nodeID":"197479","text":"Default Conflict","type":"CA","timestamp":"2016-09-01 11:35:28","scheme":"Default Conflict","schemeID":"71"},{"nodeID":"197480","text":"Default Transition","type":"TA","timestamp":"2016-09-01 11:35:28","scheme":"Default Transition","schemeID":"82"},{"nodeID":"197481","text":"Disagreeing","type":"YA","timestamp":"2016-09-01 11:35:29","scheme":"Disagreeing","schemeID":"78"},{"nodeID":"197482","text":"doughboy192000 : I like it","type":"L","timestamp":"2016-09-01 11:35:29"},{"nodeID":"197483","text":"Asserting","type":"YA","timestamp":"2016-09-01 11:35:29","scheme":"Asserting","schemeID":"74"},{"nodeID":"197484","text":"I like it","type":"I","timestamp":"2016-09-01 11:35:29"},{"nodeID":"197485","text":"Barbara: doughboy192000 : I like it","type":"L","timestamp":"2016-09-01 11:35:29"},{"nodeID":"197486","text":"Default Conflict","type":"CA","timestamp":"2016-09-01 11:35:29","scheme":"Default Conflict","schemeID":"71"},{"nodeID":"197487","text":"Default Transition","type":"TA","timestamp":"2016-09-01 11:35:29","scheme":"Default Transition","schemeID":"82"},{"nodeID":"197488","text":"Disagreeing","type":"YA","timestamp":"2016-09-01 11:35:29","scheme":"Disagreeing","schemeID":"78"},{"nodeID":"197489","text":"doughboy192000 : makes him seem more serious","type":"L","timestamp":"2016-09-01 11:35:29"},{"nodeID":"197490","text":"Asserting","type":"YA","timestamp":"2016-09-01 11:35:29","scheme":"Asserting","schemeID":"74"},{"nodeID":"197491","text":"makes him seem more serious","type":"I","timestamp":"2016-09-01 11:35:29"},{"nodeID":"197492","text":"Barbara: doughboy192000 : makes him seem more serious","type":"L","timestamp":"2016-09-01 11:35:29"},{"nodeID":"197493","text":"Default Transition","type":"TA","timestamp":"2016-09-01 11:35:30","scheme":"Default Transition","schemeID":"82"},{"nodeID":"197494","text":"Default Inference","type":"RA","timestamp":"2016-09-01 11:35:30","scheme":"Default Inference","schemeID":"72"},{"nodeID":"197495","text":"Arguing","type":"YA","timestamp":"2016-09-01 11:35:30","scheme":"Arguing","schemeID":"80"},{"nodeID":"197496","text":"Sithsaber : shut up","type":"L","timestamp":"2016-09-01 11:35:30"},{"nodeID":"197497","text":"Asserting","type":"YA","timestamp":"2016-09-01 11:35:30","scheme":"Asserting","schemeID":"74"},{"nodeID":"197498","text":"shut up","type":"I","timestamp":"2016-09-01 11:35:30"},{"nodeID":"197499","text":"Barbara: Sithsaber : shut up","type":"L","timestamp":"2016-09-01 11:35:30"},{"nodeID":"197500","text":"Default Conflict","type":"CA","timestamp":"2016-09-01 11:35:30","scheme":"Default Conflict","schemeID":"71"},{"nodeID":"197501","text":"Default Transition","type":"TA","timestamp":"2016-09-01 11:35:30","scheme":"Default Transition","schemeID":"82"},{"nodeID":"197502","text":"Disagreeing","type":"YA","timestamp":"2016-09-01 11:35:30","scheme":"Disagreeing","schemeID":"78"},{"nodeID":"197503","text":"Sithsaber : He left his cane at home","type":"L","timestamp":"2016-09-01 11:35:30"},{"nodeID":"197504","text":"Asserting","type":"YA","timestamp":"2016-09-01 11:35:31","scheme":"Asserting","schemeID":"74"},{"nodeID":"197505","text":"Bernie Sanders left his cane at home","type":"I","timestamp":"2016-09-01 11:35:31"},{"nodeID":"197506","text":"Barbara: Sithsaber : He left his cane at home","type":"L","timestamp":"2016-09-01 11:35:31"},{"nodeID":"197507","text":"Sithsaber : The best democratic president ever could not walk","type":"L","timestamp":"2016-09-01 11:35:31"},{"nodeID":"197508","text":"Asserting","type":"YA","timestamp":"2016-09-01 11:35:31","scheme":"Asserting","schemeID":"74"},{"nodeID":"197509","text":"The best democratic president ever could not walk","type":"I","timestamp":"2016-09-01 11:35:31"},{"nodeID":"197510","text":"Barbara: Sithsaber : The best democratic president ever could not walk","type":"L","timestamp":"2016-09-01 11:35:31"},{"nodeID":"197511","text":"Default Inference","type":"RA","timestamp":"2016-09-01 11:35:31","scheme":"Default Inference","schemeID":"72"},{"nodeID":"197512","text":"Default Transition","type":"TA","timestamp":"2016-09-01 11:35:31","scheme":"Default Transition","schemeID":"82"},{"nodeID":"197513","text":"Arguing","type":"YA","timestamp":"2016-09-01 11:35:31","scheme":"Arguing","schemeID":"80"}],"edges":[{"edgeID":"241850","fromID":"197438","toID":"197439","formEdgeID":null},{"edgeID":"241851","fromID":"197437","toID":"197438","formEdgeID":null},{"edgeID":"241852","fromID":"197442","toID":"197443","formEdgeID":null},{"edgeID":"241853","fromID":"197441","toID":"197442","formEdgeID":null},{"edgeID":"241854","fromID":"197446","toID":"197447","formEdgeID":null},{"edgeID":"241855","fromID":"197445","toID":"197446","formEdgeID":null},{"edgeID":"241856","fromID":"197443","toID":"197449","formEdgeID":null},{"edgeID":"241857","fromID":"197449","toID":"197447","formEdgeID":null},{"edgeID":"241858","fromID":"197441","toID":"197450","formEdgeID":null},{"edgeID":"241859","fromID":"197450","toID":"197445","formEdgeID":null},{"edgeID":"241860","fromID":"197450","toID":"197451","formEdgeID":null},{"edgeID":"241861","fromID":"197451","toID":"197449","formEdgeID":null},{"edgeID":"241862","fromID":"197447","toID":"197452","formEdgeID":null},{"edgeID":"241863","fromID":"197452","toID":"197439","formEdgeID":null},{"edgeID":"241864","fromID":"197437","toID":"197453","formEdgeID":null},{"edgeID":"241865","fromID":"197453","toID":"197445","formEdgeID":null},{"edgeID":"241866","fromID":"197453","toID":"197454","formEdgeID":null},{"edgeID":"241867","fromID":"197454","toID":"197452","formEdgeID":null},{"edgeID":"241868","fromID":"197458","toID":"197459","formEdgeID":null},{"edgeID":"241869","fromID":"197457","toID":"197458","formEdgeID":null},{"edgeID":"241870","fromID":"197462","toID":"197463","formEdgeID":null},{"edgeID":"241871","fromID":"197461","toID":"197462","formEdgeID":null},{"edgeID":"241872","fromID":"197457","toID":"197465","formEdgeID":null},{"edgeID":"241873","fromID":"197465","toID":"197461","formEdgeID":null},{"edgeID":"241874","fromID":"197459","toID":"197466","formEdgeID":null},{"edgeID":"241875","fromID":"197466","toID":"197463","formEdgeID":null},{"edgeID":"241876","fromID":"197465","toID":"197467","formEdgeID":null},{"edgeID":"241877","fromID":"197467","toID":"197466","formEdgeID":null},{"edgeID":"241878","fromID":"197463","toID":"197468","formEdgeID":null},{"edgeID":"241879","fromID":"197468","toID":"197447","formEdgeID":null},{"edgeID":"241880","fromID":"197445","toID":"197469","formEdgeID":null},{"edgeID":"241881","fromID":"197469","toID":"197461","formEdgeID":null},{"edgeID":"241882","fromID":"197469","toID":"197470","formEdgeID":null},{"edgeID":"241883","fromID":"197470","toID":"197468","formEdgeID":null},{"edgeID":"241884","fromID":"197461","toID":"197472","formEdgeID":null},{"edgeID":"241885","fromID":"197472","toID":"197473","formEdgeID":null},{"edgeID":"241886","fromID":"197473","toID":"197463","formEdgeID":null},{"edgeID":"241887","fromID":"197475","toID":"197476","formEdgeID":null},{"edgeID":"241888","fromID":"197474","toID":"197475","formEdgeID":null},{"edgeID":"241889","fromID":"197472","toID":"197478","formEdgeID":null},{"edgeID":"241890","fromID":"197476","toID":"197479","formEdgeID":null},{"edgeID":"241891","fromID":"197479","toID":"197463","formEdgeID":null},{"edgeID":"241892","fromID":"197461","toID":"197480","formEdgeID":null},{"edgeID":"241893","fromID":"197480","toID":"197474","formEdgeID":null},{"edgeID":"241894","fromID":"197480","toID":"197481","formEdgeID":null},{"edgeID":"241895","fromID":"197481","toID":"197479","formEdgeID":null},{"edgeID":"241896","fromID":"197483","toID":"197484","formEdgeID":null},{"edgeID":"241897","fromID":"197482","toID":"197483","formEdgeID":null},{"edgeID":"241898","fromID":"197484","toID":"197486","formEdgeID":null},{"edgeID":"241899","fromID":"197486","toID":"197439","formEdgeID":null},{"edgeID":"241900","fromID":"197437","toID":"197487","formEdgeID":null},{"edgeID":"241901","fromID":"197487","toID":"197482","formEdgeID":null},{"edgeID":"241902","fromID":"197487","toID":"197488","formEdgeID":null},{"edgeID":"241903","fromID":"197488","toID":"197486","formEdgeID":null},{"edgeID":"241904","fromID":"197490","toID":"197491","formEdgeID":null},{"edgeID":"241905","fromID":"197489","toID":"197490","formEdgeID":null},{"edgeID":"241906","fromID":"197489","toID":"197493","formEdgeID":null},{"edgeID":"241907","fromID":"197493","toID":"197482","formEdgeID":null},{"edgeID":"241908","fromID":"197491","toID":"197494","formEdgeID":null},{"edgeID":"241909","fromID":"197494","toID":"197484","formEdgeID":null},{"edgeID":"241910","fromID":"197493","toID":"197495","formEdgeID":null},{"edgeID":"241911","fromID":"197495","toID":"197494","formEdgeID":null},{"edgeID":"241912","fromID":"197497","toID":"197498","formEdgeID":null},{"edgeID":"241913","fromID":"197496","toID":"197497","formEdgeID":null},{"edgeID":"241914","fromID":"197498","toID":"197500","formEdgeID":null},{"edgeID":"241915","fromID":"197500","toID":"197439","formEdgeID":null},{"edgeID":"241916","fromID":"197437","toID":"197501","formEdgeID":null},{"edgeID":"241917","fromID":"197501","toID":"197496","formEdgeID":null},{"edgeID":"241918","fromID":"197502","toID":"197500","formEdgeID":null},{"edgeID":"241919","fromID":"197501","toID":"197502","formEdgeID":null},{"edgeID":"241920","fromID":"197504","toID":"197505","formEdgeID":null},{"edgeID":"241921","fromID":"197503","toID":"197504","formEdgeID":null},{"edgeID":"241922","fromID":"197508","toID":"197509","formEdgeID":null},{"edgeID":"241923","fromID":"197507","toID":"197508","formEdgeID":null},{"edgeID":"241924","fromID":"197509","toID":"197511","formEdgeID":null},{"edgeID":"241925","fromID":"197511","toID":"197498","formEdgeID":null},{"edgeID":"241926","fromID":"197505","toID":"197511","formEdgeID":null},{"edgeID":"241927","fromID":"197503","toID":"197512","formEdgeID":null},{"edgeID":"241928","fromID":"197512","toID":"197496","formEdgeID":null},{"edgeID":"241929","fromID":"197507","toID":"197512","formEdgeID":null},{"edgeID":"241930","fromID":"197512","toID":"197513","formEdgeID":null},{"edgeID":"241931","fromID":"197513","toID":"197511","formEdgeID":null}],"locutions":[]}