{"nodes":[{"nodeID":"200837","text":"Barbara: Truebacca : Truebacca","type":"L","timestamp":"2016-09-21 11:46:54"},{"nodeID":"200838","text":"Truebacca : Bernie's Top Contributors (Career): 1. Machinists\/Aerospace Workers Union 2. Teamsters Union 3. National Education Assn 4. United Auto Workers 5. United Food & Commercial Workers Union","type":"L","timestamp":"2016-09-21 11:46:54"},{"nodeID":"200839","text":"Asserting","type":"YA","timestamp":"2016-09-21 11:46:54","scheme":"Asserting","schemeID":"74"},{"nodeID":"200840","text":"Bernie Sanderss Top Contributors (Career): 1. Machinists\/Aerospace Workers Union 2. Teamsters Union 3. National Education Assn 4. United Auto Workers 5. United Food & Commercial Workers Union","type":"I","timestamp":"2016-09-21 11:46:54"},{"nodeID":"200841","text":"Barbara: Truebacca : Bernie's Top Contributors (Career): 1. Machinists\/Aerospace Workers Union 2. Teamsters Union 3. National Education Assn 4. United Auto Workers 5. United Food & Commercial Workers Union","type":"L","timestamp":"2016-09-21 11:46:55"},{"nodeID":"200842","text":"Randolpho : Total contributions from all 5 groups: less than a hundred thousand dollars","type":"L","timestamp":"2016-09-21 11:46:55"},{"nodeID":"200843","text":"Asserting","type":"YA","timestamp":"2016-09-21 11:46:55","scheme":"Asserting","schemeID":"74"},{"nodeID":"200844","text":"total contributions from all 5 groups: less than a hundred thousand dollars","type":"I","timestamp":"2016-09-21 11:46:55"},{"nodeID":"200845","text":"Barbara: Randolpho : Total contributions from all 5 groups: less than a hundred thousand dollars","type":"L","timestamp":"2016-09-21 11:46:55"},{"nodeID":"200846","text":"fluffingdazman : what can we make of this information","type":"L","timestamp":"2016-09-21 11:46:55"},{"nodeID":"200847","text":"Assertive Challenging","type":"YA","timestamp":"2016-09-21 11:46:55","scheme":"AssertiveChallenging","schemeID":"87"},{"nodeID":"200848","text":"we can make sometnig of this information","type":"I","timestamp":"2016-09-21 11:46:55"},{"nodeID":"200849","text":"Barbara: fluffingdazman : what can we make of this information?","type":"L","timestamp":"2016-09-21 11:46:55"},{"nodeID":"200850","text":"Default Transition","type":"TA","timestamp":"2016-09-21 11:46:55","scheme":"Default Transition","schemeID":"82"},{"nodeID":"200851","text":"Default Transition","type":"TA","timestamp":"2016-09-21 11:46:55","scheme":"Default Transition","schemeID":"82"},{"nodeID":"200852","text":"fluffingdazman : i honestly don't know what conclusion to make of it","type":"L","timestamp":"2016-09-21 11:46:55"},{"nodeID":"200853","text":"Asserting","type":"YA","timestamp":"2016-09-21 11:46:56","scheme":"Asserting","schemeID":"74"},{"nodeID":"200854","text":"I honestly don't know what conclusion to make of it","type":"I","timestamp":"2016-09-21 11:46:56"},{"nodeID":"200855","text":"Barbara: fluffingdazman : i honestly don't know what conclusion to make of it","type":"L","timestamp":"2016-09-21 11:46:56"},{"nodeID":"200856","text":"Default Transition","type":"TA","timestamp":"2016-09-21 11:46:56","scheme":"Default Transition","schemeID":"82"},{"nodeID":"200857","text":"Truebacca : Compare to Hilary's top contributors: 1. Citigroup Inc 2. Goldman Sachs 3. DLA Piper 4. JPMorgan Chase & Co 5. Morgan Stanley","type":"L","timestamp":"2016-09-21 11:46:56"},{"nodeID":"200858","text":"Asserting","type":"YA","timestamp":"2016-09-21 11:46:56","scheme":"Asserting","schemeID":"74"},{"nodeID":"200859","text":"compare to Hilary's top contributors: 1. Citigroup Inc 2. Goldman Sachs 3. DLA Piper 4. JPMorgan Chase & Co 5. Morgan Stanley","type":"I","timestamp":"2016-09-21 11:46:56"},{"nodeID":"200860","text":"Barbara: Truebacca : Compare to Hilary's top contributors: 1. Citigroup Inc 2. Goldman Sachs 3. DLA Piper 4. JPMorgan Chase & Co 5. Morgan Stanley","type":"L","timestamp":"2016-09-21 11:46:56"},{"nodeID":"200861","text":"Truebacca : Follow the money, man","type":"L","timestamp":"2016-09-21 11:46:56"},{"nodeID":"200862","text":"Asserting","type":"YA","timestamp":"2016-09-21 11:46:56","scheme":"Asserting","schemeID":"74"},{"nodeID":"200863","text":"follow the money","type":"I","timestamp":"2016-09-21 11:46:56"},{"nodeID":"200864","text":"Barbara: Truebacca : Follow the money, man","type":"L","timestamp":"2016-09-21 11:46:57"},{"nodeID":"200865","text":"Truebacca : Bernie is supported by blue-collar workers. Hilary is backed by Wall Street","type":"L","timestamp":"2016-09-21 11:46:57"},{"nodeID":"200866","text":"Asserting","type":"YA","timestamp":"2016-09-21 11:46:57","scheme":"Asserting","schemeID":"74"},{"nodeID":"200867","text":"Bernie Sanders is supported by blue-collar workers. Hilary Clinton is backed by Wall Street","type":"I","timestamp":"2016-09-21 11:46:57"},{"nodeID":"200868","text":"Barbara: Truebacca : Bernie is supported by blue-collar workers. Hilary is backed by Wall Street","type":"L","timestamp":"2016-09-21 11:46:57"},{"nodeID":"200869","text":"Barbara: Truebacca : thank you","type":"L","timestamp":"2016-09-21 11:46:57"},{"nodeID":"200870","text":"Default Inference","type":"RA","timestamp":"2016-09-21 11:46:57","scheme":"Default Inference","schemeID":"72"},{"nodeID":"200871","text":"Default Transition","type":"TA","timestamp":"2016-09-21 11:46:57","scheme":"Default Transition","schemeID":"82"},{"nodeID":"200872","text":"Arguing","type":"YA","timestamp":"2016-09-21 11:46:57","scheme":"Arguing","schemeID":"80"}],"edges":[{"edgeID":"245473","fromID":"200839","toID":"200840","formEdgeID":null},{"edgeID":"245474","fromID":"200838","toID":"200839","formEdgeID":null},{"edgeID":"245475","fromID":"200843","toID":"200844","formEdgeID":null},{"edgeID":"245476","fromID":"200842","toID":"200843","formEdgeID":null},{"edgeID":"245477","fromID":"200847","toID":"200848","formEdgeID":null},{"edgeID":"245478","fromID":"200846","toID":"200847","formEdgeID":null},{"edgeID":"245479","fromID":"200838","toID":"200850","formEdgeID":null},{"edgeID":"245480","fromID":"200850","toID":"200842","formEdgeID":null},{"edgeID":"245481","fromID":"200838","toID":"200851","formEdgeID":null},{"edgeID":"245482","fromID":"200851","toID":"200846","formEdgeID":null},{"edgeID":"245483","fromID":"200853","toID":"200854","formEdgeID":null},{"edgeID":"245484","fromID":"200852","toID":"200853","formEdgeID":null},{"edgeID":"245485","fromID":"200846","toID":"200856","formEdgeID":null},{"edgeID":"245486","fromID":"200856","toID":"200852","formEdgeID":null},{"edgeID":"245487","fromID":"200858","toID":"200859","formEdgeID":null},{"edgeID":"245488","fromID":"200857","toID":"200858","formEdgeID":null},{"edgeID":"245489","fromID":"200862","toID":"200863","formEdgeID":null},{"edgeID":"245490","fromID":"200861","toID":"200862","formEdgeID":null},{"edgeID":"245491","fromID":"200866","toID":"200867","formEdgeID":null},{"edgeID":"245492","fromID":"200865","toID":"200866","formEdgeID":null},{"edgeID":"245493","fromID":"200859","toID":"200870","formEdgeID":null},{"edgeID":"245494","fromID":"200870","toID":"200867","formEdgeID":null},{"edgeID":"245495","fromID":"200863","toID":"200870","formEdgeID":null},{"edgeID":"245496","fromID":"200857","toID":"200871","formEdgeID":null},{"edgeID":"245497","fromID":"200871","toID":"200865","formEdgeID":null},{"edgeID":"245498","fromID":"200861","toID":"200871","formEdgeID":null},{"edgeID":"245499","fromID":"200871","toID":"200872","formEdgeID":null},{"edgeID":"245500","fromID":"200872","toID":"200870","formEdgeID":null},{"edgeID":"245501","fromID":"200840","toID":"200870","formEdgeID":null},{"edgeID":"245502","fromID":"200838","toID":"200871","formEdgeID":null}],"locutions":[]}