{"nodes":[{"nodeID":"200991","text":"Barbara: reaper527 :  republicans used to get mocked and laughed at","type":"L","timestamp":"2016-09-21 13:31:16"},{"nodeID":"200992","text":"Barbara: reaper527 : they said that illegal immigrants would be getting obamacare coverage","type":"L","timestamp":"2016-09-21 13:31:16"},{"nodeID":"200993","text":"reaper527 : now you have a field of democrat presidential candidates supporting it","type":"L","timestamp":"2016-09-21 13:31:16"},{"nodeID":"200994","text":"Asserting","type":"YA","timestamp":"2016-09-21 13:31:16","scheme":"Asserting","schemeID":"74"},{"nodeID":"200995","text":"now you have a field of democrat presidential candidates supporting it","type":"I","timestamp":"2016-09-21 13:31:16"},{"nodeID":"200996","text":"Barbara: reaper527 : now you have a field of democrat presidential candidates supporting it","type":"L","timestamp":"2016-09-21 13:31:16"},{"nodeID":"200997","text":"reaper527 : republicans used to get mocked and laughed at when they said that illegal immigrants would be getting obamacare coverage","type":"L","timestamp":"2016-09-21 13:31:16"},{"nodeID":"200998","text":"Assertive Questioning","type":"YA","timestamp":"2016-09-21 13:31:16","scheme":"AssertiveQuestioning","schemeID":"73"},{"nodeID":"200999","text":"the Republicans used to get mocked and laughed at when they said that illegal immigrants would be getting obamacare coverage","type":"I","timestamp":"2016-09-21 13:31:16"},{"nodeID":"201000","text":"Barbara: reaper527 : republicans used to get mocked and laughed at when they said that illegal immigrants would be getting obamacare coverage","type":"L","timestamp":"2016-09-21 13:31:16"},{"nodeID":"201001","text":"foreverburning : No","type":"L","timestamp":"2016-09-21 13:31:16"},{"nodeID":"201002","text":"Asserting","type":"YA","timestamp":"2016-09-21 13:31:17","scheme":"Asserting","schemeID":"74"},{"nodeID":"201003","text":"it is not the case that the Republicans used to get mocked and laughed at when they said that illegal immigrants would be getting obamacare coverage","type":"I","timestamp":"2016-09-21 13:31:17"},{"nodeID":"201004","text":"Barbara: foreverburning : No","type":"L","timestamp":"2016-09-21 13:31:17"},{"nodeID":"201005","text":"Default Conflict","type":"CA","timestamp":"2016-09-21 13:31:17","scheme":"Default Conflict","schemeID":"71"},{"nodeID":"201006","text":"Default Transition","type":"TA","timestamp":"2016-09-21 13:31:17","scheme":"Default Transition","schemeID":"82"},{"nodeID":"201007","text":"Disagreeing","type":"YA","timestamp":"2016-09-21 13:31:17","scheme":"Disagreeing","schemeID":"78"},{"nodeID":"201008","text":"foreverburning : they were mocking them because why would you deny healthcare to people regardless of citizenship status","type":"L","timestamp":"2016-09-21 13:31:17"},{"nodeID":"201009","text":"Assertive Questioning","type":"YA","timestamp":"2016-09-21 13:31:17","scheme":"AssertiveQuestioning","schemeID":"73"},{"nodeID":"201010","text":"they were mocking Republicans because why would you deny healthcare to people regardless of citizenship status","type":"I","timestamp":"2016-09-21 13:31:17"},{"nodeID":"201011","text":"Barbara: foreverburning : they were mocking them because why would you deny healthcare to people regardless of citizenship status","type":"L","timestamp":"2016-09-21 13:31:17"},{"nodeID":"201012","text":"Default Inference","type":"RA","timestamp":"2016-09-21 13:31:17","scheme":"Default Inference","schemeID":"72"},{"nodeID":"201013","text":"Default Transition","type":"TA","timestamp":"2016-09-21 13:31:18","scheme":"Default Transition","schemeID":"82"},{"nodeID":"201014","text":"Arguing","type":"YA","timestamp":"2016-09-21 13:31:18","scheme":"Arguing","schemeID":"80"},{"nodeID":"201015","text":"17th_knight : They should get the coverage","type":"L","timestamp":"2016-09-21 13:31:18"},{"nodeID":"201016","text":"Asserting","type":"YA","timestamp":"2016-09-21 13:31:18","scheme":"Asserting","schemeID":"74"},{"nodeID":"201017","text":"illegal immigrants should get the coverage","type":"I","timestamp":"2016-09-21 13:31:18"},{"nodeID":"201018","text":"Barbara: 17th_knight : They should get the coverage","type":"L","timestamp":"2016-09-21 13:31:18"},{"nodeID":"201019","text":"17th_knight : They are here","type":"L","timestamp":"2016-09-21 13:31:18"},{"nodeID":"201020","text":"Asserting","type":"YA","timestamp":"2016-09-21 13:31:18","scheme":"Asserting","schemeID":"74"},{"nodeID":"201021","text":"illegal immigrants are here","type":"I","timestamp":"2016-09-21 13:31:18"},{"nodeID":"201022","text":"Barbara: 17th_knight : They are here,","type":"L","timestamp":"2016-09-21 13:31:19"},{"nodeID":"201023","text":"17th_knight : they work","type":"L","timestamp":"2016-09-21 13:31:19"},{"nodeID":"201024","text":"Asserting","type":"YA","timestamp":"2016-09-21 13:31:19","scheme":"Asserting","schemeID":"74"},{"nodeID":"201025","text":"illegal immigrants work","type":"I","timestamp":"2016-09-21 13:31:19"},{"nodeID":"201026","text":"Barbara: 17th_knight : they work","type":"L","timestamp":"2016-09-21 13:31:19"},{"nodeID":"201027","text":"17th_knight : they are a part of this society","type":"L","timestamp":"2016-09-21 13:31:19"},{"nodeID":"201028","text":"Asserting","type":"YA","timestamp":"2016-09-21 13:31:19","scheme":"Asserting","schemeID":"74"},{"nodeID":"201029","text":"illegal immigrants are a part of this society","type":"I","timestamp":"2016-09-21 13:31:19"},{"nodeID":"201030","text":"Barbara: 17th_knight : they are a part of this society","type":"L","timestamp":"2016-09-21 13:31:19"},{"nodeID":"201031","text":"Default Inference","type":"RA","timestamp":"2016-09-21 13:31:19","scheme":"Default Inference","schemeID":"72"},{"nodeID":"201032","text":"Default Transition","type":"TA","timestamp":"2016-09-21 13:31:19","scheme":"Default Transition","schemeID":"82"},{"nodeID":"201033","text":"17th_knight : Fuck off with your xenophobia","type":"L","timestamp":"2016-09-21 13:31:20"},{"nodeID":"201034","text":"Asserting","type":"YA","timestamp":"2016-09-21 13:31:20","scheme":"Asserting","schemeID":"74"},{"nodeID":"201035","text":"fuck off with your xenophobia","type":"I","timestamp":"2016-09-21 13:31:20"},{"nodeID":"201036","text":"Barbara: 17th_knight : Fuck off with your xenophobia","type":"L","timestamp":"2016-09-21 13:31:20"},{"nodeID":"201037","text":"Default Inference","type":"RA","timestamp":"2016-09-21 13:31:20","scheme":"Default Inference","schemeID":"72"},{"nodeID":"201038","text":"Default Transition","type":"TA","timestamp":"2016-09-21 13:31:20","scheme":"Default Transition","schemeID":"82"},{"nodeID":"201039","text":"Arguing","type":"YA","timestamp":"2016-09-21 13:31:20","scheme":"Arguing","schemeID":"80"},{"nodeID":"201040","text":"Ad hominem","type":"CA","timestamp":"2016-09-21 13:31:20","scheme":"Ad hominem","schemeID":"172"},{"nodeID":"201041","text":"Default Transition","type":"TA","timestamp":"2016-09-21 13:31:20","scheme":"Default Transition","schemeID":"82"},{"nodeID":"201042","text":"Disagreeing","type":"YA","timestamp":"2016-09-21 13:31:20","scheme":"Disagreeing","schemeID":"78"},{"nodeID":"201043","text":"reaper527 : that's actually the problem","type":"L","timestamp":"2016-09-21 13:31:21"},{"nodeID":"201044","text":"Asserting","type":"YA","timestamp":"2016-09-21 13:31:21","scheme":"Asserting","schemeID":"74"},{"nodeID":"201045","text":"illegal immigrants being here that's actually the problem","type":"I","timestamp":"2016-09-21 13:31:21"},{"nodeID":"201046","text":"Barbara: reaper527 : that's actually the problem","type":"L","timestamp":"2016-09-21 13:31:21"},{"nodeID":"201047","text":"reaper527 : stop encouraging them to be her","type":"L","timestamp":"2016-09-21 13:31:21"},{"nodeID":"201048","text":"Asserting","type":"YA","timestamp":"2016-09-21 13:31:21","scheme":"Asserting","schemeID":"74"},{"nodeID":"201049","text":"stop encouraging illegal immigrants to be here","type":"I","timestamp":"2016-09-21 13:31:21"},{"nodeID":"201050","text":"Barbara: reaper527 : stop encouraging them to be her","type":"L","timestamp":"2016-09-21 13:31:21"},{"nodeID":"201051","text":"reaper527 : crack down on companies that employ them","type":"L","timestamp":"2016-09-21 13:31:21"},{"nodeID":"201052","text":"Asserting","type":"YA","timestamp":"2016-09-21 13:31:21","scheme":"Asserting","schemeID":"74"},{"nodeID":"201053","text":"crack down on companies that employ illegal immigrants","type":"I","timestamp":"2016-09-21 13:31:21"},{"nodeID":"201054","text":"Barbara: reaper527 : crack down on companies that employ them","type":"L","timestamp":"2016-09-21 13:31:22"},{"nodeID":"201055","text":"reaper527 : don't give them benefits if they come in illegally","type":"L","timestamp":"2016-09-21 13:31:22"},{"nodeID":"201056","text":"Asserting","type":"YA","timestamp":"2016-09-21 13:31:22","scheme":"Asserting","schemeID":"74"},{"nodeID":"201057","text":"don't give immigrants benefits if they come in illegally","type":"I","timestamp":"2016-09-21 13:31:22"},{"nodeID":"201058","text":"Barbara: reaper527 : don't give them benefits if they come in illegally","type":"L","timestamp":"2016-09-21 13:31:22"},{"nodeID":"201059","text":"offer immigrants benefits if they are here on a visa and are actually making an honest effort to be here legally","type":"I","timestamp":"2016-09-21 13:31:22"},{"nodeID":"201060","text":"Default Illocuting","type":"YA","timestamp":"2016-09-21 13:31:22","scheme":"Default Illocuting","schemeID":"168"},{"nodeID":"201061","text":"reaper527 : offer them benefits if they are here on a visa and are actually making an honest effort to be here legally","type":"L","timestamp":"2016-09-21 13:31:22"},{"nodeID":"201062","text":"Barbara: reaper527 : offer them benefits if they are here on a visa and are actually making an honest effort to be here legally","type":"L","timestamp":"2016-09-21 13:31:22"},{"nodeID":"201063","text":"immigrants can't bother to come in the right way","type":"I","timestamp":"2016-09-21 13:31:22"},{"nodeID":"201064","text":"Default Illocuting","type":"YA","timestamp":"2016-09-21 13:31:22","scheme":"Default Illocuting","schemeID":"168"},{"nodeID":"201065","text":"reaper527 : they can't bother to come in the right way","type":"L","timestamp":"2016-09-21 13:31:22"},{"nodeID":"201066","text":"Barbara: reaper527 : they can't bother to come in the right way","type":"L","timestamp":"2016-09-21 13:31:23"},{"nodeID":"201067","text":"reaper527 :  we shouldn't be spending a dime to make their life easier","type":"L","timestamp":"2016-09-21 13:31:23"},{"nodeID":"201068","text":"Asserting","type":"YA","timestamp":"2016-09-21 13:31:23","scheme":"Asserting","schemeID":"74"},{"nodeID":"201069","text":"we shouldn't be spending a dime to make immigrants' life easier","type":"I","timestamp":"2016-09-21 13:31:23"},{"nodeID":"201070","text":"Barbara: reaper527 :  we shouldn't be spending a dime to make their life easier","type":"L","timestamp":"2016-09-21 13:31:23"},{"nodeID":"201071","text":"reaper527 : spend that money on a legal resident instead","type":"L","timestamp":"2016-09-21 13:31:23"},{"nodeID":"201072","text":"Asserting","type":"YA","timestamp":"2016-09-21 13:31:23","scheme":"Asserting","schemeID":"74"},{"nodeID":"201073","text":"spend that money on a legal resident instead","type":"I","timestamp":"2016-09-21 13:31:23"},{"nodeID":"201074","text":"Barbara: reaper527 : pend that money on a legal resident instead","type":"L","timestamp":"2016-09-21 13:31:24"},{"nodeID":"201075","text":"Default Transition","type":"TA","timestamp":"2016-09-21 13:31:24","scheme":"Default Transition","schemeID":"82"},{"nodeID":"201076","text":"Arguing","type":"YA","timestamp":"2016-09-21 13:31:24","scheme":"Arguing","schemeID":"80"},{"nodeID":"201077","text":"Default Inference","type":"RA","timestamp":"2016-09-21 13:31:24","scheme":"Default Inference","schemeID":"72"},{"nodeID":"201078","text":"Default Transition","type":"TA","timestamp":"2016-09-21 13:31:24","scheme":"Default Transition","schemeID":"82"},{"nodeID":"201079","text":"Arguing","type":"YA","timestamp":"2016-09-21 13:31:24","scheme":"Arguing","schemeID":"80"},{"nodeID":"201080","text":"Default Inference","type":"RA","timestamp":"2016-09-21 13:31:24","scheme":"Default Inference","schemeID":"72"},{"nodeID":"201081","text":"Default Transition","type":"TA","timestamp":"2016-09-21 13:31:24","scheme":"Default Transition","schemeID":"82"},{"nodeID":"201082","text":"Arguing","type":"YA","timestamp":"2016-09-21 13:31:24","scheme":"Arguing","schemeID":"80"},{"nodeID":"201083","text":"Default Transition","type":"TA","timestamp":"2016-09-21 13:31:24","scheme":"Default Transition","schemeID":"82"},{"nodeID":"201084","text":"Default Conflict","type":"CA","timestamp":"2016-09-21 13:31:24","scheme":"Default Conflict","schemeID":"71"},{"nodeID":"201085","text":"Default Transition","type":"TA","timestamp":"2016-09-21 13:31:25","scheme":"Default Transition","schemeID":"82"},{"nodeID":"201086","text":"Disagreeing","type":"YA","timestamp":"2016-09-21 13:31:25","scheme":"Disagreeing","schemeID":"78"},{"nodeID":"201087","text":"Default Inference","type":"RA","timestamp":"2016-09-21 13:31:25","scheme":"Default Inference","schemeID":"72"},{"nodeID":"201088","text":"Default Transition","type":"TA","timestamp":"2016-09-21 13:31:25","scheme":"Default Transition","schemeID":"82"},{"nodeID":"201089","text":"Arguing","type":"YA","timestamp":"2016-09-21 13:31:25","scheme":"Arguing","schemeID":"80"},{"nodeID":"201090","text":"Default Inference","type":"RA","timestamp":"2016-09-21 13:31:25","scheme":"Default Inference","schemeID":"72"},{"nodeID":"201091","text":"Default Transition","type":"TA","timestamp":"2016-09-21 13:31:25","scheme":"Default Transition","schemeID":"82"},{"nodeID":"201092","text":"Arguing","type":"YA","timestamp":"2016-09-21 13:31:25","scheme":"Arguing","schemeID":"80"},{"nodeID":"201093","text":"Default Transition","type":"TA","timestamp":"2016-09-21 13:31:26","scheme":"Default Transition","schemeID":"82"},{"nodeID":"201094","text":"Default Transition","type":"TA","timestamp":"2016-09-21 13:31:26","scheme":"Default Transition","schemeID":"82"},{"nodeID":"201095","text":"17th_knight : No it isn't.","type":"L","timestamp":"2016-09-21 13:31:26"},{"nodeID":"201096","text":"Asserting","type":"YA","timestamp":"2016-09-21 13:31:26","scheme":"Asserting","schemeID":"74"},{"nodeID":"201097","text":"illegal immigrants being here is not the problem","type":"I","timestamp":"2016-09-21 13:31:26"},{"nodeID":"201098","text":"Barbara: 17th_knight : No it isn't.","type":"L","timestamp":"2016-09-21 13:31:26"},{"nodeID":"201099","text":"17th_knight : Go fear monger about immigrants to someone else","type":"L","timestamp":"2016-09-21 13:31:26"},{"nodeID":"201100","text":"Asserting","type":"YA","timestamp":"2016-09-21 13:31:26","scheme":"Asserting","schemeID":"74"},{"nodeID":"201101","text":"go fear monger about immigrants to someone else","type":"I","timestamp":"2016-09-21 13:31:26"},{"nodeID":"201102","text":"Barbara: 17th_knight : Go fear monger about immigrants to someone else","type":"L","timestamp":"2016-09-21 13:31:26"},{"nodeID":"201103","text":"Default Transition","type":"TA","timestamp":"2016-09-21 13:31:26","scheme":"Default Transition","schemeID":"82"},{"nodeID":"201104","text":"Default Conflict","type":"CA","timestamp":"2016-09-21 13:31:27","scheme":"Default Conflict","schemeID":"71"},{"nodeID":"201105","text":"Default Transition","type":"TA","timestamp":"2016-09-21 13:31:27","scheme":"Default Transition","schemeID":"82"},{"nodeID":"201106","text":"Disagreeing","type":"YA","timestamp":"2016-09-21 13:31:27","scheme":"Disagreeing","schemeID":"78"},{"nodeID":"201107","text":"Default Conflict","type":"CA","timestamp":"2016-09-21 13:31:27","scheme":"Default Conflict","schemeID":"71"},{"nodeID":"201108","text":"Default Transition","type":"TA","timestamp":"2016-09-21 13:31:27","scheme":"Default Transition","schemeID":"82"},{"nodeID":"201109","text":"Disagreeing","type":"YA","timestamp":"2016-09-21 13:31:27","scheme":"Disagreeing","schemeID":"78"}],"edges":[{"edgeID":"245653","fromID":"200994","toID":"200995","formEdgeID":null},{"edgeID":"245654","fromID":"200993","toID":"200994","formEdgeID":null},{"edgeID":"245655","fromID":"200998","toID":"200999","formEdgeID":null},{"edgeID":"245656","fromID":"200997","toID":"200998","formEdgeID":null},{"edgeID":"245657","fromID":"201002","toID":"201003","formEdgeID":null},{"edgeID":"245658","fromID":"201001","toID":"201002","formEdgeID":null},{"edgeID":"245659","fromID":"201003","toID":"201005","formEdgeID":null},{"edgeID":"245660","fromID":"201005","toID":"200999","formEdgeID":null},{"edgeID":"245661","fromID":"200997","toID":"201006","formEdgeID":null},{"edgeID":"245662","fromID":"201006","toID":"201001","formEdgeID":null},{"edgeID":"245663","fromID":"201006","toID":"201007","formEdgeID":null},{"edgeID":"245664","fromID":"201007","toID":"201005","formEdgeID":null},{"edgeID":"245665","fromID":"201009","toID":"201010","formEdgeID":null},{"edgeID":"245666","fromID":"201008","toID":"201009","formEdgeID":null},{"edgeID":"245667","fromID":"201010","toID":"201012","formEdgeID":null},{"edgeID":"245668","fromID":"201012","toID":"201003","formEdgeID":null},{"edgeID":"245669","fromID":"201001","toID":"201013","formEdgeID":null},{"edgeID":"245670","fromID":"201013","toID":"201008","formEdgeID":null},{"edgeID":"245671","fromID":"201013","toID":"201014","formEdgeID":null},{"edgeID":"245672","fromID":"201014","toID":"201012","formEdgeID":null},{"edgeID":"245673","fromID":"201016","toID":"201017","formEdgeID":null},{"edgeID":"245674","fromID":"201015","toID":"201016","formEdgeID":null},{"edgeID":"245675","fromID":"201020","toID":"201021","formEdgeID":null},{"edgeID":"245676","fromID":"201019","toID":"201020","formEdgeID":null},{"edgeID":"245677","fromID":"201024","toID":"201025","formEdgeID":null},{"edgeID":"245678","fromID":"201023","toID":"201024","formEdgeID":null},{"edgeID":"245679","fromID":"201028","toID":"201029","formEdgeID":null},{"edgeID":"245680","fromID":"201027","toID":"201028","formEdgeID":null},{"edgeID":"245681","fromID":"201029","toID":"201031","formEdgeID":null},{"edgeID":"245682","fromID":"201031","toID":"201017","formEdgeID":null},{"edgeID":"245683","fromID":"201021","toID":"201031","formEdgeID":null},{"edgeID":"245684","fromID":"201025","toID":"201031","formEdgeID":null},{"edgeID":"245685","fromID":"200997","toID":"201032","formEdgeID":null},{"edgeID":"245686","fromID":"201032","toID":"200993","formEdgeID":null},{"edgeID":"245687","fromID":"201034","toID":"201035","formEdgeID":null},{"edgeID":"245688","fromID":"201033","toID":"201034","formEdgeID":null},{"edgeID":"245689","fromID":"201017","toID":"201037","formEdgeID":null},{"edgeID":"245690","fromID":"201037","toID":"201010","formEdgeID":null},{"edgeID":"245691","fromID":"201008","toID":"201038","formEdgeID":null},{"edgeID":"245692","fromID":"201038","toID":"201015","formEdgeID":null},{"edgeID":"245693","fromID":"201038","toID":"201039","formEdgeID":null},{"edgeID":"245694","fromID":"201039","toID":"201037","formEdgeID":null},{"edgeID":"245695","fromID":"201035","toID":"201040","formEdgeID":null},{"edgeID":"245696","fromID":"201040","toID":"200999","formEdgeID":null},{"edgeID":"245697","fromID":"200997","toID":"201041","formEdgeID":null},{"edgeID":"245698","fromID":"201041","toID":"201033","formEdgeID":null},{"edgeID":"245699","fromID":"201041","toID":"201042","formEdgeID":null},{"edgeID":"245700","fromID":"201042","toID":"201040","formEdgeID":null},{"edgeID":"245701","fromID":"201044","toID":"201045","formEdgeID":null},{"edgeID":"245702","fromID":"201043","toID":"201044","formEdgeID":null},{"edgeID":"245703","fromID":"201048","toID":"201049","formEdgeID":null},{"edgeID":"245704","fromID":"201047","toID":"201048","formEdgeID":null},{"edgeID":"245705","fromID":"201052","toID":"201053","formEdgeID":null},{"edgeID":"245706","fromID":"201051","toID":"201052","formEdgeID":null},{"edgeID":"245707","fromID":"201056","toID":"201057","formEdgeID":null},{"edgeID":"245708","fromID":"201055","toID":"201056","formEdgeID":null},{"edgeID":"245709","fromID":"201060","toID":"201059","formEdgeID":null},{"edgeID":"245710","fromID":"201061","toID":"201060","formEdgeID":null},{"edgeID":"245711","fromID":"201064","toID":"201063","formEdgeID":null},{"edgeID":"245712","fromID":"201065","toID":"201064","formEdgeID":null},{"edgeID":"245713","fromID":"201068","toID":"201069","formEdgeID":null},{"edgeID":"245714","fromID":"201067","toID":"201068","formEdgeID":null},{"edgeID":"245715","fromID":"201072","toID":"201073","formEdgeID":null},{"edgeID":"245716","fromID":"201071","toID":"201072","formEdgeID":null},{"edgeID":"245717","fromID":"201015","toID":"201075","formEdgeID":null},{"edgeID":"245718","fromID":"201075","toID":"201027","formEdgeID":null},{"edgeID":"245719","fromID":"201075","toID":"201019","formEdgeID":null},{"edgeID":"245720","fromID":"201075","toID":"201023","formEdgeID":null},{"edgeID":"245721","fromID":"201075","toID":"201076","formEdgeID":null},{"edgeID":"245722","fromID":"201076","toID":"201031","formEdgeID":null},{"edgeID":"245723","fromID":"201063","toID":"201077","formEdgeID":null},{"edgeID":"245724","fromID":"201077","toID":"201069","formEdgeID":null},{"edgeID":"245725","fromID":"201065","toID":"201078","formEdgeID":null},{"edgeID":"245726","fromID":"201078","toID":"201067","formEdgeID":null},{"edgeID":"245727","fromID":"201078","toID":"201079","formEdgeID":null},{"edgeID":"245728","fromID":"201079","toID":"201077","formEdgeID":null},{"edgeID":"245729","fromID":"201045","toID":"201080","formEdgeID":null},{"edgeID":"245730","fromID":"201080","toID":"201049","formEdgeID":null},{"edgeID":"245731","fromID":"201043","toID":"201081","formEdgeID":null},{"edgeID":"245732","fromID":"201081","toID":"201047","formEdgeID":null},{"edgeID":"245733","fromID":"201081","toID":"201082","formEdgeID":null},{"edgeID":"245734","fromID":"201082","toID":"201080","formEdgeID":null},{"edgeID":"245735","fromID":"201033","toID":"201083","formEdgeID":null},{"edgeID":"245736","fromID":"201083","toID":"201043","formEdgeID":null},{"edgeID":"245737","fromID":"201049","toID":"201084","formEdgeID":null},{"edgeID":"245738","fromID":"201084","toID":"201021","formEdgeID":null},{"edgeID":"245739","fromID":"201019","toID":"201085","formEdgeID":null},{"edgeID":"245740","fromID":"201085","toID":"201047","formEdgeID":null},{"edgeID":"245741","fromID":"201085","toID":"201086","formEdgeID":null},{"edgeID":"245742","fromID":"201086","toID":"201084","formEdgeID":null},{"edgeID":"245743","fromID":"201049","toID":"201087","formEdgeID":null},{"edgeID":"245744","fromID":"201087","toID":"201053","formEdgeID":null},{"edgeID":"245745","fromID":"201047","toID":"201088","formEdgeID":null},{"edgeID":"245746","fromID":"201088","toID":"201051","formEdgeID":null},{"edgeID":"245747","fromID":"201088","toID":"201089","formEdgeID":null},{"edgeID":"245748","fromID":"201089","toID":"201087","formEdgeID":null},{"edgeID":"245749","fromID":"201049","toID":"201090","formEdgeID":null},{"edgeID":"245750","fromID":"201090","toID":"201057","formEdgeID":null},{"edgeID":"245751","fromID":"201047","toID":"201091","formEdgeID":null},{"edgeID":"245752","fromID":"201091","toID":"201055","formEdgeID":null},{"edgeID":"245753","fromID":"201091","toID":"201092","formEdgeID":null},{"edgeID":"245754","fromID":"201092","toID":"201090","formEdgeID":null},{"edgeID":"245755","fromID":"201055","toID":"201093","formEdgeID":null},{"edgeID":"245756","fromID":"201093","toID":"201061","formEdgeID":null},{"edgeID":"245757","fromID":"201061","toID":"201094","formEdgeID":null},{"edgeID":"245758","fromID":"201094","toID":"201065","formEdgeID":null},{"edgeID":"245759","fromID":"201096","toID":"201097","formEdgeID":null},{"edgeID":"245760","fromID":"201095","toID":"201096","formEdgeID":null},{"edgeID":"245761","fromID":"201100","toID":"201101","formEdgeID":null},{"edgeID":"245762","fromID":"201099","toID":"201100","formEdgeID":null},{"edgeID":"245763","fromID":"201067","toID":"201103","formEdgeID":null},{"edgeID":"245764","fromID":"201103","toID":"201071","formEdgeID":null},{"edgeID":"245765","fromID":"201097","toID":"201104","formEdgeID":null},{"edgeID":"245766","fromID":"201104","toID":"201045","formEdgeID":null},{"edgeID":"245767","fromID":"201043","toID":"201105","formEdgeID":null},{"edgeID":"245768","fromID":"201105","toID":"201095","formEdgeID":null},{"edgeID":"245769","fromID":"201105","toID":"201106","formEdgeID":null},{"edgeID":"245770","fromID":"201106","toID":"201104","formEdgeID":null},{"edgeID":"245771","fromID":"201101","toID":"201107","formEdgeID":null},{"edgeID":"245772","fromID":"201107","toID":"201045","formEdgeID":null},{"edgeID":"245773","fromID":"201043","toID":"201108","formEdgeID":null},{"edgeID":"245774","fromID":"201108","toID":"201099","formEdgeID":null},{"edgeID":"245775","fromID":"201108","toID":"201109","formEdgeID":null},{"edgeID":"245776","fromID":"201109","toID":"201107","formEdgeID":null}],"locutions":[{"nodeID":"201061","personID":"2282","timestamp":"2016-09-21 13:31:32","start":null,"end":null,"source":null},{"nodeID":"201065","personID":"2282","timestamp":"2016-09-21 13:31:32","start":null,"end":null,"source":null}]}