{"nodes":[{"nodeID":"196695","text":"For_mobile : Bernie. Get your shit together man !","type":"L","timestamp":"2016-08-29 11:18:46"},{"nodeID":"196697","text":"Bernie Sanders - get your shit together man","type":"I","timestamp":"2016-08-29 11:18:47"},{"nodeID":"196698","text":"Barbara: For_mobile : Bernie. Get your shit together man !","type":"L","timestamp":"2016-08-29 11:18:47"},{"nodeID":"196699","text":"moxy801 : He's doing fine thus far","type":"L","timestamp":"2016-08-29 11:18:47"},{"nodeID":"196701","text":"Bernie Sanders is doing fine this far","type":"I","timestamp":"2016-08-29 11:18:47"},{"nodeID":"196702","text":"Barbara: moxy801 : He's doing fine thus far","type":"L","timestamp":"2016-08-29 11:18:47"},{"nodeID":"196706","text":"Ajwf : There wasn't anything to respond to","type":"L","timestamp":"2016-08-29 11:18:47"},{"nodeID":"196708","text":"there wasn't anything to respond to","type":"I","timestamp":"2016-08-29 11:18:48"},{"nodeID":"196709","text":"Barbara: Ajwf : There wasn't anything to respond to...","type":"L","timestamp":"2016-08-29 11:18:48"},{"nodeID":"196713","text":"[deleted] : Did you listen to the question he got and what the other guy said before","type":"L","timestamp":"2016-08-29 11:18:48"},{"nodeID":"196715","text":"you did not listen to the question Bernie Sanders got and what the other guy said before","type":"I","timestamp":"2016-08-29 11:18:48"},{"nodeID":"196716","text":"Barbara: [deleted] : Did you listen to the question he got and what the other guy said before?","type":"L","timestamp":"2016-08-29 11:18:48"},{"nodeID":"196717","text":"[deleted] : Bernie was, which is why he was like \"What the fuck was I suposed to say to that?\"","type":"L","timestamp":"2016-08-29 11:18:48"},{"nodeID":"196719","text":"Bernie Sanders was like \"What the fuck was I supposed to say to that?\"","type":"I","timestamp":"2016-08-29 11:18:49"},{"nodeID":"196720","text":"Barbara: [deleted] : Bernie was, which is why he was like \"What the fuck was I suposed to say to that?\"","type":"L","timestamp":"2016-08-29 11:18:49"},{"nodeID":"196721","text":"[deleted] : Pay attention to what everything is being said, not just out of his mouth man.","type":"L","timestamp":"2016-08-29 11:18:49"},{"nodeID":"196723","text":"pay attention to what everything is being said, not just out of his mouth man","type":"I","timestamp":"2016-08-29 11:18:49"},{"nodeID":"196724","text":"Barbara: [deleted] : Pay attention to what everything is being said, not just out of his mouth man.","type":"L","timestamp":"2016-08-29 11:18:49"},{"nodeID":"196730","text":"Asserting","type":"YA","timestamp":"2016-08-29 11:19:44","scheme":"Asserting","schemeID":"74"},{"nodeID":"196731","text":"Asserting","type":"YA","timestamp":"2016-08-29 11:19:45","scheme":"Asserting","schemeID":"74"},{"nodeID":"196732","text":"Default Conflict","type":"CA","timestamp":"2016-08-29 11:19:45","scheme":"Default Conflict","schemeID":"71"},{"nodeID":"196733","text":"Default Transition","type":"TA","timestamp":"2016-08-29 11:19:45","scheme":"Default Transition","schemeID":"82"},{"nodeID":"196734","text":"Disagreeing","type":"YA","timestamp":"2016-08-29 11:19:45","scheme":"Disagreeing","schemeID":"78"},{"nodeID":"196735","text":"Asserting","type":"YA","timestamp":"2016-08-29 11:19:45","scheme":"Asserting","schemeID":"74"},{"nodeID":"196736","text":"Default Inference","type":"RA","timestamp":"2016-08-29 11:19:46","scheme":"Default Inference","schemeID":"72"},{"nodeID":"196737","text":"Default Transition","type":"TA","timestamp":"2016-08-29 11:19:46","scheme":"Default Transition","schemeID":"82"},{"nodeID":"196738","text":"Arguing","type":"YA","timestamp":"2016-08-29 11:19:46","scheme":"Arguing","schemeID":"80"},{"nodeID":"196739","text":"Assertive Questioning","type":"YA","timestamp":"2016-08-29 11:19:46","scheme":"AssertiveQuestioning","schemeID":"73"},{"nodeID":"196740","text":"Asserting","type":"YA","timestamp":"2016-08-29 11:19:46","scheme":"Asserting","schemeID":"74"},{"nodeID":"196741","text":"Asserting","type":"YA","timestamp":"2016-08-29 11:19:47","scheme":"Asserting","schemeID":"74"},{"nodeID":"196742","text":"Default Inference","type":"RA","timestamp":"2016-08-29 11:19:47","scheme":"Default Inference","schemeID":"72"},{"nodeID":"196743","text":"Default Transition","type":"TA","timestamp":"2016-08-29 11:19:47","scheme":"Default Transition","schemeID":"82"},{"nodeID":"196744","text":"Arguing","type":"YA","timestamp":"2016-08-29 11:19:47","scheme":"Arguing","schemeID":"80"},{"nodeID":"196745","text":"Default Transition","type":"TA","timestamp":"2016-08-29 11:19:47","scheme":"Default Transition","schemeID":"82"},{"nodeID":"196746","text":"Default Transition","type":"TA","timestamp":"2016-08-29 11:19:47","scheme":"Default Transition","schemeID":"82"}],"edges":[{"edgeID":"241010","fromID":"196730","toID":"196697","formEdgeID":null},{"edgeID":"241011","fromID":"196695","toID":"196730","formEdgeID":null},{"edgeID":"241012","fromID":"196731","toID":"196701","formEdgeID":null},{"edgeID":"241013","fromID":"196699","toID":"196731","formEdgeID":null},{"edgeID":"241014","fromID":"196701","toID":"196732","formEdgeID":null},{"edgeID":"241015","fromID":"196732","toID":"196697","formEdgeID":null},{"edgeID":"241016","fromID":"196695","toID":"196733","formEdgeID":null},{"edgeID":"241017","fromID":"196733","toID":"196699","formEdgeID":null},{"edgeID":"241018","fromID":"196733","toID":"196734","formEdgeID":null},{"edgeID":"241019","fromID":"196734","toID":"196732","formEdgeID":null},{"edgeID":"241020","fromID":"196735","toID":"196708","formEdgeID":null},{"edgeID":"241021","fromID":"196706","toID":"196735","formEdgeID":null},{"edgeID":"241022","fromID":"196708","toID":"196736","formEdgeID":null},{"edgeID":"241023","fromID":"196736","toID":"196701","formEdgeID":null},{"edgeID":"241024","fromID":"196699","toID":"196737","formEdgeID":null},{"edgeID":"241025","fromID":"196737","toID":"196706","formEdgeID":null},{"edgeID":"241026","fromID":"196737","toID":"196738","formEdgeID":null},{"edgeID":"241027","fromID":"196738","toID":"196736","formEdgeID":null},{"edgeID":"241028","fromID":"196739","toID":"196715","formEdgeID":null},{"edgeID":"241029","fromID":"196713","toID":"196739","formEdgeID":null},{"edgeID":"241030","fromID":"196740","toID":"196719","formEdgeID":null},{"edgeID":"241031","fromID":"196717","toID":"196740","formEdgeID":null},{"edgeID":"241032","fromID":"196741","toID":"196723","formEdgeID":null},{"edgeID":"241033","fromID":"196721","toID":"196741","formEdgeID":null},{"edgeID":"241034","fromID":"196715","toID":"196742","formEdgeID":null},{"edgeID":"241035","fromID":"196742","toID":"196719","formEdgeID":null},{"edgeID":"241036","fromID":"196713","toID":"196743","formEdgeID":null},{"edgeID":"241037","fromID":"196743","toID":"196717","formEdgeID":null},{"edgeID":"241038","fromID":"196743","toID":"196744","formEdgeID":null},{"edgeID":"241039","fromID":"196744","toID":"196742","formEdgeID":null},{"edgeID":"241040","fromID":"196717","toID":"196745","formEdgeID":null},{"edgeID":"241041","fromID":"196745","toID":"196721","formEdgeID":null},{"edgeID":"241042","fromID":"196695","toID":"196746","formEdgeID":null},{"edgeID":"241043","fromID":"196746","toID":"196713","formEdgeID":null}],"locutions":[]}