{"nodes":[{"nodeID":"199920","text":"ESP16 : Hillary loves to talk, and talk, and talk","type":"L","timestamp":"2016-09-17 16:53:42"},{"nodeID":"199921","text":"Asserting","type":"YA","timestamp":"2016-09-17 16:53:42","scheme":"Asserting","schemeID":"74"},{"nodeID":"199922","text":"Hillary Clinton loves to talk, and talk, and talk","type":"I","timestamp":"2016-09-17 16:53:42"},{"nodeID":"199923","text":"Barbara: ESP16 : Hillary loves to talk, and talk, and talk","type":"L","timestamp":"2016-09-17 16:53:42"},{"nodeID":"199924","text":"ESP16 : what will she DO","type":"L","timestamp":"2016-09-17 16:53:42"},{"nodeID":"199925","text":"Assertive Questioning","type":"YA","timestamp":"2016-09-17 16:53:42","scheme":"AssertiveQuestioning","schemeID":"73"},{"nodeID":"199926","text":"Hillary Clinton will not do anything","type":"I","timestamp":"2016-09-17 16:53:42"},{"nodeID":"199927","text":"Barbara: ESP16 : what will she DO","type":"L","timestamp":"2016-09-17 16:53:42"},{"nodeID":"199928","text":"Default Transition","type":"TA","timestamp":"2016-09-17 16:53:43","scheme":"Default Transition","schemeID":"82"},{"nodeID":"199929","text":"Default Inference","type":"RA","timestamp":"2016-09-17 16:53:43","scheme":"Default Inference","schemeID":"72"},{"nodeID":"199930","text":"Arguing","type":"YA","timestamp":"2016-09-17 16:53:43","scheme":"Arguing","schemeID":"80"},{"nodeID":"199931","text":"Teekey : She will do things","type":"L","timestamp":"2016-09-17 16:53:43"},{"nodeID":"199932","text":"Asserting","type":"YA","timestamp":"2016-09-17 16:53:43","scheme":"Asserting","schemeID":"74"},{"nodeID":"199933","text":"Hillary Clinton will not do things","type":"I","timestamp":"2016-09-17 16:53:43"},{"nodeID":"199934","text":"Barbara: Teekey : She will do things","type":"L","timestamp":"2016-09-17 16:53:43"},{"nodeID":"199935","text":"Teekey : She has plans and stuff","type":"L","timestamp":"2016-09-17 16:53:43"},{"nodeID":"199936","text":"Asserting","type":"YA","timestamp":"2016-09-17 16:53:43","scheme":"Asserting","schemeID":"74"},{"nodeID":"199937","text":"Hillary Clinton has plans and stuff","type":"I","timestamp":"2016-09-17 16:53:43"},{"nodeID":"199938","text":"Barbara: Teekey : She has plans and stuff","type":"L","timestamp":"2016-09-17 16:53:43"},{"nodeID":"199939","text":"Default Transition","type":"TA","timestamp":"2016-09-17 16:53:44","scheme":"Default Transition","schemeID":"82"},{"nodeID":"199940","text":"Default Transition","type":"TA","timestamp":"2016-09-17 16:53:44","scheme":"Default Transition","schemeID":"82"},{"nodeID":"199941","text":"Teekey : In the beginning she said how she was going to go into specifics","type":"L","timestamp":"2016-09-17 16:53:44"},{"nodeID":"199942","text":"Asserting","type":"YA","timestamp":"2016-09-17 16:53:44","scheme":"Asserting","schemeID":"74"},{"nodeID":"199943","text":"in the beginning Hillary Clinton said how she was going to go into specifics","type":"I","timestamp":"2016-09-17 16:53:44"},{"nodeID":"199944","text":"Barbara: Teekey : In the beginning she said how she was going to go into specifics","type":"L","timestamp":"2016-09-17 16:53:44"},{"nodeID":"199945","text":"Default Rephrase","type":"MA","timestamp":"2016-09-17 16:53:44","scheme":"Default Rephrase","schemeID":"144"},{"nodeID":"199946","text":"Restating","type":"YA","timestamp":"2016-09-17 16:53:44","scheme":"Restating","schemeID":"101"},{"nodeID":"199947","text":"Default Inference","type":"RA","timestamp":"2016-09-17 16:53:44","scheme":"Default Inference","schemeID":"72"},{"nodeID":"199948","text":"Default Transition","type":"TA","timestamp":"2016-09-17 16:53:44","scheme":"Default Transition","schemeID":"82"},{"nodeID":"199949","text":"Arguing","type":"YA","timestamp":"2016-09-17 16:53:44","scheme":"Arguing","schemeID":"80"},{"nodeID":"199950","text":"Teekey : she's done anything but","type":"L","timestamp":"2016-09-17 16:53:45"},{"nodeID":"199951","text":"Asserting","type":"YA","timestamp":"2016-09-17 16:53:45","scheme":"Asserting","schemeID":"74"},{"nodeID":"199952","text":"Hillary Clinton has done anything but going into specifics","type":"I","timestamp":"2016-09-17 16:53:45"},{"nodeID":"199953","text":"Barbara: Teekey : she's done anything but","type":"L","timestamp":"2016-09-17 16:53:45"},{"nodeID":"199954","text":"chormin : Talk","type":"L","timestamp":"2016-09-17 16:53:45"},{"nodeID":"199955","text":"Rhetorical Questioning","type":"YA","timestamp":"2016-09-17 16:53:45","scheme":"RhetoricalQuestioning","schemeID":"85"},{"nodeID":"199956","text":"talk","type":"I","timestamp":"2016-09-17 16:53:45"},{"nodeID":"199957","text":"Barbara: chormin : Talk?","type":"L","timestamp":"2016-09-17 16:53:45"},{"nodeID":"199958","text":"Default Transition","type":"TA","timestamp":"2016-09-17 16:53:45","scheme":"Default Transition","schemeID":"82"},{"nodeID":"199959","text":"torgo_phylum : It's a debate","type":"L","timestamp":"2016-09-17 16:53:45"},{"nodeID":"199960","text":"Asserting","type":"YA","timestamp":"2016-09-17 16:53:45","scheme":"Asserting","schemeID":"74"},{"nodeID":"199961","text":"It's a debate","type":"I","timestamp":"2016-09-17 16:53:46"},{"nodeID":"199962","text":"Barbara: torgo_phylum : It's a debate","type":"L","timestamp":"2016-09-17 16:53:46"},{"nodeID":"199963","text":"torgo_phylum : talking is what you do here","type":"L","timestamp":"2016-09-17 16:53:46"},{"nodeID":"199964","text":"Asserting","type":"YA","timestamp":"2016-09-17 16:53:46","scheme":"Asserting","schemeID":"74"},{"nodeID":"199965","text":"talking is what you do here","type":"I","timestamp":"2016-09-17 16:53:46"},{"nodeID":"199966","text":"Barbara: torgo_phylum : talking is what you do here","type":"L","timestamp":"2016-09-17 16:53:46"},{"nodeID":"199967","text":"Default Inference","type":"RA","timestamp":"2016-09-17 16:53:46","scheme":"Default Inference","schemeID":"72"},{"nodeID":"199968","text":"Default Transition","type":"TA","timestamp":"2016-09-17 16:53:46","scheme":"Default Transition","schemeID":"82"},{"nodeID":"199969","text":"Arguing","type":"YA","timestamp":"2016-09-17 16:53:46","scheme":"Arguing","schemeID":"80"},{"nodeID":"199970","text":"torgo_phylum : She is the only candidate who has put forth comprehensive plans on these issues","type":"L","timestamp":"2016-09-17 16:53:46"},{"nodeID":"199971","text":"Asserting","type":"YA","timestamp":"2016-09-17 16:53:46","scheme":"Asserting","schemeID":"74"},{"nodeID":"199972","text":"Hillary Clinton is the only candidate who has put forth comprehensive plans on these issues","type":"I","timestamp":"2016-09-17 16:53:47"},{"nodeID":"199973","text":"Barbara: torgo_phylum : She is the only candidate who has put forth comprehensive plans on these issues","type":"L","timestamp":"2016-09-17 16:53:47"},{"nodeID":"199974","text":"torgo_phylum : You want to know what she'll do","type":"L","timestamp":"2016-09-17 16:53:47"},{"nodeID":"199975","text":"Assertive Questioning","type":"YA","timestamp":"2016-09-17 16:53:47","scheme":"AssertiveQuestioning","schemeID":"73"},{"nodeID":"199976","text":"you want to know what Hillary Clinton will do","type":"I","timestamp":"2016-09-17 16:53:47"},{"nodeID":"199977","text":"Barbara: torgo_phylum : You want to know what she'll do?","type":"L","timestamp":"2016-09-17 16:53:47"},{"nodeID":"199978","text":"torgo_phylum : It's all on her website","type":"L","timestamp":"2016-09-17 16:53:47"},{"nodeID":"199979","text":"Asserting","type":"YA","timestamp":"2016-09-17 16:53:47","scheme":"Asserting","schemeID":"74"},{"nodeID":"199980","text":"all what Hillary Clinton will do is on her website","type":"I","timestamp":"2016-09-17 16:53:47"},{"nodeID":"199981","text":"Barbara: torgo_phylum : It's all on her website","type":"L","timestamp":"2016-09-17 16:53:47"},{"nodeID":"199982","text":"Default Conflict","type":"CA","timestamp":"2016-09-17 16:53:47","scheme":"Default Conflict","schemeID":"71"},{"nodeID":"199983","text":"Default Transition","type":"TA","timestamp":"2016-09-17 16:53:47","scheme":"Default Transition","schemeID":"82"},{"nodeID":"199984","text":"Disagreeing","type":"YA","timestamp":"2016-09-17 16:53:48","scheme":"Disagreeing","schemeID":"78"},{"nodeID":"199985","text":"Default Conflict","type":"CA","timestamp":"2016-09-17 16:53:48","scheme":"Default Conflict","schemeID":"71"},{"nodeID":"199986","text":"Default Transition","type":"TA","timestamp":"2016-09-17 16:53:48","scheme":"Default Transition","schemeID":"82"},{"nodeID":"199987","text":"Disagreeing","type":"YA","timestamp":"2016-09-17 16:53:48","scheme":"Disagreeing","schemeID":"78"},{"nodeID":"199988","text":"Default Transition","type":"TA","timestamp":"2016-09-17 16:53:48","scheme":"Default Transition","schemeID":"82"},{"nodeID":"199989","text":"Default Conflict","type":"CA","timestamp":"2016-09-17 16:53:48","scheme":"Default Conflict","schemeID":"71"},{"nodeID":"199990","text":"Default Transition","type":"TA","timestamp":"2016-09-17 16:53:48","scheme":"Default Transition","schemeID":"82"},{"nodeID":"199991","text":"Disagreeing","type":"YA","timestamp":"2016-09-17 16:53:48","scheme":"Disagreeing","schemeID":"78"},{"nodeID":"199992","text":"torgo_phylum : I prefer sanders","type":"L","timestamp":"2016-09-17 16:53:48"},{"nodeID":"199993","text":"Asserting","type":"YA","timestamp":"2016-09-17 16:53:48","scheme":"Asserting","schemeID":"74"},{"nodeID":"199994","text":"I prefer Bernie Sanders","type":"I","timestamp":"2016-09-17 16:53:48"},{"nodeID":"199995","text":"Barbara: torgo_phylum : I prefer sanders","type":"L","timestamp":"2016-09-17 16:53:49"},{"nodeID":"199996","text":"torgo_phylum : this vilification of Hillary is just groupthink and illiterate","type":"L","timestamp":"2016-09-17 16:53:49"},{"nodeID":"199997","text":"Asserting","type":"YA","timestamp":"2016-09-17 16:53:49","scheme":"Asserting","schemeID":"74"},{"nodeID":"199998","text":"this vilification of Hillary is just groupthink and illiterate","type":"I","timestamp":"2016-09-17 16:53:49"},{"nodeID":"199999","text":"Barbara: torgo_phylum : this vilification of Hillary is just groupthink and illiterate","type":"L","timestamp":"2016-09-17 16:53:49"},{"nodeID":"200000","text":"Default Transition","type":"TA","timestamp":"2016-09-17 16:53:49","scheme":"Default Transition","schemeID":"82"},{"nodeID":"200001","text":"Default Transition","type":"TA","timestamp":"2016-09-17 16:53:49","scheme":"Default Transition","schemeID":"82"},{"nodeID":"200002","text":"ESP16 : I certainly wouldn't consider myself a member of the Sanders circlejerk","type":"L","timestamp":"2016-09-17 16:53:49"},{"nodeID":"200003","text":"Asserting","type":"YA","timestamp":"2016-09-17 16:53:49","scheme":"Asserting","schemeID":"74"},{"nodeID":"200004","text":"I certainly wouldn't consider myself a member of the Sanders circlejerk","type":"I","timestamp":"2016-09-17 16:53:49"},{"nodeID":"200005","text":"Barbara: ESP16 : I certainly wouldn't consider myself a member of the Sanders circlejerk","type":"L","timestamp":"2016-09-17 16:53:50"},{"nodeID":"200006","text":"ESP16 : I do support him on many points","type":"L","timestamp":"2016-09-17 16:53:50"},{"nodeID":"200007","text":"Asserting","type":"YA","timestamp":"2016-09-17 16:53:50","scheme":"Asserting","schemeID":"74"},{"nodeID":"200008","text":"I do support Bernie Sanders on many points","type":"I","timestamp":"2016-09-17 16:53:50"},{"nodeID":"200009","text":"Barbara: ESP16 : though I do support him on many points","type":"L","timestamp":"2016-09-17 16:53:50"},{"nodeID":"200010","text":"ESP16 :  I just hate listening to politicians, Bernie included, speak in   hypotheticals and rhetoric rather than actual plans","type":"L","timestamp":"2016-09-17 16:53:50"},{"nodeID":"200011","text":"Asserting","type":"YA","timestamp":"2016-09-17 16:53:50","scheme":"Asserting","schemeID":"74"},{"nodeID":"200012","text":"I just hate listening to politicians, Bernie Sanders included, speak in   hypotheticals and rhetoric rather than actual plans","type":"I","timestamp":"2016-09-17 16:53:50"},{"nodeID":"200013","text":"Barbara: ESP16 :  just hate listening to politicians, Bernie included, speak in   hypotheticals and rhetoric rather than actual plans","type":"L","timestamp":"2016-09-17 16:53:50"},{"nodeID":"200014","text":"Default Transition","type":"TA","timestamp":"2016-09-17 16:53:50","scheme":"Default Transition","schemeID":"82"},{"nodeID":"200015","text":"Default Transition","type":"TA","timestamp":"2016-09-17 16:53:50","scheme":"Default Transition","schemeID":"82"},{"nodeID":"200016","text":"Default Transition","type":"TA","timestamp":"2016-09-17 16:53:51","scheme":"Default Transition","schemeID":"82"}],"edges":[{"edgeID":"244554","fromID":"199921","toID":"199922","formEdgeID":null},{"edgeID":"244555","fromID":"199920","toID":"199921","formEdgeID":null},{"edgeID":"244556","fromID":"199925","toID":"199926","formEdgeID":null},{"edgeID":"244557","fromID":"199924","toID":"199925","formEdgeID":null},{"edgeID":"244558","fromID":"199920","toID":"199928","formEdgeID":null},{"edgeID":"244559","fromID":"199928","toID":"199924","formEdgeID":null},{"edgeID":"244560","fromID":"199922","toID":"199929","formEdgeID":null},{"edgeID":"244561","fromID":"199929","toID":"199926","formEdgeID":null},{"edgeID":"244562","fromID":"199928","toID":"199930","formEdgeID":null},{"edgeID":"244563","fromID":"199930","toID":"199929","formEdgeID":null},{"edgeID":"244564","fromID":"199932","toID":"199933","formEdgeID":null},{"edgeID":"244565","fromID":"199931","toID":"199932","formEdgeID":null},{"edgeID":"244566","fromID":"199936","toID":"199937","formEdgeID":null},{"edgeID":"244567","fromID":"199935","toID":"199936","formEdgeID":null},{"edgeID":"244568","fromID":"199924","toID":"199939","formEdgeID":null},{"edgeID":"244569","fromID":"199939","toID":"199931","formEdgeID":null},{"edgeID":"244570","fromID":"199931","toID":"199940","formEdgeID":null},{"edgeID":"244571","fromID":"199940","toID":"199935","formEdgeID":null},{"edgeID":"244572","fromID":"199942","toID":"199943","formEdgeID":null},{"edgeID":"244573","fromID":"199941","toID":"199942","formEdgeID":null},{"edgeID":"244574","fromID":"199933","toID":"199945","formEdgeID":null},{"edgeID":"244575","fromID":"199945","toID":"199926","formEdgeID":null},{"edgeID":"244576","fromID":"199939","toID":"199946","formEdgeID":null},{"edgeID":"244577","fromID":"199946","toID":"199945","formEdgeID":null},{"edgeID":"244578","fromID":"199943","toID":"199947","formEdgeID":null},{"edgeID":"244579","fromID":"199947","toID":"199933","formEdgeID":null},{"edgeID":"244580","fromID":"199931","toID":"199948","formEdgeID":null},{"edgeID":"244581","fromID":"199948","toID":"199941","formEdgeID":null},{"edgeID":"244582","fromID":"199948","toID":"199949","formEdgeID":null},{"edgeID":"244583","fromID":"199949","toID":"199947","formEdgeID":null},{"edgeID":"244584","fromID":"199951","toID":"199952","formEdgeID":null},{"edgeID":"244585","fromID":"199950","toID":"199951","formEdgeID":null},{"edgeID":"244586","fromID":"199952","toID":"199947","formEdgeID":null},{"edgeID":"244587","fromID":"199948","toID":"199950","formEdgeID":null},{"edgeID":"244588","fromID":"199955","toID":"199956","formEdgeID":null},{"edgeID":"244589","fromID":"199954","toID":"199955","formEdgeID":null},{"edgeID":"244590","fromID":"199924","toID":"199958","formEdgeID":null},{"edgeID":"244591","fromID":"199958","toID":"199954","formEdgeID":null},{"edgeID":"244592","fromID":"199960","toID":"199961","formEdgeID":null},{"edgeID":"244593","fromID":"199959","toID":"199960","formEdgeID":null},{"edgeID":"244594","fromID":"199964","toID":"199965","formEdgeID":null},{"edgeID":"244595","fromID":"199963","toID":"199964","formEdgeID":null},{"edgeID":"244596","fromID":"199961","toID":"199967","formEdgeID":null},{"edgeID":"244597","fromID":"199967","toID":"199965","formEdgeID":null},{"edgeID":"244598","fromID":"199959","toID":"199968","formEdgeID":null},{"edgeID":"244599","fromID":"199968","toID":"199963","formEdgeID":null},{"edgeID":"244600","fromID":"199968","toID":"199969","formEdgeID":null},{"edgeID":"244601","fromID":"199969","toID":"199967","formEdgeID":null},{"edgeID":"244602","fromID":"199971","toID":"199972","formEdgeID":null},{"edgeID":"244603","fromID":"199970","toID":"199971","formEdgeID":null},{"edgeID":"244604","fromID":"199975","toID":"199976","formEdgeID":null},{"edgeID":"244605","fromID":"199974","toID":"199975","formEdgeID":null},{"edgeID":"244606","fromID":"199979","toID":"199980","formEdgeID":null},{"edgeID":"244607","fromID":"199978","toID":"199979","formEdgeID":null},{"edgeID":"244608","fromID":"199965","toID":"199982","formEdgeID":null},{"edgeID":"244609","fromID":"199982","toID":"199922","formEdgeID":null},{"edgeID":"244610","fromID":"199920","toID":"199983","formEdgeID":null},{"edgeID":"244611","fromID":"199983","toID":"199963","formEdgeID":null},{"edgeID":"244612","fromID":"199983","toID":"199984","formEdgeID":null},{"edgeID":"244613","fromID":"199984","toID":"199982","formEdgeID":null},{"edgeID":"244614","fromID":"199972","toID":"199985","formEdgeID":null},{"edgeID":"244615","fromID":"199985","toID":"199926","formEdgeID":null},{"edgeID":"244616","fromID":"199924","toID":"199986","formEdgeID":null},{"edgeID":"244617","fromID":"199986","toID":"199970","formEdgeID":null},{"edgeID":"244618","fromID":"199986","toID":"199987","formEdgeID":null},{"edgeID":"244619","fromID":"199987","toID":"199985","formEdgeID":null},{"edgeID":"244620","fromID":"199970","toID":"199988","formEdgeID":null},{"edgeID":"244621","fromID":"199988","toID":"199974","formEdgeID":null},{"edgeID":"244622","fromID":"199980","toID":"199989","formEdgeID":null},{"edgeID":"244623","fromID":"199989","toID":"199926","formEdgeID":null},{"edgeID":"244624","fromID":"199924","toID":"199990","formEdgeID":null},{"edgeID":"244625","fromID":"199990","toID":"199978","formEdgeID":null},{"edgeID":"244626","fromID":"199990","toID":"199991","formEdgeID":null},{"edgeID":"244627","fromID":"199991","toID":"199989","formEdgeID":null},{"edgeID":"244628","fromID":"199993","toID":"199994","formEdgeID":null},{"edgeID":"244629","fromID":"199992","toID":"199993","formEdgeID":null},{"edgeID":"244630","fromID":"199997","toID":"199998","formEdgeID":null},{"edgeID":"244631","fromID":"199996","toID":"199997","formEdgeID":null},{"edgeID":"244632","fromID":"199978","toID":"200000","formEdgeID":null},{"edgeID":"244633","fromID":"200000","toID":"199992","formEdgeID":null},{"edgeID":"244634","fromID":"199992","toID":"200001","formEdgeID":null},{"edgeID":"244635","fromID":"200001","toID":"199996","formEdgeID":null},{"edgeID":"244636","fromID":"200003","toID":"200004","formEdgeID":null},{"edgeID":"244637","fromID":"200002","toID":"200003","formEdgeID":null},{"edgeID":"244638","fromID":"200007","toID":"200008","formEdgeID":null},{"edgeID":"244639","fromID":"200006","toID":"200007","formEdgeID":null},{"edgeID":"244640","fromID":"200011","toID":"200012","formEdgeID":null},{"edgeID":"244641","fromID":"200010","toID":"200011","formEdgeID":null},{"edgeID":"244642","fromID":"199996","toID":"200014","formEdgeID":null},{"edgeID":"244643","fromID":"200014","toID":"200002","formEdgeID":null},{"edgeID":"244644","fromID":"200002","toID":"200015","formEdgeID":null},{"edgeID":"244645","fromID":"200015","toID":"200006","formEdgeID":null},{"edgeID":"244646","fromID":"200006","toID":"200016","formEdgeID":null},{"edgeID":"244647","fromID":"200016","toID":"200010","formEdgeID":null}],"locutions":[]}