{"nodes":[{"nodeID":"197153","text":"Bigtwinkie : This debate has honestly been making me uncomfortable","type":"L","timestamp":"2002-01-01 17:02:49"},{"nodeID":"197154","text":"Asserting","type":"YA","timestamp":"2002-01-01 17:02:49","scheme":"Asserting","schemeID":"74"},{"nodeID":"197155","text":"this debate has honestly been making me uncomfortable","type":"I","timestamp":"2002-01-01 17:02:49"},{"nodeID":"197156","text":"Barbara: Bigtwinkie : This debate has honestly been making me uncomfortable","type":"L","timestamp":"2002-01-01 17:02:49"},{"nodeID":"197157","text":"Bigtwinkie : its been way too hostile","type":"L","timestamp":"2002-01-01 17:02:49"},{"nodeID":"197158","text":"Asserting","type":"YA","timestamp":"2002-01-01 17:02:49","scheme":"Asserting","schemeID":"74"},{"nodeID":"197159","text":"the debate has been way too hostile","type":"I","timestamp":"2002-01-01 17:02:49"},{"nodeID":"197160","text":"Barbara: Bigtwinkie : its been way too hostile","type":"L","timestamp":"2002-01-01 17:02:49"},{"nodeID":"197161","text":"Default Inference","type":"RA","timestamp":"2002-01-01 17:02:50","scheme":"Default Inference","schemeID":"72"},{"nodeID":"197162","text":"Default Transition","type":"TA","timestamp":"2002-01-01 17:02:50","scheme":"Default Transition","schemeID":"82"},{"nodeID":"197163","text":"Arguing","type":"YA","timestamp":"2002-01-01 17:02:50","scheme":"Arguing","schemeID":"80"},{"nodeID":"197164","text":"Bigtwinkie : Its like listening to mom and dad fight in the kitchen while your hide under the covers in your room","type":"L","timestamp":"2002-01-01 17:02:50"},{"nodeID":"197165","text":"Asserting","type":"YA","timestamp":"2002-01-01 17:02:50","scheme":"Asserting","schemeID":"74"},{"nodeID":"197166","text":"the debate is like listening to mom and dad fight in the kitchen while your hide under the covers in your room","type":"I","timestamp":"2002-01-01 17:02:50"},{"nodeID":"197167","text":"Barbara: Bigtwinkie : Its like listening to mom and dad fight in the kitchen while your hide under the covers in your room","type":"L","timestamp":"2002-01-01 17:02:50"},{"nodeID":"197168","text":"Default Inference","type":"RA","timestamp":"2002-01-01 17:02:50","scheme":"Default Inference","schemeID":"72"},{"nodeID":"197169","text":"Default Transition","type":"TA","timestamp":"2002-01-01 17:02:50","scheme":"Default Transition","schemeID":"82"},{"nodeID":"197170","text":"Arguing","type":"YA","timestamp":"2002-01-01 17:02:50","scheme":"Arguing","schemeID":"80"},{"nodeID":"197171","text":"Bigtwinkie :  all they succeed at is making the entire panel seem unlikable","type":"L","timestamp":"2002-01-01 17:02:50"},{"nodeID":"197172","text":"Asserting","type":"YA","timestamp":"2002-01-01 17:02:51","scheme":"Asserting","schemeID":"74"},{"nodeID":"197173","text":"all they succeed at is making the entire panel seem unlikable","type":"I","timestamp":"2002-01-01 17:02:51"},{"nodeID":"197174","text":"Barbara: Bigtwinkie :  If all they succeed at is making the entire panel seem unlikable","type":"L","timestamp":"2002-01-01 17:02:51"},{"nodeID":"197175","text":"Bigtwinkie : the democratic nominee will be bleeding votes no matter who wins","type":"L","timestamp":"2002-01-01 17:02:51"},{"nodeID":"197176","text":"Asserting","type":"YA","timestamp":"2002-01-01 17:02:51","scheme":"Asserting","schemeID":"74"},{"nodeID":"197177","text":"the democratic nominee will be bleeding votes no matter who wins","type":"I","timestamp":"2002-01-01 17:02:51"},{"nodeID":"197178","text":"Barbara: Bigtwinkie : the democratic nominee will be bleeding votes no matter who wins","type":"L","timestamp":"2002-01-01 17:02:51"},{"nodeID":"197179","text":"Default Inference","type":"RA","timestamp":"2002-01-01 17:02:51","scheme":"Default Inference","schemeID":"72"},{"nodeID":"197180","text":"Default Transition","type":"TA","timestamp":"2002-01-01 17:02:51","scheme":"Default Transition","schemeID":"82"},{"nodeID":"197181","text":"Arguing","type":"YA","timestamp":"2002-01-01 17:02:51","scheme":"Arguing","schemeID":"80"},{"nodeID":"197182","text":"Default Transition","type":"TA","timestamp":"2002-01-01 17:02:51","scheme":"Default Transition","schemeID":"82"},{"nodeID":"197183","text":"LurkerPatrol : Aka a debate","type":"L","timestamp":"2002-01-01 17:02:51"},{"nodeID":"197184","text":"Asserting","type":"YA","timestamp":"2002-01-01 17:02:52","scheme":"Asserting","schemeID":"74"},{"nodeID":"197185","text":"Aka a debate","type":"I","timestamp":"2002-01-01 17:02:52"},{"nodeID":"197186","text":"Barbara: LurkerPatrol : Aka a debate","type":"L","timestamp":"2002-01-01 17:02:52"},{"nodeID":"197187","text":"Default Transition","type":"TA","timestamp":"2002-01-01 17:02:52","scheme":"Default Transition","schemeID":"82"},{"nodeID":"197188","text":"bringmethesampo : I agree","type":"L","timestamp":"2002-01-01 17:02:52"},{"nodeID":"197189","text":"Barbara: bringmethesampo : I agree","type":"L","timestamp":"2002-01-01 17:02:52"},{"nodeID":"197190","text":"Default Transition","type":"TA","timestamp":"2002-01-01 17:02:52","scheme":"Default Transition","schemeID":"82"},{"nodeID":"197191","text":"Agreeing","type":"YA","timestamp":"2002-01-01 17:02:52","scheme":"Agreeing","schemeID":"77"},{"nodeID":"197192","text":"bringmethesampo : CNN and Anderson Cooper are horseshit","type":"L","timestamp":"2002-01-01 17:02:52"},{"nodeID":"197193","text":"Asserting","type":"YA","timestamp":"2002-01-01 17:02:52","scheme":"Asserting","schemeID":"74"},{"nodeID":"197194","text":"CNN and Anderson Cooper are horseshit","type":"I","timestamp":"2002-01-01 17:02:52"},{"nodeID":"197195","text":"Barbara: bringmethesampo : CNN and Anderson Cooper are horseshit","type":"L","timestamp":"2002-01-01 17:02:52"},{"nodeID":"197196","text":"Default Inference","type":"RA","timestamp":"2002-01-01 17:02:53","scheme":"Default Inference","schemeID":"72"},{"nodeID":"197197","text":"Default Transition","type":"TA","timestamp":"2002-01-01 17:02:53","scheme":"Default Transition","schemeID":"82"},{"nodeID":"197198","text":"Arguing","type":"YA","timestamp":"2002-01-01 17:02:53","scheme":"Arguing","schemeID":"80"},{"nodeID":"197199","text":"Elmattador : you must have missed the GOP debates","type":"L","timestamp":"2002-01-01 17:02:53"},{"nodeID":"197200","text":"Asserting","type":"YA","timestamp":"2002-01-01 17:02:53","scheme":"Asserting","schemeID":"74"},{"nodeID":"197201","text":"you must have missed the GOP debates","type":"I","timestamp":"2002-01-01 17:02:53"},{"nodeID":"197202","text":"Barbara: Elmattador : you must have missed the GOP debates","type":"L","timestamp":"2002-01-01 17:02:53"},{"nodeID":"197203","text":"Default Transition","type":"TA","timestamp":"2002-01-01 17:02:53","scheme":"Default Transition","schemeID":"82"},{"nodeID":"197204","text":"Ad hominem","type":"CA","timestamp":"2002-01-01 17:02:53","scheme":"Ad hominem","schemeID":"172"},{"nodeID":"197205","text":"Disagreeing","type":"YA","timestamp":"2002-01-01 17:02:53","scheme":"Disagreeing","schemeID":"78"},{"nodeID":"197206","text":"Bigtwinkie : Respectfully disagree","type":"L","timestamp":"2002-01-01 17:02:53"},{"nodeID":"197207","text":"Asserting","type":"YA","timestamp":"2002-01-01 17:02:54","scheme":"Asserting","schemeID":"74"},{"nodeID":"197208","text":"respectfully disagree","type":"I","timestamp":"2002-01-01 17:02:54"},{"nodeID":"197209","text":"Barbara: Bigtwinkie : Respectfully disagree","type":"L","timestamp":"2002-01-01 17:02:54"},{"nodeID":"197210","text":"Default Transition","type":"TA","timestamp":"2002-01-01 17:02:54","scheme":"Default Transition","schemeID":"82"},{"nodeID":"197211","text":"Default Conflict","type":"CA","timestamp":"2002-01-01 17:02:54","scheme":"Default Conflict","schemeID":"71"},{"nodeID":"197212","text":"Disagreeing","type":"YA","timestamp":"2002-01-01 17:02:54","scheme":"Disagreeing","schemeID":"78"},{"nodeID":"197213","text":"Bigtwinkie : the GOP debates were a lot of fluff","type":"L","timestamp":"2002-01-01 17:02:54"},{"nodeID":"197214","text":"Asserting","type":"YA","timestamp":"2002-01-01 17:02:54","scheme":"Asserting","schemeID":"74"},{"nodeID":"197215","text":"the GOP debates were a lot of fluff","type":"I","timestamp":"2002-01-01 17:02:54"},{"nodeID":"197216","text":"Barbara: Bigtwinkie : the GOP debates were a lot of fluff","type":"L","timestamp":"2002-01-01 17:02:54"},{"nodeID":"197217","text":"Default Transition","type":"TA","timestamp":"2002-01-01 17:02:54","scheme":"Default Transition","schemeID":"82"},{"nodeID":"197218","text":"Default Inference","type":"RA","timestamp":"2002-01-01 17:02:54","scheme":"Default Inference","schemeID":"72"},{"nodeID":"197219","text":"Arguing","type":"YA","timestamp":"2002-01-01 17:02:55","scheme":"Arguing","schemeID":"80"},{"nodeID":"197220","text":"Bigtwinkie : your leading candidate its calling people fat and ugly and just being silly","type":"L","timestamp":"2002-01-01 17:02:55"},{"nodeID":"197221","text":"Asserting","type":"YA","timestamp":"2002-01-01 17:02:55","scheme":"Asserting","schemeID":"74"},{"nodeID":"197222","text":"the leading candidate its calling people fat and ugly and just being silly","type":"I","timestamp":"2002-01-01 17:02:55"},{"nodeID":"197223","text":"Barbara: Bigtwinkie : your leading candidate its calling people fat and ugly and just being silly","type":"L","timestamp":"2002-01-01 17:02:55"},{"nodeID":"197224","text":"Default Inference","type":"RA","timestamp":"2002-01-01 17:02:55","scheme":"Default Inference","schemeID":"72"},{"nodeID":"197225","text":"Default Transition","type":"TA","timestamp":"2002-01-01 17:02:55","scheme":"Default Transition","schemeID":"82"},{"nodeID":"197226","text":"Arguing","type":"YA","timestamp":"2002-01-01 17:02:55","scheme":"Arguing","schemeID":"80"},{"nodeID":"197227","text":"Yeah","type":"L","timestamp":"2002-01-01 17:02:55"},{"nodeID":"197228","text":"PM_ME_YOUR_CEVICHE : Yeah","type":"L","timestamp":"2002-01-01 17:02:55"},{"nodeID":"197229","text":"Barbara: PM_ME_YOUR_CEVICHE : PM_ME_YOUR_CEVICHE","type":"L","timestamp":"2002-01-01 17:02:55"},{"nodeID":"197230","text":"Default Transition","type":"TA","timestamp":"2002-01-01 17:02:56","scheme":"Default Transition","schemeID":"82"},{"nodeID":"197231","text":"Agreeing","type":"YA","timestamp":"2002-01-01 17:02:56","scheme":"Agreeing","schemeID":"77"},{"nodeID":"197232","text":"PM_ME_YOUR_CEVICHE : it got chippy, but only when Hillary Clinton chimes in","type":"L","timestamp":"2002-01-01 17:02:56"},{"nodeID":"197233","text":"Asserting","type":"YA","timestamp":"2002-01-01 17:02:56","scheme":"Asserting","schemeID":"74"},{"nodeID":"197234","text":"the debate got chippy only when Hillary Clinton chimes in","type":"I","timestamp":"2002-01-01 17:02:56"},{"nodeID":"197235","text":"Barbara: PM_ME_YOUR_CEVICHE : it got chippy","type":"L","timestamp":"2002-01-01 17:02:56"},{"nodeID":"197236","text":"Barbara: PM_ME_YOUR_CEVICHE : only when Hillary chimes in","type":"L","timestamp":"2002-01-01 17:02:56"},{"nodeID":"197237","text":"PM_ME_YOUR_CEVICHE : her responses seem to be targeted to make Bernie look bad","type":"L","timestamp":"2002-01-01 17:02:56"},{"nodeID":"197238","text":"Asserting","type":"YA","timestamp":"2002-01-01 17:02:56","scheme":"Asserting","schemeID":"74"},{"nodeID":"197239","text":"her responses seem to be targeted to make Bernie Sanders look bad","type":"I","timestamp":"2002-01-01 17:02:56"},{"nodeID":"197240","text":"Barbara: PM_ME_YOUR_CEVICHE : her responses seem to be targeted to make Bernie look bad","type":"L","timestamp":"2002-01-01 17:02:56"},{"nodeID":"197241","text":"PM_ME_YOUR_CEVICHE : everyone is being incredibly respectful, even when they disagree with each other","type":"L","timestamp":"2002-01-01 17:02:56"},{"nodeID":"197242","text":"Asserting","type":"YA","timestamp":"2002-01-01 17:02:57","scheme":"Asserting","schemeID":"74"},{"nodeID":"197243","text":"everyone is being incredibly respectful, even when they disagree with each other","type":"I","timestamp":"2002-01-01 17:02:57"},{"nodeID":"197244","text":"Barbara: PM_ME_YOUR_CEVICHE : everyone is being incredibly respectful, even when they disagree with each other","type":"L","timestamp":"2002-01-01 17:02:57"},{"nodeID":"197245","text":"Default Transition","type":"TA","timestamp":"2002-01-01 17:02:57","scheme":"Default Transition","schemeID":"82"},{"nodeID":"197246","text":"Default Inference","type":"RA","timestamp":"2002-01-01 17:02:57","scheme":"Default Inference","schemeID":"72"},{"nodeID":"197247","text":"Arguing","type":"YA","timestamp":"2002-01-01 17:02:57","scheme":"Arguing","schemeID":"80"},{"nodeID":"197248","text":"Default Conflict","type":"CA","timestamp":"2002-01-01 17:02:57","scheme":"Default Conflict","schemeID":"71"},{"nodeID":"197249","text":"Default Transition","type":"TA","timestamp":"2002-01-01 17:02:57","scheme":"Default Transition","schemeID":"82"},{"nodeID":"197250","text":"Disagreeing","type":"YA","timestamp":"2002-01-01 17:02:57","scheme":"Disagreeing","schemeID":"78"}],"edges":[{"edgeID":"241569","fromID":"197154","toID":"197155","formEdgeID":null},{"edgeID":"241570","fromID":"197153","toID":"197154","formEdgeID":null},{"edgeID":"241571","fromID":"197158","toID":"197159","formEdgeID":null},{"edgeID":"241572","fromID":"197157","toID":"197158","formEdgeID":null},{"edgeID":"241573","fromID":"197159","toID":"197161","formEdgeID":null},{"edgeID":"241574","fromID":"197161","toID":"197155","formEdgeID":null},{"edgeID":"241575","fromID":"197153","toID":"197162","formEdgeID":null},{"edgeID":"241576","fromID":"197162","toID":"197157","formEdgeID":null},{"edgeID":"241577","fromID":"197162","toID":"197163","formEdgeID":null},{"edgeID":"241578","fromID":"197163","toID":"197161","formEdgeID":null},{"edgeID":"241579","fromID":"197165","toID":"197166","formEdgeID":null},{"edgeID":"241580","fromID":"197164","toID":"197165","formEdgeID":null},{"edgeID":"241581","fromID":"197166","toID":"197168","formEdgeID":null},{"edgeID":"241582","fromID":"197168","toID":"197155","formEdgeID":null},{"edgeID":"241583","fromID":"197153","toID":"197169","formEdgeID":null},{"edgeID":"241584","fromID":"197169","toID":"197164","formEdgeID":null},{"edgeID":"241585","fromID":"197169","toID":"197170","formEdgeID":null},{"edgeID":"241586","fromID":"197170","toID":"197168","formEdgeID":null},{"edgeID":"241587","fromID":"197172","toID":"197173","formEdgeID":null},{"edgeID":"241588","fromID":"197171","toID":"197172","formEdgeID":null},{"edgeID":"241589","fromID":"197176","toID":"197177","formEdgeID":null},{"edgeID":"241590","fromID":"197175","toID":"197176","formEdgeID":null},{"edgeID":"241591","fromID":"197173","toID":"197179","formEdgeID":null},{"edgeID":"241592","fromID":"197179","toID":"197177","formEdgeID":null},{"edgeID":"241593","fromID":"197171","toID":"197180","formEdgeID":null},{"edgeID":"241594","fromID":"197180","toID":"197175","formEdgeID":null},{"edgeID":"241595","fromID":"197180","toID":"197181","formEdgeID":null},{"edgeID":"241596","fromID":"197181","toID":"197179","formEdgeID":null},{"edgeID":"241597","fromID":"197164","toID":"197182","formEdgeID":null},{"edgeID":"241598","fromID":"197182","toID":"197171","formEdgeID":null},{"edgeID":"241599","fromID":"197184","toID":"197185","formEdgeID":null},{"edgeID":"241600","fromID":"197183","toID":"197184","formEdgeID":null},{"edgeID":"241601","fromID":"197175","toID":"197187","formEdgeID":null},{"edgeID":"241602","fromID":"197187","toID":"197183","formEdgeID":null},{"edgeID":"241603","fromID":"197171","toID":"197190","formEdgeID":null},{"edgeID":"241604","fromID":"197190","toID":"197188","formEdgeID":null},{"edgeID":"241605","fromID":"197190","toID":"197191","formEdgeID":null},{"edgeID":"241606","fromID":"197191","toID":"197173","formEdgeID":null},{"edgeID":"241607","fromID":"197193","toID":"197194","formEdgeID":null},{"edgeID":"241608","fromID":"197192","toID":"197193","formEdgeID":null},{"edgeID":"241609","fromID":"197194","toID":"197196","formEdgeID":null},{"edgeID":"241610","fromID":"197196","toID":"197173","formEdgeID":null},{"edgeID":"241611","fromID":"197171","toID":"197197","formEdgeID":null},{"edgeID":"241612","fromID":"197197","toID":"197192","formEdgeID":null},{"edgeID":"241613","fromID":"197197","toID":"197198","formEdgeID":null},{"edgeID":"241614","fromID":"197198","toID":"197196","formEdgeID":null},{"edgeID":"241615","fromID":"197200","toID":"197201","formEdgeID":null},{"edgeID":"241616","fromID":"197199","toID":"197200","formEdgeID":null},{"edgeID":"241617","fromID":"197157","toID":"197203","formEdgeID":null},{"edgeID":"241618","fromID":"197203","toID":"197199","formEdgeID":null},{"edgeID":"241619","fromID":"197201","toID":"197204","formEdgeID":null},{"edgeID":"241620","fromID":"197204","toID":"197159","formEdgeID":null},{"edgeID":"241621","fromID":"197203","toID":"197205","formEdgeID":null},{"edgeID":"241622","fromID":"197205","toID":"197204","formEdgeID":null},{"edgeID":"241623","fromID":"197207","toID":"197208","formEdgeID":null},{"edgeID":"241624","fromID":"197206","toID":"197207","formEdgeID":null},{"edgeID":"241625","fromID":"197206","toID":"197210","formEdgeID":null},{"edgeID":"241626","fromID":"197210","toID":"197199","formEdgeID":null},{"edgeID":"241627","fromID":"197201","toID":"197200","formEdgeID":null},{"edgeID":"241628","fromID":"197208","toID":"197211","formEdgeID":null},{"edgeID":"241629","fromID":"197211","toID":"197201","formEdgeID":null},{"edgeID":"241630","fromID":"197210","toID":"197212","formEdgeID":null},{"edgeID":"241631","fromID":"197212","toID":"197211","formEdgeID":null},{"edgeID":"241632","fromID":"197214","toID":"197215","formEdgeID":null},{"edgeID":"241633","fromID":"197213","toID":"197214","formEdgeID":null},{"edgeID":"241634","fromID":"197206","toID":"197217","formEdgeID":null},{"edgeID":"241635","fromID":"197217","toID":"197213","formEdgeID":null},{"edgeID":"241636","fromID":"197215","toID":"197218","formEdgeID":null},{"edgeID":"241637","fromID":"197218","toID":"197208","formEdgeID":null},{"edgeID":"241638","fromID":"197217","toID":"197219","formEdgeID":null},{"edgeID":"241639","fromID":"197219","toID":"197218","formEdgeID":null},{"edgeID":"241640","fromID":"197221","toID":"197222","formEdgeID":null},{"edgeID":"241641","fromID":"197220","toID":"197221","formEdgeID":null},{"edgeID":"241642","fromID":"197222","toID":"197224","formEdgeID":null},{"edgeID":"241643","fromID":"197224","toID":"197215","formEdgeID":null},{"edgeID":"241644","fromID":"197213","toID":"197225","formEdgeID":null},{"edgeID":"241645","fromID":"197225","toID":"197220","formEdgeID":null},{"edgeID":"241646","fromID":"197225","toID":"197226","formEdgeID":null},{"edgeID":"241647","fromID":"197226","toID":"197224","formEdgeID":null},{"edgeID":"241648","fromID":"197157","toID":"197230","formEdgeID":null},{"edgeID":"241649","fromID":"197230","toID":"197228","formEdgeID":null},{"edgeID":"241650","fromID":"197230","toID":"197231","formEdgeID":null},{"edgeID":"241651","fromID":"197231","toID":"197159","formEdgeID":null},{"edgeID":"241652","fromID":"197233","toID":"197234","formEdgeID":null},{"edgeID":"241653","fromID":"197232","toID":"197233","formEdgeID":null},{"edgeID":"241654","fromID":"197238","toID":"197239","formEdgeID":null},{"edgeID":"241655","fromID":"197237","toID":"197238","formEdgeID":null},{"edgeID":"241656","fromID":"197242","toID":"197243","formEdgeID":null},{"edgeID":"241657","fromID":"197241","toID":"197242","formEdgeID":null},{"edgeID":"241658","fromID":"197232","toID":"197245","formEdgeID":null},{"edgeID":"241659","fromID":"197245","toID":"197237","formEdgeID":null},{"edgeID":"241660","fromID":"197239","toID":"197246","formEdgeID":null},{"edgeID":"241661","fromID":"197246","toID":"197234","formEdgeID":null},{"edgeID":"241662","fromID":"197245","toID":"197247","formEdgeID":null},{"edgeID":"241663","fromID":"197247","toID":"197246","formEdgeID":null},{"edgeID":"241664","fromID":"197243","toID":"197246","formEdgeID":null},{"edgeID":"241665","fromID":"197245","toID":"197241","formEdgeID":null},{"edgeID":"241666","fromID":"197234","toID":"197248","formEdgeID":null},{"edgeID":"241667","fromID":"197248","toID":"197159","formEdgeID":null},{"edgeID":"241668","fromID":"197157","toID":"197249","formEdgeID":null},{"edgeID":"241669","fromID":"197249","toID":"197232","formEdgeID":null},{"edgeID":"241670","fromID":"197249","toID":"197250","formEdgeID":null},{"edgeID":"241671","fromID":"197250","toID":"197248","formEdgeID":null}],"locutions":[]}