{"nodes":[{"nodeID":"197059","text":"[deleted] :  I am really sad to see all these \"Hillary is killing it\" comments","type":"L","timestamp":"2002-01-01 16:27:57"},{"nodeID":"197060","text":"Asserting","type":"YA","timestamp":"2002-01-01 16:27:57","scheme":"Asserting","schemeID":"74"},{"nodeID":"197061","text":"I am really sad to see all these \"Hillary Clinton is killing it\" comments","type":"I","timestamp":"2002-01-01 16:27:57"},{"nodeID":"197062","text":"Barbara: [deleted] :  I am really sad to see all these \"Hillary is killing it\" comments","type":"L","timestamp":"2002-01-01 16:27:57"},{"nodeID":"197063","text":"[deleted] : most of what she said has been fluff and targeted rhetoric","type":"L","timestamp":"2002-01-01 16:27:57"},{"nodeID":"197064","text":"Asserting","type":"YA","timestamp":"2002-01-01 16:27:57","scheme":"Asserting","schemeID":"74"},{"nodeID":"197065","text":"most of what Hillary Clinton said has been fluff and targeted rhetoric","type":"I","timestamp":"2002-01-01 16:27:57"},{"nodeID":"197066","text":"Barbara: [deleted] : most of what she said has been fluff and targeted rhetoric","type":"L","timestamp":"2002-01-01 16:27:58"},{"nodeID":"197067","text":"[deleted] : redundant for me to say but there are people here who don't know what rhetoric means","type":"L","timestamp":"2002-01-01 16:27:58"},{"nodeID":"197068","text":"Asserting","type":"YA","timestamp":"2002-01-01 16:27:58","scheme":"Asserting","schemeID":"74"},{"nodeID":"197069","text":"redundant for me to say but there are people here who don't know what rhetoric means","type":"I","timestamp":"2002-01-01 16:27:58"},{"nodeID":"197070","text":"Barbara: [deleted] : redundant for me to say but there are people here who don't know what rhetoric means","type":"L","timestamp":"2002-01-01 16:27:58"},{"nodeID":"197071","text":"Default Inference","type":"RA","timestamp":"2002-01-01 16:27:58","scheme":"Default Inference","schemeID":"72"},{"nodeID":"197072","text":"Default Transition","type":"TA","timestamp":"2002-01-01 16:27:58","scheme":"Default Transition","schemeID":"82"},{"nodeID":"197073","text":"Arguing","type":"YA","timestamp":"2002-01-01 16:27:58","scheme":"Arguing","schemeID":"80"},{"nodeID":"197074","text":"[deleted] : I hope the next hour changes that","type":"L","timestamp":"2002-01-01 16:27:58"},{"nodeID":"197075","text":"Asserting","type":"YA","timestamp":"2002-01-01 16:27:58","scheme":"Asserting","schemeID":"74"},{"nodeID":"197076","text":"I hope the next hour changes that","type":"I","timestamp":"2002-01-01 16:27:58"},{"nodeID":"197077","text":"Barbara: [deleted] : I hope the next hour changes that","type":"L","timestamp":"2002-01-01 16:27:59"},{"nodeID":"197078","text":"[deleted] : I want to see a factual Hillary going","type":"L","timestamp":"2002-01-01 16:27:59"},{"nodeID":"197079","text":"Asserting","type":"YA","timestamp":"2002-01-01 16:27:59","scheme":"Asserting","schemeID":"74"},{"nodeID":"197080","text":"I want to see a factual Hillary Clinton going","type":"I","timestamp":"2002-01-01 16:27:59"},{"nodeID":"197081","text":"Barbara: [deleted] : I want to see a factual Hillary going","type":"L","timestamp":"2002-01-01 16:27:59"},{"nodeID":"197082","text":"[deleted] : not this one that is trying to be the High School president by talking   over others and barely saying anyting other than empty promises","type":"L","timestamp":"2002-01-01 16:27:59"},{"nodeID":"197083","text":"Asserting","type":"YA","timestamp":"2002-01-01 16:27:59","scheme":"Asserting","schemeID":"74"},{"nodeID":"197084","text":"I do not want to see Hilary Clinton that is trying to be the High School president by talking   over others and barely saying anyting other than empty promises","type":"I","timestamp":"2002-01-01 16:27:59"},{"nodeID":"197085","text":"Barbara: [deleted] : not this one that is trying to be the High School president by talking   over others and barely saying anyting other than empty promises","type":"L","timestamp":"2002-01-01 16:27:59"},{"nodeID":"197086","text":"Default Inference","type":"RA","timestamp":"2002-01-01 16:27:59","scheme":"Default Inference","schemeID":"72"},{"nodeID":"197087","text":"Default Transition","type":"TA","timestamp":"2002-01-01 16:27:59","scheme":"Default Transition","schemeID":"82"},{"nodeID":"197088","text":"Arguing","type":"YA","timestamp":"2002-01-01 16:27:59","scheme":"Arguing","schemeID":"80"},{"nodeID":"197089","text":"Default Transition","type":"TA","timestamp":"2002-01-01 16:28:00","scheme":"Default Transition","schemeID":"82"},{"nodeID":"197090","text":"Default Transition","type":"TA","timestamp":"2002-01-01 16:28:00","scheme":"Default Transition","schemeID":"82"},{"nodeID":"197091","text":"[deleted] :  she's staying above the noise","type":"L","timestamp":"2002-01-01 16:28:00"},{"nodeID":"197092","text":"Asserting","type":"YA","timestamp":"2002-01-01 16:28:00","scheme":"Asserting","schemeID":"74"},{"nodeID":"197093","text":"Hilary Clinton is staying above the noise","type":"I","timestamp":"2002-01-01 16:28:00"},{"nodeID":"197094","text":"Barbara: [deleted] :  she's staying above the noise","type":"L","timestamp":"2002-01-01 16:28:00"},{"nodeID":"197095","text":"[deleted] : is all she has to do with a 30% lead in the polls","type":"L","timestamp":"2002-01-01 16:28:00"},{"nodeID":"197096","text":"Asserting","type":"YA","timestamp":"2002-01-01 16:28:00","scheme":"Asserting","schemeID":"74"},{"nodeID":"197097","text":"staying above the noise is all Hilary Clinton has to do with a 30% lead in the polls","type":"I","timestamp":"2002-01-01 16:28:00"},{"nodeID":"197098","text":"Barbara: [deleted] : is all she has to do with a 30% lead in the polls","type":"L","timestamp":"2002-01-01 16:28:00"},{"nodeID":"197099","text":"Default Inference","type":"RA","timestamp":"2002-01-01 16:28:00","scheme":"Default Inference","schemeID":"72"},{"nodeID":"197100","text":"Default Transition","type":"TA","timestamp":"2002-01-01 16:28:01","scheme":"Default Transition","schemeID":"82"},{"nodeID":"197101","text":"Arguing","type":"YA","timestamp":"2002-01-01 16:28:01","scheme":"Arguing","schemeID":"80"},{"nodeID":"197102","text":"Default Transition","type":"TA","timestamp":"2002-01-01 16:28:01","scheme":"Default Transition","schemeID":"82"},{"nodeID":"197103","text":"Default Conflict","type":"CA","timestamp":"2002-01-01 16:28:01","scheme":"Default Conflict","schemeID":"71"},{"nodeID":"197104","text":"Disagreeing","type":"YA","timestamp":"2002-01-01 16:28:01","scheme":"Disagreeing","schemeID":"78"},{"nodeID":"197105","text":"Barbara: [deleted] : Same reason she's getting tons of cheers for literally NO REASON","type":"L","timestamp":"2002-01-01 16:28:01"},{"nodeID":"197106","text":"Default Inference","type":"RA","timestamp":"2002-01-01 16:28:01","scheme":"Default Inference","schemeID":"72"},{"nodeID":"197107","text":"Default Transition","type":"TA","timestamp":"2002-01-01 16:28:01","scheme":"Default Transition","schemeID":"82"},{"nodeID":"197108","text":"Arguing","type":"YA","timestamp":"2002-01-01 16:28:01","scheme":"Arguing","schemeID":"80"},{"nodeID":"197109","text":"People just want to be a part of history in getting the first woman elected president","type":"L","timestamp":"2002-01-01 16:28:01"},{"nodeID":"197110","text":"foreverburning : Same reason she's getting tons of cheers for literally NO REASON","type":"L","timestamp":"2002-01-01 16:28:01"},{"nodeID":"197111","text":"Asserting","type":"YA","timestamp":"2002-01-01 16:28:02","scheme":"Asserting","schemeID":"74"},{"nodeID":"197112","text":"Hillary Clinton is getting tons of cheers for literally NO REASON","type":"I","timestamp":"2002-01-01 16:28:02"},{"nodeID":"197113","text":"Barbara: foreverburning : Same reason she's getting tons of cheers for literally NO REASON","type":"L","timestamp":"2002-01-01 16:28:02"},{"nodeID":"197114","text":"Default Transition","type":"TA","timestamp":"2002-01-01 16:28:02","scheme":"Default Transition","schemeID":"82"},{"nodeID":"197115","text":"Default Inference","type":"RA","timestamp":"2002-01-01 16:28:02","scheme":"Default Inference","schemeID":"72"},{"nodeID":"197116","text":"Arguing","type":"YA","timestamp":"2002-01-01 16:28:02","scheme":"Arguing","schemeID":"80"},{"nodeID":"197117","text":"foreverburning :  People just want to be a part of history in getting the first woman elected president","type":"L","timestamp":"2002-01-01 16:28:02"},{"nodeID":"197118","text":"Asserting","type":"YA","timestamp":"2002-01-01 16:28:02","scheme":"Asserting","schemeID":"74"},{"nodeID":"197119","text":"Barbara: foreverburning :  People just want to be a part of history in getting the first woman elected president.","type":"L","timestamp":"2002-01-01 16:28:02"},{"nodeID":"197120","text":"Default Inference","type":"RA","timestamp":"2002-01-01 16:28:02","scheme":"Default Inference","schemeID":"72"},{"nodeID":"197121","text":"Default Transition","type":"TA","timestamp":"2002-01-01 16:28:03","scheme":"Default Transition","schemeID":"82"},{"nodeID":"197122","text":"Arguing","type":"YA","timestamp":"2002-01-01 16:28:03","scheme":"Arguing","schemeID":"80"},{"nodeID":"197123","text":"Barbara: [deleted] : what?","type":"L","timestamp":"2002-01-01 16:28:03"},{"nodeID":"197124","text":"[deleted] : what","type":"L","timestamp":"2002-01-01 16:28:03"},{"nodeID":"197125","text":"Default Transition","type":"TA","timestamp":"2002-01-01 16:28:03","scheme":"Default Transition","schemeID":"82"},{"nodeID":"197126","text":"Pure Challenging","type":"YA","timestamp":"2002-01-01 16:28:03","scheme":"PureChallenging","schemeID":"92"},{"nodeID":"197127","text":"[deleted] : Sanders has just been full of platitudes with no specifics","type":"L","timestamp":"2002-01-01 16:28:03"},{"nodeID":"197128","text":"Asserting","type":"YA","timestamp":"2002-01-01 16:28:03","scheme":"Asserting","schemeID":"74"},{"nodeID":"197129","text":"Sanders has just been full of platitudes with no specifics","type":"I","timestamp":"2002-01-01 16:28:03"},{"nodeID":"197130","text":"Barbara: [deleted] : Sanders has just been full of platitudes with no specifics","type":"L","timestamp":"2002-01-01 16:28:03"},{"nodeID":"197131","text":"[deleted] : Hillary actually has specifics, names names, etc","type":"L","timestamp":"2002-01-01 16:28:03"},{"nodeID":"197132","text":"Asserting","type":"YA","timestamp":"2002-01-01 16:28:04","scheme":"Asserting","schemeID":"74"},{"nodeID":"197133","text":"HillaryClinton actually has specifics, names names, etc","type":"I","timestamp":"2002-01-01 16:28:04"},{"nodeID":"197134","text":"Barbara: [deleted] : Hillary actually has specifics, names names, etc","type":"L","timestamp":"2002-01-01 16:28:04"},{"nodeID":"197135","text":"Default Conflict","type":"CA","timestamp":"2002-01-01 16:28:04","scheme":"Default Conflict","schemeID":"71"},{"nodeID":"197136","text":"Default Conflict","type":"CA","timestamp":"2002-01-01 16:28:04","scheme":"Default Conflict","schemeID":"71"},{"nodeID":"197137","text":"Default Transition","type":"TA","timestamp":"2002-01-01 16:28:04","scheme":"Default Transition","schemeID":"82"},{"nodeID":"197138","text":"Default Transition","type":"TA","timestamp":"2002-01-01 16:28:04","scheme":"Default Transition","schemeID":"82"},{"nodeID":"197139","text":"Disagreeing","type":"YA","timestamp":"2002-01-01 16:28:04","scheme":"Disagreeing","schemeID":"78"},{"nodeID":"197140","text":"Disagreeing","type":"YA","timestamp":"2002-01-01 16:28:04","scheme":"Disagreeing","schemeID":"78"},{"nodeID":"197141","text":"[deleted] : I said nothing about sanders in this","type":"L","timestamp":"2002-01-01 16:28:04"},{"nodeID":"197142","text":"Asserting","type":"YA","timestamp":"2002-01-01 16:28:04","scheme":"Asserting","schemeID":"74"},{"nodeID":"197143","text":"I said nothing about sanders in this","type":"I","timestamp":"2002-01-01 16:28:05"},{"nodeID":"197144","text":"Barbara: [deleted] : I said nothing about sanders in this","type":"L","timestamp":"2002-01-01 16:28:05"},{"nodeID":"197145","text":"Default Conflict","type":"CA","timestamp":"2002-01-01 16:28:05","scheme":"Default Conflict","schemeID":"71"},{"nodeID":"197146","text":"Default Transition","type":"TA","timestamp":"2002-01-01 16:28:05","scheme":"Default Transition","schemeID":"82"},{"nodeID":"197147","text":"Disagreeing","type":"YA","timestamp":"2002-01-01 16:28:05","scheme":"Disagreeing","schemeID":"78"},{"nodeID":"197148","text":"[deleted] : Take off your hilldawg glasses","type":"L","timestamp":"2002-01-01 16:28:05"},{"nodeID":"197149","text":"Asserting","type":"YA","timestamp":"2002-01-01 16:28:05","scheme":"Asserting","schemeID":"74"},{"nodeID":"197150","text":"Take off your hilldawg glasses","type":"I","timestamp":"2002-01-01 16:28:05"},{"nodeID":"197151","text":"Barbara: [deleted] : Take off your hilldawg glasses","type":"L","timestamp":"2002-01-01 16:28:05"},{"nodeID":"197152","text":"Default Transition","type":"TA","timestamp":"2002-01-01 16:28:05","scheme":"Default Transition","schemeID":"82"}],"edges":[{"edgeID":"241470","fromID":"197060","toID":"197061","formEdgeID":null},{"edgeID":"241471","fromID":"197059","toID":"197060","formEdgeID":null},{"edgeID":"241472","fromID":"197064","toID":"197065","formEdgeID":null},{"edgeID":"241473","fromID":"197063","toID":"197064","formEdgeID":null},{"edgeID":"241474","fromID":"197068","toID":"197069","formEdgeID":null},{"edgeID":"241475","fromID":"197067","toID":"197068","formEdgeID":null},{"edgeID":"241476","fromID":"197065","toID":"197071","formEdgeID":null},{"edgeID":"241477","fromID":"197071","toID":"197061","formEdgeID":null},{"edgeID":"241478","fromID":"197059","toID":"197072","formEdgeID":null},{"edgeID":"241479","fromID":"197072","toID":"197063","formEdgeID":null},{"edgeID":"241480","fromID":"197072","toID":"197073","formEdgeID":null},{"edgeID":"241481","fromID":"197073","toID":"197071","formEdgeID":null},{"edgeID":"241482","fromID":"197075","toID":"197076","formEdgeID":null},{"edgeID":"241483","fromID":"197074","toID":"197075","formEdgeID":null},{"edgeID":"241484","fromID":"197079","toID":"197080","formEdgeID":null},{"edgeID":"241485","fromID":"197078","toID":"197079","formEdgeID":null},{"edgeID":"241486","fromID":"197083","toID":"197084","formEdgeID":null},{"edgeID":"241487","fromID":"197082","toID":"197083","formEdgeID":null},{"edgeID":"241488","fromID":"197084","toID":"197086","formEdgeID":null},{"edgeID":"241489","fromID":"197086","toID":"197076","formEdgeID":null},{"edgeID":"241490","fromID":"197080","toID":"197086","formEdgeID":null},{"edgeID":"241491","fromID":"197074","toID":"197087","formEdgeID":null},{"edgeID":"241492","fromID":"197087","toID":"197082","formEdgeID":null},{"edgeID":"241493","fromID":"197087","toID":"197078","formEdgeID":null},{"edgeID":"241494","fromID":"197087","toID":"197088","formEdgeID":null},{"edgeID":"241495","fromID":"197088","toID":"197086","formEdgeID":null},{"edgeID":"241496","fromID":"197063","toID":"197089","formEdgeID":null},{"edgeID":"241497","fromID":"197089","toID":"197067","formEdgeID":null},{"edgeID":"241498","fromID":"197067","toID":"197090","formEdgeID":null},{"edgeID":"241499","fromID":"197090","toID":"197074","formEdgeID":null},{"edgeID":"241500","fromID":"197092","toID":"197093","formEdgeID":null},{"edgeID":"241501","fromID":"197091","toID":"197092","formEdgeID":null},{"edgeID":"241502","fromID":"197096","toID":"197097","formEdgeID":null},{"edgeID":"241503","fromID":"197095","toID":"197096","formEdgeID":null},{"edgeID":"241504","fromID":"197097","toID":"197099","formEdgeID":null},{"edgeID":"241505","fromID":"197099","toID":"197093","formEdgeID":null},{"edgeID":"241506","fromID":"197091","toID":"197100","formEdgeID":null},{"edgeID":"241507","fromID":"197100","toID":"197095","formEdgeID":null},{"edgeID":"241508","fromID":"197100","toID":"197101","formEdgeID":null},{"edgeID":"241509","fromID":"197101","toID":"197099","formEdgeID":null},{"edgeID":"241510","fromID":"197063","toID":"197102","formEdgeID":null},{"edgeID":"241511","fromID":"197102","toID":"197091","formEdgeID":null},{"edgeID":"241512","fromID":"197093","toID":"197103","formEdgeID":null},{"edgeID":"241513","fromID":"197103","toID":"197065","formEdgeID":null},{"edgeID":"241514","fromID":"197102","toID":"197104","formEdgeID":null},{"edgeID":"241515","fromID":"197104","toID":"197103","formEdgeID":null},{"edgeID":"241516","fromID":"197106","toID":"197065","formEdgeID":null},{"edgeID":"241517","fromID":"197063","toID":"197107","formEdgeID":null},{"edgeID":"241518","fromID":"197107","toID":"197108","formEdgeID":null},{"edgeID":"241519","fromID":"197108","toID":"197106","formEdgeID":null},{"edgeID":"241520","fromID":"197111","toID":"197112","formEdgeID":null},{"edgeID":"241521","fromID":"197110","toID":"197111","formEdgeID":null},{"edgeID":"241522","fromID":"197063","toID":"197114","formEdgeID":null},{"edgeID":"241523","fromID":"197114","toID":"197110","formEdgeID":null},{"edgeID":"241524","fromID":"197065","toID":"197115","formEdgeID":null},{"edgeID":"241525","fromID":"197115","toID":"197112","formEdgeID":null},{"edgeID":"241526","fromID":"197114","toID":"197116","formEdgeID":null},{"edgeID":"241527","fromID":"197116","toID":"197115","formEdgeID":null},{"edgeID":"241528","fromID":"197118","toID":"197109","formEdgeID":null},{"edgeID":"241529","fromID":"197117","toID":"197118","formEdgeID":null},{"edgeID":"241530","fromID":"197109","toID":"197120","formEdgeID":null},{"edgeID":"241531","fromID":"197120","toID":"197112","formEdgeID":null},{"edgeID":"241532","fromID":"197110","toID":"197121","formEdgeID":null},{"edgeID":"241533","fromID":"197121","toID":"197117","formEdgeID":null},{"edgeID":"241534","fromID":"197121","toID":"197109","formEdgeID":null},{"edgeID":"241535","fromID":"197122","toID":"197120","formEdgeID":null},{"edgeID":"241536","fromID":"197121","toID":"197122","formEdgeID":null},{"edgeID":"241537","fromID":"197063","toID":"197125","formEdgeID":null},{"edgeID":"241538","fromID":"197125","toID":"197124","formEdgeID":null},{"edgeID":"241539","fromID":"197125","toID":"197126","formEdgeID":null},{"edgeID":"241540","fromID":"197126","toID":"197065","formEdgeID":null},{"edgeID":"241541","fromID":"197128","toID":"197129","formEdgeID":null},{"edgeID":"241542","fromID":"197127","toID":"197128","formEdgeID":null},{"edgeID":"241543","fromID":"197132","toID":"197133","formEdgeID":null},{"edgeID":"241544","fromID":"197131","toID":"197132","formEdgeID":null},{"edgeID":"241545","fromID":"197129","toID":"197135","formEdgeID":null},{"edgeID":"241546","fromID":"197135","toID":"197065","formEdgeID":null},{"edgeID":"241547","fromID":"197133","toID":"197136","formEdgeID":null},{"edgeID":"241548","fromID":"197136","toID":"197065","formEdgeID":null},{"edgeID":"241549","fromID":"197063","toID":"197137","formEdgeID":null},{"edgeID":"241550","fromID":"197137","toID":"197127","formEdgeID":null},{"edgeID":"241551","fromID":"197063","toID":"197138","formEdgeID":null},{"edgeID":"241552","fromID":"197138","toID":"197131","formEdgeID":null},{"edgeID":"241553","fromID":"197138","toID":"197139","formEdgeID":null},{"edgeID":"241554","fromID":"197139","toID":"197136","formEdgeID":null},{"edgeID":"241555","fromID":"197137","toID":"197140","formEdgeID":null},{"edgeID":"241556","fromID":"197140","toID":"197135","formEdgeID":null},{"edgeID":"241557","fromID":"197142","toID":"197143","formEdgeID":null},{"edgeID":"241558","fromID":"197141","toID":"197142","formEdgeID":null},{"edgeID":"241559","fromID":"197143","toID":"197145","formEdgeID":null},{"edgeID":"241560","fromID":"197145","toID":"197129","formEdgeID":null},{"edgeID":"241561","fromID":"197127","toID":"197146","formEdgeID":null},{"edgeID":"241562","fromID":"197146","toID":"197141","formEdgeID":null},{"edgeID":"241563","fromID":"197146","toID":"197147","formEdgeID":null},{"edgeID":"241564","fromID":"197147","toID":"197145","formEdgeID":null},{"edgeID":"241565","fromID":"197149","toID":"197150","formEdgeID":null},{"edgeID":"241566","fromID":"197148","toID":"197149","formEdgeID":null},{"edgeID":"241567","fromID":"197141","toID":"197152","formEdgeID":null},{"edgeID":"241568","fromID":"197152","toID":"197148","formEdgeID":null}],"locutions":[]}