{"nodes":[{"nodeID":"201897","text":"no info that Snowden stole fell into what wrong hands","type":"I","timestamp":"2016-09-22 15:15:12"},{"nodeID":"201898","text":"Rhetorical Questioning","type":"YA","timestamp":"2016-09-22 15:15:12","scheme":"RhetoricalQuestioning","schemeID":"85"},{"nodeID":"201899","text":"telperiontree : Hillary, what info that Snowden stole fell into what wrong hands","type":"L","timestamp":"2016-09-22 15:15:13"},{"nodeID":"201900","text":"Barbara: telperiontree : Hillary, what info that Snowden stole fell into what wrong hands","type":"L","timestamp":"2016-09-22 15:15:13"},{"nodeID":"201901","text":"zero evidence of that, that I know of","type":"I","timestamp":"2016-09-22 15:15:13"},{"nodeID":"201902","text":"Asserting","type":"YA","timestamp":"2016-09-22 15:15:13","scheme":"Asserting","schemeID":"74"},{"nodeID":"201903","text":"telperiontree : Zero evidence of that, that I know of","type":"L","timestamp":"2016-09-22 15:15:13"},{"nodeID":"201904","text":"Barbara: telperiontree : Zero evidence of that, that I know of","type":"L","timestamp":"2016-09-22 15:15:13"},{"nodeID":"201905","text":"Default Transition","type":"TA","timestamp":"2016-09-22 15:15:13","scheme":"Default Transition","schemeID":"82"},{"nodeID":"201906","text":"Default Inference","type":"RA","timestamp":"2016-09-22 15:15:13","scheme":"Default Inference","schemeID":"72"},{"nodeID":"201907","text":"Arguing","type":"YA","timestamp":"2016-09-22 15:15:13","scheme":"Arguing","schemeID":"80"},{"nodeID":"201908","text":"the american people are the wrong people to Hillary Clinton","type":"I","timestamp":"2016-09-22 15:15:13"},{"nodeID":"201909","text":"Default Illocuting","type":"YA","timestamp":"2016-09-22 15:15:13","scheme":"Default Illocuting","schemeID":"168"},{"nodeID":"201910","text":"traindowntheline : The american people are the wrong people to her","type":"L","timestamp":"2016-09-22 15:15:14"},{"nodeID":"201911","text":"Barbara: traindowntheline : The american people are the wrong people to her","type":"L","timestamp":"2016-09-22 15:15:14"},{"nodeID":"201912","text":"Default Inference","type":"RA","timestamp":"2016-09-22 15:15:14","scheme":"Default Inference","schemeID":"72"},{"nodeID":"201913","text":"Default Transition","type":"TA","timestamp":"2016-09-22 15:15:14","scheme":"Default Transition","schemeID":"82"},{"nodeID":"201914","text":"Arguing","type":"YA","timestamp":"2016-09-22 15:15:14","scheme":"Arguing","schemeID":"80"},{"nodeID":"201915","text":"[deleted] : To be fair, the evidence of aiding adversaries would be classified","type":"L","timestamp":"2016-09-22 15:15:14"},{"nodeID":"201916","text":"Asserting","type":"YA","timestamp":"2016-09-22 15:15:14","scheme":"Asserting","schemeID":"74"},{"nodeID":"201917","text":"the evidence of aiding adversaries would be classified","type":"I","timestamp":"2016-09-22 15:15:14"},{"nodeID":"201918","text":"Barbara: [deleted] : To be fair, the evidence of aiding adversaries would be classified","type":"L","timestamp":"2016-09-22 15:15:14"},{"nodeID":"201919","text":"Default Conflict","type":"CA","timestamp":"2016-09-22 15:15:14","scheme":"Default Conflict","schemeID":"71"},{"nodeID":"201920","text":"Default Transition","type":"TA","timestamp":"2016-09-22 15:15:15","scheme":"Default Transition","schemeID":"82"},{"nodeID":"201921","text":"Disagreeing","type":"YA","timestamp":"2016-09-22 15:15:15","scheme":"Disagreeing","schemeID":"78"},{"nodeID":"201922","text":"grayk47 : the New York Times released some documents released by Snowden that were supposed to be redacted by the Times before publishing the papers","type":"L","timestamp":"2016-09-22 15:15:15"},{"nodeID":"201923","text":"Asserting","type":"YA","timestamp":"2016-09-22 15:15:15","scheme":"Asserting","schemeID":"74"},{"nodeID":"201924","text":"the New York Times released some documents released by Snowden that were supposed to be redacted by the Times before publishing the papers","type":"I","timestamp":"2016-09-22 15:15:15"},{"nodeID":"201925","text":"Barbara: grayk47 : the New York Times released some documents released by Snowden that were supposed to be redacted by the Times before publishing the papers","type":"L","timestamp":"2016-09-22 15:15:15"},{"nodeID":"201926","text":"grayk47 : those papers were not properly redacted and people were simply able to delete the redactions","type":"L","timestamp":"2016-09-22 15:15:15"},{"nodeID":"201927","text":"Asserting","type":"YA","timestamp":"2016-09-22 15:15:15","scheme":"Asserting","schemeID":"74"},{"nodeID":"201928","text":"those papers were not properly redacted and people were simply able to delete the redactions","type":"I","timestamp":"2016-09-22 15:15:15"},{"nodeID":"201929","text":"Barbara: grayk47 : those papers were not properly redacted and people were simply able to delete the redactions","type":"L","timestamp":"2016-09-22 15:15:16"},{"nodeID":"201930","text":"grayk47 : These papers delay with operations against Al-Qaeda","type":"L","timestamp":"2016-09-22 15:15:16"},{"nodeID":"201931","text":"Asserting","type":"YA","timestamp":"2016-09-22 15:15:16","scheme":"Asserting","schemeID":"74"},{"nodeID":"201932","text":"these papers deal with operations against Al-Qaeda","type":"I","timestamp":"2016-09-22 15:15:16"},{"nodeID":"201933","text":"Barbara: grayk47 : These papers delay with operations against Al-Qaeda","type":"L","timestamp":"2016-09-22 15:15:16"},{"nodeID":"201934","text":"grayk47 : Al-Qaeda was able to look at these papers and operations that were supposed to be redacted","type":"L","timestamp":"2016-09-22 15:15:16"},{"nodeID":"201935","text":"Asserting","type":"YA","timestamp":"2016-09-22 15:15:16","scheme":"Asserting","schemeID":"74"},{"nodeID":"201936","text":"Al-Qaeda was able to look at these papers and operations that were supposed to be redacted","type":"I","timestamp":"2016-09-22 15:15:16"},{"nodeID":"201937","text":"Barbara: grayk47 : Al-Qaeda was able to look at these papers and operations that were supposed to be redacted","type":"L","timestamp":"2016-09-22 15:15:16"},{"nodeID":"201938","text":"grayk47 : That by itself makes Snowden guilty under the 1917 Espionage Act","type":"L","timestamp":"2016-09-22 15:15:16"},{"nodeID":"201939","text":"Asserting","type":"YA","timestamp":"2016-09-22 15:15:17","scheme":"Asserting","schemeID":"74"},{"nodeID":"201940","text":"that by itself makes Snowden guilty under the 1917 Espionage Act","type":"I","timestamp":"2016-09-22 15:15:17"},{"nodeID":"201941","text":"Barbara: grayk47 : That by itself makes Snowden guilty under the 1917 Espionage Act","type":"L","timestamp":"2016-09-22 15:15:17"},{"nodeID":"201942","text":"grayk47 : here's the source","type":"L","timestamp":"2016-09-22 15:15:17"},{"nodeID":"201943","text":"Asserting","type":"YA","timestamp":"2016-09-22 15:15:17","scheme":"Asserting","schemeID":"74"},{"nodeID":"201944","text":"here's the source","type":"I","timestamp":"2016-09-22 15:15:17"},{"nodeID":"201945","text":"Barbara: grayk47 : here's the source","type":"L","timestamp":"2016-09-22 15:15:17"},{"nodeID":"201946","text":"Default Inference","type":"RA","timestamp":"2016-09-22 15:15:17","scheme":"Default Inference","schemeID":"72"},{"nodeID":"201947","text":"Default Transition","type":"TA","timestamp":"2016-09-22 15:15:17","scheme":"Default Transition","schemeID":"82"},{"nodeID":"201948","text":"Default Inference","type":"RA","timestamp":"2016-09-22 15:15:17","scheme":"Default Inference","schemeID":"72"},{"nodeID":"201949","text":"Default Transition","type":"TA","timestamp":"2016-09-22 15:15:17","scheme":"Default Transition","schemeID":"82"},{"nodeID":"201950","text":"Arguing","type":"YA","timestamp":"2016-09-22 15:15:18","scheme":"Arguing","schemeID":"80"},{"nodeID":"201951","text":"Arguing","type":"YA","timestamp":"2016-09-22 15:15:18","scheme":"Arguing","schemeID":"80"},{"nodeID":"201952","text":"Default Conflict","type":"CA","timestamp":"2016-09-22 15:15:18","scheme":"Default Conflict","schemeID":"71"},{"nodeID":"201953","text":"Default Transition","type":"TA","timestamp":"2016-09-22 15:15:18","scheme":"Default Transition","schemeID":"82"},{"nodeID":"201954","text":"Disagreeing","type":"YA","timestamp":"2016-09-22 15:15:18","scheme":"Disagreeing","schemeID":"78"},{"nodeID":"201955","text":"telperiontree : Seems more like the NYT should be held responsible for that","type":"L","timestamp":"2016-09-22 15:15:18"},{"nodeID":"201956","text":"Asserting","type":"YA","timestamp":"2016-09-22 15:15:18","scheme":"Asserting","schemeID":"74"},{"nodeID":"201957","text":"the New York Times should be held responsible for that","type":"I","timestamp":"2016-09-22 15:15:18"},{"nodeID":"201958","text":"Barbara: telperiontree : Seems more like the NYT should be held responsible for that","type":"L","timestamp":"2016-09-22 15:15:18"},{"nodeID":"201959","text":"grayk47 :  you give an illegally (as in you stole it) acquired firearm to a friend to use responsibly","type":"L","timestamp":"2016-09-22 15:15:18"},{"nodeID":"201960","text":"Asserting","type":"YA","timestamp":"2016-09-22 15:15:19","scheme":"Asserting","schemeID":"74"},{"nodeID":"201961","text":"you give an illegally (as in you stole it) acquired firearm to a friend to use responsibly","type":"I","timestamp":"2016-09-22 15:15:19"},{"nodeID":"201962","text":"Barbara: grayk47 :  you give an illegally (as in you stole it) acquired firearm to a friend to use responsibly","type":"L","timestamp":"2016-09-22 15:15:19"},{"nodeID":"201963","text":"grayk47 : that person accidentally shoots someone","type":"L","timestamp":"2016-09-22 15:15:19"},{"nodeID":"201964","text":"Asserting","type":"YA","timestamp":"2016-09-22 15:15:19","scheme":"Asserting","schemeID":"74"},{"nodeID":"201965","text":"that person accidentally shoots someone","type":"I","timestamp":"2016-09-22 15:15:19"},{"nodeID":"201966","text":"Barbara: grayk47 : that person accidentally shoots someone","type":"L","timestamp":"2016-09-22 15:15:19"},{"nodeID":"201967","text":"grayk47 : who should be blamed","type":"L","timestamp":"2016-09-22 15:15:19"},{"nodeID":"201968","text":"Rhetorical Questioning","type":"YA","timestamp":"2016-09-22 15:15:19","scheme":"RhetoricalQuestioning","schemeID":"85"},{"nodeID":"201969","text":"xxx should be blamed","type":"I","timestamp":"2016-09-22 15:15:19"},{"nodeID":"201970","text":"Barbara: grayk47 : who should be blamed","type":"L","timestamp":"2016-09-22 15:15:20"},{"nodeID":"201971","text":"grayk47 : Both should be held responsible","type":"L","timestamp":"2016-09-22 15:15:20"},{"nodeID":"201972","text":"Asserting","type":"YA","timestamp":"2016-09-22 15:15:20","scheme":"Asserting","schemeID":"74"},{"nodeID":"201973","text":"both should be held responsible","type":"I","timestamp":"2016-09-22 15:15:20"},{"nodeID":"201974","text":"Barbara: grayk47 : Both should be held responsible","type":"L","timestamp":"2016-09-22 15:15:20"},{"nodeID":"201975","text":"Default Inference","type":"RA","timestamp":"2016-09-22 15:15:20","scheme":"Default Inference","schemeID":"72"},{"nodeID":"201976","text":"Default Transition","type":"TA","timestamp":"2016-09-22 15:15:20","scheme":"Default Transition","schemeID":"82"},{"nodeID":"201977","text":"Arguing","type":"YA","timestamp":"2016-09-22 15:15:20","scheme":"Arguing","schemeID":"80"},{"nodeID":"201978","text":"Default Rephrase","type":"MA","timestamp":"2016-09-22 15:15:20","scheme":"Default Rephrase","schemeID":"144"},{"nodeID":"201979","text":"Default Transition","type":"TA","timestamp":"2016-09-22 15:15:20","scheme":"Default Transition","schemeID":"82"},{"nodeID":"201980","text":"Default Illocuting","type":"YA","timestamp":"2016-09-22 15:15:20","scheme":"Default Illocuting","schemeID":"168"},{"nodeID":"201981","text":"grayk47 : This is the same case for Snowden","type":"L","timestamp":"2016-09-22 15:15:21"},{"nodeID":"201982","text":"Asserting","type":"YA","timestamp":"2016-09-22 15:15:21","scheme":"Asserting","schemeID":"74"},{"nodeID":"201983","text":"this is the same case for Snowden","type":"I","timestamp":"2016-09-22 15:15:21"},{"nodeID":"201984","text":"Barbara: grayk47 : This is the same case for Snowden","type":"L","timestamp":"2016-09-22 15:15:21"},{"nodeID":"201985","text":"grayk47 : he gave illegally acquired papers that he stole, to the Times in the hopes that they would responsible with it","type":"L","timestamp":"2016-09-22 15:15:21"},{"nodeID":"201986","text":"Asserting","type":"YA","timestamp":"2016-09-22 15:15:21","scheme":"Asserting","schemeID":"74"},{"nodeID":"201987","text":"Snowden gave illegally acquired papers that he stole, to New York Times in the hopes that they would responsible with it","type":"I","timestamp":"2016-09-22 15:15:21"},{"nodeID":"201988","text":"Barbara: grayk47 : he gave illegally acquired papers that he stole, to the Times in the hopes that they would responsible with it","type":"L","timestamp":"2016-09-22 15:15:21"},{"nodeID":"201989","text":"grayk47 : They failed in that","type":"L","timestamp":"2016-09-22 15:15:21"},{"nodeID":"201990","text":"Asserting","type":"YA","timestamp":"2016-09-22 15:15:22","scheme":"Asserting","schemeID":"74"},{"nodeID":"201991","text":"New York Times failed in that","type":"I","timestamp":"2016-09-22 15:15:22"},{"nodeID":"201992","text":"Barbara: grayk47 : They failed in that","type":"L","timestamp":"2016-09-22 15:15:22"},{"nodeID":"201993","text":"grayk47 : a terrorist group was able to use the exposed information to alter their plans","type":"L","timestamp":"2016-09-22 15:15:22"},{"nodeID":"201994","text":"Asserting","type":"YA","timestamp":"2016-09-22 15:15:22","scheme":"Asserting","schemeID":"74"},{"nodeID":"201995","text":"a terrorist group was able to use the exposed information to alter their plans","type":"I","timestamp":"2016-09-22 15:15:22"},{"nodeID":"201996","text":"Barbara: grayk47 : a terrorist group was able to use the exposed information to alter their plans","type":"L","timestamp":"2016-09-22 15:15:22"},{"nodeID":"201997","text":"Analogy","type":"RA","timestamp":"2016-09-22 15:15:22","scheme":"Analogy","schemeID":"1"},{"nodeID":"201998","text":"Default Transition","type":"TA","timestamp":"2016-09-22 15:15:22","scheme":"Default Transition","schemeID":"82"},{"nodeID":"201999","text":"Default Inference","type":"RA","timestamp":"2016-09-22 15:15:22","scheme":"Default Inference","schemeID":"72"},{"nodeID":"202000","text":"Default Transition","type":"TA","timestamp":"2016-09-22 15:15:22","scheme":"Default Transition","schemeID":"82"},{"nodeID":"202001","text":"Arguing","type":"YA","timestamp":"2016-09-22 15:15:23","scheme":"Arguing","schemeID":"80"},{"nodeID":"202002","text":"Arguing","type":"YA","timestamp":"2016-09-22 15:15:23","scheme":"Arguing","schemeID":"80"},{"nodeID":"202003","text":"Default Conflict","type":"CA","timestamp":"2016-09-22 15:15:23","scheme":"Default Conflict","schemeID":"71"},{"nodeID":"202004","text":"Default Transition","type":"TA","timestamp":"2016-09-22 15:15:23","scheme":"Default Transition","schemeID":"82"},{"nodeID":"202005","text":"Disagreeing","type":"YA","timestamp":"2016-09-22 15:15:23","scheme":"Disagreeing","schemeID":"78"},{"nodeID":"202006","text":"Default Conflict","type":"CA","timestamp":"2016-09-22 15:15:23","scheme":"Default Conflict","schemeID":"71"},{"nodeID":"202007","text":"Default Transition","type":"TA","timestamp":"2016-09-22 15:15:23","scheme":"Default Transition","schemeID":"82"},{"nodeID":"202008","text":"Disagreeing","type":"YA","timestamp":"2016-09-22 15:15:23","scheme":"Disagreeing","schemeID":"78"},{"nodeID":"202009","text":"grayk47 : It's cut and dry","type":"L","timestamp":"2016-09-22 15:15:23"},{"nodeID":"202010","text":"Asserting","type":"YA","timestamp":"2016-09-22 15:15:23","scheme":"Asserting","schemeID":"74"},{"nodeID":"202011","text":"the case is cut and dry","type":"I","timestamp":"2016-09-22 15:15:24"},{"nodeID":"202012","text":"Barbara: grayk47 : It's cut and dry","type":"L","timestamp":"2016-09-22 15:15:24"},{"nodeID":"202013","text":"Default Transition","type":"TA","timestamp":"2016-09-22 15:15:24","scheme":"Default Transition","schemeID":"82"}],"edges":[{"edgeID":"246795","fromID":"201898","toID":"201897","formEdgeID":null},{"edgeID":"246796","fromID":"201899","toID":"201898","formEdgeID":null},{"edgeID":"246797","fromID":"201902","toID":"201901","formEdgeID":null},{"edgeID":"246798","fromID":"201903","toID":"201902","formEdgeID":null},{"edgeID":"246799","fromID":"201899","toID":"201905","formEdgeID":null},{"edgeID":"246800","fromID":"201905","toID":"201903","formEdgeID":null},{"edgeID":"246801","fromID":"201901","toID":"201906","formEdgeID":null},{"edgeID":"246802","fromID":"201906","toID":"201897","formEdgeID":null},{"edgeID":"246803","fromID":"201905","toID":"201907","formEdgeID":null},{"edgeID":"246804","fromID":"201907","toID":"201906","formEdgeID":null},{"edgeID":"246805","fromID":"201909","toID":"201908","formEdgeID":null},{"edgeID":"246806","fromID":"201910","toID":"201909","formEdgeID":null},{"edgeID":"246807","fromID":"201897","toID":"201912","formEdgeID":null},{"edgeID":"246808","fromID":"201912","toID":"201908","formEdgeID":null},{"edgeID":"246809","fromID":"201899","toID":"201913","formEdgeID":null},{"edgeID":"246810","fromID":"201913","toID":"201910","formEdgeID":null},{"edgeID":"246811","fromID":"201913","toID":"201914","formEdgeID":null},{"edgeID":"246812","fromID":"201914","toID":"201912","formEdgeID":null},{"edgeID":"246813","fromID":"201916","toID":"201917","formEdgeID":null},{"edgeID":"246814","fromID":"201915","toID":"201916","formEdgeID":null},{"edgeID":"246815","fromID":"201917","toID":"201919","formEdgeID":null},{"edgeID":"246816","fromID":"201919","toID":"201901","formEdgeID":null},{"edgeID":"246817","fromID":"201903","toID":"201920","formEdgeID":null},{"edgeID":"246818","fromID":"201920","toID":"201915","formEdgeID":null},{"edgeID":"246819","fromID":"201920","toID":"201921","formEdgeID":null},{"edgeID":"246820","fromID":"201921","toID":"201919","formEdgeID":null},{"edgeID":"246821","fromID":"201923","toID":"201924","formEdgeID":null},{"edgeID":"246822","fromID":"201922","toID":"201923","formEdgeID":null},{"edgeID":"246823","fromID":"201927","toID":"201928","formEdgeID":null},{"edgeID":"246824","fromID":"201926","toID":"201927","formEdgeID":null},{"edgeID":"246825","fromID":"201931","toID":"201932","formEdgeID":null},{"edgeID":"246826","fromID":"201930","toID":"201931","formEdgeID":null},{"edgeID":"246827","fromID":"201935","toID":"201936","formEdgeID":null},{"edgeID":"246828","fromID":"201934","toID":"201935","formEdgeID":null},{"edgeID":"246829","fromID":"201939","toID":"201940","formEdgeID":null},{"edgeID":"246830","fromID":"201938","toID":"201939","formEdgeID":null},{"edgeID":"246831","fromID":"201943","toID":"201944","formEdgeID":null},{"edgeID":"246832","fromID":"201942","toID":"201943","formEdgeID":null},{"edgeID":"246833","fromID":"201932","toID":"201946","formEdgeID":null},{"edgeID":"246834","fromID":"201946","toID":"201936","formEdgeID":null},{"edgeID":"246835","fromID":"201928","toID":"201946","formEdgeID":null},{"edgeID":"246836","fromID":"201926","toID":"201947","formEdgeID":null},{"edgeID":"246837","fromID":"201947","toID":"201934","formEdgeID":null},{"edgeID":"246838","fromID":"201930","toID":"201947","formEdgeID":null},{"edgeID":"246839","fromID":"201936","toID":"201948","formEdgeID":null},{"edgeID":"246840","fromID":"201948","toID":"201940","formEdgeID":null},{"edgeID":"246841","fromID":"201934","toID":"201949","formEdgeID":null},{"edgeID":"246842","fromID":"201949","toID":"201938","formEdgeID":null},{"edgeID":"246843","fromID":"201949","toID":"201950","formEdgeID":null},{"edgeID":"246844","fromID":"201950","toID":"201948","formEdgeID":null},{"edgeID":"246845","fromID":"201947","toID":"201951","formEdgeID":null},{"edgeID":"246846","fromID":"201951","toID":"201946","formEdgeID":null},{"edgeID":"246847","fromID":"201924","toID":"201946","formEdgeID":null},{"edgeID":"246848","fromID":"201922","toID":"201947","formEdgeID":null},{"edgeID":"246849","fromID":"201944","toID":"201948","formEdgeID":null},{"edgeID":"246850","fromID":"201942","toID":"201949","formEdgeID":null},{"edgeID":"246851","fromID":"201936","toID":"201952","formEdgeID":null},{"edgeID":"246852","fromID":"201952","toID":"201897","formEdgeID":null},{"edgeID":"246853","fromID":"201899","toID":"201953","formEdgeID":null},{"edgeID":"246854","fromID":"201953","toID":"201934","formEdgeID":null},{"edgeID":"246855","fromID":"201953","toID":"201954","formEdgeID":null},{"edgeID":"246856","fromID":"201954","toID":"201952","formEdgeID":null},{"edgeID":"246857","fromID":"201956","toID":"201957","formEdgeID":null},{"edgeID":"246858","fromID":"201955","toID":"201956","formEdgeID":null},{"edgeID":"246859","fromID":"201960","toID":"201961","formEdgeID":null},{"edgeID":"246860","fromID":"201959","toID":"201960","formEdgeID":null},{"edgeID":"246861","fromID":"201964","toID":"201965","formEdgeID":null},{"edgeID":"246862","fromID":"201963","toID":"201964","formEdgeID":null},{"edgeID":"246863","fromID":"201968","toID":"201969","formEdgeID":null},{"edgeID":"246864","fromID":"201967","toID":"201968","formEdgeID":null},{"edgeID":"246865","fromID":"201972","toID":"201973","formEdgeID":null},{"edgeID":"246866","fromID":"201971","toID":"201972","formEdgeID":null},{"edgeID":"246867","fromID":"201961","toID":"201975","formEdgeID":null},{"edgeID":"246868","fromID":"201975","toID":"201973","formEdgeID":null},{"edgeID":"246869","fromID":"201965","toID":"201975","formEdgeID":null},{"edgeID":"246870","fromID":"201959","toID":"201976","formEdgeID":null},{"edgeID":"246871","fromID":"201976","toID":"201971","formEdgeID":null},{"edgeID":"246872","fromID":"201976","toID":"201963","formEdgeID":null},{"edgeID":"246873","fromID":"201976","toID":"201977","formEdgeID":null},{"edgeID":"246874","fromID":"201977","toID":"201975","formEdgeID":null},{"edgeID":"246875","fromID":"201973","toID":"201978","formEdgeID":null},{"edgeID":"246876","fromID":"201978","toID":"201969","formEdgeID":null},{"edgeID":"246877","fromID":"201967","toID":"201979","formEdgeID":null},{"edgeID":"246878","fromID":"201979","toID":"201971","formEdgeID":null},{"edgeID":"246879","fromID":"201979","toID":"201980","formEdgeID":null},{"edgeID":"246880","fromID":"201980","toID":"201978","formEdgeID":null},{"edgeID":"246881","fromID":"201982","toID":"201983","formEdgeID":null},{"edgeID":"246882","fromID":"201981","toID":"201982","formEdgeID":null},{"edgeID":"246883","fromID":"201986","toID":"201987","formEdgeID":null},{"edgeID":"246884","fromID":"201985","toID":"201986","formEdgeID":null},{"edgeID":"246885","fromID":"201990","toID":"201991","formEdgeID":null},{"edgeID":"246886","fromID":"201989","toID":"201990","formEdgeID":null},{"edgeID":"246887","fromID":"201994","toID":"201995","formEdgeID":null},{"edgeID":"246888","fromID":"201993","toID":"201994","formEdgeID":null},{"edgeID":"246889","fromID":"201973","toID":"201997","formEdgeID":null},{"edgeID":"246890","fromID":"201997","toID":"201983","formEdgeID":null},{"edgeID":"246891","fromID":"201971","toID":"201998","formEdgeID":null},{"edgeID":"246892","fromID":"201998","toID":"201981","formEdgeID":null},{"edgeID":"246893","fromID":"201987","toID":"201999","formEdgeID":null},{"edgeID":"246894","fromID":"201999","toID":"201995","formEdgeID":null},{"edgeID":"246895","fromID":"201985","toID":"202000","formEdgeID":null},{"edgeID":"246896","fromID":"202000","toID":"201993","formEdgeID":null},{"edgeID":"246897","fromID":"201991","toID":"201999","formEdgeID":null},{"edgeID":"246898","fromID":"201989","toID":"202000","formEdgeID":null},{"edgeID":"246899","fromID":"202000","toID":"202001","formEdgeID":null},{"edgeID":"246900","fromID":"202001","toID":"201999","formEdgeID":null},{"edgeID":"246901","fromID":"201995","toID":"201997","formEdgeID":null},{"edgeID":"246902","fromID":"201993","toID":"201998","formEdgeID":null},{"edgeID":"246903","fromID":"201998","toID":"202002","formEdgeID":null},{"edgeID":"246904","fromID":"202002","toID":"201997","formEdgeID":null},{"edgeID":"246905","fromID":"201983","toID":"202003","formEdgeID":null},{"edgeID":"246906","fromID":"202003","toID":"201957","formEdgeID":null},{"edgeID":"246907","fromID":"201955","toID":"202004","formEdgeID":null},{"edgeID":"246908","fromID":"202004","toID":"201981","formEdgeID":null},{"edgeID":"246909","fromID":"202004","toID":"202005","formEdgeID":null},{"edgeID":"246910","fromID":"202005","toID":"202003","formEdgeID":null},{"edgeID":"246911","fromID":"201957","toID":"202006","formEdgeID":null},{"edgeID":"246912","fromID":"202006","toID":"201940","formEdgeID":null},{"edgeID":"246913","fromID":"201938","toID":"202007","formEdgeID":null},{"edgeID":"246914","fromID":"202007","toID":"201955","formEdgeID":null},{"edgeID":"246915","fromID":"202007","toID":"202008","formEdgeID":null},{"edgeID":"246916","fromID":"202008","toID":"202006","formEdgeID":null},{"edgeID":"246917","fromID":"202010","toID":"202011","formEdgeID":null},{"edgeID":"246918","fromID":"202009","toID":"202010","formEdgeID":null},{"edgeID":"246919","fromID":"201993","toID":"202013","formEdgeID":null},{"edgeID":"246920","fromID":"202013","toID":"202009","formEdgeID":null}],"locutions":[{"nodeID":"201899","personID":"1816","timestamp":"2016-09-22 15:15:29","start":null,"end":null,"source":null},{"nodeID":"201903","personID":"1816","timestamp":"2016-09-22 15:15:29","start":null,"end":null,"source":null},{"nodeID":"201910","personID":"2329","timestamp":"2016-09-22 15:15:29","start":null,"end":null,"source":null}]}