{"nodes":[{"nodeID":"197268","text":"Teekey : There is no way Sanders has done worse than Chafee","type":"L","timestamp":"2016-08-31 14:54:06"},{"nodeID":"197269","text":"Asserting","type":"YA","timestamp":"2016-08-31 14:54:06","scheme":"Asserting","schemeID":"74"},{"nodeID":"197270","text":"there is no way Sanders has done worse than Chafee","type":"I","timestamp":"2016-08-31 14:54:07"},{"nodeID":"197271","text":"Barbara: Teekey : There is no way Sanders has done worse than Chafee","type":"L","timestamp":"2016-08-31 14:54:07"},{"nodeID":"197272","text":"shadowofahelicopter :  Yea that's true","type":"L","timestamp":"2016-08-31 14:54:07"},{"nodeID":"197273","text":"Barbara: shadowofahelicopter :  Yea that's true","type":"L","timestamp":"2016-08-31 14:54:07"},{"nodeID":"197274","text":"Default Transition","type":"TA","timestamp":"2016-08-31 14:54:07","scheme":"Default Transition","schemeID":"82"},{"nodeID":"197275","text":"Agreeing","type":"YA","timestamp":"2016-08-31 14:54:07","scheme":"Agreeing","schemeID":"77"},{"nodeID":"197276","text":"shadowofahelicopter : he's done a lot better in the last twenty minutes","type":"L","timestamp":"2016-08-31 14:54:07"},{"nodeID":"197277","text":"Asserting","type":"YA","timestamp":"2016-08-31 14:54:07","scheme":"Asserting","schemeID":"74"},{"nodeID":"197278","text":"Sanders has done a lot better in the last twenty minutes","type":"I","timestamp":"2016-08-31 14:54:07"},{"nodeID":"197279","text":"Barbara: shadowofahelicopter : he's done a lot better in the last twenty minutes","type":"L","timestamp":"2016-08-31 14:54:07"},{"nodeID":"197280","text":"shadowofahelicopter : They're all doing fairly well now","type":"L","timestamp":"2016-08-31 14:54:07"},{"nodeID":"197281","text":"Asserting","type":"YA","timestamp":"2016-08-31 14:54:07","scheme":"Asserting","schemeID":"74"},{"nodeID":"197282","text":"all candidates all doing fairly well now","type":"I","timestamp":"2016-08-31 14:54:08"},{"nodeID":"197283","text":"Barbara: shadowofahelicopter : They're all doing fairly well now","type":"L","timestamp":"2016-08-31 14:54:08"},{"nodeID":"197284","text":"shadowofahelicopter : seem like they're all just working off each other having fun up there","type":"L","timestamp":"2016-08-31 14:54:08"},{"nodeID":"197285","text":"Asserting","type":"YA","timestamp":"2016-08-31 14:54:08","scheme":"Asserting","schemeID":"74"},{"nodeID":"197286","text":"all candidates are just working off each other having fun up there","type":"I","timestamp":"2016-08-31 14:54:08"},{"nodeID":"197287","text":"Barbara: shadowofahelicopter : seem like they're all just working off each other having fun up there","type":"L","timestamp":"2016-08-31 14:54:08"},{"nodeID":"197288","text":"shadowofahelicopter :  It's amazing how unified the Democratic Party is compared to the republicans","type":"L","timestamp":"2016-08-31 14:54:08"},{"nodeID":"197289","text":"Asserting","type":"YA","timestamp":"2016-08-31 14:54:08","scheme":"Asserting","schemeID":"74"},{"nodeID":"197290","text":"the Democratic Party is unified compared to the republicans","type":"I","timestamp":"2016-08-31 14:54:08"},{"nodeID":"197291","text":"Barbara: shadowofahelicopter :  It's amazing how unified the Democratic Party is compared to the republicans","type":"L","timestamp":"2016-08-31 14:54:08"},{"nodeID":"197292","text":"Default Inference","type":"RA","timestamp":"2016-08-31 14:54:08","scheme":"Default Inference","schemeID":"72"},{"nodeID":"197293","text":"Default Transition","type":"TA","timestamp":"2016-08-31 14:54:08","scheme":"Default Transition","schemeID":"82"},{"nodeID":"197294","text":"Arguing","type":"YA","timestamp":"2016-08-31 14:54:09","scheme":"Arguing","schemeID":"80"},{"nodeID":"197295","text":"Default Transition","type":"TA","timestamp":"2016-08-31 14:54:09","scheme":"Default Transition","schemeID":"82"},{"nodeID":"197296","text":"Default Transition","type":"TA","timestamp":"2016-08-31 14:54:09","scheme":"Default Transition","schemeID":"82"},{"nodeID":"197297","text":"Default Transition","type":"TA","timestamp":"2016-08-31 14:54:09","scheme":"Default Transition","schemeID":"82"},{"nodeID":"197298","text":"Helicase21 : The biggest issue for Sanders is that expectations for him were really high","type":"L","timestamp":"2016-08-31 14:54:09"},{"nodeID":"197299","text":"Asserting","type":"YA","timestamp":"2016-08-31 14:54:09","scheme":"Asserting","schemeID":"74"},{"nodeID":"197300","text":"the biggest issue for Sanders is that expectations for him were really high","type":"I","timestamp":"2016-08-31 14:54:09"},{"nodeID":"197301","text":"Barbara: Helicase21 : The biggest issue for Sanders is that expectations for him were really high","type":"L","timestamp":"2016-08-31 14:54:09"},{"nodeID":"197302","text":"Helicase21 : Remember how people thought that having fewer debates was going to be a massive advantage for Hillary","type":"L","timestamp":"2016-08-31 14:54:09"},{"nodeID":"197303","text":"Rhetorical Questioning","type":"YA","timestamp":"2016-08-31 14:54:09","scheme":"RhetoricalQuestioning","schemeID":"85"},{"nodeID":"197304","text":"remember how people thought that having fewer debates was going to be a massive advantage for Hillary","type":"I","timestamp":"2016-08-31 14:54:09"},{"nodeID":"197305","text":"Barbara: Helicase21 : Remember how people thought that having fewer debates was going to be a massive advantage for Hillary?","type":"L","timestamp":"2016-08-31 14:54:10"},{"nodeID":"197306","text":"Default Transition","type":"TA","timestamp":"2016-08-31 14:54:10","scheme":"Default Transition","schemeID":"82"},{"nodeID":"197307","text":"Default Transition","type":"TA","timestamp":"2016-08-31 14:54:10","scheme":"Default Transition","schemeID":"82"},{"nodeID":"197308","text":"Helicase21 : I'm afraid it ain't so","type":"L","timestamp":"2016-08-31 14:54:10"},{"nodeID":"197309","text":"Asserting","type":"YA","timestamp":"2016-08-31 14:54:10","scheme":"Asserting","schemeID":"74"},{"nodeID":"197310","text":"it ain't so that having fewer debates was going to be a massive advantage for Hillary","type":"I","timestamp":"2016-08-31 14:54:10"},{"nodeID":"197311","text":"Barbara: Helicase21 : I'm afraid it ain't so","type":"L","timestamp":"2016-08-31 14:54:10"},{"nodeID":"197312","text":"Default Transition","type":"TA","timestamp":"2016-08-31 14:54:10","scheme":"Default Transition","schemeID":"82"},{"nodeID":"197313","text":"Default Rephrase","type":"MA","timestamp":"2016-08-31 14:54:10","scheme":"Default Rephrase","schemeID":"144"},{"nodeID":"197314","text":"Default Illocuting","type":"YA","timestamp":"2016-08-31 14:54:10","scheme":"Default Illocuting","schemeID":"168"},{"nodeID":"197315","text":"Tuatho : you shouldn't be fucking voting","type":"L","timestamp":"2016-08-31 14:54:10"},{"nodeID":"197316","text":"Asserting","type":"YA","timestamp":"2016-08-31 14:54:11","scheme":"Asserting","schemeID":"74"},{"nodeID":"197317","text":"you shouldn't be fucking voting","type":"I","timestamp":"2016-08-31 14:54:11"},{"nodeID":"197318","text":"Barbara: Tuatho : you shouldn't be fucking voting","type":"L","timestamp":"2016-08-31 14:54:11"},{"nodeID":"197319","text":"Tuatho : you're basing your political opinion based on which speaker is smoother","type":"L","timestamp":"2016-08-31 14:54:11"},{"nodeID":"197320","text":"Asserting","type":"YA","timestamp":"2016-08-31 14:54:11","scheme":"Asserting","schemeID":"74"},{"nodeID":"197321","text":"you're basing your political opinion based on which speaker is smoother","type":"I","timestamp":"2016-08-31 14:54:11"},{"nodeID":"197322","text":"Barbara: Tuatho : you're basing your political opinion based on which speaker is smoother","type":"L","timestamp":"2016-08-31 14:54:11"},{"nodeID":"197323","text":"Tuatho : not based on a plethora of political issues","type":"L","timestamp":"2016-08-31 14:54:11"},{"nodeID":"197324","text":"Asserting","type":"YA","timestamp":"2016-08-31 14:54:11","scheme":"Asserting","schemeID":"74"},{"nodeID":"197325","text":"you political opinions are not based on a plethora of political issues","type":"I","timestamp":"2016-08-31 14:54:11"},{"nodeID":"197326","text":"Barbara: Tuatho : not based on a plethora of political issues","type":"L","timestamp":"2016-08-31 14:54:11"},{"nodeID":"197327","text":"Default Inference","type":"RA","timestamp":"2016-08-31 14:54:12","scheme":"Default Inference","schemeID":"72"},{"nodeID":"197328","text":"Default Transition","type":"TA","timestamp":"2016-08-31 14:54:12","scheme":"Default Transition","schemeID":"82"},{"nodeID":"197329","text":"Arguing","type":"YA","timestamp":"2016-08-31 14:54:12","scheme":"Arguing","schemeID":"80"},{"nodeID":"197330","text":"Tuatho : I'm aware I'm railing against a brick wall here","type":"L","timestamp":"2016-08-31 14:54:12"},{"nodeID":"197331","text":"Asserting","type":"YA","timestamp":"2016-08-31 14:54:12","scheme":"Asserting","schemeID":"74"},{"nodeID":"197332","text":"I'm aware I'm railing against a brick wall here","type":"I","timestamp":"2016-08-31 14:54:12"},{"nodeID":"197333","text":"Barbara: Tuatho : I'm aware I'm railing against a brick wall here","type":"L","timestamp":"2016-08-31 14:54:12"},{"nodeID":"197334","text":"Default Transition","type":"TA","timestamp":"2016-08-31 14:54:12","scheme":"Default Transition","schemeID":"82"},{"nodeID":"197335","text":"shadowofahelicopter : Sanders has had an absolute terrible showing, possibly the worst one up there","type":"L","timestamp":"2016-08-31 14:54:12"},{"nodeID":"197336","text":"Asserting","type":"YA","timestamp":"2016-08-31 14:54:12","scheme":"Asserting","schemeID":"74"},{"nodeID":"197337","text":"Sanders has had an absolute terrible showing, possibly the worst one up there","type":"I","timestamp":"2016-08-31 14:54:12"},{"nodeID":"197338","text":"Barbara: shadowofahelicopter : Sanders has had an absolute terrible showing, possibly the worst one up there","type":"L","timestamp":"2016-08-31 14:54:12"},{"nodeID":"197339","text":"shadowofahelicopter : Not that his ideas are bad","type":"L","timestamp":"2016-08-31 14:54:13"},{"nodeID":"197340","text":"Asserting","type":"YA","timestamp":"2016-08-31 14:54:13","scheme":"Asserting","schemeID":"74"},{"nodeID":"197341","text":"Sanders' ideas are not bad","type":"I","timestamp":"2016-08-31 14:54:13"},{"nodeID":"197342","text":"Barbara: shadowofahelicopter : Not that his ideas are bad","type":"L","timestamp":"2016-08-31 14:54:13"},{"nodeID":"197343","text":"shadowofahelicopter : he's been terrible at presenting anything and responding to others without sounding crazy and out of touch on the left end of the spectrum","type":"L","timestamp":"2016-08-31 14:54:13"},{"nodeID":"197344","text":"Asserting","type":"YA","timestamp":"2016-08-31 14:54:13","scheme":"Asserting","schemeID":"74"},{"nodeID":"197345","text":"Sanders has been terrible at presenting anything and responding to others without sounding crazy and out of touch on the left end of the spectrum","type":"I","timestamp":"2016-08-31 14:54:13"},{"nodeID":"197346","text":"Barbara: shadowofahelicopter : he's been terrible at presenting anything and responding to others without sounding crazy and out of touch on the left end of the spectrum","type":"L","timestamp":"2016-08-31 14:54:13"},{"nodeID":"197347","text":"Default Inference","type":"RA","timestamp":"2016-08-31 14:54:13","scheme":"Default Inference","schemeID":"72"},{"nodeID":"197348","text":"Default Transition","type":"TA","timestamp":"2016-08-31 14:54:13","scheme":"Default Transition","schemeID":"82"},{"nodeID":"197349","text":"Arguing","type":"YA","timestamp":"2016-08-31 14:54:13","scheme":"Arguing","schemeID":"80"},{"nodeID":"197350","text":"Default Transition","type":"TA","timestamp":"2016-08-31 14:54:14","scheme":"Default Transition","schemeID":"82"},{"nodeID":"197351","text":"Barbara: shadowofahelicopter : Hillary is the only one up there not stuttering and giving poised responses","type":"L","timestamp":"2016-08-31 14:54:14"},{"nodeID":"197352","text":"shadowofahelicopter : Hillary is the only one up there not stuttering and giving poised responses which is quite sad","type":"L","timestamp":"2016-08-31 14:54:14"},{"nodeID":"197353","text":"Asserting","type":"YA","timestamp":"2016-08-31 14:54:14","scheme":"Asserting","schemeID":"74"},{"nodeID":"197354","text":"it is quite sad Hillary Clinton is the only one up there not stuttering and giving poised responses","type":"I","timestamp":"2016-08-31 14:54:14"},{"nodeID":"197355","text":"Barbara: shadowofahelicopter : is quite sad","type":"L","timestamp":"2016-08-31 14:54:14"},{"nodeID":"197356","text":"shadowofahelicopter : no one wants Clinton","type":"L","timestamp":"2016-08-31 14:54:14"},{"nodeID":"197357","text":"Asserting","type":"YA","timestamp":"2016-08-31 14:54:14","scheme":"Asserting","schemeID":"74"},{"nodeID":"197358","text":"no one wants Clinton","type":"I","timestamp":"2016-08-31 14:54:14"},{"nodeID":"197359","text":"Barbara: shadowofahelicopter : no one wants Clinton","type":"L","timestamp":"2016-08-31 14:54:14"},{"nodeID":"197360","text":"Default Inference","type":"RA","timestamp":"2016-08-31 14:54:14","scheme":"Default Inference","schemeID":"72"},{"nodeID":"197361","text":"Default Transition","type":"TA","timestamp":"2016-08-31 14:54:14","scheme":"Default Transition","schemeID":"82"},{"nodeID":"197362","text":"Arguing","type":"YA","timestamp":"2016-08-31 14:54:15","scheme":"Arguing","schemeID":"80"},{"nodeID":"197363","text":"Default Transition","type":"TA","timestamp":"2016-08-31 14:54:15","scheme":"Default Transition","schemeID":"82"},{"nodeID":"197364","text":"shadowofahelicopter :  I consider myself pretty moderate","type":"L","timestamp":"2016-08-31 14:54:15"},{"nodeID":"197365","text":"Asserting","type":"YA","timestamp":"2016-08-31 14:54:15","scheme":"Asserting","schemeID":"74"},{"nodeID":"197366","text":"I consider myself pretty moderate","type":"I","timestamp":"2016-08-31 14:54:15"},{"nodeID":"197367","text":"Barbara: shadowofahelicopter :  I consider myself pretty moderate","type":"L","timestamp":"2016-08-31 14:54:15"},{"nodeID":"197368","text":"shadowofahelicopter : I was hoping there's be something here after not having anything on the republican side","type":"L","timestamp":"2016-08-31 14:54:15"},{"nodeID":"197369","text":"Asserting","type":"YA","timestamp":"2016-08-31 14:54:15","scheme":"Asserting","schemeID":"74"},{"nodeID":"197370","text":"I was hoping there's be something here after not having anything on the republican side","type":"I","timestamp":"2016-08-31 14:54:15"},{"nodeID":"197371","text":"Barbara: shadowofahelicopter : I was hoping there's be something here after not having anything on the republican side","type":"L","timestamp":"2016-08-31 14:54:15"},{"nodeID":"197372","text":"shadowofahelicopter : I just really want to vote for anyone but Clinton","type":"L","timestamp":"2016-08-31 14:54:15"},{"nodeID":"197373","text":"Asserting","type":"YA","timestamp":"2016-08-31 14:54:16","scheme":"Asserting","schemeID":"74"},{"nodeID":"197374","text":"I just really want to vote for anyone but Clinton","type":"I","timestamp":"2016-08-31 14:54:16"},{"nodeID":"197375","text":"Barbara: shadowofahelicopter : I just really want to vote for anyone but Clinton","type":"L","timestamp":"2016-08-31 14:54:16"},{"nodeID":"197376","text":"shadowofahelicopter : Bernie sanders just isn't that guy","type":"L","timestamp":"2016-08-31 14:54:16"},{"nodeID":"197377","text":"Asserting","type":"YA","timestamp":"2016-08-31 14:54:16","scheme":"Asserting","schemeID":"74"},{"nodeID":"197378","text":"Bernie sanders just isn't that guy","type":"I","timestamp":"2016-08-31 14:54:16"},{"nodeID":"197379","text":"Barbara: shadowofahelicopter : Bernie sanders just isn't that guy","type":"L","timestamp":"2016-08-31 14:54:16"},{"nodeID":"197380","text":"Default Transition","type":"TA","timestamp":"2016-08-31 14:54:16","scheme":"Default Transition","schemeID":"82"},{"nodeID":"197381","text":"Default Transition","type":"TA","timestamp":"2016-08-31 14:54:16","scheme":"Default Transition","schemeID":"82"},{"nodeID":"197382","text":"Default Transition","type":"TA","timestamp":"2016-08-31 14:54:16","scheme":"Default Transition","schemeID":"82"},{"nodeID":"197383","text":"Default Transition","type":"TA","timestamp":"2016-08-31 14:54:16","scheme":"Default Transition","schemeID":"82"},{"nodeID":"197384","text":"Default Transition","type":"TA","timestamp":"2016-08-31 14:54:16","scheme":"Default Transition","schemeID":"82"},{"nodeID":"197385","text":"Ad hominem","type":"CA","timestamp":"2016-08-31 14:54:17","scheme":"Ad hominem","schemeID":"172"},{"nodeID":"197386","text":"Default Transition","type":"TA","timestamp":"2016-08-31 14:54:17","scheme":"Default Transition","schemeID":"82"},{"nodeID":"197387","text":"Disagreeing","type":"YA","timestamp":"2016-08-31 14:54:17","scheme":"Disagreeing","schemeID":"78"},{"nodeID":"197388","text":"Tuatho : I'm even more willing to vote for Sanders","type":"L","timestamp":"2016-08-31 14:54:17"},{"nodeID":"197389","text":"Asserting","type":"YA","timestamp":"2016-08-31 14:54:17","scheme":"Asserting","schemeID":"74"},{"nodeID":"197390","text":"I'm even more willing to vote for Sanders","type":"I","timestamp":"2016-08-31 14:54:17"},{"nodeID":"197391","text":"Barbara: Tuatho : I'm even more willing to vote for Sanders","type":"L","timestamp":"2016-08-31 14:54:17"},{"nodeID":"197392","text":"Tuatho : he doesn't sound like a used car salesman","type":"L","timestamp":"2016-08-31 14:54:17"},{"nodeID":"197393","text":"Asserting","type":"YA","timestamp":"2016-08-31 14:54:17","scheme":"Asserting","schemeID":"74"},{"nodeID":"197394","text":"Sanders doesn't sound like a used car salesman","type":"I","timestamp":"2016-08-31 14:54:17"},{"nodeID":"197395","text":"Barbara: Tuatho : he doesn't sound like a used car salesman","type":"L","timestamp":"2016-08-31 14:54:17"},{"nodeID":"197396","text":"Tuatho : ather speaks about issues","type":"L","timestamp":"2016-08-31 14:54:17"},{"nodeID":"197397","text":"Asserting","type":"YA","timestamp":"2016-08-31 14:54:18","scheme":"Asserting","schemeID":"74"},{"nodeID":"197398","text":"Sanders speaks about issues","type":"I","timestamp":"2016-08-31 14:54:18"},{"nodeID":"197399","text":"Barbara: Tuatho : ather speaks about issues","type":"L","timestamp":"2016-08-31 14:54:18"},{"nodeID":"197400","text":"Default Transition","type":"TA","timestamp":"2016-08-31 14:54:18","scheme":"Default Transition","schemeID":"82"},{"nodeID":"197401","text":"Default Inference","type":"RA","timestamp":"2016-08-31 14:54:18","scheme":"Default Inference","schemeID":"72"},{"nodeID":"197402","text":"Default Transition","type":"TA","timestamp":"2016-08-31 14:54:18","scheme":"Default Transition","schemeID":"82"},{"nodeID":"197403","text":"Arguing","type":"YA","timestamp":"2016-08-31 14:54:18","scheme":"Arguing","schemeID":"80"},{"nodeID":"197404","text":"shadowofahelicopter : I've done heavy research on Bernie before the debate","type":"L","timestamp":"2016-08-31 14:54:18"},{"nodeID":"197405","text":"Asserting","type":"YA","timestamp":"2016-08-31 14:54:18","scheme":"Asserting","schemeID":"74"},{"nodeID":"197406","text":"I've done heavy research on Bernie Sanders before the debate","type":"I","timestamp":"2016-08-31 14:54:18"},{"nodeID":"197407","text":"Barbara: shadowofahelicopter : I've done heavy research on Bernie before the debate.","type":"L","timestamp":"2016-08-31 14:54:18"},{"nodeID":"197408","text":"shadowofahelicopter : He's too far left for me","type":"L","timestamp":"2016-08-31 14:54:19"},{"nodeID":"197409","text":"Asserting","type":"YA","timestamp":"2016-08-31 14:54:19","scheme":"Asserting","schemeID":"74"},{"nodeID":"197410","text":"Bernie Sanders is too far left for me","type":"I","timestamp":"2016-08-31 14:54:19"},{"nodeID":"197411","text":"Barbara: shadowofahelicopter : He's too far left for me","type":"L","timestamp":"2016-08-31 14:54:19"},{"nodeID":"197412","text":"shadowofahelicopter : It's not how he's debating that's turning me away","type":"L","timestamp":"2016-08-31 14:54:19"},{"nodeID":"197413","text":"Asserting","type":"YA","timestamp":"2016-08-31 14:54:19","scheme":"Asserting","schemeID":"74"},{"nodeID":"197414","text":"it's not how Bernie Sanders is debating that's turning me away","type":"I","timestamp":"2016-08-31 14:54:19"},{"nodeID":"197415","text":"Barbara: shadowofahelicopter : It's not how he's debating that's turning me away","type":"L","timestamp":"2016-08-31 14:54:19"},{"nodeID":"197416","text":"shadowofahelicopter : it will turn a lot of people away","type":"L","timestamp":"2016-08-31 14:54:19"},{"nodeID":"197417","text":"Asserting","type":"YA","timestamp":"2016-08-31 14:54:19","scheme":"Asserting","schemeID":"74"},{"nodeID":"197418","text":"how bernie Sanders is debating will turn a lot of people away","type":"I","timestamp":"2016-08-31 14:54:19"},{"nodeID":"197419","text":"Barbara: shadowofahelicopter : it will turn a lot of people away","type":"L","timestamp":"2016-08-31 14:54:19"},{"nodeID":"197420","text":"shadowofahelicopter : he's completely turned it around in the last twenty minutes","type":"L","timestamp":"2016-08-31 14:54:20"},{"nodeID":"197421","text":"Asserting","type":"YA","timestamp":"2016-08-31 14:54:20","scheme":"Asserting","schemeID":"74"},{"nodeID":"197422","text":"Bernie Sanders has completely turned it around in the last twenty minutes","type":"I","timestamp":"2016-08-31 14:54:20"},{"nodeID":"197423","text":"Barbara: shadowofahelicopter : he's completely turned it around in the last twenty minutes","type":"L","timestamp":"2016-08-31 14:54:20"},{"nodeID":"197424","text":"shadowofahelicopter : he's got a lot to make up for his slow rough start","type":"L","timestamp":"2016-08-31 14:54:20"},{"nodeID":"197425","text":"Asserting","type":"YA","timestamp":"2016-08-31 14:54:20","scheme":"Asserting","schemeID":"74"},{"nodeID":"197426","text":"Bernie Sanders has got a lot to make up for his slow rough start","type":"I","timestamp":"2016-08-31 14:54:20"},{"nodeID":"197427","text":"Barbara: shadowofahelicopter : he's got a lot to make up for his slow rough start","type":"L","timestamp":"2016-08-31 14:54:20"},{"nodeID":"197428","text":"Default Inference","type":"RA","timestamp":"2016-08-31 14:54:20","scheme":"Default Inference","schemeID":"72"},{"nodeID":"197429","text":"Default Transition","type":"TA","timestamp":"2016-08-31 14:54:20","scheme":"Default Transition","schemeID":"82"},{"nodeID":"197430","text":"Arguing","type":"YA","timestamp":"2016-08-31 14:54:20","scheme":"Arguing","schemeID":"80"},{"nodeID":"197431","text":"Default Transition","type":"TA","timestamp":"2016-08-31 14:54:21","scheme":"Default Transition","schemeID":"82"},{"nodeID":"197432","text":"Default Transition","type":"TA","timestamp":"2016-08-31 14:54:21","scheme":"Default Transition","schemeID":"82"},{"nodeID":"197433","text":"Default Transition","type":"TA","timestamp":"2016-08-31 14:54:21","scheme":"Default Transition","schemeID":"82"},{"nodeID":"197434","text":"Default Conflict","type":"CA","timestamp":"2016-08-31 14:54:21","scheme":"Default Conflict","schemeID":"71"},{"nodeID":"197435","text":"Default Transition","type":"TA","timestamp":"2016-08-31 14:54:21","scheme":"Default Transition","schemeID":"82"},{"nodeID":"197436","text":"Disagreeing","type":"YA","timestamp":"2016-08-31 14:54:21","scheme":"Disagreeing","schemeID":"78"}],"edges":[{"edgeID":"241692","fromID":"197269","toID":"197270","formEdgeID":null},{"edgeID":"241693","fromID":"197268","toID":"197269","formEdgeID":null},{"edgeID":"241694","fromID":"197268","toID":"197274","formEdgeID":null},{"edgeID":"241695","fromID":"197274","toID":"197272","formEdgeID":null},{"edgeID":"241696","fromID":"197274","toID":"197275","formEdgeID":null},{"edgeID":"241697","fromID":"197275","toID":"197270","formEdgeID":null},{"edgeID":"241698","fromID":"197277","toID":"197278","formEdgeID":null},{"edgeID":"241699","fromID":"197276","toID":"197277","formEdgeID":null},{"edgeID":"241700","fromID":"197281","toID":"197282","formEdgeID":null},{"edgeID":"241701","fromID":"197280","toID":"197281","formEdgeID":null},{"edgeID":"241702","fromID":"197285","toID":"197286","formEdgeID":null},{"edgeID":"241703","fromID":"197284","toID":"197285","formEdgeID":null},{"edgeID":"241704","fromID":"197289","toID":"197290","formEdgeID":null},{"edgeID":"241705","fromID":"197288","toID":"197289","formEdgeID":null},{"edgeID":"241706","fromID":"197286","toID":"197292","formEdgeID":null},{"edgeID":"241707","fromID":"197292","toID":"197290","formEdgeID":null},{"edgeID":"241708","fromID":"197284","toID":"197293","formEdgeID":null},{"edgeID":"241709","fromID":"197293","toID":"197288","formEdgeID":null},{"edgeID":"241710","fromID":"197293","toID":"197294","formEdgeID":null},{"edgeID":"241711","fromID":"197294","toID":"197292","formEdgeID":null},{"edgeID":"241712","fromID":"197276","toID":"197295","formEdgeID":null},{"edgeID":"241713","fromID":"197295","toID":"197280","formEdgeID":null},{"edgeID":"241714","fromID":"197280","toID":"197296","formEdgeID":null},{"edgeID":"241715","fromID":"197296","toID":"197284","formEdgeID":null},{"edgeID":"241716","fromID":"197272","toID":"197297","formEdgeID":null},{"edgeID":"241717","fromID":"197297","toID":"197276","formEdgeID":null},{"edgeID":"241718","fromID":"197299","toID":"197300","formEdgeID":null},{"edgeID":"241719","fromID":"197298","toID":"197299","formEdgeID":null},{"edgeID":"241720","fromID":"197303","toID":"197304","formEdgeID":null},{"edgeID":"241721","fromID":"197302","toID":"197303","formEdgeID":null},{"edgeID":"241722","fromID":"197288","toID":"197306","formEdgeID":null},{"edgeID":"241723","fromID":"197306","toID":"197298","formEdgeID":null},{"edgeID":"241724","fromID":"197298","toID":"197307","formEdgeID":null},{"edgeID":"241725","fromID":"197307","toID":"197302","formEdgeID":null},{"edgeID":"241726","fromID":"197309","toID":"197310","formEdgeID":null},{"edgeID":"241727","fromID":"197308","toID":"197309","formEdgeID":null},{"edgeID":"241728","fromID":"197302","toID":"197312","formEdgeID":null},{"edgeID":"241729","fromID":"197312","toID":"197308","formEdgeID":null},{"edgeID":"241730","fromID":"197310","toID":"197313","formEdgeID":null},{"edgeID":"241731","fromID":"197313","toID":"197304","formEdgeID":null},{"edgeID":"241732","fromID":"197312","toID":"197314","formEdgeID":null},{"edgeID":"241733","fromID":"197314","toID":"197313","formEdgeID":null},{"edgeID":"241734","fromID":"197316","toID":"197317","formEdgeID":null},{"edgeID":"241735","fromID":"197315","toID":"197316","formEdgeID":null},{"edgeID":"241736","fromID":"197320","toID":"197321","formEdgeID":null},{"edgeID":"241737","fromID":"197319","toID":"197320","formEdgeID":null},{"edgeID":"241738","fromID":"197324","toID":"197325","formEdgeID":null},{"edgeID":"241739","fromID":"197323","toID":"197324","formEdgeID":null},{"edgeID":"241740","fromID":"197325","toID":"197327","formEdgeID":null},{"edgeID":"241741","fromID":"197327","toID":"197317","formEdgeID":null},{"edgeID":"241742","fromID":"197321","toID":"197327","formEdgeID":null},{"edgeID":"241743","fromID":"197315","toID":"197328","formEdgeID":null},{"edgeID":"241744","fromID":"197328","toID":"197323","formEdgeID":null},{"edgeID":"241745","fromID":"197328","toID":"197319","formEdgeID":null},{"edgeID":"241746","fromID":"197328","toID":"197329","formEdgeID":null},{"edgeID":"241747","fromID":"197329","toID":"197327","formEdgeID":null},{"edgeID":"241748","fromID":"197331","toID":"197332","formEdgeID":null},{"edgeID":"241749","fromID":"197330","toID":"197331","formEdgeID":null},{"edgeID":"241750","fromID":"197323","toID":"197334","formEdgeID":null},{"edgeID":"241751","fromID":"197334","toID":"197330","formEdgeID":null},{"edgeID":"241752","fromID":"197336","toID":"197337","formEdgeID":null},{"edgeID":"241753","fromID":"197335","toID":"197336","formEdgeID":null},{"edgeID":"241754","fromID":"197340","toID":"197341","formEdgeID":null},{"edgeID":"241755","fromID":"197339","toID":"197340","formEdgeID":null},{"edgeID":"241756","fromID":"197344","toID":"197345","formEdgeID":null},{"edgeID":"241757","fromID":"197343","toID":"197344","formEdgeID":null},{"edgeID":"241758","fromID":"197345","toID":"197347","formEdgeID":null},{"edgeID":"241759","fromID":"197347","toID":"197337","formEdgeID":null},{"edgeID":"241760","fromID":"197335","toID":"197348","formEdgeID":null},{"edgeID":"241761","fromID":"197348","toID":"197343","formEdgeID":null},{"edgeID":"241762","fromID":"197348","toID":"197349","formEdgeID":null},{"edgeID":"241763","fromID":"197349","toID":"197347","formEdgeID":null},{"edgeID":"241764","fromID":"197335","toID":"197350","formEdgeID":null},{"edgeID":"241765","fromID":"197350","toID":"197339","formEdgeID":null},{"edgeID":"241766","fromID":"197353","toID":"197354","formEdgeID":null},{"edgeID":"241767","fromID":"197352","toID":"197353","formEdgeID":null},{"edgeID":"241768","fromID":"197357","toID":"197358","formEdgeID":null},{"edgeID":"241769","fromID":"197356","toID":"197357","formEdgeID":null},{"edgeID":"241770","fromID":"197358","toID":"197360","formEdgeID":null},{"edgeID":"241771","fromID":"197360","toID":"197354","formEdgeID":null},{"edgeID":"241772","fromID":"197352","toID":"197361","formEdgeID":null},{"edgeID":"241773","fromID":"197361","toID":"197356","formEdgeID":null},{"edgeID":"241774","fromID":"197361","toID":"197362","formEdgeID":null},{"edgeID":"241775","fromID":"197362","toID":"197360","formEdgeID":null},{"edgeID":"241776","fromID":"197343","toID":"197363","formEdgeID":null},{"edgeID":"241777","fromID":"197363","toID":"197352","formEdgeID":null},{"edgeID":"241778","fromID":"197365","toID":"197366","formEdgeID":null},{"edgeID":"241779","fromID":"197364","toID":"197365","formEdgeID":null},{"edgeID":"241780","fromID":"197369","toID":"197370","formEdgeID":null},{"edgeID":"241781","fromID":"197368","toID":"197369","formEdgeID":null},{"edgeID":"241782","fromID":"197373","toID":"197374","formEdgeID":null},{"edgeID":"241783","fromID":"197372","toID":"197373","formEdgeID":null},{"edgeID":"241784","fromID":"197377","toID":"197378","formEdgeID":null},{"edgeID":"241785","fromID":"197376","toID":"197377","formEdgeID":null},{"edgeID":"241786","fromID":"197356","toID":"197380","formEdgeID":null},{"edgeID":"241787","fromID":"197380","toID":"197364","formEdgeID":null},{"edgeID":"241788","fromID":"197364","toID":"197381","formEdgeID":null},{"edgeID":"241789","fromID":"197381","toID":"197368","formEdgeID":null},{"edgeID":"241790","fromID":"197368","toID":"197382","formEdgeID":null},{"edgeID":"241791","fromID":"197382","toID":"197372","formEdgeID":null},{"edgeID":"241792","fromID":"197372","toID":"197383","formEdgeID":null},{"edgeID":"241793","fromID":"197383","toID":"197376","formEdgeID":null},{"edgeID":"241794","fromID":"197376","toID":"197384","formEdgeID":null},{"edgeID":"241795","fromID":"197384","toID":"197268","formEdgeID":null},{"edgeID":"241796","fromID":"197317","toID":"197385","formEdgeID":null},{"edgeID":"241797","fromID":"197385","toID":"197337","formEdgeID":null},{"edgeID":"241798","fromID":"197335","toID":"197386","formEdgeID":null},{"edgeID":"241799","fromID":"197386","toID":"197315","formEdgeID":null},{"edgeID":"241800","fromID":"197386","toID":"197387","formEdgeID":null},{"edgeID":"241801","fromID":"197387","toID":"197385","formEdgeID":null},{"edgeID":"241802","fromID":"197389","toID":"197390","formEdgeID":null},{"edgeID":"241803","fromID":"197388","toID":"197389","formEdgeID":null},{"edgeID":"241804","fromID":"197393","toID":"197394","formEdgeID":null},{"edgeID":"241805","fromID":"197392","toID":"197393","formEdgeID":null},{"edgeID":"241806","fromID":"197397","toID":"197398","formEdgeID":null},{"edgeID":"241807","fromID":"197396","toID":"197397","formEdgeID":null},{"edgeID":"241808","fromID":"197330","toID":"197400","formEdgeID":null},{"edgeID":"241809","fromID":"197400","toID":"197388","formEdgeID":null},{"edgeID":"241810","fromID":"197398","toID":"197401","formEdgeID":null},{"edgeID":"241811","fromID":"197401","toID":"197390","formEdgeID":null},{"edgeID":"241812","fromID":"197394","toID":"197401","formEdgeID":null},{"edgeID":"241813","fromID":"197388","toID":"197402","formEdgeID":null},{"edgeID":"241814","fromID":"197402","toID":"197396","formEdgeID":null},{"edgeID":"241815","fromID":"197402","toID":"197392","formEdgeID":null},{"edgeID":"241816","fromID":"197402","toID":"197403","formEdgeID":null},{"edgeID":"241817","fromID":"197403","toID":"197401","formEdgeID":null},{"edgeID":"241818","fromID":"197405","toID":"197406","formEdgeID":null},{"edgeID":"241819","fromID":"197404","toID":"197405","formEdgeID":null},{"edgeID":"241820","fromID":"197409","toID":"197410","formEdgeID":null},{"edgeID":"241821","fromID":"197408","toID":"197409","formEdgeID":null},{"edgeID":"241822","fromID":"197413","toID":"197414","formEdgeID":null},{"edgeID":"241823","fromID":"197412","toID":"197413","formEdgeID":null},{"edgeID":"241824","fromID":"197417","toID":"197418","formEdgeID":null},{"edgeID":"241825","fromID":"197416","toID":"197417","formEdgeID":null},{"edgeID":"241826","fromID":"197421","toID":"197422","formEdgeID":null},{"edgeID":"241827","fromID":"197420","toID":"197421","formEdgeID":null},{"edgeID":"241828","fromID":"197425","toID":"197426","formEdgeID":null},{"edgeID":"241829","fromID":"197424","toID":"197425","formEdgeID":null},{"edgeID":"241830","fromID":"197406","toID":"197428","formEdgeID":null},{"edgeID":"241831","fromID":"197428","toID":"197414","formEdgeID":null},{"edgeID":"241832","fromID":"197410","toID":"197428","formEdgeID":null},{"edgeID":"241833","fromID":"197404","toID":"197429","formEdgeID":null},{"edgeID":"241834","fromID":"197429","toID":"197412","formEdgeID":null},{"edgeID":"241835","fromID":"197408","toID":"197429","formEdgeID":null},{"edgeID":"241836","fromID":"197429","toID":"197430","formEdgeID":null},{"edgeID":"241837","fromID":"197430","toID":"197428","formEdgeID":null},{"edgeID":"241838","fromID":"197412","toID":"197431","formEdgeID":null},{"edgeID":"241839","fromID":"197431","toID":"197416","formEdgeID":null},{"edgeID":"241840","fromID":"197416","toID":"197432","formEdgeID":null},{"edgeID":"241841","fromID":"197432","toID":"197420","formEdgeID":null},{"edgeID":"241842","fromID":"197420","toID":"197433","formEdgeID":null},{"edgeID":"241843","fromID":"197433","toID":"197424","formEdgeID":null},{"edgeID":"241844","fromID":"197414","toID":"197434","formEdgeID":null},{"edgeID":"241845","fromID":"197434","toID":"197317","formEdgeID":null},{"edgeID":"241846","fromID":"197315","toID":"197435","formEdgeID":null},{"edgeID":"241847","fromID":"197435","toID":"197412","formEdgeID":null},{"edgeID":"241848","fromID":"197435","toID":"197436","formEdgeID":null},{"edgeID":"241849","fromID":"197436","toID":"197434","formEdgeID":null}],"locutions":[]}