{"nodes":[{"nodeID":"201110","text":"Valahiru : when Sanders spaced out for a second earlier that was just him re-booting","type":"L","timestamp":"2016-09-21 14:37:42"},{"nodeID":"201111","text":"Asserting","type":"YA","timestamp":"2016-09-21 14:37:43","scheme":"Asserting","schemeID":"74"},{"nodeID":"201112","text":"when Sanders spaced out for a second earlier that was just him re-booting","type":"I","timestamp":"2016-09-21 14:37:43"},{"nodeID":"201113","text":"Barbara: Valahiru : when Sanders spaced out for a second earlier that was just him re-booting","type":"L","timestamp":"2016-09-21 14:37:43"},{"nodeID":"201114","text":"Barbara: Valahiru : He was just overwhelmed by how weird whatever Webb was saying about China was","type":"L","timestamp":"2016-09-21 14:37:43"},{"nodeID":"201115","text":"Default Conflict","type":"CA","timestamp":"2016-09-21 14:37:43","scheme":"Default Conflict","schemeID":"71"},{"nodeID":"201116","text":"Default Transition","type":"TA","timestamp":"2016-09-21 14:37:43","scheme":"Default Transition","schemeID":"82"},{"nodeID":"201117","text":"Disagreeing","type":"YA","timestamp":"2016-09-21 14:37:43","scheme":"Disagreeing","schemeID":"78"},{"nodeID":"201118","text":"That was right after Webb brought up China out of the blue","type":"L","timestamp":"2016-09-21 14:37:43"},{"nodeID":"201119","text":"MrFordization : He was just overwhelmed by how weird whatever Webb was saying about China was","type":"L","timestamp":"2016-09-21 14:37:43"},{"nodeID":"201120","text":"Asserting","type":"YA","timestamp":"2016-09-21 14:37:44","scheme":"Asserting","schemeID":"74"},{"nodeID":"201121","text":"Sanders was just overwhelmed by how weird whatever Webb was saying about China was","type":"I","timestamp":"2016-09-21 14:37:44"},{"nodeID":"201122","text":"Barbara: MrFordization : He was just overwhelmed by how weird whatever Webb was saying about China was","type":"L","timestamp":"2016-09-21 14:37:44"},{"nodeID":"201123","text":"moxy80 : That was right after Webb brought up China out of the blue","type":"L","timestamp":"2016-09-21 14:37:44"},{"nodeID":"201124","text":"Asserting","type":"YA","timestamp":"2016-09-21 14:37:44","scheme":"Asserting","schemeID":"74"},{"nodeID":"201125","text":"Barbara: moxy80 : moxy80","type":"L","timestamp":"2016-09-21 14:37:44"},{"nodeID":"201126","text":"moxy80 : give him a break","type":"L","timestamp":"2016-09-21 14:37:44"},{"nodeID":"201127","text":"Asserting","type":"YA","timestamp":"2016-09-21 14:37:44","scheme":"Asserting","schemeID":"74"},{"nodeID":"201128","text":"give Sanders a break","type":"I","timestamp":"2016-09-21 14:37:44"},{"nodeID":"201129","text":"Barbara: moxy80 : give him a break","type":"L","timestamp":"2016-09-21 14:37:45"},{"nodeID":"201130","text":"Default Inference","type":"RA","timestamp":"2016-09-21 14:37:45","scheme":"Default Inference","schemeID":"72"},{"nodeID":"201131","text":"Default Transition","type":"TA","timestamp":"2016-09-21 14:37:45","scheme":"Default Transition","schemeID":"82"},{"nodeID":"201132","text":"Arguing","type":"YA","timestamp":"2016-09-21 14:37:45","scheme":"Arguing","schemeID":"80"},{"nodeID":"201133","text":"Default Conflict","type":"CA","timestamp":"2016-09-21 14:37:45","scheme":"Default Conflict","schemeID":"71"},{"nodeID":"201134","text":"Default Transition","type":"TA","timestamp":"2016-09-21 14:37:45","scheme":"Default Transition","schemeID":"82"},{"nodeID":"201135","text":"Disagreeing","type":"YA","timestamp":"2016-09-21 14:37:45","scheme":"Disagreeing","schemeID":"78"},{"nodeID":"201136","text":"Valahiru : I wasn't criticizing","type":"L","timestamp":"2016-09-21 14:37:45"},{"nodeID":"201137","text":"Asserting","type":"YA","timestamp":"2016-09-21 14:37:45","scheme":"Asserting","schemeID":"74"},{"nodeID":"201138","text":"I wasn't criticizing","type":"I","timestamp":"2016-09-21 14:37:45"},{"nodeID":"201139","text":"Barbara: Valahiru : I wasn't criticizing","type":"L","timestamp":"2016-09-21 14:37:45"},{"nodeID":"201140","text":"Default Conflict","type":"CA","timestamp":"2016-09-21 14:37:46","scheme":"Default Conflict","schemeID":"71"},{"nodeID":"201141","text":"Default Transition","type":"TA","timestamp":"2016-09-21 14:37:46","scheme":"Default Transition","schemeID":"82"},{"nodeID":"201142","text":"Disagreeing","type":"YA","timestamp":"2016-09-21 14:37:46","scheme":"Disagreeing","schemeID":"78"},{"nodeID":"201143","text":"Valahiru :  I'm saying he's doing a lot better since that","type":"L","timestamp":"2016-09-21 14:37:46"},{"nodeID":"201144","text":"Asserting","type":"YA","timestamp":"2016-09-21 14:37:46","scheme":"Asserting","schemeID":"74"},{"nodeID":"201145","text":"Sanders is doing a lot better since that","type":"I","timestamp":"2016-09-21 14:37:46"},{"nodeID":"201146","text":"Barbara: Valahiru :  I'm saying he's doing a lot better since that","type":"L","timestamp":"2016-09-21 14:37:46"},{"nodeID":"201147","text":"Valahiru : It was his turning point","type":"L","timestamp":"2016-09-21 14:37:46"},{"nodeID":"201148","text":"Asserting","type":"YA","timestamp":"2016-09-21 14:37:46","scheme":"Asserting","schemeID":"74"},{"nodeID":"201149","text":"It was Sanders' turning point","type":"I","timestamp":"2016-09-21 14:37:46"},{"nodeID":"201150","text":"Barbara: Valahiru : It was his turning point","type":"L","timestamp":"2016-09-21 14:37:46"},{"nodeID":"201151","text":"Default Inference","type":"RA","timestamp":"2016-09-21 14:37:47","scheme":"Default Inference","schemeID":"72"},{"nodeID":"201152","text":"Default Transition","type":"TA","timestamp":"2016-09-21 14:37:47","scheme":"Default Transition","schemeID":"82"},{"nodeID":"201153","text":"Arguing","type":"YA","timestamp":"2016-09-21 14:37:47","scheme":"Arguing","schemeID":"80"},{"nodeID":"201154","text":"mPORTZER : BERN INITIALIZED","type":"L","timestamp":"2016-09-21 14:37:47"},{"nodeID":"201155","text":"Asserting","type":"YA","timestamp":"2016-09-21 14:37:47","scheme":"Asserting","schemeID":"74"},{"nodeID":"201156","text":"BERN INITIALIZED","type":"I","timestamp":"2016-09-21 14:37:47"},{"nodeID":"201157","text":"Barbara: mPORTZER : BERN INITIALIZED","type":"L","timestamp":"2016-09-21 14:37:47"},{"nodeID":"201158","text":"Default Transition","type":"TA","timestamp":"2016-09-21 14:37:47","scheme":"Default Transition","schemeID":"82"}],"edges":[{"edgeID":"245777","fromID":"201111","toID":"201112","formEdgeID":null},{"edgeID":"245778","fromID":"201110","toID":"201111","formEdgeID":null},{"edgeID":"245779","fromID":"201115","toID":"201112","formEdgeID":null},{"edgeID":"245780","fromID":"201110","toID":"201116","formEdgeID":null},{"edgeID":"245781","fromID":"201116","toID":"201117","formEdgeID":null},{"edgeID":"245782","fromID":"201117","toID":"201115","formEdgeID":null},{"edgeID":"245783","fromID":"201120","toID":"201121","formEdgeID":null},{"edgeID":"245784","fromID":"201119","toID":"201120","formEdgeID":null},{"edgeID":"245785","fromID":"201121","toID":"201115","formEdgeID":null},{"edgeID":"245786","fromID":"201116","toID":"201119","formEdgeID":null},{"edgeID":"245787","fromID":"201124","toID":"201118","formEdgeID":null},{"edgeID":"245788","fromID":"201123","toID":"201124","formEdgeID":null},{"edgeID":"245789","fromID":"201127","toID":"201128","formEdgeID":null},{"edgeID":"245790","fromID":"201126","toID":"201127","formEdgeID":null},{"edgeID":"245791","fromID":"201118","toID":"201130","formEdgeID":null},{"edgeID":"245792","fromID":"201130","toID":"201128","formEdgeID":null},{"edgeID":"245793","fromID":"201123","toID":"201131","formEdgeID":null},{"edgeID":"245794","fromID":"201131","toID":"201126","formEdgeID":null},{"edgeID":"245795","fromID":"201131","toID":"201132","formEdgeID":null},{"edgeID":"245796","fromID":"201132","toID":"201130","formEdgeID":null},{"edgeID":"245797","fromID":"201128","toID":"201133","formEdgeID":null},{"edgeID":"245798","fromID":"201133","toID":"201112","formEdgeID":null},{"edgeID":"245799","fromID":"201110","toID":"201134","formEdgeID":null},{"edgeID":"245800","fromID":"201134","toID":"201126","formEdgeID":null},{"edgeID":"245801","fromID":"201134","toID":"201135","formEdgeID":null},{"edgeID":"245802","fromID":"201135","toID":"201133","formEdgeID":null},{"edgeID":"245803","fromID":"201137","toID":"201138","formEdgeID":null},{"edgeID":"245804","fromID":"201136","toID":"201137","formEdgeID":null},{"edgeID":"245805","fromID":"201138","toID":"201140","formEdgeID":null},{"edgeID":"245806","fromID":"201140","toID":"201128","formEdgeID":null},{"edgeID":"245807","fromID":"201126","toID":"201141","formEdgeID":null},{"edgeID":"245808","fromID":"201141","toID":"201136","formEdgeID":null},{"edgeID":"245809","fromID":"201141","toID":"201142","formEdgeID":null},{"edgeID":"245810","fromID":"201142","toID":"201140","formEdgeID":null},{"edgeID":"245811","fromID":"201144","toID":"201145","formEdgeID":null},{"edgeID":"245812","fromID":"201143","toID":"201144","formEdgeID":null},{"edgeID":"245813","fromID":"201148","toID":"201149","formEdgeID":null},{"edgeID":"245814","fromID":"201147","toID":"201148","formEdgeID":null},{"edgeID":"245815","fromID":"201145","toID":"201151","formEdgeID":null},{"edgeID":"245816","fromID":"201151","toID":"201138","formEdgeID":null},{"edgeID":"245817","fromID":"201149","toID":"201151","formEdgeID":null},{"edgeID":"245818","fromID":"201136","toID":"201152","formEdgeID":null},{"edgeID":"245819","fromID":"201152","toID":"201143","formEdgeID":null},{"edgeID":"245820","fromID":"201152","toID":"201147","formEdgeID":null},{"edgeID":"245821","fromID":"201152","toID":"201153","formEdgeID":null},{"edgeID":"245822","fromID":"201153","toID":"201151","formEdgeID":null},{"edgeID":"245823","fromID":"201155","toID":"201156","formEdgeID":null},{"edgeID":"245824","fromID":"201154","toID":"201155","formEdgeID":null},{"edgeID":"245825","fromID":"201147","toID":"201158","formEdgeID":null},{"edgeID":"245826","fromID":"201158","toID":"201154","formEdgeID":null}],"locutions":[]}