{"nodes":[{"nodeID":"201400","text":"derpaderp1 : I still can't believe that guy admitted to voting for something he didn't know about","type":"L","timestamp":"2016-09-22 10:23:33"},{"nodeID":"201401","text":"Asserting","type":"YA","timestamp":"2016-09-22 10:23:33","scheme":"Asserting","schemeID":"74"},{"nodeID":"201402","text":"I still can't believe that guy admitted to voting for something he didn't know about","type":"I","timestamp":"2016-09-22 10:23:34"},{"nodeID":"201403","text":"Barbara: derpaderp1 : I still can't believe that guy admitted to voting for something he didn't know about","type":"L","timestamp":"2016-09-22 10:23:34"},{"nodeID":"201404","text":"GenericReditAccount : They may never come back to him","type":"L","timestamp":"2016-09-22 10:23:34"},{"nodeID":"201405","text":"Asserting","type":"YA","timestamp":"2016-09-22 10:23:34","scheme":"Asserting","schemeID":"74"},{"nodeID":"201406","text":"they may never come back to him","type":"I","timestamp":"2016-09-22 10:23:34"},{"nodeID":"201407","text":"Barbara: GenericReditAccount : They may never come back to him","type":"L","timestamp":"2016-09-22 10:23:34"},{"nodeID":"201408","text":"poor guy","type":"I","timestamp":"2016-09-22 10:23:34"},{"nodeID":"201409","text":"Asserting","type":"YA","timestamp":"2016-09-22 10:23:34","scheme":"Asserting","schemeID":"74"},{"nodeID":"201410","text":"GenericReditAccount : Poor guy","type":"L","timestamp":"2016-09-22 10:23:34"},{"nodeID":"201411","text":"Barbara: GenericReditAccount : Poor guy","type":"L","timestamp":"2016-09-22 10:23:34"},{"nodeID":"201412","text":"Default Transition","type":"TA","timestamp":"2016-09-22 10:23:35","scheme":"Default Transition","schemeID":"82"},{"nodeID":"201413","text":"Default Transition","type":"TA","timestamp":"2016-09-22 10:23:35","scheme":"Default Transition","schemeID":"82"},{"nodeID":"201414","text":"the only difference between him and the vast majority of others is that he admitted it","type":"I","timestamp":"2016-09-22 10:23:35"},{"nodeID":"201415","text":"Asserting","type":"YA","timestamp":"2016-09-22 10:23:35","scheme":"Asserting","schemeID":"74"},{"nodeID":"201416","text":"Tuatho : the only difference between him and the vast majority of others is that he admitted it","type":"L","timestamp":"2016-09-22 10:23:35"},{"nodeID":"201417","text":"Barbara: Tuatho : the only difference between him and the vast majority of others is that he admitted it","type":"L","timestamp":"2016-09-22 10:23:35"},{"nodeID":"201418","text":"Tuatho : It's sad he's gonna be roasted for being honest","type":"L","timestamp":"2016-09-22 10:23:35"},{"nodeID":"201419","text":"Asserting","type":"YA","timestamp":"2016-09-22 10:23:35","scheme":"Asserting","schemeID":"74"},{"nodeID":"201420","text":"it's sad he's gonna be roasted for being honest","type":"I","timestamp":"2016-09-22 10:23:36"},{"nodeID":"201421","text":"Barbara: Tuatho : It's sad he's gonna be roasted for being honest","type":"L","timestamp":"2016-09-22 10:23:36"},{"nodeID":"201422","text":"Tuatho : I've met senators, a lot of them have no fucking clue and their shit's being run for them","type":"L","timestamp":"2016-09-22 10:23:36"},{"nodeID":"201423","text":"Asserting","type":"YA","timestamp":"2016-09-22 10:23:36","scheme":"Asserting","schemeID":"74"},{"nodeID":"201424","text":"I've met senators, a lot of them have no fucking clue and their shit's being run for them","type":"I","timestamp":"2016-09-22 10:23:36"},{"nodeID":"201425","text":"Barbara: Tuatho : I've met senators, a lot of them have no fucking clue and their shit's being run for them","type":"L","timestamp":"2016-09-22 10:23:36"},{"nodeID":"201426","text":"Default Inference","type":"RA","timestamp":"2016-09-22 10:23:36","scheme":"Default Inference","schemeID":"72"},{"nodeID":"201427","text":"Default Transition","type":"TA","timestamp":"2016-09-22 10:23:36","scheme":"Default Transition","schemeID":"82"},{"nodeID":"201428","text":"Arguing","type":"YA","timestamp":"2016-09-22 10:23:36","scheme":"Arguing","schemeID":"80"},{"nodeID":"201429","text":"Default Inference","type":"RA","timestamp":"2016-09-22 10:23:36","scheme":"Default Inference","schemeID":"72"},{"nodeID":"201430","text":"Default Transition","type":"TA","timestamp":"2016-09-22 10:23:37","scheme":"Default Transition","schemeID":"82"},{"nodeID":"201431","text":"Arguing","type":"YA","timestamp":"2016-09-22 10:23:37","scheme":"Arguing","schemeID":"80"},{"nodeID":"201432","text":"Default Conflict","type":"CA","timestamp":"2016-09-22 10:23:37","scheme":"Default Conflict","schemeID":"71"},{"nodeID":"201433","text":"Default Transition","type":"TA","timestamp":"2016-09-22 10:23:37","scheme":"Default Transition","schemeID":"82"},{"nodeID":"201434","text":"Disagreeing","type":"YA","timestamp":"2016-09-22 10:23:37","scheme":"Disagreeing","schemeID":"78"},{"nodeID":"201435","text":"derpaderp1 : Oh for sure","type":"L","timestamp":"2016-09-22 10:23:37"},{"nodeID":"201436","text":"Barbara: derpaderp1 : Oh for sure","type":"L","timestamp":"2016-09-22 10:23:37"},{"nodeID":"201437","text":"Default Transition","type":"TA","timestamp":"2016-09-22 10:23:37","scheme":"Default Transition","schemeID":"82"},{"nodeID":"201438","text":"Agreeing","type":"YA","timestamp":"2016-09-22 10:23:37","scheme":"Agreeing","schemeID":"77"},{"nodeID":"201439","text":"derpaderp1 : it would have been easy to say \"it was my first day. I trusted day advisors\"","type":"L","timestamp":"2016-09-22 10:23:37"},{"nodeID":"201440","text":"Asserting","type":"YA","timestamp":"2016-09-22 10:23:37","scheme":"Asserting","schemeID":"74"},{"nodeID":"201441","text":"it would have been easy to say \"it was my first day. I trusted day advisors\"","type":"I","timestamp":"2016-09-22 10:23:37"},{"nodeID":"201442","text":"Barbara: derpaderp1 : it would have been easy to say \"it was my first day. I trusted day advisors\"","type":"L","timestamp":"2016-09-22 10:23:38"},{"nodeID":"201443","text":"Default Conflict","type":"CA","timestamp":"2016-09-22 10:23:38","scheme":"Default Conflict","schemeID":"71"},{"nodeID":"201444","text":"Default Transition","type":"TA","timestamp":"2016-09-22 10:23:38","scheme":"Default Transition","schemeID":"82"},{"nodeID":"201445","text":"Disagreeing","type":"YA","timestamp":"2016-09-22 10:23:38","scheme":"Disagreeing","schemeID":"78"},{"nodeID":"201446","text":"[deleted] : By far the funniest part of the whole debate - IDK it was my first day lulz cut me some slack","type":"L","timestamp":"2016-09-22 10:23:38"},{"nodeID":"201447","text":"Asserting","type":"YA","timestamp":"2016-09-22 10:23:38","scheme":"Asserting","schemeID":"74"},{"nodeID":"201448","text":"by far the funniest part of the whole debate - IDK it was my first day lulz cut me some slack","type":"I","timestamp":"2016-09-22 10:23:38"},{"nodeID":"201449","text":"Barbara: [deleted] : By far the funniest part of the whole debate - IDK it was my first day lulz cut me some slack","type":"L","timestamp":"2016-09-22 10:23:38"},{"nodeID":"201450","text":"Default Transition","type":"TA","timestamp":"2016-09-22 10:23:38","scheme":"Default Transition","schemeID":"82"},{"nodeID":"201451","text":"elkab0ng : what we just saw right there was career death on national TV. Good god that was horrible","type":"L","timestamp":"2016-09-22 10:23:38"},{"nodeID":"201452","text":"Asserting","type":"YA","timestamp":"2016-09-22 10:23:39","scheme":"Asserting","schemeID":"74"},{"nodeID":"201453","text":"what we just saw right there was career death on national TV. Good god that was horrible","type":"I","timestamp":"2016-09-22 10:23:39"},{"nodeID":"201454","text":"Barbara: elkab0ng : what we just saw right there was career death on national TV. Good god that was horrible","type":"L","timestamp":"2016-09-22 10:23:39"},{"nodeID":"201455","text":"Default Transition","type":"TA","timestamp":"2016-09-22 10:23:39","scheme":"Default Transition","schemeID":"82"}],"edges":[{"edgeID":"246125","fromID":"201401","toID":"201402","formEdgeID":null},{"edgeID":"246126","fromID":"201400","toID":"201401","formEdgeID":null},{"edgeID":"246127","fromID":"201405","toID":"201406","formEdgeID":null},{"edgeID":"246128","fromID":"201404","toID":"201405","formEdgeID":null},{"edgeID":"246129","fromID":"201409","toID":"201408","formEdgeID":null},{"edgeID":"246130","fromID":"201410","toID":"201409","formEdgeID":null},{"edgeID":"246131","fromID":"201400","toID":"201412","formEdgeID":null},{"edgeID":"246132","fromID":"201412","toID":"201404","formEdgeID":null},{"edgeID":"246133","fromID":"201404","toID":"201413","formEdgeID":null},{"edgeID":"246134","fromID":"201413","toID":"201410","formEdgeID":null},{"edgeID":"246135","fromID":"201415","toID":"201414","formEdgeID":null},{"edgeID":"246136","fromID":"201416","toID":"201415","formEdgeID":null},{"edgeID":"246137","fromID":"201419","toID":"201420","formEdgeID":null},{"edgeID":"246138","fromID":"201418","toID":"201419","formEdgeID":null},{"edgeID":"246139","fromID":"201423","toID":"201424","formEdgeID":null},{"edgeID":"246140","fromID":"201422","toID":"201423","formEdgeID":null},{"edgeID":"246141","fromID":"201414","toID":"201426","formEdgeID":null},{"edgeID":"246142","fromID":"201426","toID":"201420","formEdgeID":null},{"edgeID":"246143","fromID":"201416","toID":"201427","formEdgeID":null},{"edgeID":"246144","fromID":"201427","toID":"201418","formEdgeID":null},{"edgeID":"246145","fromID":"201427","toID":"201428","formEdgeID":null},{"edgeID":"246146","fromID":"201428","toID":"201426","formEdgeID":null},{"edgeID":"246147","fromID":"201424","toID":"201429","formEdgeID":null},{"edgeID":"246148","fromID":"201429","toID":"201420","formEdgeID":null},{"edgeID":"246149","fromID":"201418","toID":"201430","formEdgeID":null},{"edgeID":"246150","fromID":"201430","toID":"201422","formEdgeID":null},{"edgeID":"246151","fromID":"201430","toID":"201431","formEdgeID":null},{"edgeID":"246152","fromID":"201431","toID":"201429","formEdgeID":null},{"edgeID":"246153","fromID":"201420","toID":"201432","formEdgeID":null},{"edgeID":"246154","fromID":"201432","toID":"201402","formEdgeID":null},{"edgeID":"246155","fromID":"201400","toID":"201433","formEdgeID":null},{"edgeID":"246156","fromID":"201433","toID":"201418","formEdgeID":null},{"edgeID":"246157","fromID":"201433","toID":"201434","formEdgeID":null},{"edgeID":"246158","fromID":"201434","toID":"201432","formEdgeID":null},{"edgeID":"246159","fromID":"201422","toID":"201437","formEdgeID":null},{"edgeID":"246160","fromID":"201437","toID":"201435","formEdgeID":null},{"edgeID":"246161","fromID":"201437","toID":"201438","formEdgeID":null},{"edgeID":"246162","fromID":"201438","toID":"201424","formEdgeID":null},{"edgeID":"246163","fromID":"201440","toID":"201441","formEdgeID":null},{"edgeID":"246164","fromID":"201439","toID":"201440","formEdgeID":null},{"edgeID":"246165","fromID":"201441","toID":"201443","formEdgeID":null},{"edgeID":"246166","fromID":"201443","toID":"201424","formEdgeID":null},{"edgeID":"246167","fromID":"201422","toID":"201444","formEdgeID":null},{"edgeID":"246168","fromID":"201444","toID":"201439","formEdgeID":null},{"edgeID":"246169","fromID":"201444","toID":"201445","formEdgeID":null},{"edgeID":"246170","fromID":"201445","toID":"201443","formEdgeID":null},{"edgeID":"246171","fromID":"201447","toID":"201448","formEdgeID":null},{"edgeID":"246172","fromID":"201446","toID":"201447","formEdgeID":null},{"edgeID":"246173","fromID":"201439","toID":"201450","formEdgeID":null},{"edgeID":"246174","fromID":"201450","toID":"201446","formEdgeID":null},{"edgeID":"246175","fromID":"201452","toID":"201453","formEdgeID":null},{"edgeID":"246176","fromID":"201451","toID":"201452","formEdgeID":null},{"edgeID":"246177","fromID":"201446","toID":"201455","formEdgeID":null},{"edgeID":"246178","fromID":"201455","toID":"201451","formEdgeID":null}],"locutions":[{"nodeID":"201410","personID":"1725","timestamp":"2016-09-22 10:23:41","start":null,"end":null,"source":null},{"nodeID":"201416","personID":"2227","timestamp":"2016-09-22 10:23:41","start":null,"end":null,"source":null}]}