{"nodes":[{"nodeID":"192020","text":"BrosephSingh : I hate to say it but Bernie hasn't looked that great so far","type":"L","timestamp":"2016-08-10 13:25:51"},{"nodeID":"192021","text":"Asserting","type":"YA","timestamp":"2016-08-10 13:25:52","scheme":"Asserting","schemeID":"74"},{"nodeID":"192022","text":"Bernie Sanders hasn't looked that great so far","type":"I","timestamp":"2016-08-10 13:25:52"},{"nodeID":"192023","text":"Barbara: BrosephSingh : I hate to say it but Bernie hasn't looked that great so far","type":"L","timestamp":"2016-08-10 13:25:52"},{"nodeID":"192024","text":"PopWhatMagnitude : He isn't killing it","type":"L","timestamp":"2016-08-10 13:25:53"},{"nodeID":"192025","text":"Asserting","type":"YA","timestamp":"2016-08-10 13:25:53","scheme":"Asserting","schemeID":"74"},{"nodeID":"192026","text":"Sanders isn't killing it","type":"I","timestamp":"2016-08-10 13:25:53"},{"nodeID":"192027","text":"Barbara: PopWhatMagnitude : He isn't killing it","type":"L","timestamp":"2016-08-10 13:25:53"},{"nodeID":"192028","text":"PopWhatMagnitude : he is holding his own and his positions are being backed up by the other candidates","type":"L","timestamp":"2016-08-10 13:25:54"},{"nodeID":"192029","text":"Asserting","type":"YA","timestamp":"2016-08-10 13:25:54","scheme":"Asserting","schemeID":"74"},{"nodeID":"192030","text":"Sanders is holding his own and his positions are being backed up by the other candidates","type":"I","timestamp":"2016-08-10 13:25:54"},{"nodeID":"192031","text":"Barbara: PopWhatMagnitude : he is holding his own and his positions are being backed up by the other candidates","type":"L","timestamp":"2016-08-10 13:25:54"},{"nodeID":"192032","text":"Default Rephrase","type":"MA","timestamp":"2016-08-10 13:25:54","scheme":"Default Rephrase","schemeID":"144"},{"nodeID":"192033","text":"Default Transition","type":"TA","timestamp":"2016-08-10 13:25:54","scheme":"Default Transition","schemeID":"82"},{"nodeID":"192034","text":"Restating","type":"YA","timestamp":"2016-08-10 13:25:54","scheme":"Restating","schemeID":"101"},{"nodeID":"192035","text":"Default Transition","type":"TA","timestamp":"2016-08-10 13:25:54","scheme":"Default Transition","schemeID":"82"},{"nodeID":"192036","text":"USCswimmer : To the common viewer sure","type":"L","timestamp":"2016-08-10 13:25:54"},{"nodeID":"192037","text":"Asserting","type":"YA","timestamp":"2016-08-10 13:25:55","scheme":"Asserting","schemeID":"74"},{"nodeID":"192038","text":"Sasnders does not look good to the common viewer","type":"I","timestamp":"2016-08-10 13:25:55"},{"nodeID":"192039","text":"Barbara: USCswimmer : To the common viewer sure","type":"L","timestamp":"2016-08-10 13:25:55"},{"nodeID":"192040","text":"Default Transition","type":"TA","timestamp":"2016-08-10 13:25:55","scheme":"Default Transition","schemeID":"82"},{"nodeID":"192041","text":"USCswimmer : to those who actually are listening to what the candidates are saying (and not just crowd reactions), he's actually the only one saying anything of substance","type":"L","timestamp":"2016-08-10 13:25:55"},{"nodeID":"192042","text":"Asserting","type":"YA","timestamp":"2016-08-10 13:25:55","scheme":"Asserting","schemeID":"74"},{"nodeID":"192043","text":"to those who actually are listening to what the candidates are saying (and not just crowd reactions), Sanders is actually the only one saying anything of substance","type":"I","timestamp":"2016-08-10 13:25:55"},{"nodeID":"192044","text":"Barbara: USCswimmer : o those who actually are listening to what the candidates are saying (and not just crowd reactions), he's actually the only one saying anything of substance","type":"L","timestamp":"2016-08-10 13:25:55"},{"nodeID":"192045","text":"Default Transition","type":"TA","timestamp":"2016-08-10 13:25:55","scheme":"Default Transition","schemeID":"82"},{"nodeID":"192046","text":"Default Transition","type":"TA","timestamp":"2016-08-10 13:25:55","scheme":"Default Transition","schemeID":"82"},{"nodeID":"192047","text":"Default Conflict","type":"CA","timestamp":"2016-08-10 13:25:55","scheme":"Default Conflict","schemeID":"71"},{"nodeID":"192048","text":"Disagreeing","type":"YA","timestamp":"2016-08-10 13:25:56","scheme":"Disagreeing","schemeID":"78"},{"nodeID":"192049","text":"LeMayMayPoster : Whenever he gets even slightly removed from his talking points he seems to flounder","type":"L","timestamp":"2016-08-10 13:25:56"},{"nodeID":"192050","text":"Asserting","type":"YA","timestamp":"2016-08-10 13:25:56","scheme":"Asserting","schemeID":"74"},{"nodeID":"192051","text":"whenever Sanders gets even slightly removed from his talking points he seems to flounder","type":"I","timestamp":"2016-08-10 13:25:56"},{"nodeID":"192052","text":"Barbara: LeMayMayPoster : Whenever he gets even slightly removed from his talking points he seems to flounder","type":"L","timestamp":"2016-08-10 13:25:57"},{"nodeID":"192053","text":"Default Inference","type":"RA","timestamp":"2016-08-10 13:25:57","scheme":"Default Inference","schemeID":"72"},{"nodeID":"192054","text":"Default Transition","type":"TA","timestamp":"2016-08-10 13:25:57","scheme":"Default Transition","schemeID":"82"},{"nodeID":"192055","text":"Arguing","type":"YA","timestamp":"2016-08-10 13:25:57","scheme":"Arguing","schemeID":"80"},{"nodeID":"192056","text":"batsofburden : Maybe, but who has?","type":"L","timestamp":"2016-08-10 13:25:57"},{"nodeID":"192057","text":"Rhetorical Questioning","type":"YA","timestamp":"2016-08-10 13:25:58","scheme":"RhetoricalQuestioning","schemeID":"85"},{"nodeID":"192058","text":"no one had been looking good so far","type":"I","timestamp":"2016-08-10 13:25:58"},{"nodeID":"192059","text":"Barbara: batsofburden : Maybe, but who has?","type":"L","timestamp":"2016-08-10 13:25:58"},{"nodeID":"192060","text":"Default Transition","type":"TA","timestamp":"2016-08-10 13:25:58","scheme":"Default Transition","schemeID":"82"}],"edges":[{"edgeID":"235024","fromID":"192021","toID":"192022","formEdgeID":null},{"edgeID":"235025","fromID":"192020","toID":"192021","formEdgeID":null},{"edgeID":"235026","fromID":"192025","toID":"192026","formEdgeID":null},{"edgeID":"235027","fromID":"192024","toID":"192025","formEdgeID":null},{"edgeID":"235028","fromID":"192029","toID":"192030","formEdgeID":null},{"edgeID":"235029","fromID":"192028","toID":"192029","formEdgeID":null},{"edgeID":"235030","fromID":"192026","toID":"192032","formEdgeID":null},{"edgeID":"235031","fromID":"192032","toID":"192022","formEdgeID":null},{"edgeID":"235032","fromID":"192020","toID":"192033","formEdgeID":null},{"edgeID":"235033","fromID":"192033","toID":"192024","formEdgeID":null},{"edgeID":"235034","fromID":"192033","toID":"192034","formEdgeID":null},{"edgeID":"235035","fromID":"192034","toID":"192032","formEdgeID":null},{"edgeID":"235036","fromID":"192024","toID":"192035","formEdgeID":null},{"edgeID":"235037","fromID":"192035","toID":"192028","formEdgeID":null},{"edgeID":"235038","fromID":"192037","toID":"192038","formEdgeID":null},{"edgeID":"235039","fromID":"192036","toID":"192037","formEdgeID":null},{"edgeID":"235040","fromID":"192020","toID":"192040","formEdgeID":null},{"edgeID":"235041","fromID":"192040","toID":"192036","formEdgeID":null},{"edgeID":"235042","fromID":"192042","toID":"192043","formEdgeID":null},{"edgeID":"235043","fromID":"192041","toID":"192042","formEdgeID":null},{"edgeID":"235044","fromID":"192036","toID":"192045","formEdgeID":null},{"edgeID":"235045","fromID":"192045","toID":"192041","formEdgeID":null},{"edgeID":"235046","fromID":"192020","toID":"192046","formEdgeID":null},{"edgeID":"235047","fromID":"192046","toID":"192041","formEdgeID":null},{"edgeID":"235048","fromID":"192043","toID":"192047","formEdgeID":null},{"edgeID":"235049","fromID":"192047","toID":"192022","formEdgeID":null},{"edgeID":"235050","fromID":"192048","toID":"192047","formEdgeID":null},{"edgeID":"235051","fromID":"192046","toID":"192048","formEdgeID":null},{"edgeID":"235052","fromID":"192050","toID":"192051","formEdgeID":null},{"edgeID":"235053","fromID":"192049","toID":"192050","formEdgeID":null},{"edgeID":"235054","fromID":"192051","toID":"192053","formEdgeID":null},{"edgeID":"235055","fromID":"192053","toID":"192022","formEdgeID":null},{"edgeID":"235056","fromID":"192020","toID":"192054","formEdgeID":null},{"edgeID":"235057","fromID":"192054","toID":"192049","formEdgeID":null},{"edgeID":"235058","fromID":"192055","toID":"192053","formEdgeID":null},{"edgeID":"235059","fromID":"192054","toID":"192055","formEdgeID":null},{"edgeID":"235060","fromID":"192057","toID":"192058","formEdgeID":null},{"edgeID":"235061","fromID":"192056","toID":"192057","formEdgeID":null},{"edgeID":"235062","fromID":"192020","toID":"192060","formEdgeID":null},{"edgeID":"235063","fromID":"192060","toID":"192056","formEdgeID":null}],"locutions":[]}