{"nodes":[{"nodeID":"190208","text":"bashar_al_assad : A No Fly Zone in Syria isn't really that dangerous, Bernie","type":"L","timestamp":"2016-08-05 16:24:38"},{"nodeID":"190209","text":"Asserting","type":"YA","timestamp":"2016-08-05 16:24:38","scheme":"Asserting","schemeID":"74"},{"nodeID":"190210","text":"a No Fly Zone in Syria isn't really that dangerous","type":"I","timestamp":"2016-08-05 16:24:38"},{"nodeID":"190211","text":"Barbara: bashar_al_assad : A No Fly Zone in Syria isn't really that dangerous, Bernie...","type":"L","timestamp":"2016-08-05 16:24:38"},{"nodeID":"190212","text":"[deleted] :  user name is 10\/10","type":"L","timestamp":"2016-08-05 16:24:39"},{"nodeID":"190213","text":"Asserting","type":"YA","timestamp":"2016-08-05 16:24:39","scheme":"Asserting","schemeID":"74"},{"nodeID":"190214","text":"user name is 10\/10","type":"I","timestamp":"2016-08-05 16:24:39"},{"nodeID":"190215","text":"Barbara: [deleted] :  user name is 10\/10","type":"L","timestamp":"2016-08-05 16:24:39"},{"nodeID":"190216","text":"Default Transition","type":"TA","timestamp":"2016-08-05 16:24:39","scheme":"Default Transition","schemeID":"82"},{"nodeID":"190217","text":"siouxsie_siouxv2 : If it means we are firing at russian planes","type":"L","timestamp":"2016-08-05 16:24:39"},{"nodeID":"190218","text":"Asserting","type":"YA","timestamp":"2016-08-05 16:24:39","scheme":"Asserting","schemeID":"74"},{"nodeID":"190219","text":"a No Fly Zone in Syria is dangerous if it means we are firing at russian planes","type":"I","timestamp":"2016-08-05 16:24:39"},{"nodeID":"190220","text":"Barbara: siouxsie_siouxv2 : If it means we are firing at russian planes","type":"L","timestamp":"2016-08-05 16:24:39"},{"nodeID":"190221","text":"Default Conflict","type":"CA","timestamp":"2016-08-05 16:24:39","scheme":"Default Conflict","schemeID":"71"},{"nodeID":"190222","text":"Default Transition","type":"TA","timestamp":"2016-08-05 16:24:39","scheme":"Default Transition","schemeID":"82"},{"nodeID":"190223","text":"Disagreeing","type":"YA","timestamp":"2016-08-05 16:24:39","scheme":"Disagreeing","schemeID":"78"},{"nodeID":"190224","text":"TeamRainbow6 : Until we shoot down a mig and ww3 happens","type":"L","timestamp":"2016-08-05 16:24:40"},{"nodeID":"190225","text":"Asserting","type":"YA","timestamp":"2016-08-05 16:24:40","scheme":"Asserting","schemeID":"74"},{"nodeID":"190226","text":"a No Fly Zone in Syria is dangerous when we shoot down a mig and ww3 happens","type":"I","timestamp":"2016-08-05 16:24:40"},{"nodeID":"190227","text":"Barbara: TeamRainbow6 : Until we shoot down a mig and ww3 happens.....","type":"L","timestamp":"2016-08-05 16:24:40"},{"nodeID":"190228","text":"Default Conflict","type":"CA","timestamp":"2016-08-05 16:24:40","scheme":"Default Conflict","schemeID":"71"},{"nodeID":"190229","text":"Default Transition","type":"TA","timestamp":"2016-08-05 16:24:40","scheme":"Default Transition","schemeID":"82"},{"nodeID":"190230","text":"Disagreeing","type":"YA","timestamp":"2016-08-05 16:24:40","scheme":"Disagreeing","schemeID":"78"},{"nodeID":"190231","text":"foodVSfood :  The way I understand a \"no fly zone\" is that its not dangerous at all if we don't enforce it","type":"L","timestamp":"2016-08-05 16:24:40"},{"nodeID":"190232","text":"Asserting","type":"YA","timestamp":"2016-08-05 16:24:40","scheme":"Asserting","schemeID":"74"},{"nodeID":"190233","text":"a \"no fly zone\" is not dangerous at all if we don't enforce it","type":"I","timestamp":"2016-08-05 16:24:40"},{"nodeID":"190234","text":"Barbara: foodVSfood :  The way I understand a \"no fly zone\" is that its not dangerous at all if we don't enforce it","type":"L","timestamp":"2016-08-05 16:24:40"},{"nodeID":"190235","text":"foodVSfood : If we actually enforce it, then it means shooting down things that fly in the \"no fly zone.\"","type":"L","timestamp":"2016-08-05 16:24:41"},{"nodeID":"190236","text":"Asserting","type":"YA","timestamp":"2016-08-05 16:24:41","scheme":"Asserting","schemeID":"74"},{"nodeID":"190237","text":"if we actually enforce it, then it means shooting down things that fly in the \"no fly zone\"","type":"I","timestamp":"2016-08-05 16:24:41"},{"nodeID":"190238","text":"Barbara: foodVSfood : If we actually enforce it, then it means shooting down things that fly in the \"no fly zone.\"","type":"L","timestamp":"2016-08-05 16:24:41"},{"nodeID":"190239","text":"foodVSfood : shooting down a Russian jet seems like it could be an escalation","type":"L","timestamp":"2016-08-05 16:24:41"},{"nodeID":"190240","text":"Asserting","type":"YA","timestamp":"2016-08-05 16:24:41","scheme":"Asserting","schemeID":"74"},{"nodeID":"190241","text":"shooting down a Russian jet seems like it could be an escalation","type":"I","timestamp":"2016-08-05 16:24:41"},{"nodeID":"190242","text":"Barbara: foodVSfood : shooting down a Russian jet seems like it could be an escalation","type":"L","timestamp":"2016-08-05 16:24:41"},{"nodeID":"190243","text":"Default Inference","type":"RA","timestamp":"2016-08-05 16:24:41","scheme":"Default Inference","schemeID":"72"},{"nodeID":"190244","text":"Default Transition","type":"TA","timestamp":"2016-08-05 16:24:41","scheme":"Default Transition","schemeID":"82"},{"nodeID":"190245","text":"Default Conflict","type":"CA","timestamp":"2016-08-05 16:24:41","scheme":"Default Conflict","schemeID":"71"},{"nodeID":"190246","text":"Default Transition","type":"TA","timestamp":"2016-08-05 16:24:42","scheme":"Default Transition","schemeID":"82"},{"nodeID":"190247","text":"Disagreeing","type":"YA","timestamp":"2016-08-05 16:24:42","scheme":"Disagreeing","schemeID":"78"},{"nodeID":"190248","text":"bashar_al_assad :  It doesn't look good for Russia to fight back and escalate against a no fly zone though","type":"L","timestamp":"2016-08-05 16:24:42"},{"nodeID":"190249","text":"Asserting","type":"YA","timestamp":"2016-08-05 16:24:42","scheme":"Asserting","schemeID":"74"},{"nodeID":"190250","text":"it doesn't look good for Russia to fight back and escalate against a no fly zone","type":"I","timestamp":"2016-08-05 16:24:42"},{"nodeID":"190251","text":"Barbara: bashar_al_assad :  It doesn't look good for Russia to fight back and escalate against a no fly zone though","type":"L","timestamp":"2016-08-05 16:24:42"},{"nodeID":"190252","text":"Default Conflict","type":"CA","timestamp":"2016-08-05 16:24:42","scheme":"Default Conflict","schemeID":"71"},{"nodeID":"190253","text":"Default Transition","type":"TA","timestamp":"2016-08-05 16:24:42","scheme":"Default Transition","schemeID":"82"},{"nodeID":"190254","text":"Disagreeing","type":"YA","timestamp":"2016-08-05 16:24:42","scheme":"Disagreeing","schemeID":"78"},{"nodeID":"190255","text":"bashar_al_assad : They would have to come outright and say that they're supporting Assad","type":"L","timestamp":"2016-08-05 16:24:42"},{"nodeID":"190256","text":"Asserting","type":"YA","timestamp":"2016-08-05 16:24:43","scheme":"Asserting","schemeID":"74"},{"nodeID":"190257","text":"when flying in the \"No Fly Zone\" Russians would have to come outright and say that they're supporting Assad","type":"I","timestamp":"2016-08-05 16:24:43"},{"nodeID":"190258","text":"Barbara: bashar_al_assad : They would have to come outright and say that they're supporting Assad","type":"L","timestamp":"2016-08-05 16:24:43"},{"nodeID":"190259","text":"Default Inference","type":"RA","timestamp":"2016-08-05 16:24:43","scheme":"Default Inference","schemeID":"72"},{"nodeID":"190260","text":"Default Transition","type":"TA","timestamp":"2016-08-05 16:24:43","scheme":"Default Transition","schemeID":"82"},{"nodeID":"190261","text":"Arguing","type":"YA","timestamp":"2016-08-05 16:24:43","scheme":"Arguing","schemeID":"80"},{"nodeID":"190262","text":"bashar_al_assad : otherwise they have no reason to be against the no fly zone","type":"L","timestamp":"2016-08-05 16:24:43"},{"nodeID":"190263","text":"Asserting","type":"YA","timestamp":"2016-08-05 16:24:43","scheme":"Asserting","schemeID":"74"},{"nodeID":"190264","text":"if Russians do not support Assad they have no reason to be against the no fly zone","type":"I","timestamp":"2016-08-05 16:24:43"},{"nodeID":"190265","text":"Barbara: bashar_al_assad : otherwise they have no reason to be against the no fly zone","type":"L","timestamp":"2016-08-05 16:24:43"},{"nodeID":"190266","text":"Default Inference","type":"RA","timestamp":"2016-08-05 16:24:43","scheme":"Default Inference","schemeID":"72"},{"nodeID":"190267","text":"Default Transition","type":"TA","timestamp":"2016-08-05 16:24:44","scheme":"Default Transition","schemeID":"82"},{"nodeID":"190268","text":"Arguing","type":"YA","timestamp":"2016-08-05 16:24:44","scheme":"Arguing","schemeID":"80"},{"nodeID":"190269","text":"foodVSfood : True","type":"L","timestamp":"2016-08-05 16:24:44"},{"nodeID":"190270","text":"Barbara: foodVSfood : True","type":"L","timestamp":"2016-08-05 16:24:44"},{"nodeID":"190271","text":"Default Transition","type":"TA","timestamp":"2016-08-05 16:24:44","scheme":"Default Transition","schemeID":"82"},{"nodeID":"190272","text":"Agreeing","type":"YA","timestamp":"2016-08-05 16:24:44","scheme":"Agreeing","schemeID":"77"},{"nodeID":"190273","text":"foodVSfood : I'm not a foreign policy expert but I just think that US shooting down a Russian Jet over a country that is not the US would be a big gamble","type":"L","timestamp":"2016-08-05 16:24:44"},{"nodeID":"190274","text":"Asserting","type":"YA","timestamp":"2016-08-05 16:24:44","scheme":"Asserting","schemeID":"74"},{"nodeID":"190275","text":"US shooting down a Russian Jet over a country that is not the US would be a big gamble","type":"I","timestamp":"2016-08-05 16:24:44"},{"nodeID":"190276","text":"Barbara: foodVSfood : I'm not a foreign policy expert but I just think that US shooting down a Russian Jet over a country that is not the US would be a big gamble","type":"L","timestamp":"2016-08-05 16:24:44"},{"nodeID":"190277","text":"Default Rephrase","type":"MA","timestamp":"2016-08-05 16:24:44","scheme":"Default Rephrase","schemeID":"144"},{"nodeID":"190278","text":"Default Transition","type":"TA","timestamp":"2016-08-05 16:24:44","scheme":"Default Transition","schemeID":"82"},{"nodeID":"190279","text":"Restating","type":"YA","timestamp":"2016-08-05 16:24:45","scheme":"Restating","schemeID":"101"},{"nodeID":"190280","text":"foodVSfood : It could easily turn ugly","type":"L","timestamp":"2016-08-05 16:24:45"},{"nodeID":"190281","text":"Asserting","type":"YA","timestamp":"2016-08-05 16:24:45","scheme":"Asserting","schemeID":"74"},{"nodeID":"190282","text":"US shooting down a Russian jet could easily turn ugly","type":"I","timestamp":"2016-08-05 16:24:45"},{"nodeID":"190283","text":"Barbara: foodVSfood : It could easily turn ugly","type":"L","timestamp":"2016-08-05 16:24:45"},{"nodeID":"190284","text":"Default Transition","type":"TA","timestamp":"2016-08-05 16:24:45","scheme":"Default Transition","schemeID":"82"},{"nodeID":"190285","text":"Default Inference","type":"RA","timestamp":"2016-08-05 16:24:45","scheme":"Default Inference","schemeID":"72"},{"nodeID":"190286","text":"Arguing","type":"YA","timestamp":"2016-08-05 16:24:45","scheme":"Arguing","schemeID":"80"},{"nodeID":"190287","text":"bashar_al_assad : It's a gamble","type":"L","timestamp":"2016-08-05 16:24:45"},{"nodeID":"190288","text":"Barbara: bashar_al_assad : It's a gamble","type":"L","timestamp":"2016-08-05 16:24:45"},{"nodeID":"190289","text":"Default Transition","type":"TA","timestamp":"2016-08-05 16:24:45","scheme":"Default Transition","schemeID":"82"},{"nodeID":"190290","text":"Agreeing","type":"YA","timestamp":"2016-08-05 16:24:45","scheme":"Agreeing","schemeID":"77"},{"nodeID":"190291","text":"foodVSfood : there's no advantage for Russia to escalate it","type":"L","timestamp":"2016-08-05 16:24:46"},{"nodeID":"190292","text":"Asserting","type":"YA","timestamp":"2016-08-05 16:24:46","scheme":"Asserting","schemeID":"74"},{"nodeID":"190293","text":"there's no advantage for Russia to escalate it","type":"I","timestamp":"2016-08-05 16:24:46"},{"nodeID":"190294","text":"Barbara: foodVSfood : there's no advantage for Russia to escalate it","type":"L","timestamp":"2016-08-05 16:24:46"},{"nodeID":"190295","text":"bashar_al_assad : They'll sling shit against the US in the international sphere","type":"L","timestamp":"2016-08-05 16:24:46"},{"nodeID":"190296","text":"Asserting","type":"YA","timestamp":"2016-08-05 16:24:46","scheme":"Asserting","schemeID":"74"},{"nodeID":"190297","text":"Russians will sling shit against the US in the international sphere","type":"I","timestamp":"2016-08-05 16:24:46"},{"nodeID":"190298","text":"Barbara: bashar_al_assad : They'll sling shit against the US in the international sphere","type":"L","timestamp":"2016-08-05 16:24:46"},{"nodeID":"190299","text":"bashar_al_assad : most countries are going to side with NATO against Russia","type":"L","timestamp":"2016-08-05 16:24:46"},{"nodeID":"190300","text":"Asserting","type":"YA","timestamp":"2016-08-05 16:24:46","scheme":"Asserting","schemeID":"74"},{"nodeID":"190301","text":"most countries are going to side with NATO against Russia","type":"I","timestamp":"2016-08-05 16:24:47"},{"nodeID":"190302","text":"Barbara: bashar_al_assad : most countries are going to side with NATO against Russia","type":"L","timestamp":"2016-08-05 16:24:47"},{"nodeID":"190303","text":"Default Inference","type":"RA","timestamp":"2016-08-05 16:24:47","scheme":"Default Inference","schemeID":"72"},{"nodeID":"190304","text":"Default Transition","type":"TA","timestamp":"2016-08-05 16:24:47","scheme":"Default Transition","schemeID":"82"},{"nodeID":"190305","text":"Arguing","type":"YA","timestamp":"2016-08-05 16:24:47","scheme":"Arguing","schemeID":"80"},{"nodeID":"190306","text":"Default Rephrase","type":"MA","timestamp":"2016-08-05 16:24:47","scheme":"Default Rephrase","schemeID":"144"},{"nodeID":"190307","text":"Default Transition","type":"TA","timestamp":"2016-08-05 16:24:47","scheme":"Default Transition","schemeID":"82"},{"nodeID":"190308","text":"Restating","type":"YA","timestamp":"2016-08-05 16:24:47","scheme":"Restating","schemeID":"101"},{"nodeID":"190309","text":"Default Inference","type":"RA","timestamp":"2016-08-05 16:24:47","scheme":"Default Inference","schemeID":"72"},{"nodeID":"190310","text":"Default Transition","type":"TA","timestamp":"2016-08-05 16:24:47","scheme":"Default Transition","schemeID":"82"},{"nodeID":"190311","text":"Arguing","type":"YA","timestamp":"2016-08-05 16:24:47","scheme":"Arguing","schemeID":"80"},{"nodeID":"190312","text":"[deleted] : It is when the Russians decide to just ignore it","type":"L","timestamp":"2016-08-05 16:24:47"},{"nodeID":"190313","text":"Asserting","type":"YA","timestamp":"2016-08-05 16:24:48","scheme":"Asserting","schemeID":"74"},{"nodeID":"190314","text":"a \"No Fly Zone\" in Syria is dangerous when the Russians decide to just ignore it","type":"I","timestamp":"2016-08-05 16:24:48"},{"nodeID":"190315","text":"Barbara: [deleted] : It is when the Russians decide to just ignore it","type":"L","timestamp":"2016-08-05 16:24:48"},{"nodeID":"190316","text":"Default Conflict","type":"CA","timestamp":"2016-08-05 16:24:48","scheme":"Default Conflict","schemeID":"71"},{"nodeID":"190317","text":"Default Transition","type":"TA","timestamp":"2016-08-05 16:24:48","scheme":"Default Transition","schemeID":"82"},{"nodeID":"190318","text":"Disagreeing","type":"YA","timestamp":"2016-08-05 16:24:48","scheme":"Disagreeing","schemeID":"78"},{"nodeID":"190319","text":"Arguing","type":"YA","timestamp":"2016-08-05 16:24:48","scheme":"Arguing","schemeID":"80"}],"edges":[{"edgeID":"233151","fromID":"190209","toID":"190210","formEdgeID":null},{"edgeID":"233152","fromID":"190208","toID":"190209","formEdgeID":null},{"edgeID":"233153","fromID":"190213","toID":"190214","formEdgeID":null},{"edgeID":"233154","fromID":"190212","toID":"190213","formEdgeID":null},{"edgeID":"233155","fromID":"190208","toID":"190216","formEdgeID":null},{"edgeID":"233156","fromID":"190216","toID":"190212","formEdgeID":null},{"edgeID":"233157","fromID":"190218","toID":"190219","formEdgeID":null},{"edgeID":"233158","fromID":"190217","toID":"190218","formEdgeID":null},{"edgeID":"233159","fromID":"190219","toID":"190221","formEdgeID":null},{"edgeID":"233160","fromID":"190221","toID":"190210","formEdgeID":null},{"edgeID":"233161","fromID":"190208","toID":"190222","formEdgeID":null},{"edgeID":"233162","fromID":"190222","toID":"190217","formEdgeID":null},{"edgeID":"233163","fromID":"190222","toID":"190223","formEdgeID":null},{"edgeID":"233164","fromID":"190223","toID":"190221","formEdgeID":null},{"edgeID":"233165","fromID":"190225","toID":"190226","formEdgeID":null},{"edgeID":"233166","fromID":"190224","toID":"190225","formEdgeID":null},{"edgeID":"233167","fromID":"190226","toID":"190228","formEdgeID":null},{"edgeID":"233168","fromID":"190228","toID":"190210","formEdgeID":null},{"edgeID":"233169","fromID":"190208","toID":"190229","formEdgeID":null},{"edgeID":"233170","fromID":"190229","toID":"190224","formEdgeID":null},{"edgeID":"233171","fromID":"190229","toID":"190230","formEdgeID":null},{"edgeID":"233172","fromID":"190230","toID":"190228","formEdgeID":null},{"edgeID":"233173","fromID":"190232","toID":"190233","formEdgeID":null},{"edgeID":"233174","fromID":"190231","toID":"190232","formEdgeID":null},{"edgeID":"233175","fromID":"190236","toID":"190237","formEdgeID":null},{"edgeID":"233176","fromID":"190235","toID":"190236","formEdgeID":null},{"edgeID":"233177","fromID":"190240","toID":"190241","formEdgeID":null},{"edgeID":"233178","fromID":"190239","toID":"190240","formEdgeID":null},{"edgeID":"233179","fromID":"190233","toID":"190243","formEdgeID":null},{"edgeID":"233180","fromID":"190243","toID":"190241","formEdgeID":null},{"edgeID":"233181","fromID":"190237","toID":"190243","formEdgeID":null},{"edgeID":"233182","fromID":"190231","toID":"190244","formEdgeID":null},{"edgeID":"233183","fromID":"190244","toID":"190239","formEdgeID":null},{"edgeID":"233184","fromID":"190244","toID":"190235","formEdgeID":null},{"edgeID":"233185","fromID":"190241","toID":"190245","formEdgeID":null},{"edgeID":"233186","fromID":"190245","toID":"190210","formEdgeID":null},{"edgeID":"233187","fromID":"190208","toID":"190246","formEdgeID":null},{"edgeID":"233188","fromID":"190246","toID":"190239","formEdgeID":null},{"edgeID":"233189","fromID":"190246","toID":"190247","formEdgeID":null},{"edgeID":"233190","fromID":"190247","toID":"190245","formEdgeID":null},{"edgeID":"233191","fromID":"190249","toID":"190250","formEdgeID":null},{"edgeID":"233192","fromID":"190248","toID":"190249","formEdgeID":null},{"edgeID":"233193","fromID":"190250","toID":"190252","formEdgeID":null},{"edgeID":"233194","fromID":"190252","toID":"190241","formEdgeID":null},{"edgeID":"233195","fromID":"190239","toID":"190253","formEdgeID":null},{"edgeID":"233196","fromID":"190253","toID":"190248","formEdgeID":null},{"edgeID":"233197","fromID":"190253","toID":"190254","formEdgeID":null},{"edgeID":"233198","fromID":"190254","toID":"190252","formEdgeID":null},{"edgeID":"233199","fromID":"190256","toID":"190257","formEdgeID":null},{"edgeID":"233200","fromID":"190255","toID":"190256","formEdgeID":null},{"edgeID":"233201","fromID":"190257","toID":"190259","formEdgeID":null},{"edgeID":"233202","fromID":"190259","toID":"190250","formEdgeID":null},{"edgeID":"233203","fromID":"190248","toID":"190260","formEdgeID":null},{"edgeID":"233204","fromID":"190260","toID":"190255","formEdgeID":null},{"edgeID":"233205","fromID":"190260","toID":"190261","formEdgeID":null},{"edgeID":"233206","fromID":"190261","toID":"190259","formEdgeID":null},{"edgeID":"233207","fromID":"190263","toID":"190264","formEdgeID":null},{"edgeID":"233208","fromID":"190262","toID":"190263","formEdgeID":null},{"edgeID":"233209","fromID":"190264","toID":"190266","formEdgeID":null},{"edgeID":"233210","fromID":"190266","toID":"190257","formEdgeID":null},{"edgeID":"233211","fromID":"190255","toID":"190267","formEdgeID":null},{"edgeID":"233212","fromID":"190267","toID":"190262","formEdgeID":null},{"edgeID":"233213","fromID":"190267","toID":"190268","formEdgeID":null},{"edgeID":"233214","fromID":"190268","toID":"190266","formEdgeID":null},{"edgeID":"233215","fromID":"190248","toID":"190271","formEdgeID":null},{"edgeID":"233216","fromID":"190271","toID":"190269","formEdgeID":null},{"edgeID":"233217","fromID":"190271","toID":"190272","formEdgeID":null},{"edgeID":"233218","fromID":"190272","toID":"190250","formEdgeID":null},{"edgeID":"233219","fromID":"190274","toID":"190275","formEdgeID":null},{"edgeID":"233220","fromID":"190273","toID":"190274","formEdgeID":null},{"edgeID":"233221","fromID":"190275","toID":"190277","formEdgeID":null},{"edgeID":"233222","fromID":"190277","toID":"190241","formEdgeID":null},{"edgeID":"233223","fromID":"190273","toID":"190278","formEdgeID":null},{"edgeID":"233224","fromID":"190278","toID":"190239","formEdgeID":null},{"edgeID":"233225","fromID":"190278","toID":"190279","formEdgeID":null},{"edgeID":"233226","fromID":"190279","toID":"190277","formEdgeID":null},{"edgeID":"233227","fromID":"190281","toID":"190282","formEdgeID":null},{"edgeID":"233228","fromID":"190280","toID":"190281","formEdgeID":null},{"edgeID":"233229","fromID":"190273","toID":"190284","formEdgeID":null},{"edgeID":"233230","fromID":"190284","toID":"190280","formEdgeID":null},{"edgeID":"233231","fromID":"190275","toID":"190285","formEdgeID":null},{"edgeID":"233232","fromID":"190285","toID":"190282","formEdgeID":null},{"edgeID":"233233","fromID":"190284","toID":"190286","formEdgeID":null},{"edgeID":"233234","fromID":"190286","toID":"190285","formEdgeID":null},{"edgeID":"233235","fromID":"190273","toID":"190289","formEdgeID":null},{"edgeID":"233236","fromID":"190289","toID":"190287","formEdgeID":null},{"edgeID":"233237","fromID":"190289","toID":"190290","formEdgeID":null},{"edgeID":"233238","fromID":"190290","toID":"190275","formEdgeID":null},{"edgeID":"233239","fromID":"190292","toID":"190293","formEdgeID":null},{"edgeID":"233240","fromID":"190291","toID":"190292","formEdgeID":null},{"edgeID":"233241","fromID":"190296","toID":"190297","formEdgeID":null},{"edgeID":"233242","fromID":"190295","toID":"190296","formEdgeID":null},{"edgeID":"233243","fromID":"190300","toID":"190301","formEdgeID":null},{"edgeID":"233244","fromID":"190299","toID":"190300","formEdgeID":null},{"edgeID":"233245","fromID":"190301","toID":"190303","formEdgeID":null},{"edgeID":"233246","fromID":"190303","toID":"190293","formEdgeID":null},{"edgeID":"233247","fromID":"190297","toID":"190303","formEdgeID":null},{"edgeID":"233248","fromID":"190291","toID":"190304","formEdgeID":null},{"edgeID":"233249","fromID":"190304","toID":"190299","formEdgeID":null},{"edgeID":"233250","fromID":"190304","toID":"190295","formEdgeID":null},{"edgeID":"233251","fromID":"190304","toID":"190305","formEdgeID":null},{"edgeID":"233252","fromID":"190305","toID":"190303","formEdgeID":null},{"edgeID":"233253","fromID":"190293","toID":"190306","formEdgeID":null},{"edgeID":"233254","fromID":"190306","toID":"190250","formEdgeID":null},{"edgeID":"233255","fromID":"190248","toID":"190307","formEdgeID":null},{"edgeID":"233256","fromID":"190307","toID":"190291","formEdgeID":null},{"edgeID":"233257","fromID":"190307","toID":"190308","formEdgeID":null},{"edgeID":"233258","fromID":"190308","toID":"190306","formEdgeID":null},{"edgeID":"233259","fromID":"190301","toID":"190309","formEdgeID":null},{"edgeID":"233260","fromID":"190309","toID":"190250","formEdgeID":null},{"edgeID":"233261","fromID":"190248","toID":"190310","formEdgeID":null},{"edgeID":"233262","fromID":"190310","toID":"190299","formEdgeID":null},{"edgeID":"233263","fromID":"190297","toID":"190309","formEdgeID":null},{"edgeID":"233264","fromID":"190310","toID":"190311","formEdgeID":null},{"edgeID":"233265","fromID":"190311","toID":"190309","formEdgeID":null},{"edgeID":"233266","fromID":"190313","toID":"190314","formEdgeID":null},{"edgeID":"233267","fromID":"190312","toID":"190313","formEdgeID":null},{"edgeID":"233268","fromID":"190314","toID":"190316","formEdgeID":null},{"edgeID":"233269","fromID":"190316","toID":"190210","formEdgeID":null},{"edgeID":"233270","fromID":"190208","toID":"190317","formEdgeID":null},{"edgeID":"233271","fromID":"190317","toID":"190312","formEdgeID":null},{"edgeID":"233272","fromID":"190317","toID":"190318","formEdgeID":null},{"edgeID":"233273","fromID":"190318","toID":"190316","formEdgeID":null},{"edgeID":"233274","fromID":"190244","toID":"190319","formEdgeID":null},{"edgeID":"233275","fromID":"190319","toID":"190243","formEdgeID":null}],"locutions":[]}