{"nodes":[{"nodeID":"195655","text":"Barbara: Skyrmir : Yeah","type":"L","timestamp":"2016-08-22 10:13:05"},{"nodeID":"196120","text":"Barbara: Hyperdrunk : If you went into this debate blind","type":"L","timestamp":"2016-08-24 12:59:49"},{"nodeID":"196121","text":"Barbara: Hyperdrunk : not knowing a single thing about any candidates","type":"L","timestamp":"2016-08-24 12:59:49"},{"nodeID":"196122","text":"Hyperdrunk :  If you went into this debate blind, not knowing a single thing about any candidates, you'd think O'Malley were winning","type":"L","timestamp":"2016-08-24 12:59:49"},{"nodeID":"196124","text":"If you went into this debate blind, not knowing a single thing about any candidates, you'd think O'Malley were winning","type":"I","timestamp":"2016-08-24 12:59:49"},{"nodeID":"196125","text":"Barbara: Hyperdrunk :  If you went into this debate blind, not knowing a single thing about any candidates, you'd think O'Malley were winning","type":"L","timestamp":"2016-08-24 12:59:49"},{"nodeID":"196126","text":"Hyperdrunk : Too many people already decided that they favor Bernie or Hillary to the point that it doesn't matter that O'Malley is actually crushing it","type":"L","timestamp":"2016-08-24 12:59:50"},{"nodeID":"196128","text":"too many people already decided that they favor Bernie or Hillary to the point that it doesn't matter that O'Malley is actually crushing it","type":"I","timestamp":"2016-08-24 12:59:50"},{"nodeID":"196129","text":"Barbara: Hyperdrunk : Too many people already decided that they favor Bernie or Hillary to the point that it doesn't matter that O'Malley is actually crushing it","type":"L","timestamp":"2016-08-24 12:59:50"},{"nodeID":"196130","text":"Barbara: Hyperdrunk :  Seriously, O'Malley's great out there","type":"L","timestamp":"2016-08-24 12:59:50"},{"nodeID":"196133","text":"I like this guy","type":"L","timestamp":"2016-08-24 12:59:50"},{"nodeID":"196134","text":"Clone95 : O'Malley's great out there","type":"L","timestamp":"2016-08-24 12:59:50"},{"nodeID":"196136","text":"O'Malley's great out there","type":"I","timestamp":"2016-08-24 12:59:50"},{"nodeID":"196137","text":"Barbara: Clone95 : O'Malley's great out there","type":"L","timestamp":"2016-08-24 12:59:51"},{"nodeID":"196138","text":"Clone95 : I like this guy","type":"L","timestamp":"2016-08-24 12:59:51"},{"nodeID":"196140","text":"I like O'Malley","type":"I","timestamp":"2016-08-24 12:59:51"},{"nodeID":"196141","text":"Barbara: Clone95 : Clone95","type":"L","timestamp":"2016-08-24 12:59:51"},{"nodeID":"196142","text":"Clone95 :  I was a Sanders supporter beforehand","type":"L","timestamp":"2016-08-24 12:59:51"},{"nodeID":"196144","text":"I was a Sanders supporter beforehand","type":"I","timestamp":"2016-08-24 12:59:51"},{"nodeID":"196145","text":"Barbara: Clone95 :  I was a Sanders supporter beforehand","type":"L","timestamp":"2016-08-24 12:59:51"},{"nodeID":"196150","text":"Mojo1200 : O'Malley has no charisma","type":"L","timestamp":"2016-08-24 12:59:52"},{"nodeID":"196152","text":"O'Malley has no charisma","type":"I","timestamp":"2016-08-24 12:59:52"},{"nodeID":"196153","text":"Barbara: Mojo1200 : O'Malley has no charisma","type":"L","timestamp":"2016-08-24 12:59:52"},{"nodeID":"196157","text":"Mojo1200 : some of his answers might be decent","type":"L","timestamp":"2016-08-24 12:59:52"},{"nodeID":"196159","text":"some of O'Malley's answers might be decent","type":"I","timestamp":"2016-08-24 12:59:53"},{"nodeID":"196160","text":"Barbara: Mojo1200 : some of his answers might be decent","type":"L","timestamp":"2016-08-24 12:59:53"},{"nodeID":"196162","text":"Mojo1200 : he puts me to sleep","type":"L","timestamp":"2016-08-24 12:59:53"},{"nodeID":"196164","text":"O'Malley puts me to sleep","type":"I","timestamp":"2016-08-24 12:59:53"},{"nodeID":"196165","text":"Barbara: Mojo1200 : he puts me to sleep","type":"L","timestamp":"2016-08-24 12:59:53"},{"nodeID":"196169","text":"Skyrmir : O'Malley is doing pretty damn good","type":"L","timestamp":"2016-08-24 12:59:54"},{"nodeID":"196171","text":"O'Malley is doing pretty damn good","type":"I","timestamp":"2016-08-24 12:59:54"},{"nodeID":"196172","text":"Barbara: Skyrmir : O'Malley is doing pretty damn good","type":"L","timestamp":"2016-08-24 12:59:54"},{"nodeID":"196176","text":"Skyrmir : Gotta give him credit","type":"L","timestamp":"2016-08-24 12:59:54"},{"nodeID":"196178","text":"gotta give O'Malley credit","type":"I","timestamp":"2016-08-24 12:59:54"},{"nodeID":"196179","text":"Barbara: Skyrmir : Gotta give him credit","type":"L","timestamp":"2016-08-24 12:59:55"},{"nodeID":"196182","text":"O'Malley is doing well for debate standards","type":"L","timestamp":"2016-08-24 12:59:55"},{"nodeID":"196183","text":"Cudder_Buddy : Yeah","type":"L","timestamp":"2016-08-24 12:59:55"},{"nodeID":"196184","text":"Barbara: Cudder_Buddy : Yeah","type":"L","timestamp":"2016-08-24 12:59:55"},{"nodeID":"196187","text":"Based on the early parts, this debate will be a non-factor","type":"L","timestamp":"2016-08-24 12:59:55"},{"nodeID":"196188","text":"Cudder_Buddy : O'Malley is doing well for debate standards","type":"L","timestamp":"2016-08-24 12:59:56"},{"nodeID":"196190","text":"Barbara: Cudder_Buddy : Cudder_Buddy","type":"L","timestamp":"2016-08-24 12:59:56"},{"nodeID":"196194","text":"Skyrmir : O'Malley takes a couple percentage point off Hillary\/Biden to get to like 5%","type":"L","timestamp":"2016-08-24 12:59:56"},{"nodeID":"196196","text":"O'Malley takes a couple percentage point off Hillary Clinton \/Biden to get to like 5%","type":"I","timestamp":"2016-08-24 12:59:56"},{"nodeID":"196197","text":"Barbara: Skyrmir : O'Malley takes a couple percentage point off Hillary\/Biden to get to like 5%","type":"L","timestamp":"2016-08-24 12:59:56"},{"nodeID":"196198","text":"Cudder_Buddy : the race will remain unchanged","type":"L","timestamp":"2016-08-24 12:59:57"},{"nodeID":"196200","text":"the race will remain unchanged","type":"I","timestamp":"2016-08-24 12:59:57"},{"nodeID":"196201","text":"Barbara: Cudder_Buddy : the race will remain unchanged","type":"L","timestamp":"2016-08-24 12:59:57"},{"nodeID":"196202","text":"Cudder_Buddy : this debate will be a non-factor","type":"L","timestamp":"2016-08-24 12:59:57"},{"nodeID":"196204","text":"this debate will be a non-factor for O'Malley","type":"I","timestamp":"2016-08-24 12:59:57"},{"nodeID":"196205","text":"Barbara: Cudder_Buddy : Maybe","type":"L","timestamp":"2016-08-24 12:59:57"},{"nodeID":"196206","text":"Cudder_Buddy : Based on the early parts","type":"L","timestamp":"2016-08-24 12:59:57"},{"nodeID":"196208","text":"based on the early parts","type":"I","timestamp":"2016-08-24 12:59:58"},{"nodeID":"196209","text":"Barbara: Cudder_Buddy : but","type":"L","timestamp":"2016-08-24 12:59:58"},{"nodeID":"196214","text":"Cudder_Buddy : Hillary will still be up 15-20 on Sanders","type":"L","timestamp":"2016-08-24 12:59:58"},{"nodeID":"196216","text":"Hillary Clinton will still be up 15-20 on Sanders","type":"I","timestamp":"2016-08-24 12:59:58"},{"nodeID":"196217","text":"Barbara: Cudder_Buddy : Hillary will still be up 15-20 on Sanders","type":"L","timestamp":"2016-08-24 12:59:58"},{"nodeID":"196218","text":"Cudder_Buddy : he will be stuck in the same slow grind he's stuck in right now","type":"L","timestamp":"2016-08-24 12:59:59"},{"nodeID":"196220","text":"O'Malley will be stuck in the same slow grind he's stuck in right now","type":"I","timestamp":"2016-08-24 12:59:59"},{"nodeID":"196221","text":"Barbara: Cudder_Buddy : he will be stuck in the same slow grind he's stuck in right now","type":"L","timestamp":"2016-08-24 12:59:59"},{"nodeID":"196228","text":"Hyperdrunk : He might position himself for a Veep nom","type":"L","timestamp":"2016-08-24 13:00:00"},{"nodeID":"196230","text":"O'Malley might position himself for a Veep nom","type":"I","timestamp":"2016-08-24 13:00:00"},{"nodeID":"196231","text":"Barbara: Hyperdrunk : He might position himself for a Veep nom","type":"L","timestamp":"2016-08-24 13:00:00"},{"nodeID":"196233","text":"Hyperdrunk :  yeah","type":"L","timestamp":"2016-08-24 13:00:00"},{"nodeID":"196234","text":"Barbara: Hyperdrunk :  yeah","type":"L","timestamp":"2016-08-24 13:00:00"},{"nodeID":"196237","text":"Hyperdrunk : he has no chance to catch Bernie\/Hill","type":"L","timestamp":"2016-08-24 13:00:00"},{"nodeID":"196239","text":"O'Malley has no chance to catch Bernie Sanders \/Hillary Clinton","type":"I","timestamp":"2016-08-24 13:00:01"},{"nodeID":"196240","text":"Barbara: Hyperdrunk : he has no chance to catch Bernie\/Hill","type":"L","timestamp":"2016-08-24 13:00:01"},{"nodeID":"196244","text":"Barbara: SixBiscuit : O'Malley would have been a very strong candidate if Freddy Gray never got arrested","type":"L","timestamp":"2016-08-24 13:00:01"},{"nodeID":"196248","text":"MutthaFuzza : when asked about it he took blame","type":"L","timestamp":"2016-08-24 13:00:01"},{"nodeID":"196250","text":"when asked about it O'Malley took blame","type":"I","timestamp":"2016-08-24 13:00:02"},{"nodeID":"196251","text":"Barbara: MutthaFuzza : when asked about it he took blame","type":"L","timestamp":"2016-08-24 13:00:02"},{"nodeID":"196252","text":"MutthaFuzza : I have to give him respect for that","type":"L","timestamp":"2016-08-24 13:00:02"},{"nodeID":"196254","text":"I have to give O'Malley respect for that","type":"I","timestamp":"2016-08-24 13:00:02"},{"nodeID":"196255","text":"Barbara: MutthaFuzza : I have to give him respect for that","type":"L","timestamp":"2016-08-24 13:00:02"},{"nodeID":"196259","text":"MutthaFuzza : O'Malley would have been a very strong candidate","type":"L","timestamp":"2016-08-24 13:00:02"},{"nodeID":"196261","text":"O'Malley is not a very strong candidate","type":"I","timestamp":"2016-08-24 13:00:03"},{"nodeID":"196262","text":"Barbara: MutthaFuzza : O'Malley would have been a very strong candidate","type":"L","timestamp":"2016-08-24 13:00:03"},{"nodeID":"196263","text":"MutthaFuzza : Freddy Gray never got arrested","type":"L","timestamp":"2016-08-24 13:00:03"},{"nodeID":"196265","text":"Freddy Gray got arrested","type":"I","timestamp":"2016-08-24 13:00:03"},{"nodeID":"196266","text":"Barbara: MutthaFuzza : Freddy Gray never got arrested","type":"L","timestamp":"2016-08-24 13:00:03"},{"nodeID":"196273","text":"leeringHobbit : the rain tax... don't forget that","type":"L","timestamp":"2016-08-24 13:00:04"},{"nodeID":"196275","text":"the rain tax... don't forget that","type":"I","timestamp":"2016-08-24 13:00:04"},{"nodeID":"196276","text":"Barbara: leeringHobbit : And the rain tax... don't forget that","type":"L","timestamp":"2016-08-24 13:00:04"},{"nodeID":"196280","text":"RickRackRow : totally agree","type":"L","timestamp":"2016-08-24 13:00:04"},{"nodeID":"196281","text":"Barbara: RickRackRow : totally agree","type":"L","timestamp":"2016-08-24 13:00:05"},{"nodeID":"196284","text":"RickRackRow : O'Malley strikes me as your typical politician","type":"L","timestamp":"2016-08-24 13:00:05"},{"nodeID":"196286","text":"O'Malley strikes me as your typical politician","type":"I","timestamp":"2016-08-24 13:00:05"},{"nodeID":"196287","text":"Barbara: RickRackRow : O'Malley strikes me as your typical politician","type":"L","timestamp":"2016-08-24 13:00:05"},{"nodeID":"196288","text":"RickRackRow :  he will not be able to bring anything different to the White House","type":"L","timestamp":"2016-08-24 13:00:05"},{"nodeID":"196290","text":"he will not be able to bring anything different to the White House","type":"I","timestamp":"2016-08-24 13:00:05"},{"nodeID":"196291","text":"Barbara: RickRackRow :  he will be able to bring anything different to the White House","type":"L","timestamp":"2016-08-24 13:00:05"},{"nodeID":"196296","text":"Hyperdrunk : In this field of Republicans and Democrats, I don't think a \"good but not game-changing president\" would be the worst thing in the world","type":"L","timestamp":"2016-08-24 13:00:06"},{"nodeID":"196298","text":"In this field of Republicans and Democrats, I don't think a \"good but not game-changing president\" would be the worst thing in the world","type":"I","timestamp":"2016-08-24 13:00:06"},{"nodeID":"196299","text":"Barbara: Hyperdrunk : In this field of Republicans and Democrats, I don't think a \"good but not game-changing president\" would be the worst thing in the world","type":"L","timestamp":"2016-08-24 13:00:06"},{"nodeID":"196303","text":"Hyperdrunk : Don't love Bernie","type":"L","timestamp":"2016-08-24 13:00:07"},{"nodeID":"196305","text":"I don't love Bernie Sanders","type":"I","timestamp":"2016-08-24 13:00:07"},{"nodeID":"196306","text":"Barbara: Hyperdrunk : Don't love Bernie","type":"L","timestamp":"2016-08-24 13:00:07"},{"nodeID":"196307","text":"Hyperdrunk : Don't love any of the Republicans","type":"L","timestamp":"2016-08-24 13:00:07"},{"nodeID":"196309","text":"I don't love any of the Republicans","type":"I","timestamp":"2016-08-24 13:00:07"},{"nodeID":"196310","text":"Barbara: Hyperdrunk : Don't love any of the Republicans","type":"L","timestamp":"2016-08-24 13:00:07"},{"nodeID":"196311","text":"Hyperdrunk : don't want Clinton","type":"L","timestamp":"2016-08-24 13:00:07"},{"nodeID":"196313","text":"don't want Clinton","type":"I","timestamp":"2016-08-24 13:00:08"},{"nodeID":"196314","text":"Barbara: Hyperdrunk : don't want Clinton","type":"L","timestamp":"2016-08-24 13:00:08"},{"nodeID":"196318","text":"Hyperdrunk : O'Malley is the democratic version of John Kasich","type":"L","timestamp":"2016-08-24 13:00:08"},{"nodeID":"196320","text":"O'Malley is the democratic version of John Kasich","type":"I","timestamp":"2016-08-24 13:00:08"},{"nodeID":"196321","text":"Barbara: Hyperdrunk : O'Malley is the democratic version of John Kasich","type":"L","timestamp":"2016-08-24 13:00:08"},{"nodeID":"196323","text":"Hyperdrunk : Would make for a solid, but not \"OMG\" President","type":"L","timestamp":"2016-08-24 13:00:09"},{"nodeID":"196325","text":"O'Malley ould make for a solid, but not \"OMG\" President","type":"I","timestamp":"2016-08-24 13:00:09"},{"nodeID":"196326","text":"Barbara: Hyperdrunk : Would make for a solid, but not \"OMG\" President","type":"L","timestamp":"2016-08-24 13:00:09"},{"nodeID":"196327","text":"Hyperdrunk : won't get the nomination","type":"L","timestamp":"2016-08-24 13:00:09"},{"nodeID":"196329","text":"O'Malley won't get the nomination","type":"I","timestamp":"2016-08-24 13:00:09"},{"nodeID":"196330","text":"Barbara: Hyperdrunk : won't get the nomination","type":"L","timestamp":"2016-08-24 13:00:09"},{"nodeID":"196334","text":"Hyperdrunk :  he's not magnetic enough to pull in the base","type":"L","timestamp":"2016-08-24 13:00:10"},{"nodeID":"196336","text":"O'Malley is not magnetic enough to pull in the base","type":"I","timestamp":"2016-08-24 13:00:10"},{"nodeID":"196337","text":"Barbara: Hyperdrunk :  he's not magnetic enough to pull in the base","type":"L","timestamp":"2016-08-24 13:00:10"},{"nodeID":"196341","text":"MutthaFuzza : Did Obama","type":"L","timestamp":"2016-08-24 13:00:10"},{"nodeID":"196343","text":"Obama was not magnetic","type":"I","timestamp":"2016-08-24 13:00:10"},{"nodeID":"196344","text":"Barbara: MutthaFuzza : Did Obama","type":"L","timestamp":"2016-08-24 13:00:11"},{"nodeID":"196345","text":"MutthaFuzza : he is more oppressive than him","type":"L","timestamp":"2016-08-24 13:00:11"},{"nodeID":"196347","text":"Obama is more oppressive than O'Malley","type":"I","timestamp":"2016-08-24 13:00:11"},{"nodeID":"196348","text":"Barbara: MutthaFuzza :  think he is more oppressive than him","type":"L","timestamp":"2016-08-24 13:00:11"},{"nodeID":"196349","text":"MutthaFuzza :  I like him","type":"L","timestamp":"2016-08-24 13:00:11"},{"nodeID":"196351","text":"Barbara: MutthaFuzza :  I like him","type":"L","timestamp":"2016-08-24 13:00:11"},{"nodeID":"196357","text":"randomclock : I've briefly followed the campaign trails so far and have tried to keep an unbiased opinion until the debate","type":"L","timestamp":"2016-08-24 13:00:12"},{"nodeID":"196359","text":"I've briefly followed the campaign trails so far and have tried to keep an unbiased opinion until the debate","type":"I","timestamp":"2016-08-24 13:00:12"},{"nodeID":"196360","text":"Barbara: randomclock : I've briefly followed the campaign trails so far and have tried to keep an unbiased opinion until the debate","type":"L","timestamp":"2016-08-24 13:00:12"},{"nodeID":"196362","text":"randomclock : He's the only one who looks composed and confident while also making good points","type":"L","timestamp":"2016-08-24 13:00:12"},{"nodeID":"196364","text":"O'Malley is the only one who looks composed and confident while also making good points","type":"I","timestamp":"2016-08-24 13:00:13"},{"nodeID":"196365","text":"Barbara: randomclock : He's the only one who looks composed and confident while also making good points","type":"L","timestamp":"2016-08-24 13:00:13"},{"nodeID":"196369","text":"Hyperdrunk : Absolutely agree","type":"L","timestamp":"2016-08-24 13:00:13"},{"nodeID":"196370","text":"Barbara: Hyperdrunk : Absolutely agree","type":"L","timestamp":"2016-08-24 13:00:13"},{"nodeID":"196373","text":"Hyperdrunk : Bernie seems to be rushing through things, like an overworked university professor","type":"L","timestamp":"2016-08-24 13:00:13"},{"nodeID":"196375","text":"Bernie Sanders seems to be rushing through things, like an overworked university professor","type":"I","timestamp":"2016-08-24 13:00:14"},{"nodeID":"196376","text":"Barbara: Hyperdrunk : Bernie seems to be rushing through things, like an overworked university professor","type":"L","timestamp":"2016-08-24 13:00:14"},{"nodeID":"196377","text":"Hyperdrunk : Hillary seems practiced and false, mastering the art of saying lots of things without saying anything","type":"L","timestamp":"2016-08-24 13:00:14"},{"nodeID":"196379","text":"Hillary Clinton seems practiced and false, mastering the art of saying lots of things without saying anything","type":"I","timestamp":"2016-08-24 13:00:14"},{"nodeID":"196380","text":"Barbara: Hyperdrunk : Hillary seems practiced and false, mastering the art of saying lots of things without saying anything","type":"L","timestamp":"2016-08-24 13:00:14"},{"nodeID":"196381","text":"Hyperdrunk : O'Malley is strong, firm, and on- point","type":"L","timestamp":"2016-08-24 13:00:14"},{"nodeID":"196383","text":"O'Malley is strong, firm, and on- point","type":"I","timestamp":"2016-08-24 13:00:14"},{"nodeID":"196384","text":"Barbara: Hyperdrunk : O'Malley is strong, firm, and on- point","type":"L","timestamp":"2016-08-24 13:00:15"},{"nodeID":"196386","text":"Hyperdrunk : He has a Presidential voice","type":"L","timestamp":"2016-08-24 13:00:15"},{"nodeID":"196388","text":"O'Malley has a Presidential voice","type":"I","timestamp":"2016-08-24 13:00:15"},{"nodeID":"196389","text":"Barbara: Hyperdrunk : He has a Presidential voice","type":"L","timestamp":"2016-08-24 13:00:15"},{"nodeID":"196392","text":"Hyperdrunk : It's a shame he has no shot","type":"L","timestamp":"2016-08-24 13:00:15"},{"nodeID":"196394","text":"It's a shame O'Malley has no shot","type":"I","timestamp":"2016-08-24 13:00:15"},{"nodeID":"196395","text":"Barbara: Hyperdrunk : It's a shame he has no shot","type":"L","timestamp":"2016-08-24 13:00:16"},{"nodeID":"196397","text":"Hyperdrunk : I'd take him over Bernie and Hillary coming out of this debate","type":"L","timestamp":"2016-08-24 13:00:16"},{"nodeID":"196399","text":"I'd take O'Malley over Bernie Sanders and Hillary Clinton coming out of this debate","type":"I","timestamp":"2016-08-24 13:00:16"},{"nodeID":"196400","text":"Barbara: Hyperdrunk : I'd take him over Bernie and Hillary coming out of this debate","type":"L","timestamp":"2016-08-24 13:00:16"},{"nodeID":"196404","text":"Asserting","type":"YA","timestamp":"2016-08-24 13:02:00","scheme":"Asserting","schemeID":"74"},{"nodeID":"196405","text":"Asserting","type":"YA","timestamp":"2016-08-24 13:02:01","scheme":"Asserting","schemeID":"74"},{"nodeID":"196406","text":"Default Transition","type":"TA","timestamp":"2016-08-24 13:02:01","scheme":"Default Transition","schemeID":"82"},{"nodeID":"196407","text":"Default Inference","type":"RA","timestamp":"2016-08-24 13:02:01","scheme":"Default Inference","schemeID":"72"},{"nodeID":"196408","text":"Asserting","type":"YA","timestamp":"2016-08-24 13:02:01","scheme":"Asserting","schemeID":"74"},{"nodeID":"196409","text":"Asserting","type":"YA","timestamp":"2016-08-24 13:02:02","scheme":"Asserting","schemeID":"74"},{"nodeID":"196410","text":"Asserting","type":"YA","timestamp":"2016-08-24 13:02:02","scheme":"Asserting","schemeID":"74"},{"nodeID":"196411","text":"Default Transition","type":"TA","timestamp":"2016-08-24 13:02:02","scheme":"Default Transition","schemeID":"82"},{"nodeID":"196412","text":"Default Transition","type":"TA","timestamp":"2016-08-24 13:02:03","scheme":"Default Transition","schemeID":"82"},{"nodeID":"196413","text":"Default Transition","type":"TA","timestamp":"2016-08-24 13:02:03","scheme":"Default Transition","schemeID":"82"},{"nodeID":"196414","text":"Arguing","type":"YA","timestamp":"2016-08-24 13:02:03","scheme":"Arguing","schemeID":"80"},{"nodeID":"196415","text":"Asserting","type":"YA","timestamp":"2016-08-24 13:02:03","scheme":"Asserting","schemeID":"74"},{"nodeID":"196416","text":"Default Conflict","type":"CA","timestamp":"2016-08-24 13:02:03","scheme":"Default Conflict","schemeID":"71"},{"nodeID":"196417","text":"Default Transition","type":"TA","timestamp":"2016-08-24 13:02:03","scheme":"Default Transition","schemeID":"82"},{"nodeID":"196418","text":"Disagreeing","type":"YA","timestamp":"2016-08-24 13:02:03","scheme":"Disagreeing","schemeID":"78"},{"nodeID":"196419","text":"Asserting","type":"YA","timestamp":"2016-08-24 13:02:04","scheme":"Asserting","schemeID":"74"},{"nodeID":"196420","text":"Default Transition","type":"TA","timestamp":"2016-08-24 13:02:04","scheme":"Default Transition","schemeID":"82"},{"nodeID":"196421","text":"Asserting","type":"YA","timestamp":"2016-08-24 13:02:04","scheme":"Asserting","schemeID":"74"},{"nodeID":"196422","text":"Default Inference","type":"RA","timestamp":"2016-08-24 13:02:04","scheme":"Default Inference","schemeID":"72"},{"nodeID":"196423","text":"Default Transition","type":"TA","timestamp":"2016-08-24 13:02:04","scheme":"Default Transition","schemeID":"82"},{"nodeID":"196424","text":"Arguing","type":"YA","timestamp":"2016-08-24 13:02:05","scheme":"Arguing","schemeID":"80"},{"nodeID":"196425","text":"Asserting","type":"YA","timestamp":"2016-08-24 13:02:05","scheme":"Asserting","schemeID":"74"},{"nodeID":"196426","text":"Default Inference","type":"RA","timestamp":"2016-08-24 13:02:05","scheme":"Default Inference","schemeID":"72"},{"nodeID":"196427","text":"Default Transition","type":"TA","timestamp":"2016-08-24 13:02:05","scheme":"Default Transition","schemeID":"82"},{"nodeID":"196428","text":"Arguing","type":"YA","timestamp":"2016-08-24 13:02:05","scheme":"Arguing","schemeID":"80"},{"nodeID":"196429","text":"Asserting","type":"YA","timestamp":"2016-08-24 13:02:05","scheme":"Asserting","schemeID":"74"},{"nodeID":"196430","text":"Default Transition","type":"TA","timestamp":"2016-08-24 13:02:06","scheme":"Default Transition","schemeID":"82"},{"nodeID":"196431","text":"Agreeing","type":"YA","timestamp":"2016-08-24 13:02:06","scheme":"Agreeing","schemeID":"77"},{"nodeID":"196432","text":"Default Transition","type":"TA","timestamp":"2016-08-24 13:02:06","scheme":"Default Transition","schemeID":"82"},{"nodeID":"196433","text":"Agreeing","type":"YA","timestamp":"2016-08-24 13:02:06","scheme":"Agreeing","schemeID":"77"},{"nodeID":"196434","text":"Asserting","type":"YA","timestamp":"2016-08-24 13:02:07","scheme":"Asserting","schemeID":"74"},{"nodeID":"196435","text":"Default Inference","type":"RA","timestamp":"2016-08-24 13:02:07","scheme":"Default Inference","schemeID":"72"},{"nodeID":"196436","text":"Default Transition","type":"TA","timestamp":"2016-08-24 13:02:07","scheme":"Default Transition","schemeID":"82"},{"nodeID":"196437","text":"Arguing","type":"YA","timestamp":"2016-08-24 13:02:07","scheme":"Arguing","schemeID":"80"},{"nodeID":"196438","text":"Asserting","type":"YA","timestamp":"2016-08-24 13:02:07","scheme":"Asserting","schemeID":"74"},{"nodeID":"196439","text":"Asserting","type":"YA","timestamp":"2016-08-24 13:02:08","scheme":"Asserting","schemeID":"74"},{"nodeID":"196440","text":"Asserting","type":"YA","timestamp":"2016-08-24 13:02:08","scheme":"Asserting","schemeID":"74"},{"nodeID":"196441","text":"Asserting","type":"YA","timestamp":"2016-08-24 13:02:08","scheme":"Asserting","schemeID":"74"},{"nodeID":"196442","text":"Default Inference","type":"RA","timestamp":"2016-08-24 13:02:09","scheme":"Default Inference","schemeID":"72"},{"nodeID":"196443","text":"Default Transition","type":"TA","timestamp":"2016-08-24 13:02:09","scheme":"Default Transition","schemeID":"82"},{"nodeID":"196444","text":"Default Transition","type":"TA","timestamp":"2016-08-24 13:02:09","scheme":"Default Transition","schemeID":"82"},{"nodeID":"196445","text":"Arguing","type":"YA","timestamp":"2016-08-24 13:02:09","scheme":"Arguing","schemeID":"80"},{"nodeID":"196446","text":"Asserting","type":"YA","timestamp":"2016-08-24 13:02:09","scheme":"Asserting","schemeID":"74"},{"nodeID":"196447","text":"Asserting","type":"YA","timestamp":"2016-08-24 13:02:09","scheme":"Asserting","schemeID":"74"},{"nodeID":"196448","text":"Default Inference","type":"RA","timestamp":"2016-08-24 13:02:10","scheme":"Default Inference","schemeID":"72"},{"nodeID":"196449","text":"Default Transition","type":"TA","timestamp":"2016-08-24 13:02:10","scheme":"Default Transition","schemeID":"82"},{"nodeID":"196450","text":"Arguing","type":"YA","timestamp":"2016-08-24 13:02:10","scheme":"Arguing","schemeID":"80"},{"nodeID":"196451","text":"Default Inference","type":"RA","timestamp":"2016-08-24 13:02:10","scheme":"Default Inference","schemeID":"72"},{"nodeID":"196452","text":"Default Transition","type":"TA","timestamp":"2016-08-24 13:02:10","scheme":"Default Transition","schemeID":"82"},{"nodeID":"196453","text":"Arguing","type":"YA","timestamp":"2016-08-24 13:02:10","scheme":"Arguing","schemeID":"80"},{"nodeID":"196454","text":"Asserting","type":"YA","timestamp":"2016-08-24 13:02:10","scheme":"Asserting","schemeID":"74"},{"nodeID":"196455","text":"Default Transition","type":"TA","timestamp":"2016-08-24 13:02:11","scheme":"Default Transition","schemeID":"82"},{"nodeID":"196456","text":"Default Transition","type":"TA","timestamp":"2016-08-24 13:02:11","scheme":"Default Transition","schemeID":"82"},{"nodeID":"196457","text":"Agreeing","type":"YA","timestamp":"2016-08-24 13:02:11","scheme":"Agreeing","schemeID":"77"},{"nodeID":"196458","text":"Asserting","type":"YA","timestamp":"2016-08-24 13:02:11","scheme":"Asserting","schemeID":"74"},{"nodeID":"196459","text":"Default Transition","type":"TA","timestamp":"2016-08-24 13:02:12","scheme":"Default Transition","schemeID":"82"},{"nodeID":"196460","text":"Default Inference","type":"RA","timestamp":"2016-08-24 13:02:12","scheme":"Default Inference","schemeID":"72"},{"nodeID":"196461","text":"Arguing","type":"YA","timestamp":"2016-08-24 13:02:12","scheme":"Arguing","schemeID":"80"},{"nodeID":"196462","text":"Default Transition","type":"TA","timestamp":"2016-08-24 13:02:12","scheme":"Default Transition","schemeID":"82"},{"nodeID":"196463","text":"Default Conflict","type":"CA","timestamp":"2016-08-24 13:02:12","scheme":"Default Conflict","schemeID":"71"},{"nodeID":"196464","text":"Disagreeing","type":"YA","timestamp":"2016-08-24 13:02:12","scheme":"Disagreeing","schemeID":"78"},{"nodeID":"196465","text":"Asserting","type":"YA","timestamp":"2016-08-24 13:02:12","scheme":"Asserting","schemeID":"74"},{"nodeID":"196466","text":"Asserting","type":"YA","timestamp":"2016-08-24 13:02:13","scheme":"Asserting","schemeID":"74"},{"nodeID":"196467","text":"Default Inference","type":"RA","timestamp":"2016-08-24 13:02:13","scheme":"Default Inference","schemeID":"72"},{"nodeID":"196468","text":"Default Transition","type":"TA","timestamp":"2016-08-24 13:02:13","scheme":"Default Transition","schemeID":"82"},{"nodeID":"196469","text":"Arguing","type":"YA","timestamp":"2016-08-24 13:02:13","scheme":"Arguing","schemeID":"80"},{"nodeID":"196470","text":"Asserting","type":"YA","timestamp":"2016-08-24 13:02:14","scheme":"Asserting","schemeID":"74"},{"nodeID":"196471","text":"Asserting","type":"YA","timestamp":"2016-08-24 13:02:14","scheme":"Asserting","schemeID":"74"},{"nodeID":"196472","text":"Default Inference","type":"RA","timestamp":"2016-08-24 13:02:14","scheme":"Default Inference","schemeID":"72"},{"nodeID":"196473","text":"Default Transition","type":"TA","timestamp":"2016-08-24 13:02:14","scheme":"Default Transition","schemeID":"82"},{"nodeID":"196474","text":"Arguing","type":"YA","timestamp":"2016-08-24 13:02:14","scheme":"Arguing","schemeID":"80"},{"nodeID":"196475","text":"Default Conflict","type":"CA","timestamp":"2016-08-24 13:02:14","scheme":"Default Conflict","schemeID":"71"},{"nodeID":"196476","text":"Default Transition","type":"TA","timestamp":"2016-08-24 13:02:15","scheme":"Default Transition","schemeID":"82"},{"nodeID":"196477","text":"Disagreeing","type":"YA","timestamp":"2016-08-24 13:02:15","scheme":"Disagreeing","schemeID":"78"},{"nodeID":"196478","text":"Asserting","type":"YA","timestamp":"2016-08-24 13:02:15","scheme":"Asserting","schemeID":"74"},{"nodeID":"196479","text":"Default Inference","type":"RA","timestamp":"2016-08-24 13:02:15","scheme":"Default Inference","schemeID":"72"},{"nodeID":"196480","text":"Default Transition","type":"TA","timestamp":"2016-08-24 13:02:15","scheme":"Default Transition","schemeID":"82"},{"nodeID":"196481","text":"Arguing","type":"YA","timestamp":"2016-08-24 13:02:15","scheme":"Arguing","schemeID":"80"},{"nodeID":"196482","text":"Default Transition","type":"TA","timestamp":"2016-08-24 13:02:16","scheme":"Default Transition","schemeID":"82"},{"nodeID":"196483","text":"Agreeing","type":"YA","timestamp":"2016-08-24 13:02:16","scheme":"Agreeing","schemeID":"77"},{"nodeID":"196484","text":"Asserting","type":"YA","timestamp":"2016-08-24 13:02:16","scheme":"Asserting","schemeID":"74"},{"nodeID":"196485","text":"Asserting","type":"YA","timestamp":"2016-08-24 13:02:16","scheme":"Asserting","schemeID":"74"},{"nodeID":"196486","text":"Default Inference","type":"RA","timestamp":"2016-08-24 13:02:17","scheme":"Default Inference","schemeID":"72"},{"nodeID":"196487","text":"Default Transition","type":"TA","timestamp":"2016-08-24 13:02:17","scheme":"Default Transition","schemeID":"82"},{"nodeID":"196488","text":"Default Transition","type":"TA","timestamp":"2016-08-24 13:02:17","scheme":"Default Transition","schemeID":"82"},{"nodeID":"196489","text":"Arguing","type":"YA","timestamp":"2016-08-24 13:02:17","scheme":"Arguing","schemeID":"80"},{"nodeID":"196490","text":"Asserting","type":"YA","timestamp":"2016-08-24 13:02:17","scheme":"Asserting","schemeID":"74"},{"nodeID":"196491","text":"Default Conflict","type":"CA","timestamp":"2016-08-24 13:02:18","scheme":"Default Conflict","schemeID":"71"},{"nodeID":"196492","text":"Default Transition","type":"TA","timestamp":"2016-08-24 13:02:18","scheme":"Default Transition","schemeID":"82"},{"nodeID":"196493","text":"Disagreeing","type":"YA","timestamp":"2016-08-24 13:02:18","scheme":"Disagreeing","schemeID":"78"},{"nodeID":"196494","text":"Asserting","type":"YA","timestamp":"2016-08-24 13:02:18","scheme":"Asserting","schemeID":"74"},{"nodeID":"196495","text":"Asserting","type":"YA","timestamp":"2016-08-24 13:02:19","scheme":"Asserting","schemeID":"74"},{"nodeID":"196496","text":"Asserting","type":"YA","timestamp":"2016-08-24 13:02:19","scheme":"Asserting","schemeID":"74"},{"nodeID":"196497","text":"Default Inference","type":"RA","timestamp":"2016-08-24 13:02:19","scheme":"Default Inference","schemeID":"72"},{"nodeID":"196498","text":"Default Transition","type":"TA","timestamp":"2016-08-24 13:02:19","scheme":"Default Transition","schemeID":"82"},{"nodeID":"196499","text":"Arguing","type":"YA","timestamp":"2016-08-24 13:02:20","scheme":"Arguing","schemeID":"80"},{"nodeID":"196500","text":"Asserting","type":"YA","timestamp":"2016-08-24 13:02:20","scheme":"Asserting","schemeID":"74"},{"nodeID":"196501","text":"Default Transition","type":"TA","timestamp":"2016-08-24 13:02:20","scheme":"Default Transition","schemeID":"82"},{"nodeID":"196502","text":"Asserting","type":"YA","timestamp":"2016-08-24 13:02:20","scheme":"Asserting","schemeID":"74"},{"nodeID":"196503","text":"Asserting","type":"YA","timestamp":"2016-08-24 13:02:21","scheme":"Asserting","schemeID":"74"},{"nodeID":"196504","text":"Default Inference","type":"RA","timestamp":"2016-08-24 13:02:21","scheme":"Default Inference","schemeID":"72"},{"nodeID":"196505","text":"Default Transition","type":"TA","timestamp":"2016-08-24 13:02:21","scheme":"Default Transition","schemeID":"82"},{"nodeID":"196506","text":"Arguing","type":"YA","timestamp":"2016-08-24 13:02:21","scheme":"Arguing","schemeID":"80"},{"nodeID":"196507","text":"Asserting","type":"YA","timestamp":"2016-08-24 13:02:21","scheme":"Asserting","schemeID":"74"},{"nodeID":"196508","text":"Default Transition","type":"TA","timestamp":"2016-08-24 13:02:21","scheme":"Default Transition","schemeID":"82"},{"nodeID":"196509","text":"Default Inference","type":"RA","timestamp":"2016-08-24 13:02:22","scheme":"Default Inference","schemeID":"72"},{"nodeID":"196510","text":"Arguing","type":"YA","timestamp":"2016-08-24 13:02:22","scheme":"Arguing","schemeID":"80"},{"nodeID":"196511","text":"Rhetorical Questioning","type":"YA","timestamp":"2016-08-24 13:02:22","scheme":"RhetoricalQuestioning","schemeID":"85"},{"nodeID":"196512","text":"Asserting","type":"YA","timestamp":"2016-08-24 13:02:22","scheme":"Asserting","schemeID":"74"},{"nodeID":"196513","text":"Asserting","type":"YA","timestamp":"2016-08-24 13:02:23","scheme":"Asserting","schemeID":"74"},{"nodeID":"196514","text":"Default Transition","type":"TA","timestamp":"2016-08-24 13:02:23","scheme":"Default Transition","schemeID":"82"},{"nodeID":"196515","text":"Default Inference","type":"RA","timestamp":"2016-08-24 13:02:23","scheme":"Default Inference","schemeID":"72"},{"nodeID":"196516","text":"Arguing","type":"YA","timestamp":"2016-08-24 13:02:23","scheme":"Arguing","schemeID":"80"},{"nodeID":"196517","text":"Default Transition","type":"TA","timestamp":"2016-08-24 13:02:23","scheme":"Default Transition","schemeID":"82"},{"nodeID":"196518","text":"Default Transition","type":"TA","timestamp":"2016-08-24 13:02:23","scheme":"Default Transition","schemeID":"82"},{"nodeID":"196519","text":"Asserting","type":"YA","timestamp":"2016-08-24 13:02:23","scheme":"Asserting","schemeID":"74"},{"nodeID":"196520","text":"Default Transition","type":"TA","timestamp":"2016-08-24 13:02:24","scheme":"Default Transition","schemeID":"82"},{"nodeID":"196521","text":"Asserting","type":"YA","timestamp":"2016-08-24 13:02:24","scheme":"Asserting","schemeID":"74"},{"nodeID":"196522","text":"Default Inference","type":"RA","timestamp":"2016-08-24 13:02:24","scheme":"Default Inference","schemeID":"72"},{"nodeID":"196523","text":"Default Transition","type":"TA","timestamp":"2016-08-24 13:02:24","scheme":"Default Transition","schemeID":"82"},{"nodeID":"196524","text":"Arguing","type":"YA","timestamp":"2016-08-24 13:02:24","scheme":"Arguing","schemeID":"80"},{"nodeID":"196525","text":"Default Transition","type":"TA","timestamp":"2016-08-24 13:02:25","scheme":"Default Transition","schemeID":"82"},{"nodeID":"196526","text":"Agreeing","type":"YA","timestamp":"2016-08-24 13:02:25","scheme":"Agreeing","schemeID":"77"},{"nodeID":"196527","text":"Asserting","type":"YA","timestamp":"2016-08-24 13:02:25","scheme":"Asserting","schemeID":"74"},{"nodeID":"196528","text":"Asserting","type":"YA","timestamp":"2016-08-24 13:02:25","scheme":"Asserting","schemeID":"74"},{"nodeID":"196529","text":"Asserting","type":"YA","timestamp":"2016-08-24 13:02:26","scheme":"Asserting","schemeID":"74"},{"nodeID":"196530","text":"Default Inference","type":"RA","timestamp":"2016-08-24 13:02:26","scheme":"Default Inference","schemeID":"72"},{"nodeID":"196531","text":"Asserting","type":"YA","timestamp":"2016-08-24 13:02:26","scheme":"Asserting","schemeID":"74"},{"nodeID":"196532","text":"Default Transition","type":"TA","timestamp":"2016-08-24 13:02:26","scheme":"Default Transition","schemeID":"82"},{"nodeID":"196533","text":"Arguing","type":"YA","timestamp":"2016-08-24 13:02:27","scheme":"Arguing","schemeID":"80"},{"nodeID":"196534","text":"Asserting","type":"YA","timestamp":"2016-08-24 13:02:27","scheme":"Asserting","schemeID":"74"},{"nodeID":"196535","text":"Default Transition","type":"TA","timestamp":"2016-08-24 13:02:27","scheme":"Default Transition","schemeID":"82"},{"nodeID":"196536","text":"Asserting","type":"YA","timestamp":"2016-08-24 13:02:27","scheme":"Asserting","schemeID":"74"},{"nodeID":"196537","text":"Default Transition","type":"TA","timestamp":"2016-08-24 13:02:27","scheme":"Default Transition","schemeID":"82"},{"nodeID":"196538","text":"Default Inference","type":"RA","timestamp":"2016-08-24 13:02:28","scheme":"Default Inference","schemeID":"72"},{"nodeID":"196539","text":"Arguing","type":"YA","timestamp":"2016-08-24 13:02:28","scheme":"Arguing","schemeID":"80"}],"edges":[{"edgeID":"240547","fromID":"196404","toID":"196124","formEdgeID":null},{"edgeID":"240548","fromID":"196122","toID":"196404","formEdgeID":null},{"edgeID":"240549","fromID":"196405","toID":"196128","formEdgeID":null},{"edgeID":"240550","fromID":"196126","toID":"196405","formEdgeID":null},{"edgeID":"240551","fromID":"196122","toID":"196406","formEdgeID":null},{"edgeID":"240552","fromID":"196406","toID":"196126","formEdgeID":null},{"edgeID":"240553","fromID":"196407","toID":"196124","formEdgeID":null},{"edgeID":"240554","fromID":"196408","toID":"196136","formEdgeID":null},{"edgeID":"240555","fromID":"196134","toID":"196408","formEdgeID":null},{"edgeID":"240556","fromID":"196136","toID":"196407","formEdgeID":null},{"edgeID":"240557","fromID":"196409","toID":"196140","formEdgeID":null},{"edgeID":"240558","fromID":"196138","toID":"196409","formEdgeID":null},{"edgeID":"240559","fromID":"196410","toID":"196144","formEdgeID":null},{"edgeID":"240560","fromID":"196142","toID":"196410","formEdgeID":null},{"edgeID":"240561","fromID":"196138","toID":"196411","formEdgeID":null},{"edgeID":"240562","fromID":"196411","toID":"196142","formEdgeID":null},{"edgeID":"240563","fromID":"196134","toID":"196412","formEdgeID":null},{"edgeID":"240564","fromID":"196412","toID":"196138","formEdgeID":null},{"edgeID":"240565","fromID":"196122","toID":"196413","formEdgeID":null},{"edgeID":"240566","fromID":"196413","toID":"196134","formEdgeID":null},{"edgeID":"240567","fromID":"196413","toID":"196414","formEdgeID":null},{"edgeID":"240568","fromID":"196414","toID":"196407","formEdgeID":null},{"edgeID":"240569","fromID":"196415","toID":"196152","formEdgeID":null},{"edgeID":"240570","fromID":"196150","toID":"196415","formEdgeID":null},{"edgeID":"240571","fromID":"196152","toID":"196416","formEdgeID":null},{"edgeID":"240572","fromID":"196416","toID":"196124","formEdgeID":null},{"edgeID":"240573","fromID":"196122","toID":"196417","formEdgeID":null},{"edgeID":"240574","fromID":"196417","toID":"196150","formEdgeID":null},{"edgeID":"240575","fromID":"196417","toID":"196418","formEdgeID":null},{"edgeID":"240576","fromID":"196418","toID":"196416","formEdgeID":null},{"edgeID":"240577","fromID":"196419","toID":"196159","formEdgeID":null},{"edgeID":"240578","fromID":"196157","toID":"196419","formEdgeID":null},{"edgeID":"240579","fromID":"196150","toID":"196420","formEdgeID":null},{"edgeID":"240580","fromID":"196420","toID":"196157","formEdgeID":null},{"edgeID":"240581","fromID":"196421","toID":"196164","formEdgeID":null},{"edgeID":"240582","fromID":"196162","toID":"196421","formEdgeID":null},{"edgeID":"240583","fromID":"196164","toID":"196422","formEdgeID":null},{"edgeID":"240584","fromID":"196422","toID":"196152","formEdgeID":null},{"edgeID":"240585","fromID":"196150","toID":"196423","formEdgeID":null},{"edgeID":"240586","fromID":"196423","toID":"196162","formEdgeID":null},{"edgeID":"240587","fromID":"196423","toID":"196424","formEdgeID":null},{"edgeID":"240588","fromID":"196424","toID":"196422","formEdgeID":null},{"edgeID":"240589","fromID":"196425","toID":"196171","formEdgeID":null},{"edgeID":"240590","fromID":"196169","toID":"196425","formEdgeID":null},{"edgeID":"240591","fromID":"196171","toID":"196426","formEdgeID":null},{"edgeID":"240592","fromID":"196426","toID":"196124","formEdgeID":null},{"edgeID":"240593","fromID":"196122","toID":"196427","formEdgeID":null},{"edgeID":"240594","fromID":"196427","toID":"196169","formEdgeID":null},{"edgeID":"240595","fromID":"196427","toID":"196428","formEdgeID":null},{"edgeID":"240596","fromID":"196428","toID":"196426","formEdgeID":null},{"edgeID":"240597","fromID":"196429","toID":"196178","formEdgeID":null},{"edgeID":"240598","fromID":"196176","toID":"196429","formEdgeID":null},{"edgeID":"240599","fromID":"196122","toID":"196430","formEdgeID":null},{"edgeID":"240600","fromID":"196430","toID":"196431","formEdgeID":null},{"edgeID":"240601","fromID":"196431","toID":"196124","formEdgeID":null},{"edgeID":"240602","fromID":"196122","toID":"196432","formEdgeID":null},{"edgeID":"240603","fromID":"196432","toID":"196183","formEdgeID":null},{"edgeID":"240604","fromID":"196432","toID":"196433","formEdgeID":null},{"edgeID":"240605","fromID":"196433","toID":"196124","formEdgeID":null},{"edgeID":"240606","fromID":"196434","toID":"196182","formEdgeID":null},{"edgeID":"240607","fromID":"196188","toID":"196434","formEdgeID":null},{"edgeID":"240608","fromID":"196182","toID":"196435","formEdgeID":null},{"edgeID":"240609","fromID":"196435","toID":"196124","formEdgeID":null},{"edgeID":"240610","fromID":"196436","toID":"196188","formEdgeID":null},{"edgeID":"240611","fromID":"196122","toID":"196436","formEdgeID":null},{"edgeID":"240612","fromID":"196436","toID":"196437","formEdgeID":null},{"edgeID":"240613","fromID":"196437","toID":"196435","formEdgeID":null},{"edgeID":"240614","fromID":"196438","toID":"196196","formEdgeID":null},{"edgeID":"240615","fromID":"196194","toID":"196438","formEdgeID":null},{"edgeID":"240616","fromID":"196439","toID":"196200","formEdgeID":null},{"edgeID":"240617","fromID":"196198","toID":"196439","formEdgeID":null},{"edgeID":"240618","fromID":"196440","toID":"196204","formEdgeID":null},{"edgeID":"240619","fromID":"196202","toID":"196440","formEdgeID":null},{"edgeID":"240620","fromID":"196441","toID":"196208","formEdgeID":null},{"edgeID":"240621","fromID":"196206","toID":"196441","formEdgeID":null},{"edgeID":"240622","fromID":"196208","toID":"196442","formEdgeID":null},{"edgeID":"240623","fromID":"196442","toID":"196204","formEdgeID":null},{"edgeID":"240624","fromID":"196443","toID":"196206","formEdgeID":null},{"edgeID":"240625","fromID":"196188","toID":"196443","formEdgeID":null},{"edgeID":"240626","fromID":"196206","toID":"196444","formEdgeID":null},{"edgeID":"240627","fromID":"196444","toID":"196202","formEdgeID":null},{"edgeID":"240628","fromID":"196444","toID":"196445","formEdgeID":null},{"edgeID":"240629","fromID":"196445","toID":"196442","formEdgeID":null},{"edgeID":"240630","fromID":"196446","toID":"196216","formEdgeID":null},{"edgeID":"240631","fromID":"196214","toID":"196446","formEdgeID":null},{"edgeID":"240632","fromID":"196447","toID":"196220","formEdgeID":null},{"edgeID":"240633","fromID":"196218","toID":"196447","formEdgeID":null},{"edgeID":"240634","fromID":"196200","toID":"196448","formEdgeID":null},{"edgeID":"240635","fromID":"196448","toID":"196204","formEdgeID":null},{"edgeID":"240636","fromID":"196202","toID":"196449","formEdgeID":null},{"edgeID":"240637","fromID":"196449","toID":"196198","formEdgeID":null},{"edgeID":"240638","fromID":"196449","toID":"196450","formEdgeID":null},{"edgeID":"240639","fromID":"196450","toID":"196448","formEdgeID":null},{"edgeID":"240640","fromID":"196196","toID":"196451","formEdgeID":null},{"edgeID":"240641","fromID":"196451","toID":"196200","formEdgeID":null},{"edgeID":"240642","fromID":"196216","toID":"196451","formEdgeID":null},{"edgeID":"240643","fromID":"196220","toID":"196451","formEdgeID":null},{"edgeID":"240644","fromID":"196198","toID":"196452","formEdgeID":null},{"edgeID":"240645","fromID":"196452","toID":"196218","formEdgeID":null},{"edgeID":"240646","fromID":"196452","toID":"196214","formEdgeID":null},{"edgeID":"240647","fromID":"196452","toID":"196453","formEdgeID":null},{"edgeID":"240648","fromID":"196453","toID":"196451","formEdgeID":null},{"edgeID":"240649","fromID":"196454","toID":"196230","formEdgeID":null},{"edgeID":"240650","fromID":"196228","toID":"196454","formEdgeID":null},{"edgeID":"240651","fromID":"196218","toID":"196455","formEdgeID":null},{"edgeID":"240652","fromID":"196455","toID":"196228","formEdgeID":null},{"edgeID":"240653","fromID":"196214","toID":"196456","formEdgeID":null},{"edgeID":"240654","fromID":"196456","toID":"196233","formEdgeID":null},{"edgeID":"240655","fromID":"196456","toID":"196457","formEdgeID":null},{"edgeID":"240656","fromID":"196457","toID":"196216","formEdgeID":null},{"edgeID":"240657","fromID":"196458","toID":"196239","formEdgeID":null},{"edgeID":"240658","fromID":"196237","toID":"196458","formEdgeID":null},{"edgeID":"240659","fromID":"196214","toID":"196459","formEdgeID":null},{"edgeID":"240660","fromID":"196459","toID":"196237","formEdgeID":null},{"edgeID":"240661","fromID":"196239","toID":"196460","formEdgeID":null},{"edgeID":"240662","fromID":"196460","toID":"196216","formEdgeID":null},{"edgeID":"240663","fromID":"196459","toID":"196461","formEdgeID":null},{"edgeID":"240664","fromID":"196461","toID":"196460","formEdgeID":null},{"edgeID":"240665","fromID":"196122","toID":"196462","formEdgeID":null},{"edgeID":"240666","fromID":"196463","toID":"196124","formEdgeID":null},{"edgeID":"240667","fromID":"196462","toID":"196464","formEdgeID":null},{"edgeID":"240668","fromID":"196464","toID":"196463","formEdgeID":null},{"edgeID":"240669","fromID":"196465","toID":"196250","formEdgeID":null},{"edgeID":"240670","fromID":"196248","toID":"196465","formEdgeID":null},{"edgeID":"240671","fromID":"196466","toID":"196254","formEdgeID":null},{"edgeID":"240672","fromID":"196252","toID":"196466","formEdgeID":null},{"edgeID":"240673","fromID":"196250","toID":"196467","formEdgeID":null},{"edgeID":"240674","fromID":"196467","toID":"196254","formEdgeID":null},{"edgeID":"240675","fromID":"196248","toID":"196468","formEdgeID":null},{"edgeID":"240676","fromID":"196468","toID":"196252","formEdgeID":null},{"edgeID":"240677","fromID":"196468","toID":"196469","formEdgeID":null},{"edgeID":"240678","fromID":"196469","toID":"196467","formEdgeID":null},{"edgeID":"240679","fromID":"196124","toID":"196404","formEdgeID":null},{"edgeID":"240680","fromID":"196470","toID":"196261","formEdgeID":null},{"edgeID":"240681","fromID":"196259","toID":"196470","formEdgeID":null},{"edgeID":"240682","fromID":"196471","toID":"196265","formEdgeID":null},{"edgeID":"240683","fromID":"196263","toID":"196471","formEdgeID":null},{"edgeID":"240684","fromID":"196261","toID":"196463","formEdgeID":null},{"edgeID":"240685","fromID":"196462","toID":"196259","formEdgeID":null},{"edgeID":"240686","fromID":"196265","toID":"196472","formEdgeID":null},{"edgeID":"240687","fromID":"196472","toID":"196261","formEdgeID":null},{"edgeID":"240688","fromID":"196259","toID":"196473","formEdgeID":null},{"edgeID":"240689","fromID":"196473","toID":"196263","formEdgeID":null},{"edgeID":"240690","fromID":"196473","toID":"196474","formEdgeID":null},{"edgeID":"240691","fromID":"196474","toID":"196472","formEdgeID":null},{"edgeID":"240692","fromID":"196254","toID":"196475","formEdgeID":null},{"edgeID":"240693","fromID":"196475","toID":"196261","formEdgeID":null},{"edgeID":"240694","fromID":"196259","toID":"196476","formEdgeID":null},{"edgeID":"240695","fromID":"196476","toID":"196252","formEdgeID":null},{"edgeID":"240696","fromID":"196476","toID":"196477","formEdgeID":null},{"edgeID":"240697","fromID":"196477","toID":"196475","formEdgeID":null},{"edgeID":"240698","fromID":"196478","toID":"196275","formEdgeID":null},{"edgeID":"240699","fromID":"196273","toID":"196478","formEdgeID":null},{"edgeID":"240700","fromID":"196275","toID":"196479","formEdgeID":null},{"edgeID":"240701","fromID":"196479","toID":"196261","formEdgeID":null},{"edgeID":"240702","fromID":"196259","toID":"196480","formEdgeID":null},{"edgeID":"240703","fromID":"196480","toID":"196273","formEdgeID":null},{"edgeID":"240704","fromID":"196480","toID":"196481","formEdgeID":null},{"edgeID":"240705","fromID":"196481","toID":"196479","formEdgeID":null},{"edgeID":"240706","fromID":"196122","toID":"196482","formEdgeID":null},{"edgeID":"240707","fromID":"196482","toID":"196280","formEdgeID":null},{"edgeID":"240708","fromID":"196482","toID":"196483","formEdgeID":null},{"edgeID":"240709","fromID":"196483","toID":"196124","formEdgeID":null},{"edgeID":"240710","fromID":"196484","toID":"196286","formEdgeID":null},{"edgeID":"240711","fromID":"196284","toID":"196484","formEdgeID":null},{"edgeID":"240712","fromID":"196485","toID":"196290","formEdgeID":null},{"edgeID":"240713","fromID":"196288","toID":"196485","formEdgeID":null},{"edgeID":"240714","fromID":"196286","toID":"196486","formEdgeID":null},{"edgeID":"240715","fromID":"196486","toID":"196290","formEdgeID":null},{"edgeID":"240716","fromID":"196280","toID":"196487","formEdgeID":null},{"edgeID":"240717","fromID":"196487","toID":"196284","formEdgeID":null},{"edgeID":"240718","fromID":"196284","toID":"196488","formEdgeID":null},{"edgeID":"240719","fromID":"196488","toID":"196288","formEdgeID":null},{"edgeID":"240720","fromID":"196488","toID":"196489","formEdgeID":null},{"edgeID":"240721","fromID":"196489","toID":"196486","formEdgeID":null},{"edgeID":"240722","fromID":"196490","toID":"196298","formEdgeID":null},{"edgeID":"240723","fromID":"196296","toID":"196490","formEdgeID":null},{"edgeID":"240724","fromID":"196298","toID":"196491","formEdgeID":null},{"edgeID":"240725","fromID":"196491","toID":"196290","formEdgeID":null},{"edgeID":"240726","fromID":"196288","toID":"196492","formEdgeID":null},{"edgeID":"240727","fromID":"196492","toID":"196296","formEdgeID":null},{"edgeID":"240728","fromID":"196492","toID":"196493","formEdgeID":null},{"edgeID":"240729","fromID":"196493","toID":"196491","formEdgeID":null},{"edgeID":"240730","fromID":"196494","toID":"196305","formEdgeID":null},{"edgeID":"240731","fromID":"196303","toID":"196494","formEdgeID":null},{"edgeID":"240732","fromID":"196495","toID":"196309","formEdgeID":null},{"edgeID":"240733","fromID":"196307","toID":"196495","formEdgeID":null},{"edgeID":"240734","fromID":"196496","toID":"196313","formEdgeID":null},{"edgeID":"240735","fromID":"196311","toID":"196496","formEdgeID":null},{"edgeID":"240736","fromID":"196305","toID":"196497","formEdgeID":null},{"edgeID":"240737","fromID":"196497","toID":"196298","formEdgeID":null},{"edgeID":"240738","fromID":"196309","toID":"196497","formEdgeID":null},{"edgeID":"240739","fromID":"196313","toID":"196497","formEdgeID":null},{"edgeID":"240740","fromID":"196296","toID":"196498","formEdgeID":null},{"edgeID":"240741","fromID":"196498","toID":"196311","formEdgeID":null},{"edgeID":"240742","fromID":"196498","toID":"196303","formEdgeID":null},{"edgeID":"240743","fromID":"196498","toID":"196307","formEdgeID":null},{"edgeID":"240744","fromID":"196498","toID":"196499","formEdgeID":null},{"edgeID":"240745","fromID":"196499","toID":"196497","formEdgeID":null},{"edgeID":"240746","fromID":"196500","toID":"196320","formEdgeID":null},{"edgeID":"240747","fromID":"196318","toID":"196500","formEdgeID":null},{"edgeID":"240748","fromID":"196311","toID":"196501","formEdgeID":null},{"edgeID":"240749","fromID":"196501","toID":"196318","formEdgeID":null},{"edgeID":"240750","fromID":"196502","toID":"196325","formEdgeID":null},{"edgeID":"240751","fromID":"196323","toID":"196502","formEdgeID":null},{"edgeID":"240752","fromID":"196503","toID":"196329","formEdgeID":null},{"edgeID":"240753","fromID":"196327","toID":"196503","formEdgeID":null},{"edgeID":"240754","fromID":"196325","toID":"196504","formEdgeID":null},{"edgeID":"240755","fromID":"196504","toID":"196320","formEdgeID":null},{"edgeID":"240756","fromID":"196329","toID":"196504","formEdgeID":null},{"edgeID":"240757","fromID":"196318","toID":"196505","formEdgeID":null},{"edgeID":"240758","fromID":"196505","toID":"196327","formEdgeID":null},{"edgeID":"240759","fromID":"196505","toID":"196323","formEdgeID":null},{"edgeID":"240760","fromID":"196505","toID":"196506","formEdgeID":null},{"edgeID":"240761","fromID":"196506","toID":"196504","formEdgeID":null},{"edgeID":"240762","fromID":"196507","toID":"196336","formEdgeID":null},{"edgeID":"240763","fromID":"196334","toID":"196507","formEdgeID":null},{"edgeID":"240764","fromID":"196327","toID":"196508","formEdgeID":null},{"edgeID":"240765","fromID":"196508","toID":"196334","formEdgeID":null},{"edgeID":"240766","fromID":"196336","toID":"196509","formEdgeID":null},{"edgeID":"240767","fromID":"196509","toID":"196329","formEdgeID":null},{"edgeID":"240768","fromID":"196508","toID":"196510","formEdgeID":null},{"edgeID":"240769","fromID":"196510","toID":"196509","formEdgeID":null},{"edgeID":"240770","fromID":"196511","toID":"196343","formEdgeID":null},{"edgeID":"240771","fromID":"196341","toID":"196511","formEdgeID":null},{"edgeID":"240772","fromID":"196512","toID":"196347","formEdgeID":null},{"edgeID":"240773","fromID":"196345","toID":"196512","formEdgeID":null},{"edgeID":"240774","fromID":"196513","toID":"196140","formEdgeID":null},{"edgeID":"240775","fromID":"196349","toID":"196513","formEdgeID":null},{"edgeID":"240776","fromID":"196345","toID":"196514","formEdgeID":null},{"edgeID":"240777","fromID":"196514","toID":"196349","formEdgeID":null},{"edgeID":"240778","fromID":"196347","toID":"196515","formEdgeID":null},{"edgeID":"240779","fromID":"196515","toID":"196140","formEdgeID":null},{"edgeID":"240780","fromID":"196514","toID":"196516","formEdgeID":null},{"edgeID":"240781","fromID":"196516","toID":"196515","formEdgeID":null},{"edgeID":"240782","fromID":"196334","toID":"196517","formEdgeID":null},{"edgeID":"240783","fromID":"196517","toID":"196341","formEdgeID":null},{"edgeID":"240784","fromID":"196341","toID":"196518","formEdgeID":null},{"edgeID":"240785","fromID":"196518","toID":"196345","formEdgeID":null},{"edgeID":"240786","fromID":"196519","toID":"196359","formEdgeID":null},{"edgeID":"240787","fromID":"196357","toID":"196519","formEdgeID":null},{"edgeID":"240788","fromID":"196122","toID":"196520","formEdgeID":null},{"edgeID":"240789","fromID":"196520","toID":"196357","formEdgeID":null},{"edgeID":"240790","fromID":"196521","toID":"196364","formEdgeID":null},{"edgeID":"240791","fromID":"196362","toID":"196521","formEdgeID":null},{"edgeID":"240792","fromID":"196364","toID":"196522","formEdgeID":null},{"edgeID":"240793","fromID":"196522","toID":"196124","formEdgeID":null},{"edgeID":"240794","fromID":"196122","toID":"196523","formEdgeID":null},{"edgeID":"240795","fromID":"196523","toID":"196362","formEdgeID":null},{"edgeID":"240796","fromID":"196523","toID":"196524","formEdgeID":null},{"edgeID":"240797","fromID":"196524","toID":"196522","formEdgeID":null},{"edgeID":"240798","fromID":"196362","toID":"196525","formEdgeID":null},{"edgeID":"240799","fromID":"196525","toID":"196369","formEdgeID":null},{"edgeID":"240800","fromID":"196525","toID":"196526","formEdgeID":null},{"edgeID":"240801","fromID":"196526","toID":"196364","formEdgeID":null},{"edgeID":"240802","fromID":"196527","toID":"196375","formEdgeID":null},{"edgeID":"240803","fromID":"196373","toID":"196527","formEdgeID":null},{"edgeID":"240804","fromID":"196528","toID":"196379","formEdgeID":null},{"edgeID":"240805","fromID":"196377","toID":"196528","formEdgeID":null},{"edgeID":"240806","fromID":"196529","toID":"196383","formEdgeID":null},{"edgeID":"240807","fromID":"196381","toID":"196529","formEdgeID":null},{"edgeID":"240808","fromID":"196375","toID":"196530","formEdgeID":null},{"edgeID":"240809","fromID":"196530","toID":"196364","formEdgeID":null},{"edgeID":"240810","fromID":"196379","toID":"196530","formEdgeID":null},{"edgeID":"240811","fromID":"196383","toID":"196530","formEdgeID":null},{"edgeID":"240812","fromID":"196531","toID":"196388","formEdgeID":null},{"edgeID":"240813","fromID":"196386","toID":"196531","formEdgeID":null},{"edgeID":"240814","fromID":"196388","toID":"196530","formEdgeID":null},{"edgeID":"240815","fromID":"196362","toID":"196532","formEdgeID":null},{"edgeID":"240816","fromID":"196532","toID":"196373","formEdgeID":null},{"edgeID":"240817","fromID":"196532","toID":"196533","formEdgeID":null},{"edgeID":"240818","fromID":"196533","toID":"196530","formEdgeID":null},{"edgeID":"240819","fromID":"196532","toID":"196377","formEdgeID":null},{"edgeID":"240820","fromID":"196532","toID":"196381","formEdgeID":null},{"edgeID":"240821","fromID":"196532","toID":"196386","formEdgeID":null},{"edgeID":"240822","fromID":"196534","toID":"196394","formEdgeID":null},{"edgeID":"240823","fromID":"196392","toID":"196534","formEdgeID":null},{"edgeID":"240824","fromID":"196386","toID":"196535","formEdgeID":null},{"edgeID":"240825","fromID":"196535","toID":"196392","formEdgeID":null},{"edgeID":"240826","fromID":"196536","toID":"196399","formEdgeID":null},{"edgeID":"240827","fromID":"196397","toID":"196536","formEdgeID":null},{"edgeID":"240828","fromID":"196392","toID":"196537","formEdgeID":null},{"edgeID":"240829","fromID":"196537","toID":"196397","formEdgeID":null},{"edgeID":"240830","fromID":"196399","toID":"196538","formEdgeID":null},{"edgeID":"240831","fromID":"196538","toID":"196394","formEdgeID":null},{"edgeID":"240832","fromID":"196537","toID":"196539","formEdgeID":null},{"edgeID":"240833","fromID":"196539","toID":"196538","formEdgeID":null}],"locutions":[]}