{"nodes":[{"nodeID":"196981","text":"PixelsAreYourFriends : I don't think Bernie knows the definition of \"national security threat.\"","type":"L","timestamp":"2002-01-01 15:49:48"},{"nodeID":"196982","text":"Asserting","type":"YA","timestamp":"2002-01-01 15:49:49","scheme":"Asserting","schemeID":"74"},{"nodeID":"196983","text":"Bernie Sanders does not know the definition of \"national security threat.\"","type":"I","timestamp":"2002-01-01 15:49:49"},{"nodeID":"196984","text":"Barbara: PixelsAreYourFriends : I don't think Bernie knows the definition of \"national security threat.\"","type":"L","timestamp":"2002-01-01 15:49:49"},{"nodeID":"196985","text":"PixelsAreYourFriends : Can't keep hitting repeat on that tape, Berns","type":"L","timestamp":"2002-01-01 15:49:49"},{"nodeID":"196986","text":"Asserting","type":"YA","timestamp":"2002-01-01 15:49:49","scheme":"Asserting","schemeID":"74"},{"nodeID":"196987","text":"can't keep hitting repeat on that tape, Bernie Sanders","type":"I","timestamp":"2002-01-01 15:49:49"},{"nodeID":"196988","text":"Barbara: PixelsAreYourFriends : Can't keep hitting repeat on that tape, Berns","type":"L","timestamp":"2002-01-01 15:49:49"},{"nodeID":"196989","text":"Default Transition","type":"TA","timestamp":"2002-01-01 15:49:49","scheme":"Default Transition","schemeID":"82"},{"nodeID":"196990","text":"national security is the security of country","type":"I","timestamp":"2002-01-01 15:49:49"},{"nodeID":"196991","text":"Asserting","type":"YA","timestamp":"2002-01-01 15:49:49","scheme":"Asserting","schemeID":"74"},{"nodeID":"196992","text":"Personacorona : National security: security of country","type":"L","timestamp":"2002-01-01 15:49:49"},{"nodeID":"196993","text":"Barbara: Personacorona : National security: security of country","type":"L","timestamp":"2002-01-01 15:49:50"},{"nodeID":"196994","text":"the end of the world affects the country","type":"I","timestamp":"2002-01-01 15:49:50"},{"nodeID":"196995","text":"Asserting","type":"YA","timestamp":"2002-01-01 15:49:50","scheme":"Asserting","schemeID":"74"},{"nodeID":"196996","text":"Personacorona : The end of the world? Affects the country","type":"L","timestamp":"2002-01-01 15:49:50"},{"nodeID":"196997","text":"Barbara: Personacorona : The end of the world? Affects the country","type":"L","timestamp":"2002-01-01 15:49:50"},{"nodeID":"196998","text":"Default Transition","type":"TA","timestamp":"2002-01-01 15:49:50","scheme":"Default Transition","schemeID":"82"},{"nodeID":"196999","text":"Default Inference","type":"RA","timestamp":"2002-01-01 15:49:50","scheme":"Default Inference","schemeID":"72"},{"nodeID":"197000","text":"Arguing","type":"YA","timestamp":"2002-01-01 15:49:50","scheme":"Arguing","schemeID":"80"},{"nodeID":"197001","text":"Default Conflict","type":"CA","timestamp":"2002-01-01 15:49:50","scheme":"Default Conflict","schemeID":"71"},{"nodeID":"197002","text":"Default Transition","type":"TA","timestamp":"2002-01-01 15:49:50","scheme":"Default Transition","schemeID":"82"},{"nodeID":"197003","text":"Disagreeing","type":"YA","timestamp":"2002-01-01 15:49:50","scheme":"Disagreeing","schemeID":"78"},{"nodeID":"197004","text":"iheartblankets : climate change doesn't seem like a national security threat to you","type":"L","timestamp":"2002-01-01 15:49:51"},{"nodeID":"197005","text":"Assertive Questioning","type":"YA","timestamp":"2002-01-01 15:49:51","scheme":"AssertiveQuestioning","schemeID":"73"},{"nodeID":"197006","text":"climate change doesn't seem like a national security threat to you","type":"I","timestamp":"2002-01-01 15:49:51"},{"nodeID":"197007","text":"Barbara: iheartblankets : climate change doesn't seem like a national security threat to you?","type":"L","timestamp":"2002-01-01 15:49:51"},{"nodeID":"197008","text":"iheartblankets : Tell me, what is a national security threat","type":"L","timestamp":"2002-01-01 15:49:51"},{"nodeID":"197009","text":"Directive Questioning","type":"YA","timestamp":"2002-01-01 15:49:51","scheme":"Directive Questioning","schemeID":"147"},{"nodeID":"197010","text":"tell me, what is a national security threat","type":"I","timestamp":"2002-01-01 15:49:51"},{"nodeID":"197011","text":"Barbara: iheartblankets : Tell me, what is a national security threat","type":"L","timestamp":"2002-01-01 15:49:51"},{"nodeID":"197012","text":"Default Transition","type":"TA","timestamp":"2002-01-01 15:49:51","scheme":"Default Transition","schemeID":"82"},{"nodeID":"197013","text":"Default Transition","type":"TA","timestamp":"2002-01-01 15:49:51","scheme":"Default Transition","schemeID":"82"},{"nodeID":"197014","text":"jas75249 : the world ending is a threat","type":"L","timestamp":"2002-01-01 15:49:51"},{"nodeID":"197015","text":"Asserting","type":"YA","timestamp":"2002-01-01 15:49:51","scheme":"Asserting","schemeID":"74"},{"nodeID":"197016","text":"the world ending is a threat","type":"I","timestamp":"2002-01-01 15:49:52"},{"nodeID":"197017","text":"Barbara: jas75249 : the world ending is a threat","type":"L","timestamp":"2002-01-01 15:49:52"},{"nodeID":"197018","text":"Default Conflict","type":"CA","timestamp":"2002-01-01 15:49:52","scheme":"Default Conflict","schemeID":"71"},{"nodeID":"197019","text":"Default Transition","type":"TA","timestamp":"2002-01-01 15:49:52","scheme":"Default Transition","schemeID":"82"},{"nodeID":"197020","text":"Disagreeing","type":"YA","timestamp":"2002-01-01 15:49:52","scheme":"Disagreeing","schemeID":"78"},{"nodeID":"197021","text":"BreweryInTheSky : The destabilization caused by unrest in the middle east is nothing compared to what's coming","type":"L","timestamp":"2002-01-01 15:49:52"},{"nodeID":"197022","text":"Asserting","type":"YA","timestamp":"2002-01-01 15:49:52","scheme":"Asserting","schemeID":"74"},{"nodeID":"197023","text":"the destabilization caused by unrest in the middle east is nothing compared to what's coming","type":"I","timestamp":"2002-01-01 15:49:52"},{"nodeID":"197024","text":"Barbara: BreweryInTheSky : The destabilization caused by unrest in the middle east is nothing compared to what's coming","type":"L","timestamp":"2002-01-01 15:49:52"},{"nodeID":"197025","text":"Default Conflict","type":"CA","timestamp":"2002-01-01 15:49:52","scheme":"Default Conflict","schemeID":"71"},{"nodeID":"197026","text":"Default Transition","type":"TA","timestamp":"2002-01-01 15:49:52","scheme":"Default Transition","schemeID":"82"},{"nodeID":"197027","text":"Disagreeing","type":"YA","timestamp":"2002-01-01 15:49:52","scheme":"Disagreeing","schemeID":"78"},{"nodeID":"197028","text":"MrFordization : Pentagon classifies global warming as a national security threat","type":"L","timestamp":"2002-01-01 15:49:53"},{"nodeID":"197029","text":"Asserting","type":"YA","timestamp":"2002-01-01 15:49:53","scheme":"Asserting","schemeID":"74"},{"nodeID":"197030","text":"Pentagon classifies global warming as a national security threat","type":"I","timestamp":"2002-01-01 15:49:53"},{"nodeID":"197031","text":"Barbara: MrFordization : Pentagon classifies global warming as a national security threat","type":"L","timestamp":"2002-01-01 15:49:53"},{"nodeID":"197032","text":"MrFordization : Maybe he just knows more than you","type":"L","timestamp":"2002-01-01 15:49:53"},{"nodeID":"197033","text":"Asserting","type":"YA","timestamp":"2002-01-01 15:49:53","scheme":"Asserting","schemeID":"74"},{"nodeID":"197034","text":"Bernie Sanders just knows more than you","type":"I","timestamp":"2002-01-01 15:49:53"},{"nodeID":"197035","text":"Barbara: MrFordization : Maybe he just knows more than you","type":"L","timestamp":"2002-01-01 15:49:53"},{"nodeID":"197036","text":"Argument From Authority","type":"RA","timestamp":"2002-01-01 15:49:53","scheme":"ArgumentFromAuthority","schemeID":"160"},{"nodeID":"197037","text":"Default Transition","type":"TA","timestamp":"2002-01-01 15:49:53","scheme":"Default Transition","schemeID":"82"},{"nodeID":"197038","text":"Arguing","type":"YA","timestamp":"2002-01-01 15:49:53","scheme":"Arguing","schemeID":"80"},{"nodeID":"197039","text":"Default Conflict","type":"CA","timestamp":"2002-01-01 15:49:54","scheme":"Default Conflict","schemeID":"71"},{"nodeID":"197040","text":"Default Transition","type":"TA","timestamp":"2002-01-01 15:49:54","scheme":"Default Transition","schemeID":"82"},{"nodeID":"197041","text":"Disagreeing","type":"YA","timestamp":"2002-01-01 15:49:54","scheme":"Disagreeing","schemeID":"78"},{"nodeID":"197042","text":"Hoser117 : http:\/\/www.nytimes.com\/2014\/05\/14\/us\/politics\/climate-change-deemed-growing-security-threat-by-military-researchers.html?_r=1","type":"L","timestamp":"2002-01-01 15:49:54"},{"nodeID":"197043","text":"Asserting","type":"YA","timestamp":"2002-01-01 15:49:54","scheme":"Asserting","schemeID":"74"},{"nodeID":"197044","text":"http:\/\/www.nytimes.com\/2014\/05\/14\/us\/politics\/climate-change-deemed-growing-security-threat-by-military-researchers.html?_r=1","type":"I","timestamp":"2002-01-01 15:49:54"},{"nodeID":"197045","text":"Barbara: Hoser117 : http:\/\/www.nytimes.com\/2014\/05\/14\/us\/politics\/climate-change-deemed-growing-security-threat-by-military-researchers.html?_r=1","type":"L","timestamp":"2002-01-01 15:49:54"},{"nodeID":"197046","text":"CNA Corporation Military Advisory Board: The accelerating rate of climate change poses a severe risk to national security and acts as a catalyst for global political conflict","type":"L","timestamp":"2002-01-01 15:49:54"},{"nodeID":"197047","text":"Asserting","type":"YA","timestamp":"2002-01-01 15:49:54","scheme":"Asserting","schemeID":"74"},{"nodeID":"197048","text":"The accelerating rate of climate change poses a severe risk to national security and acts as a catalyst for global political conflict","type":"I","timestamp":"2002-01-01 15:49:54"},{"nodeID":"197049","text":"Barbara: Hoser117 : The accelerating rate of climate change poses a severe risk to national security and acts as a catalyst for global political conflict, a report published Tuesday by a leading government-funded military research organization concluded","type":"L","timestamp":"2002-01-01 15:49:54"},{"nodeID":"197050","text":"Hoser117 : The accelerating rate of climate change poses a severe risk to national security and acts as a catalyst for global political conflict, a report published Tuesday by a leading government-funded military research organization concluded","type":"L","timestamp":"2002-01-01 15:49:55"},{"nodeID":"197051","text":"Barbara: xx : CNA Corporation Military Advisory Board: The accelerating rate of climate change poses a severe risk to national security and acts as a catalyst for global political conflict","type":"L","timestamp":"2002-01-01 15:49:55"},{"nodeID":"197052","text":"Asserting","type":"YA","timestamp":"2002-01-01 15:49:55","scheme":"Asserting","schemeID":"74"},{"nodeID":"197053","text":"Default Conflict","type":"CA","timestamp":"2002-01-01 15:49:55","scheme":"Default Conflict","schemeID":"71"},{"nodeID":"197054","text":"Default Transition","type":"TA","timestamp":"2002-01-01 15:49:55","scheme":"Default Transition","schemeID":"82"},{"nodeID":"197055","text":"Disagreeing","type":"YA","timestamp":"2002-01-01 15:49:55","scheme":"Disagreeing","schemeID":"78"},{"nodeID":"197056","text":"Argument From Authority","type":"RA","timestamp":"2002-01-01 15:49:55","scheme":"ArgumentFromAuthority","schemeID":"160"},{"nodeID":"197057","text":"Default Transition","type":"TA","timestamp":"2002-01-01 15:49:55","scheme":"Default Transition","schemeID":"82"},{"nodeID":"197058","text":"Arguing","type":"YA","timestamp":"2002-01-01 15:49:55","scheme":"Arguing","schemeID":"80"}],"edges":[{"edgeID":"241390","fromID":"196982","toID":"196983","formEdgeID":null},{"edgeID":"241391","fromID":"196981","toID":"196982","formEdgeID":null},{"edgeID":"241392","fromID":"196986","toID":"196987","formEdgeID":null},{"edgeID":"241393","fromID":"196985","toID":"196986","formEdgeID":null},{"edgeID":"241394","fromID":"196981","toID":"196989","formEdgeID":null},{"edgeID":"241395","fromID":"196989","toID":"196985","formEdgeID":null},{"edgeID":"241396","fromID":"196991","toID":"196990","formEdgeID":null},{"edgeID":"241397","fromID":"196992","toID":"196991","formEdgeID":null},{"edgeID":"241398","fromID":"196995","toID":"196994","formEdgeID":null},{"edgeID":"241399","fromID":"196996","toID":"196995","formEdgeID":null},{"edgeID":"241400","fromID":"196992","toID":"196998","formEdgeID":null},{"edgeID":"241401","fromID":"196998","toID":"196996","formEdgeID":null},{"edgeID":"241402","fromID":"196990","toID":"196999","formEdgeID":null},{"edgeID":"241403","fromID":"196999","toID":"196994","formEdgeID":null},{"edgeID":"241404","fromID":"196998","toID":"197000","formEdgeID":null},{"edgeID":"241405","fromID":"197000","toID":"196999","formEdgeID":null},{"edgeID":"241406","fromID":"196994","toID":"197001","formEdgeID":null},{"edgeID":"241407","fromID":"197001","toID":"196983","formEdgeID":null},{"edgeID":"241408","fromID":"196981","toID":"197002","formEdgeID":null},{"edgeID":"241409","fromID":"197002","toID":"196996","formEdgeID":null},{"edgeID":"241410","fromID":"197002","toID":"197003","formEdgeID":null},{"edgeID":"241411","fromID":"197003","toID":"197001","formEdgeID":null},{"edgeID":"241412","fromID":"197005","toID":"197006","formEdgeID":null},{"edgeID":"241413","fromID":"197004","toID":"197005","formEdgeID":null},{"edgeID":"241414","fromID":"197009","toID":"197010","formEdgeID":null},{"edgeID":"241415","fromID":"197008","toID":"197009","formEdgeID":null},{"edgeID":"241416","fromID":"196981","toID":"197012","formEdgeID":null},{"edgeID":"241417","fromID":"197012","toID":"197004","formEdgeID":null},{"edgeID":"241418","fromID":"197004","toID":"197013","formEdgeID":null},{"edgeID":"241419","fromID":"197013","toID":"197008","formEdgeID":null},{"edgeID":"241420","fromID":"197015","toID":"197016","formEdgeID":null},{"edgeID":"241421","fromID":"197014","toID":"197015","formEdgeID":null},{"edgeID":"241422","fromID":"197016","toID":"197018","formEdgeID":null},{"edgeID":"241423","fromID":"197018","toID":"196983","formEdgeID":null},{"edgeID":"241424","fromID":"196981","toID":"197019","formEdgeID":null},{"edgeID":"241425","fromID":"197019","toID":"197014","formEdgeID":null},{"edgeID":"241426","fromID":"197019","toID":"197020","formEdgeID":null},{"edgeID":"241427","fromID":"197020","toID":"197018","formEdgeID":null},{"edgeID":"241428","fromID":"197022","toID":"197023","formEdgeID":null},{"edgeID":"241429","fromID":"197021","toID":"197022","formEdgeID":null},{"edgeID":"241430","fromID":"197023","toID":"197025","formEdgeID":null},{"edgeID":"241431","fromID":"197025","toID":"196983","formEdgeID":null},{"edgeID":"241432","fromID":"196981","toID":"197026","formEdgeID":null},{"edgeID":"241433","fromID":"197026","toID":"197021","formEdgeID":null},{"edgeID":"241434","fromID":"197026","toID":"197027","formEdgeID":null},{"edgeID":"241435","fromID":"197027","toID":"197025","formEdgeID":null},{"edgeID":"241436","fromID":"197029","toID":"197030","formEdgeID":null},{"edgeID":"241437","fromID":"197028","toID":"197029","formEdgeID":null},{"edgeID":"241438","fromID":"197033","toID":"197034","formEdgeID":null},{"edgeID":"241439","fromID":"197032","toID":"197033","formEdgeID":null},{"edgeID":"241440","fromID":"197030","toID":"197036","formEdgeID":null},{"edgeID":"241441","fromID":"197036","toID":"197034","formEdgeID":null},{"edgeID":"241442","fromID":"197028","toID":"197037","formEdgeID":null},{"edgeID":"241443","fromID":"197037","toID":"197032","formEdgeID":null},{"edgeID":"241444","fromID":"197037","toID":"197038","formEdgeID":null},{"edgeID":"241445","fromID":"197038","toID":"197036","formEdgeID":null},{"edgeID":"241446","fromID":"197034","toID":"197039","formEdgeID":null},{"edgeID":"241447","fromID":"197039","toID":"196983","formEdgeID":null},{"edgeID":"241448","fromID":"196981","toID":"197040","formEdgeID":null},{"edgeID":"241449","fromID":"197040","toID":"197032","formEdgeID":null},{"edgeID":"241450","fromID":"197040","toID":"197041","formEdgeID":null},{"edgeID":"241451","fromID":"197041","toID":"197039","formEdgeID":null},{"edgeID":"241452","fromID":"197043","toID":"197044","formEdgeID":null},{"edgeID":"241453","fromID":"197042","toID":"197043","formEdgeID":null},{"edgeID":"241454","fromID":"197047","toID":"197048","formEdgeID":null},{"edgeID":"241455","fromID":"197046","toID":"197047","formEdgeID":null},{"edgeID":"241456","fromID":"197050","toID":"197052","formEdgeID":null},{"edgeID":"241457","fromID":"197052","toID":"197046","formEdgeID":null},{"edgeID":"241458","fromID":"197048","toID":"197053","formEdgeID":null},{"edgeID":"241459","fromID":"197053","toID":"196983","formEdgeID":null},{"edgeID":"241460","fromID":"196981","toID":"197054","formEdgeID":null},{"edgeID":"241461","fromID":"197054","toID":"197050","formEdgeID":null},{"edgeID":"241462","fromID":"197054","toID":"197055","formEdgeID":null},{"edgeID":"241463","fromID":"197055","toID":"197053","formEdgeID":null},{"edgeID":"241464","fromID":"197044","toID":"197056","formEdgeID":null},{"edgeID":"241465","fromID":"197056","toID":"197048","formEdgeID":null},{"edgeID":"241466","fromID":"197042","toID":"197057","formEdgeID":null},{"edgeID":"241467","fromID":"197057","toID":"197050","formEdgeID":null},{"edgeID":"241468","fromID":"197057","toID":"197058","formEdgeID":null},{"edgeID":"241469","fromID":"197058","toID":"197056","formEdgeID":null}],"locutions":[{"nodeID":"196992","personID":"2214","timestamp":"2002-01-01 15:49:59","start":null,"end":null,"source":null},{"nodeID":"196996","personID":"2214","timestamp":"2002-01-01 15:49:59","start":null,"end":null,"source":null},{"nodeID":"197050","personID":"2218","timestamp":"2002-01-01 15:49:59","start":null,"end":null,"source":null}]}