{"nodes":[{"nodeID":"201456","text":"I_Am_A_Mudcrab : What is there to be impressed with about Hillary","type":"L","timestamp":"2016-09-22 12:25:26"},{"nodeID":"201458","text":"there is nothing to be impressed with about Hillary Clinton","type":"I","timestamp":"2016-09-22 12:25:27"},{"nodeID":"201459","text":"Barbara: I_Am_A_Mudcrab : What is there to be impressed with about Hillary","type":"L","timestamp":"2016-09-22 12:25:27"},{"nodeID":"201460","text":"I_Am_A_Mudcrab : She doesn't have concrete stands on any issue","type":"L","timestamp":"2016-09-22 12:25:27"},{"nodeID":"201462","text":"Hillary Clinton doesn't have concrete stands on any issue","type":"I","timestamp":"2016-09-22 12:25:27"},{"nodeID":"201463","text":"Barbara: I_Am_A_Mudcrab : She doesn't have concrete stands on any issue","type":"L","timestamp":"2016-09-22 12:25:27"},{"nodeID":"201464","text":"I_Am_A_Mudcrab : doesn't go into details about her ideas","type":"L","timestamp":"2016-09-22 12:25:27"},{"nodeID":"201466","text":"Hillary Clinton doesn't go into details about her ideas","type":"I","timestamp":"2016-09-22 12:25:27"},{"nodeID":"201467","text":"Barbara: I_Am_A_Mudcrab : doesn't go into details about her ideas","type":"L","timestamp":"2016-09-22 12:25:27"},{"nodeID":"201468","text":"I_Am_A_Mudcrab : just uses buzzwords and pure rethoric to try and get people to agree","type":"L","timestamp":"2016-09-22 12:25:28"},{"nodeID":"201470","text":"Hillary Clinton just uses buzzwords and pure rethoric to try and get people to agree","type":"I","timestamp":"2016-09-22 12:25:28"},{"nodeID":"201471","text":"Barbara: I_Am_A_Mudcrab : just uses buzzwords and pure rethoric to try and get people to agree","type":"L","timestamp":"2016-09-22 12:25:28"},{"nodeID":"201475","text":"tripbin : Reminds me of that family guy episode where Lois runs for mayor","type":"L","timestamp":"2016-09-22 12:25:28"},{"nodeID":"201477","text":"reminds me of that family guy episode where Lois runs for mayor","type":"I","timestamp":"2016-09-22 12:25:28"},{"nodeID":"201478","text":"Barbara: tripbin : Reminds me of that family guy episode where Lois runs for mayor","type":"L","timestamp":"2016-09-22 12:25:28"},{"nodeID":"201479","text":"I_Am_A_Mudcrab : I was half tempted to post that link","type":"L","timestamp":"2016-09-22 12:25:29"},{"nodeID":"201481","text":"I was half tempted to post that link","type":"I","timestamp":"2016-09-22 12:25:29"},{"nodeID":"201482","text":"Barbara: I_Am_A_Mudcrab : I was half tempted to post that link","type":"L","timestamp":"2016-09-22 12:25:29"},{"nodeID":"201485","text":"ne99ne : There is nothing impressive about her other than her ambition, and her pandering","type":"L","timestamp":"2016-09-22 12:25:29"},{"nodeID":"201488","text":"Barbara: ne99ne : There is nothing impressive about her other than her ambition, and her pandering","type":"L","timestamp":"2016-09-22 12:25:30"},{"nodeID":"201492","text":"ChristianTaz : Isn't that kind of the same as Bernie Sanders","type":"L","timestamp":"2016-09-22 12:25:30"},{"nodeID":"201494","text":"there is nothing to be impressed with about Bernie Sanders the same as with Hillary Clinton","type":"I","timestamp":"2016-09-22 12:25:30"},{"nodeID":"201495","text":"Barbara: ChristianTaz : Isn't that kind of the same as Bernie Sanders","type":"L","timestamp":"2016-09-22 12:25:30"},{"nodeID":"201497","text":"ChristianTaz : As president, Sanders has promised to raise minimum wage to $15.00","type":"L","timestamp":"2016-09-22 12:25:30"},{"nodeID":"201499","text":"as president, Sanders has promised to raise minimum wage to $15.00","type":"I","timestamp":"2016-09-22 12:25:30"},{"nodeID":"201500","text":"Barbara: ChristianTaz : As president, Sanders has promised to raise minimum wage to $15.00","type":"L","timestamp":"2016-09-22 12:25:31"},{"nodeID":"201501","text":"ChristianTaz : make sure no one working 40 hours a week is in poverty","type":"L","timestamp":"2016-09-22 12:25:31"},{"nodeID":"201503","text":"Sanders has promised to make sure no one working 40 hours a week is in poverty","type":"I","timestamp":"2016-09-22 12:25:31"},{"nodeID":"201504","text":"Barbara: ChristianTaz : make sure no one working 40 hours a week is in poverty","type":"L","timestamp":"2016-09-22 12:25:31"},{"nodeID":"201505","text":"ChristianTaz : ut 13 million to work by investing a trillion dollars in infrastructure","type":"L","timestamp":"2016-09-22 12:25:31"},{"nodeID":"201507","text":"Sanders has promised to put 13 million to work by investing a trillion dollars in infrastructure","type":"I","timestamp":"2016-09-22 12:25:31"},{"nodeID":"201508","text":"Barbara: ChristianTaz : ut 13 million to work by investing a trillion dollars in infrastructure","type":"L","timestamp":"2016-09-22 12:25:31"},{"nodeID":"201509","text":"ChristianTaz : reverse the NAFTA, CAFTA and   PNTR trade agreements","type":"L","timestamp":"2016-09-22 12:25:31"},{"nodeID":"201511","text":"Sanders has promised to reverse the NAFTA, CAFTA and   PNTR trade agreements","type":"I","timestamp":"2016-09-22 12:25:32"},{"nodeID":"201512","text":"Barbara: ChristianTaz : reverse the NAFTA, CAFTA and   PNTR trade agreements","type":"L","timestamp":"2016-09-22 12:25:32"},{"nodeID":"201513","text":"ChristianTaz : create a million jobs by investing 5.5 billion in youth jobs","type":"L","timestamp":"2016-09-22 12:25:32"},{"nodeID":"201515","text":"Sanders has promised to create a million jobs by investing 5.5 billion in youth jobs","type":"I","timestamp":"2016-09-22 12:25:32"},{"nodeID":"201516","text":"Barbara: ChristianTaz : create a million jobs by investing 5.5 billion in youth jobs","type":"L","timestamp":"2016-09-22 12:25:32"},{"nodeID":"201517","text":"ChristianTaz : make tuition free at all public colleges","type":"L","timestamp":"2016-09-22 12:25:32"},{"nodeID":"201519","text":"Sanders has promised to make tuition free at all public colleges","type":"I","timestamp":"2016-09-22 12:25:32"},{"nodeID":"201520","text":"Barbara: ChristianTaz : make tuition free at all public colleges","type":"L","timestamp":"2016-09-22 12:25:33"},{"nodeID":"201521","text":"ChristianTaz : expand social security","type":"L","timestamp":"2016-09-22 12:25:33"},{"nodeID":"201523","text":"Sanders has promised to expand social security","type":"I","timestamp":"2016-09-22 12:25:33"},{"nodeID":"201524","text":"Barbara: ChristianTaz : expand social security","type":"L","timestamp":"2016-09-22 12:25:33"},{"nodeID":"201525","text":"ChristianTaz : enact universal healthcare and prekindergarten program","type":"L","timestamp":"2016-09-22 12:25:33"},{"nodeID":"201527","text":"Sanders has promised to enact universal healthcare and prekindergarten program","type":"I","timestamp":"2016-09-22 12:25:33"},{"nodeID":"201528","text":"Barbara: ChristianTaz : enact universal healthcare and prekindergarten program","type":"L","timestamp":"2016-09-22 12:25:33"},{"nodeID":"201529","text":"ChristianTaz : break up big finanacial institutions","type":"L","timestamp":"2016-09-22 12:25:33"},{"nodeID":"201531","text":"Sanders has promised to break up big finanacial institutions","type":"I","timestamp":"2016-09-22 12:25:34"},{"nodeID":"201532","text":"Barbara: ChristianTaz : break up big finanacial institutions","type":"L","timestamp":"2016-09-22 12:25:34"},{"nodeID":"201533","text":"ChristianTaz : tax carbon and methane emissions","type":"L","timestamp":"2016-09-22 12:25:34"},{"nodeID":"201535","text":"Sanders has promised to tax carbon and methane emissions","type":"I","timestamp":"2016-09-22 12:25:34"},{"nodeID":"201536","text":"Barbara: ChristianTaz : tax carbon and methane emissions","type":"L","timestamp":"2016-09-22 12:25:34"},{"nodeID":"201537","text":"ChristianTaz : demilitarize the police force","type":"L","timestamp":"2016-09-22 12:25:34"},{"nodeID":"201539","text":"Sanders has promised to demilitarize the police force","type":"I","timestamp":"2016-09-22 12:25:34"},{"nodeID":"201540","text":"Barbara: ChristianTaz : demilitarize the police force","type":"L","timestamp":"2016-09-22 12:25:34"},{"nodeID":"201541","text":"ChristianTaz : have police forces that reflect the diversity of our communities","type":"L","timestamp":"2016-09-22 12:25:35"},{"nodeID":"201543","text":"Sanders has promised to have police forces that reflect the diversity of our communities","type":"I","timestamp":"2016-09-22 12:25:35"},{"nodeID":"201544","text":"Barbara: ChristianTaz : ave police forces that reflect the diversity of our communities","type":"L","timestamp":"2016-09-22 12:25:35"},{"nodeID":"201545","text":"ChristianTaz : make election day a holiday","type":"L","timestamp":"2016-09-22 12:25:35"},{"nodeID":"201547","text":"Sanders has promised to make election day a holiday","type":"I","timestamp":"2016-09-22 12:25:35"},{"nodeID":"201548","text":"Barbara: ChristianTaz : make election day a holiday","type":"L","timestamp":"2016-09-22 12:25:35"},{"nodeID":"201549","text":"ChristianTaz : ban for profit prisons","type":"L","timestamp":"2016-09-22 12:25:35"},{"nodeID":"201551","text":"Sanders has promised to ban for profit prisons","type":"I","timestamp":"2016-09-22 12:25:36"},{"nodeID":"201552","text":"Barbara: ChristianTaz : ban for profit prisons","type":"L","timestamp":"2016-09-22 12:25:36"},{"nodeID":"201553","text":"ChristianTaz : invest in   drug courts","type":"L","timestamp":"2016-09-22 12:25:36"},{"nodeID":"201555","text":"Sanders has promised to invest in drug courts","type":"I","timestamp":"2016-09-22 12:25:36"},{"nodeID":"201556","text":"Barbara: ChristianTaz : invest in   drug courts","type":"L","timestamp":"2016-09-22 12:25:36"},{"nodeID":"201557","text":"ChristianTaz : help people who went to jail rebuild their lives","type":"L","timestamp":"2016-09-22 12:25:36"},{"nodeID":"201559","text":"Sanders has promised to help people who went to jail rebuild their lives","type":"I","timestamp":"2016-09-22 12:25:36"},{"nodeID":"201560","text":"Barbara: ChristianTaz : help people who went to jail rebuild their lives","type":"L","timestamp":"2016-09-22 12:25:36"},{"nodeID":"201561","text":"ChristianTaz : abolish assest forfeiture","type":"L","timestamp":"2016-09-22 12:25:37"},{"nodeID":"201563","text":"Sanders has promised to abolish assest forfeiture","type":"I","timestamp":"2016-09-22 12:25:37"},{"nodeID":"201564","text":"Barbara: ChristianTaz : abolish assest forfeiture","type":"L","timestamp":"2016-09-22 12:25:37"},{"nodeID":"201565","text":"ChristianTaz : more","type":"L","timestamp":"2016-09-22 12:25:37"},{"nodeID":"201567","text":"Sanders has promised more","type":"I","timestamp":"2016-09-22 12:25:37"},{"nodeID":"201568","text":"Barbara: ChristianTaz : more","type":"L","timestamp":"2016-09-22 12:25:37"},{"nodeID":"201569","text":"ChristianTaz : That's just some stuff off his official website","type":"L","timestamp":"2016-09-22 12:25:37"},{"nodeID":"201571","text":"that's just some stuff off Sanders' official website","type":"I","timestamp":"2016-09-22 12:25:37"},{"nodeID":"201572","text":"Barbara: ChristianTaz : That's just some stuff off his official website","type":"L","timestamp":"2016-09-22 12:25:38"},{"nodeID":"201573","text":"ChristianTaz : It seems like just about anything anyone would want to get people to agree","type":"L","timestamp":"2016-09-22 12:25:38"},{"nodeID":"201575","text":"what Sanders has promised seems like just about anything anyone would want to get people to agree","type":"I","timestamp":"2016-09-22 12:25:38"},{"nodeID":"201576","text":"Barbara: ChristianTaz : It seems like just about anything anyone would want to get people to agree","type":"L","timestamp":"2016-09-22 12:25:38"},{"nodeID":"201583","text":"one difference is that he has shown he actually cares about that shit and not just for votes","type":"L","timestamp":"2016-09-22 12:25:39"},{"nodeID":"201584","text":"I_Am_A_Mudcrab : one difference is that he has shown he actually cares about that shit and not just for votes","type":"L","timestamp":"2016-09-22 12:25:39"},{"nodeID":"201586","text":"one difference is that Bernie Sanders has shown he actually cares about that shit and not just for votes","type":"I","timestamp":"2016-09-22 12:25:39"},{"nodeID":"201587","text":"Barbara: I_Am_A_Mudcrab : I_Am_A_Mudcrab","type":"L","timestamp":"2016-09-22 12:25:39"},{"nodeID":"201591","text":"ChristianTaz : being able to care and being able to get stuff done are kind of two different things","type":"L","timestamp":"2016-09-22 12:25:39"},{"nodeID":"201593","text":"being able to care and being able to get stuff done are kind of two different things","type":"I","timestamp":"2016-09-22 12:25:40"},{"nodeID":"201594","text":"Barbara: ChristianTaz : being able to care and being able to get stuff done are kind of two different things","type":"L","timestamp":"2016-09-22 12:25:40"},{"nodeID":"201595","text":"ChristianTaz : Bernie has made a long list of promises he won't be able to deliver on without approval of congress","type":"L","timestamp":"2016-09-22 12:25:40"},{"nodeID":"201597","text":"Bernie Sanders has made a long list of promises he won't be able to deliver on without approval of congress","type":"I","timestamp":"2016-09-22 12:25:40"},{"nodeID":"201598","text":"Barbara: ChristianTaz : Bernie has made a long list of promises he won't be able to deliver on without approval of congress","type":"L","timestamp":"2016-09-22 12:25:40"},{"nodeID":"201599","text":"ChristianTaz : he probably won't have for a lot of his propositions","type":"L","timestamp":"2016-09-22 12:25:40"},{"nodeID":"201601","text":"Bernie Sanders  probably won't have congress approval for a lot of his propositions","type":"I","timestamp":"2016-09-22 12:25:41"},{"nodeID":"201602","text":"Barbara: ChristianTaz : he probably won't have for a lot of his propositions","type":"L","timestamp":"2016-09-22 12:25:41"},{"nodeID":"201609","text":"Assertive Questioning","type":"YA","timestamp":"2016-09-22 12:28:56","scheme":"AssertiveQuestioning","schemeID":"73"},{"nodeID":"201610","text":"Asserting","type":"YA","timestamp":"2016-09-22 12:28:56","scheme":"Asserting","schemeID":"74"},{"nodeID":"201611","text":"Asserting","type":"YA","timestamp":"2016-09-22 12:28:57","scheme":"Asserting","schemeID":"74"},{"nodeID":"201612","text":"Asserting","type":"YA","timestamp":"2016-09-22 12:28:57","scheme":"Asserting","schemeID":"74"},{"nodeID":"201613","text":"Default Inference","type":"RA","timestamp":"2016-09-22 12:28:57","scheme":"Default Inference","schemeID":"72"},{"nodeID":"201614","text":"Default Transition","type":"TA","timestamp":"2016-09-22 12:28:57","scheme":"Default Transition","schemeID":"82"},{"nodeID":"201615","text":"Default Illocuting","type":"YA","timestamp":"2016-09-22 12:28:57","scheme":"Default Illocuting","schemeID":"168"},{"nodeID":"201616","text":"Asserting","type":"YA","timestamp":"2016-09-22 12:28:58","scheme":"Asserting","schemeID":"74"},{"nodeID":"201617","text":"Asserting","type":"YA","timestamp":"2016-09-22 12:28:58","scheme":"Asserting","schemeID":"74"},{"nodeID":"201618","text":"Default Transition","type":"TA","timestamp":"2016-09-22 12:28:58","scheme":"Default Transition","schemeID":"82"},{"nodeID":"201619","text":"Default Transition","type":"TA","timestamp":"2016-09-22 12:28:58","scheme":"Default Transition","schemeID":"82"},{"nodeID":"201620","text":"Asserting","type":"YA","timestamp":"2016-09-22 12:28:59","scheme":"Asserting","schemeID":"74"},{"nodeID":"201621","text":"there is nothing impressive about Hillary Clinton other than her ambition, and her pandering","type":"I","timestamp":"2016-09-22 12:28:59"},{"nodeID":"201622","text":"Default Rephrase","type":"MA","timestamp":"2016-09-22 12:28:59","scheme":"Default Rephrase","schemeID":"144"},{"nodeID":"201623","text":"Default Transition","type":"TA","timestamp":"2016-09-22 12:28:59","scheme":"Default Transition","schemeID":"82"},{"nodeID":"201624","text":"Restating","type":"YA","timestamp":"2016-09-22 12:29:00","scheme":"Restating","schemeID":"101"},{"nodeID":"201625","text":"Assertive Questioning","type":"YA","timestamp":"2016-09-22 12:29:00","scheme":"AssertiveQuestioning","schemeID":"73"},{"nodeID":"201626","text":"Default Transition","type":"TA","timestamp":"2016-09-22 12:29:00","scheme":"Default Transition","schemeID":"82"},{"nodeID":"201627","text":"Asserting","type":"YA","timestamp":"2016-09-22 12:29:00","scheme":"Asserting","schemeID":"74"},{"nodeID":"201628","text":"Asserting","type":"YA","timestamp":"2016-09-22 12:29:00","scheme":"Asserting","schemeID":"74"},{"nodeID":"201629","text":"Asserting","type":"YA","timestamp":"2016-09-22 12:29:01","scheme":"Asserting","schemeID":"74"},{"nodeID":"201630","text":"Asserting","type":"YA","timestamp":"2016-09-22 12:29:01","scheme":"Asserting","schemeID":"74"},{"nodeID":"201631","text":"Asserting","type":"YA","timestamp":"2016-09-22 12:29:02","scheme":"Asserting","schemeID":"74"},{"nodeID":"201632","text":"Asserting","type":"YA","timestamp":"2016-09-22 12:29:02","scheme":"Asserting","schemeID":"74"},{"nodeID":"201633","text":"Asserting","type":"YA","timestamp":"2016-09-22 12:29:02","scheme":"Asserting","schemeID":"74"},{"nodeID":"201634","text":"Asserting","type":"YA","timestamp":"2016-09-22 12:29:03","scheme":"Asserting","schemeID":"74"},{"nodeID":"201635","text":"Asserting","type":"YA","timestamp":"2016-09-22 12:29:03","scheme":"Asserting","schemeID":"74"},{"nodeID":"201636","text":"Asserting","type":"YA","timestamp":"2016-09-22 12:29:03","scheme":"Asserting","schemeID":"74"},{"nodeID":"201637","text":"Asserting","type":"YA","timestamp":"2016-09-22 12:29:04","scheme":"Asserting","schemeID":"74"},{"nodeID":"201638","text":"Asserting","type":"YA","timestamp":"2016-09-22 12:29:04","scheme":"Asserting","schemeID":"74"},{"nodeID":"201639","text":"Asserting","type":"YA","timestamp":"2016-09-22 12:29:05","scheme":"Asserting","schemeID":"74"},{"nodeID":"201640","text":"Asserting","type":"YA","timestamp":"2016-09-22 12:29:05","scheme":"Asserting","schemeID":"74"},{"nodeID":"201641","text":"Asserting","type":"YA","timestamp":"2016-09-22 12:29:06","scheme":"Asserting","schemeID":"74"},{"nodeID":"201642","text":"Asserting","type":"YA","timestamp":"2016-09-22 12:29:06","scheme":"Asserting","schemeID":"74"},{"nodeID":"201643","text":"Asserting","type":"YA","timestamp":"2016-09-22 12:29:07","scheme":"Asserting","schemeID":"74"},{"nodeID":"201644","text":"Asserting","type":"YA","timestamp":"2016-09-22 12:29:07","scheme":"Asserting","schemeID":"74"},{"nodeID":"201645","text":"Asserting","type":"YA","timestamp":"2016-09-22 12:29:07","scheme":"Asserting","schemeID":"74"},{"nodeID":"201646","text":"Asserting","type":"YA","timestamp":"2016-09-22 12:29:08","scheme":"Asserting","schemeID":"74"},{"nodeID":"201647","text":"Default Inference","type":"RA","timestamp":"2016-09-22 12:29:08","scheme":"Default Inference","schemeID":"72"},{"nodeID":"201648","text":"Default Transition","type":"TA","timestamp":"2016-09-22 12:29:08","scheme":"Default Transition","schemeID":"82"},{"nodeID":"201649","text":"Arguing","type":"YA","timestamp":"2016-09-22 12:29:08","scheme":"Arguing","schemeID":"80"},{"nodeID":"201650","text":"Default Inference","type":"RA","timestamp":"2016-09-22 12:29:08","scheme":"Default Inference","schemeID":"72"},{"nodeID":"201651","text":"Default Transition","type":"TA","timestamp":"2016-09-22 12:29:08","scheme":"Default Transition","schemeID":"82"},{"nodeID":"201652","text":"Arguing","type":"YA","timestamp":"2016-09-22 12:29:08","scheme":"Arguing","schemeID":"80"},{"nodeID":"201653","text":"Asserting","type":"YA","timestamp":"2016-09-22 12:29:09","scheme":"Asserting","schemeID":"74"},{"nodeID":"201654","text":"Default Conflict","type":"CA","timestamp":"2016-09-22 12:29:09","scheme":"Default Conflict","schemeID":"71"},{"nodeID":"201655","text":"Default Transition","type":"TA","timestamp":"2016-09-22 12:29:09","scheme":"Default Transition","schemeID":"82"},{"nodeID":"201656","text":"Disagreeing","type":"YA","timestamp":"2016-09-22 12:29:09","scheme":"Disagreeing","schemeID":"78"},{"nodeID":"201657","text":"Asserting","type":"YA","timestamp":"2016-09-22 12:29:10","scheme":"Asserting","schemeID":"74"},{"nodeID":"201658","text":"Asserting","type":"YA","timestamp":"2016-09-22 12:29:10","scheme":"Asserting","schemeID":"74"},{"nodeID":"201659","text":"Asserting","type":"YA","timestamp":"2016-09-22 12:29:10","scheme":"Asserting","schemeID":"74"},{"nodeID":"201660","text":"Default Conflict","type":"CA","timestamp":"2016-09-22 12:29:11","scheme":"Default Conflict","schemeID":"71"},{"nodeID":"201661","text":"Default Transition","type":"TA","timestamp":"2016-09-22 12:29:11","scheme":"Default Transition","schemeID":"82"},{"nodeID":"201662","text":"Disagreeing","type":"YA","timestamp":"2016-09-22 12:29:11","scheme":"Disagreeing","schemeID":"78"},{"nodeID":"201663","text":"Default Inference","type":"RA","timestamp":"2016-09-22 12:29:11","scheme":"Default Inference","schemeID":"72"},{"nodeID":"201664","text":"Default Transition","type":"TA","timestamp":"2016-09-22 12:29:11","scheme":"Default Transition","schemeID":"82"},{"nodeID":"201665","text":"Arguing","type":"YA","timestamp":"2016-09-22 12:29:11","scheme":"Arguing","schemeID":"80"}],"edges":[{"edgeID":"246333","fromID":"201609","toID":"201458","formEdgeID":null},{"edgeID":"246334","fromID":"201456","toID":"201609","formEdgeID":null},{"edgeID":"246335","fromID":"201610","toID":"201462","formEdgeID":null},{"edgeID":"246336","fromID":"201460","toID":"201610","formEdgeID":null},{"edgeID":"246337","fromID":"201611","toID":"201466","formEdgeID":null},{"edgeID":"246338","fromID":"201464","toID":"201611","formEdgeID":null},{"edgeID":"246339","fromID":"201612","toID":"201470","formEdgeID":null},{"edgeID":"246340","fromID":"201468","toID":"201612","formEdgeID":null},{"edgeID":"246341","fromID":"201470","toID":"201613","formEdgeID":null},{"edgeID":"246342","fromID":"201613","toID":"201458","formEdgeID":null},{"edgeID":"246343","fromID":"201462","toID":"201613","formEdgeID":null},{"edgeID":"246344","fromID":"201466","toID":"201613","formEdgeID":null},{"edgeID":"246345","fromID":"201456","toID":"201614","formEdgeID":null},{"edgeID":"246346","fromID":"201614","toID":"201468","formEdgeID":null},{"edgeID":"246347","fromID":"201614","toID":"201460","formEdgeID":null},{"edgeID":"246348","fromID":"201614","toID":"201464","formEdgeID":null},{"edgeID":"246349","fromID":"201614","toID":"201615","formEdgeID":null},{"edgeID":"246350","fromID":"201615","toID":"201613","formEdgeID":null},{"edgeID":"246351","fromID":"201616","toID":"201477","formEdgeID":null},{"edgeID":"246352","fromID":"201475","toID":"201616","formEdgeID":null},{"edgeID":"246353","fromID":"201617","toID":"201481","formEdgeID":null},{"edgeID":"246354","fromID":"201479","toID":"201617","formEdgeID":null},{"edgeID":"246355","fromID":"201468","toID":"201618","formEdgeID":null},{"edgeID":"246356","fromID":"201618","toID":"201475","formEdgeID":null},{"edgeID":"246357","fromID":"201475","toID":"201619","formEdgeID":null},{"edgeID":"246358","fromID":"201619","toID":"201479","formEdgeID":null},{"edgeID":"246359","fromID":"201620","toID":"201621","formEdgeID":null},{"edgeID":"246360","fromID":"201485","toID":"201620","formEdgeID":null},{"edgeID":"246361","fromID":"201621","toID":"201622","formEdgeID":null},{"edgeID":"246362","fromID":"201622","toID":"201458","formEdgeID":null},{"edgeID":"246363","fromID":"201456","toID":"201623","formEdgeID":null},{"edgeID":"246364","fromID":"201623","toID":"201485","formEdgeID":null},{"edgeID":"246365","fromID":"201623","toID":"201624","formEdgeID":null},{"edgeID":"246366","fromID":"201624","toID":"201622","formEdgeID":null},{"edgeID":"246367","fromID":"201625","toID":"201494","formEdgeID":null},{"edgeID":"246368","fromID":"201492","toID":"201625","formEdgeID":null},{"edgeID":"246369","fromID":"201456","toID":"201626","formEdgeID":null},{"edgeID":"246370","fromID":"201626","toID":"201492","formEdgeID":null},{"edgeID":"246371","fromID":"201627","toID":"201499","formEdgeID":null},{"edgeID":"246372","fromID":"201497","toID":"201627","formEdgeID":null},{"edgeID":"246373","fromID":"201628","toID":"201503","formEdgeID":null},{"edgeID":"246374","fromID":"201501","toID":"201628","formEdgeID":null},{"edgeID":"246375","fromID":"201629","toID":"201507","formEdgeID":null},{"edgeID":"246376","fromID":"201505","toID":"201629","formEdgeID":null},{"edgeID":"246377","fromID":"201630","toID":"201511","formEdgeID":null},{"edgeID":"246378","fromID":"201509","toID":"201630","formEdgeID":null},{"edgeID":"246379","fromID":"201631","toID":"201515","formEdgeID":null},{"edgeID":"246380","fromID":"201513","toID":"201631","formEdgeID":null},{"edgeID":"246381","fromID":"201632","toID":"201519","formEdgeID":null},{"edgeID":"246382","fromID":"201517","toID":"201632","formEdgeID":null},{"edgeID":"246383","fromID":"201633","toID":"201523","formEdgeID":null},{"edgeID":"246384","fromID":"201521","toID":"201633","formEdgeID":null},{"edgeID":"246385","fromID":"201634","toID":"201527","formEdgeID":null},{"edgeID":"246386","fromID":"201525","toID":"201634","formEdgeID":null},{"edgeID":"246387","fromID":"201635","toID":"201531","formEdgeID":null},{"edgeID":"246388","fromID":"201529","toID":"201635","formEdgeID":null},{"edgeID":"246389","fromID":"201636","toID":"201535","formEdgeID":null},{"edgeID":"246390","fromID":"201533","toID":"201636","formEdgeID":null},{"edgeID":"246391","fromID":"201637","toID":"201539","formEdgeID":null},{"edgeID":"246392","fromID":"201537","toID":"201637","formEdgeID":null},{"edgeID":"246393","fromID":"201638","toID":"201543","formEdgeID":null},{"edgeID":"246394","fromID":"201541","toID":"201638","formEdgeID":null},{"edgeID":"246395","fromID":"201639","toID":"201547","formEdgeID":null},{"edgeID":"246396","fromID":"201545","toID":"201639","formEdgeID":null},{"edgeID":"246397","fromID":"201640","toID":"201551","formEdgeID":null},{"edgeID":"246398","fromID":"201549","toID":"201640","formEdgeID":null},{"edgeID":"246399","fromID":"201641","toID":"201555","formEdgeID":null},{"edgeID":"246400","fromID":"201553","toID":"201641","formEdgeID":null},{"edgeID":"246401","fromID":"201642","toID":"201559","formEdgeID":null},{"edgeID":"246402","fromID":"201557","toID":"201642","formEdgeID":null},{"edgeID":"246403","fromID":"201643","toID":"201563","formEdgeID":null},{"edgeID":"246404","fromID":"201561","toID":"201643","formEdgeID":null},{"edgeID":"246405","fromID":"201644","toID":"201567","formEdgeID":null},{"edgeID":"246406","fromID":"201565","toID":"201644","formEdgeID":null},{"edgeID":"246407","fromID":"201645","toID":"201571","formEdgeID":null},{"edgeID":"246408","fromID":"201569","toID":"201645","formEdgeID":null},{"edgeID":"246409","fromID":"201646","toID":"201575","formEdgeID":null},{"edgeID":"246410","fromID":"201573","toID":"201646","formEdgeID":null},{"edgeID":"246411","fromID":"201571","toID":"201647","formEdgeID":null},{"edgeID":"246412","fromID":"201647","toID":"201575","formEdgeID":null},{"edgeID":"246413","fromID":"201569","toID":"201648","formEdgeID":null},{"edgeID":"246414","fromID":"201648","toID":"201573","formEdgeID":null},{"edgeID":"246415","fromID":"201648","toID":"201649","formEdgeID":null},{"edgeID":"246416","fromID":"201649","toID":"201647","formEdgeID":null},{"edgeID":"246417","fromID":"201567","toID":"201647","formEdgeID":null},{"edgeID":"246418","fromID":"201563","toID":"201647","formEdgeID":null},{"edgeID":"246419","fromID":"201559","toID":"201647","formEdgeID":null},{"edgeID":"246420","fromID":"201565","toID":"201648","formEdgeID":null},{"edgeID":"246421","fromID":"201561","toID":"201648","formEdgeID":null},{"edgeID":"246422","fromID":"201557","toID":"201648","formEdgeID":null},{"edgeID":"246423","fromID":"201555","toID":"201647","formEdgeID":null},{"edgeID":"246424","fromID":"201551","toID":"201647","formEdgeID":null},{"edgeID":"246425","fromID":"201547","toID":"201647","formEdgeID":null},{"edgeID":"246426","fromID":"201545","toID":"201648","formEdgeID":null},{"edgeID":"246427","fromID":"201549","toID":"201648","formEdgeID":null},{"edgeID":"246428","fromID":"201553","toID":"201648","formEdgeID":null},{"edgeID":"246429","fromID":"201543","toID":"201647","formEdgeID":null},{"edgeID":"246430","fromID":"201539","toID":"201647","formEdgeID":null},{"edgeID":"246431","fromID":"201535","toID":"201647","formEdgeID":null},{"edgeID":"246432","fromID":"201531","toID":"201647","formEdgeID":null},{"edgeID":"246433","fromID":"201541","toID":"201648","formEdgeID":null},{"edgeID":"246434","fromID":"201537","toID":"201648","formEdgeID":null},{"edgeID":"246435","fromID":"201533","toID":"201648","formEdgeID":null},{"edgeID":"246436","fromID":"201529","toID":"201648","formEdgeID":null},{"edgeID":"246437","fromID":"201527","toID":"201647","formEdgeID":null},{"edgeID":"246438","fromID":"201519","toID":"201647","formEdgeID":null},{"edgeID":"246439","fromID":"201515","toID":"201647","formEdgeID":null},{"edgeID":"246440","fromID":"201525","toID":"201648","formEdgeID":null},{"edgeID":"246441","fromID":"201521","toID":"201648","formEdgeID":null},{"edgeID":"246442","fromID":"201517","toID":"201648","formEdgeID":null},{"edgeID":"246443","fromID":"201513","toID":"201648","formEdgeID":null},{"edgeID":"246444","fromID":"201507","toID":"201647","formEdgeID":null},{"edgeID":"246445","fromID":"201647","toID":"201576","formEdgeID":null},{"edgeID":"246446","fromID":"201511","toID":"201647","formEdgeID":null},{"edgeID":"246447","fromID":"201509","toID":"201648","formEdgeID":null},{"edgeID":"246448","fromID":"201505","toID":"201648","formEdgeID":null},{"edgeID":"246449","fromID":"201503","toID":"201647","formEdgeID":null},{"edgeID":"246450","fromID":"201499","toID":"201647","formEdgeID":null},{"edgeID":"246451","fromID":"201501","toID":"201648","formEdgeID":null},{"edgeID":"246452","fromID":"201497","toID":"201648","formEdgeID":null},{"edgeID":"246453","fromID":"201575","toID":"201650","formEdgeID":null},{"edgeID":"246454","fromID":"201650","toID":"201494","formEdgeID":null},{"edgeID":"246455","fromID":"201492","toID":"201651","formEdgeID":null},{"edgeID":"246456","fromID":"201651","toID":"201573","formEdgeID":null},{"edgeID":"246457","fromID":"201651","toID":"201652","formEdgeID":null},{"edgeID":"246458","fromID":"201652","toID":"201650","formEdgeID":null},{"edgeID":"246459","fromID":"201653","toID":"201586","formEdgeID":null},{"edgeID":"246460","fromID":"201584","toID":"201653","formEdgeID":null},{"edgeID":"246461","fromID":"201586","toID":"201654","formEdgeID":null},{"edgeID":"246462","fromID":"201654","toID":"201494","formEdgeID":null},{"edgeID":"246463","fromID":"201492","toID":"201655","formEdgeID":null},{"edgeID":"246464","fromID":"201655","toID":"201584","formEdgeID":null},{"edgeID":"246465","fromID":"201655","toID":"201656","formEdgeID":null},{"edgeID":"246466","fromID":"201656","toID":"201654","formEdgeID":null},{"edgeID":"246467","fromID":"201657","toID":"201593","formEdgeID":null},{"edgeID":"246468","fromID":"201591","toID":"201657","formEdgeID":null},{"edgeID":"246469","fromID":"201658","toID":"201597","formEdgeID":null},{"edgeID":"246470","fromID":"201595","toID":"201658","formEdgeID":null},{"edgeID":"246471","fromID":"201659","toID":"201601","formEdgeID":null},{"edgeID":"246472","fromID":"201599","toID":"201659","formEdgeID":null},{"edgeID":"246473","fromID":"201593","toID":"201660","formEdgeID":null},{"edgeID":"246474","fromID":"201660","toID":"201586","formEdgeID":null},{"edgeID":"246475","fromID":"201584","toID":"201661","formEdgeID":null},{"edgeID":"246476","fromID":"201661","toID":"201591","formEdgeID":null},{"edgeID":"246477","fromID":"201661","toID":"201662","formEdgeID":null},{"edgeID":"246478","fromID":"201662","toID":"201660","formEdgeID":null},{"edgeID":"246479","fromID":"201597","toID":"201663","formEdgeID":null},{"edgeID":"246480","fromID":"201663","toID":"201593","formEdgeID":null},{"edgeID":"246481","fromID":"201601","toID":"201663","formEdgeID":null},{"edgeID":"246482","fromID":"201591","toID":"201664","formEdgeID":null},{"edgeID":"246483","fromID":"201664","toID":"201599","formEdgeID":null},{"edgeID":"246484","fromID":"201664","toID":"201595","formEdgeID":null},{"edgeID":"246485","fromID":"201664","toID":"201665","formEdgeID":null},{"edgeID":"246486","fromID":"201665","toID":"201663","formEdgeID":null}],"locutions":[]}