{"nodes":[{"nodeID":"203691","text":"getoffmylvl : I'm still confused from earlier","type":"L","timestamp":"2016-09-29 15:54:00"},{"nodeID":"203692","text":"Asserting","type":"YA","timestamp":"2016-09-29 15:54:00","scheme":"Asserting","schemeID":"74"},{"nodeID":"203693","text":"I'm still confused from earlier","type":"I","timestamp":"2016-09-29 15:54:00"},{"nodeID":"203694","text":"Barbara: getoffmylvl : I'm still confused from earlier","type":"L","timestamp":"2016-09-29 15:54:00"},{"nodeID":"203695","text":"getoffmylvl : how does anderson cooper know the exact population of Denmark off the top of his head","type":"L","timestamp":"2016-09-29 15:54:00"},{"nodeID":"203696","text":"Pure Questioning","type":"YA","timestamp":"2016-09-29 15:54:00","scheme":"PureQuestioning","schemeID":"91"},{"nodeID":"203697","text":"COOPER knows the exact population of Denmark off the top of his head by xxx","type":"I","timestamp":"2016-09-29 15:54:00"},{"nodeID":"203698","text":"Barbara: getoffmylvl : how does anderson cooper know the exact population of Denmark off the top of his head","type":"L","timestamp":"2016-09-29 15:54:00"},{"nodeID":"203699","text":"Shadowr54 : Education is weird like that","type":"L","timestamp":"2016-09-29 15:54:00"},{"nodeID":"203700","text":"Asserting","type":"YA","timestamp":"2016-09-29 15:54:00","scheme":"Asserting","schemeID":"74"},{"nodeID":"203701","text":"Education is weird like that","type":"I","timestamp":"2016-09-29 15:54:00"},{"nodeID":"203702","text":"Barbara: Shadowr54 : Education is weird like that","type":"L","timestamp":"2016-09-29 15:54:00"},{"nodeID":"203703","text":"Default Rephrase","type":"MA","timestamp":"2016-09-29 15:54:01","scheme":"Default Rephrase","schemeID":"144"},{"nodeID":"203704","text":"Default Transition","type":"TA","timestamp":"2016-09-29 15:54:01","scheme":"Default Transition","schemeID":"82"},{"nodeID":"203705","text":"Default Illocuting","type":"YA","timestamp":"2016-09-29 15:54:01","scheme":"Default Illocuting","schemeID":"168"},{"nodeID":"203706","text":"JRockPSU : He was most likely expecting Sanders to specifically bring up Denmark when asked about universal healthcare and wanted to ZIP ZING POW him right back with some numbers","type":"L","timestamp":"2016-09-29 15:54:01"},{"nodeID":"203707","text":"Asserting","type":"YA","timestamp":"2016-09-29 15:54:01","scheme":"Asserting","schemeID":"74"},{"nodeID":"203708","text":"COOPER was most likely expecting SANDERS to specifically bring up Denmark when asked about universal healthcare and wanted to ZIP ZING POW him right back with some numbers","type":"I","timestamp":"2016-09-29 15:54:01"},{"nodeID":"203709","text":"Barbara: JRockPSU : He was most likely expecting Sanders to specifically bring up Denmark when asked about universal healthcare and wanted to ZIP ZING POW him right back with some numbers","type":"L","timestamp":"2016-09-29 15:54:01"},{"nodeID":"203710","text":"Default Rephrase","type":"MA","timestamp":"2016-09-29 15:54:01","scheme":"Default Rephrase","schemeID":"144"},{"nodeID":"203711","text":"Default Transition","type":"TA","timestamp":"2016-09-29 15:54:01","scheme":"Default Transition","schemeID":"82"},{"nodeID":"203712","text":"Default Illocuting","type":"YA","timestamp":"2016-09-29 15:54:01","scheme":"Default Illocuting","schemeID":"168"},{"nodeID":"203713","text":"Ajwf : Bernie talks about Denmark often","type":"L","timestamp":"2016-09-29 15:54:01"},{"nodeID":"203714","text":"Asserting","type":"YA","timestamp":"2016-09-29 15:54:02","scheme":"Asserting","schemeID":"74"},{"nodeID":"203715","text":"SANDERS talks about Denmark often","type":"I","timestamp":"2016-09-29 15:54:02"},{"nodeID":"203716","text":"Barbara: Ajwf : Bernie talks about Denmark often","type":"L","timestamp":"2016-09-29 15:54:02"},{"nodeID":"203717","text":"Ajwf : It's probably a sparknote that he had","type":"L","timestamp":"2016-09-29 15:54:02"},{"nodeID":"203718","text":"Asserting","type":"YA","timestamp":"2016-09-29 15:54:02","scheme":"Asserting","schemeID":"74"},{"nodeID":"203719","text":"it's probably a sparknote that COOPER had","type":"I","timestamp":"2016-09-29 15:54:02"},{"nodeID":"203720","text":"Barbara: Ajwf : It's probably a sparknote that he had","type":"L","timestamp":"2016-09-29 15:54:02"},{"nodeID":"203721","text":"Ajwf : CNN figured it'd show up","type":"L","timestamp":"2016-09-29 15:54:02"},{"nodeID":"203722","text":"Asserting","type":"YA","timestamp":"2016-09-29 15:54:02","scheme":"Asserting","schemeID":"74"},{"nodeID":"203723","text":"CNN figured Denmark would show up","type":"I","timestamp":"2016-09-29 15:54:02"},{"nodeID":"203724","text":"Barbara: Ajwf : CNN figured it'd show up","type":"L","timestamp":"2016-09-29 15:54:03"},{"nodeID":"203725","text":"Default Inference","type":"RA","timestamp":"2016-09-29 15:54:03","scheme":"Default Inference","schemeID":"72"},{"nodeID":"203726","text":"Default Transition","type":"TA","timestamp":"2016-09-29 15:54:03","scheme":"Default Transition","schemeID":"82"},{"nodeID":"203727","text":"Arguing","type":"YA","timestamp":"2016-09-29 15:54:03","scheme":"Arguing","schemeID":"80"},{"nodeID":"203728","text":"Default Transition","type":"TA","timestamp":"2016-09-29 15:54:03","scheme":"Default Transition","schemeID":"82"},{"nodeID":"203729","text":"Default Rephrase","type":"MA","timestamp":"2016-09-29 15:54:03","scheme":"Default Rephrase","schemeID":"144"},{"nodeID":"203730","text":"Default Transition","type":"TA","timestamp":"2016-09-29 15:54:03","scheme":"Default Transition","schemeID":"82"},{"nodeID":"203731","text":"Default Illocuting","type":"YA","timestamp":"2016-09-29 15:54:03","scheme":"Default Illocuting","schemeID":"168"},{"nodeID":"203732","text":"mud074 : he has some way, likely an earpiece, to talk to some people specially for situations like that","type":"L","timestamp":"2016-09-29 15:54:03"},{"nodeID":"203733","text":"Asserting","type":"YA","timestamp":"2016-09-29 15:54:04","scheme":"Asserting","schemeID":"74"},{"nodeID":"203734","text":"he has some way, likely an earpiece, to talk to some people specially for situations like that","type":"I","timestamp":"2016-09-29 15:54:04"},{"nodeID":"203735","text":"Barbara: mud074 : he has some way, likely an earpiece, to talk to some people specially for situations like that","type":"L","timestamp":"2016-09-29 15:54:04"},{"nodeID":"203736","text":"Default Rephrase","type":"MA","timestamp":"2016-09-29 15:54:04","scheme":"Default Rephrase","schemeID":"144"},{"nodeID":"203737","text":"Default Transition","type":"TA","timestamp":"2016-09-29 15:54:04","scheme":"Default Transition","schemeID":"82"},{"nodeID":"203738","text":"Default Illocuting","type":"YA","timestamp":"2016-09-29 15:54:04","scheme":"Default Illocuting","schemeID":"168"},{"nodeID":"203739","text":"shadowofahelicopter : Earpiece: he's got a room full of people telling him what to say","type":"L","timestamp":"2016-09-29 15:54:04"},{"nodeID":"203740","text":"Asserting","type":"YA","timestamp":"2016-09-29 15:54:04","scheme":"Asserting","schemeID":"74"},{"nodeID":"203741","text":"earpiece: COOPER has got a room full of people telling him what to say","type":"I","timestamp":"2016-09-29 15:54:04"},{"nodeID":"203742","text":"Barbara: shadowofahelicopter : Earpiece: he's got a room full of people telling him what to say","type":"L","timestamp":"2016-09-29 15:54:04"},{"nodeID":"203743","text":"Default Rephrase","type":"MA","timestamp":"2016-09-29 15:54:04","scheme":"Default Rephrase","schemeID":"144"},{"nodeID":"203744","text":"Default Transition","type":"TA","timestamp":"2016-09-29 15:54:05","scheme":"Default Transition","schemeID":"82"},{"nodeID":"203745","text":"Default Illocuting","type":"YA","timestamp":"2016-09-29 15:54:05","scheme":"Default Illocuting","schemeID":"168"},{"nodeID":"203746","text":"TerraBlack : Hes superhuman","type":"L","timestamp":"2016-09-29 15:54:05"},{"nodeID":"203747","text":"Asserting","type":"YA","timestamp":"2016-09-29 15:54:05","scheme":"Asserting","schemeID":"74"},{"nodeID":"203748","text":"COOPER is superhuman","type":"I","timestamp":"2016-09-29 15:54:05"},{"nodeID":"203749","text":"Barbara: TerraBlack : Hes superhuman","type":"L","timestamp":"2016-09-29 15:54:05"},{"nodeID":"203750","text":"Default Transition","type":"TA","timestamp":"2016-09-29 15:54:05","scheme":"Default Transition","schemeID":"82"},{"nodeID":"203751","text":"Default Rephrase","type":"MA","timestamp":"2016-09-29 15:54:05","scheme":"Default Rephrase","schemeID":"144"},{"nodeID":"203752","text":"Default Illocuting","type":"YA","timestamp":"2016-09-29 15:54:05","scheme":"Default Illocuting","schemeID":"168"},{"nodeID":"203753","text":"queen_ravioli : He probably knew Sanders would cite Denmark as an example of democratic socialism and was prepared with the figure","type":"L","timestamp":"2016-09-29 15:54:05"},{"nodeID":"203754","text":"Asserting","type":"YA","timestamp":"2016-09-29 15:54:05","scheme":"Asserting","schemeID":"74"},{"nodeID":"203755","text":"COOPER probably knew SANDERS would cite Denmark as an example of democratic socialism and was prepared with the figure","type":"I","timestamp":"2016-09-29 15:54:06"},{"nodeID":"203756","text":"Barbara: queen_ravioli : He probably knew Sanders would cite Denmark as an example of democratic socialism and was prepared with the figure","type":"L","timestamp":"2016-09-29 15:54:06"},{"nodeID":"203757","text":"Default Rephrase","type":"MA","timestamp":"2016-09-29 15:54:06","scheme":"Default Rephrase","schemeID":"144"},{"nodeID":"203758","text":"Default Transition","type":"TA","timestamp":"2016-09-29 15:54:06","scheme":"Default Transition","schemeID":"82"},{"nodeID":"203759","text":"Default Illocuting","type":"YA","timestamp":"2016-09-29 15:54:06","scheme":"Default Illocuting","schemeID":"168"},{"nodeID":"203760","text":"Default Rephrase","type":"MA","timestamp":"2016-09-29 15:54:06","scheme":"Default Rephrase","schemeID":"144"},{"nodeID":"203761","text":"Default Transition","type":"TA","timestamp":"2016-09-29 15:54:06","scheme":"Default Transition","schemeID":"82"},{"nodeID":"203762","text":"Restating","type":"YA","timestamp":"2016-09-29 15:54:06","scheme":"Restating","schemeID":"101"}],"edges":[{"edgeID":"248668","fromID":"203692","toID":"203693","formEdgeID":null},{"edgeID":"248669","fromID":"203691","toID":"203692","formEdgeID":null},{"edgeID":"248670","fromID":"203696","toID":"203697","formEdgeID":null},{"edgeID":"248671","fromID":"203695","toID":"203696","formEdgeID":null},{"edgeID":"248672","fromID":"203700","toID":"203701","formEdgeID":null},{"edgeID":"248673","fromID":"203699","toID":"203700","formEdgeID":null},{"edgeID":"248674","fromID":"203701","toID":"203703","formEdgeID":null},{"edgeID":"248675","fromID":"203703","toID":"203697","formEdgeID":null},{"edgeID":"248676","fromID":"203695","toID":"203704","formEdgeID":null},{"edgeID":"248677","fromID":"203704","toID":"203699","formEdgeID":null},{"edgeID":"248678","fromID":"203704","toID":"203705","formEdgeID":null},{"edgeID":"248679","fromID":"203705","toID":"203703","formEdgeID":null},{"edgeID":"248680","fromID":"203707","toID":"203708","formEdgeID":null},{"edgeID":"248681","fromID":"203706","toID":"203707","formEdgeID":null},{"edgeID":"248682","fromID":"203708","toID":"203710","formEdgeID":null},{"edgeID":"248683","fromID":"203710","toID":"203697","formEdgeID":null},{"edgeID":"248684","fromID":"203695","toID":"203711","formEdgeID":null},{"edgeID":"248685","fromID":"203711","toID":"203706","formEdgeID":null},{"edgeID":"248686","fromID":"203711","toID":"203712","formEdgeID":null},{"edgeID":"248687","fromID":"203712","toID":"203710","formEdgeID":null},{"edgeID":"248688","fromID":"203714","toID":"203715","formEdgeID":null},{"edgeID":"248689","fromID":"203713","toID":"203714","formEdgeID":null},{"edgeID":"248690","fromID":"203718","toID":"203719","formEdgeID":null},{"edgeID":"248691","fromID":"203717","toID":"203718","formEdgeID":null},{"edgeID":"248692","fromID":"203722","toID":"203723","formEdgeID":null},{"edgeID":"248693","fromID":"203721","toID":"203722","formEdgeID":null},{"edgeID":"248694","fromID":"203715","toID":"203725","formEdgeID":null},{"edgeID":"248695","fromID":"203725","toID":"203719","formEdgeID":null},{"edgeID":"248696","fromID":"203723","toID":"203725","formEdgeID":null},{"edgeID":"248697","fromID":"203713","toID":"203726","formEdgeID":null},{"edgeID":"248698","fromID":"203726","toID":"203721","formEdgeID":null},{"edgeID":"248699","fromID":"203726","toID":"203717","formEdgeID":null},{"edgeID":"248700","fromID":"203726","toID":"203727","formEdgeID":null},{"edgeID":"248701","fromID":"203727","toID":"203725","formEdgeID":null},{"edgeID":"248702","fromID":"203691","toID":"203728","formEdgeID":null},{"edgeID":"248703","fromID":"203728","toID":"203695","formEdgeID":null},{"edgeID":"248704","fromID":"203719","toID":"203729","formEdgeID":null},{"edgeID":"248705","fromID":"203729","toID":"203697","formEdgeID":null},{"edgeID":"248706","fromID":"203695","toID":"203730","formEdgeID":null},{"edgeID":"248707","fromID":"203730","toID":"203717","formEdgeID":null},{"edgeID":"248708","fromID":"203730","toID":"203731","formEdgeID":null},{"edgeID":"248709","fromID":"203731","toID":"203729","formEdgeID":null},{"edgeID":"248710","fromID":"203733","toID":"203734","formEdgeID":null},{"edgeID":"248711","fromID":"203732","toID":"203733","formEdgeID":null},{"edgeID":"248712","fromID":"203734","toID":"203736","formEdgeID":null},{"edgeID":"248713","fromID":"203736","toID":"203697","formEdgeID":null},{"edgeID":"248714","fromID":"203695","toID":"203737","formEdgeID":null},{"edgeID":"248715","fromID":"203737","toID":"203732","formEdgeID":null},{"edgeID":"248716","fromID":"203737","toID":"203738","formEdgeID":null},{"edgeID":"248717","fromID":"203738","toID":"203736","formEdgeID":null},{"edgeID":"248718","fromID":"203740","toID":"203741","formEdgeID":null},{"edgeID":"248719","fromID":"203739","toID":"203740","formEdgeID":null},{"edgeID":"248720","fromID":"203741","toID":"203743","formEdgeID":null},{"edgeID":"248721","fromID":"203743","toID":"203697","formEdgeID":null},{"edgeID":"248722","fromID":"203695","toID":"203744","formEdgeID":null},{"edgeID":"248723","fromID":"203744","toID":"203739","formEdgeID":null},{"edgeID":"248724","fromID":"203744","toID":"203745","formEdgeID":null},{"edgeID":"248725","fromID":"203745","toID":"203743","formEdgeID":null},{"edgeID":"248726","fromID":"203747","toID":"203748","formEdgeID":null},{"edgeID":"248727","fromID":"203746","toID":"203747","formEdgeID":null},{"edgeID":"248728","fromID":"203695","toID":"203750","formEdgeID":null},{"edgeID":"248729","fromID":"203750","toID":"203746","formEdgeID":null},{"edgeID":"248730","fromID":"203748","toID":"203751","formEdgeID":null},{"edgeID":"248731","fromID":"203751","toID":"203697","formEdgeID":null},{"edgeID":"248732","fromID":"203750","toID":"203752","formEdgeID":null},{"edgeID":"248733","fromID":"203752","toID":"203751","formEdgeID":null},{"edgeID":"248734","fromID":"203754","toID":"203755","formEdgeID":null},{"edgeID":"248735","fromID":"203753","toID":"203754","formEdgeID":null},{"edgeID":"248736","fromID":"203755","toID":"203757","formEdgeID":null},{"edgeID":"248737","fromID":"203757","toID":"203697","formEdgeID":null},{"edgeID":"248738","fromID":"203695","toID":"203758","formEdgeID":null},{"edgeID":"248739","fromID":"203758","toID":"203753","formEdgeID":null},{"edgeID":"248740","fromID":"203758","toID":"203759","formEdgeID":null},{"edgeID":"248741","fromID":"203759","toID":"203757","formEdgeID":null},{"edgeID":"248742","fromID":"203741","toID":"203760","formEdgeID":null},{"edgeID":"248743","fromID":"203760","toID":"203734","formEdgeID":null},{"edgeID":"248744","fromID":"203732","toID":"203761","formEdgeID":null},{"edgeID":"248745","fromID":"203761","toID":"203739","formEdgeID":null},{"edgeID":"248746","fromID":"203761","toID":"203762","formEdgeID":null},{"edgeID":"248747","fromID":"203762","toID":"203760","formEdgeID":null}],"locutions":[]}