{"nodes":[{"nodeID":"196747","text":"coldplaying : \"How do you respond to that Bernie?\" Respond to what??","type":"L","timestamp":"2016-08-29 11:37:50"},{"nodeID":"196748","text":"Assertive Questioning","type":"YA","timestamp":"2016-08-29 11:37:50","scheme":"AssertiveQuestioning","schemeID":"73"},{"nodeID":"196749","text":"there was nothing to respond to for Bernie Sanders","type":"I","timestamp":"2016-08-29 11:37:50"},{"nodeID":"196750","text":"Barbara: coldplaying : \"How do you respond to that Bernie?\" Respond to what??","type":"L","timestamp":"2016-08-29 11:37:50"},{"nodeID":"196751","text":"coldplaying : Webb just went on a random tangent","type":"L","timestamp":"2016-08-29 11:37:50"},{"nodeID":"196752","text":"Asserting","type":"YA","timestamp":"2016-08-29 11:37:50","scheme":"Asserting","schemeID":"74"},{"nodeID":"196753","text":"Webb just went on a random tangent","type":"I","timestamp":"2016-08-29 11:37:50"},{"nodeID":"196754","text":"Barbara: coldplaying : Webb just went on a random tangent","type":"L","timestamp":"2016-08-29 11:37:51"},{"nodeID":"196755","text":"coldplaying : what the fuck is he supposed to say to that","type":"L","timestamp":"2016-08-29 11:37:51"},{"nodeID":"196756","text":"Rhetorical Questioning","type":"YA","timestamp":"2016-08-29 11:37:51","scheme":"RhetoricalQuestioning","schemeID":"85"},{"nodeID":"196757","text":"there is nothing that Bernie Sanders is supposed to say to random tangent","type":"I","timestamp":"2016-08-29 11:37:51"},{"nodeID":"196758","text":"Barbara: coldplaying : what the fuck is he supposed to say to that?","type":"L","timestamp":"2016-08-29 11:37:51"},{"nodeID":"196759","text":"Default Inference","type":"RA","timestamp":"2016-08-29 11:37:51","scheme":"Default Inference","schemeID":"72"},{"nodeID":"196760","text":"Default Transition","type":"TA","timestamp":"2016-08-29 11:37:51","scheme":"Default Transition","schemeID":"82"},{"nodeID":"196761","text":"Arguing","type":"YA","timestamp":"2016-08-29 11:37:51","scheme":"Arguing","schemeID":"80"},{"nodeID":"196762","text":"sonickarma : That's a good point","type":"L","timestamp":"2016-08-29 11:37:51"},{"nodeID":"196763","text":"Barbara: sonickarma : That's a good point","type":"L","timestamp":"2016-08-29 11:37:51"},{"nodeID":"196764","text":"Default Transition","type":"TA","timestamp":"2016-08-29 11:37:51","scheme":"Default Transition","schemeID":"82"},{"nodeID":"196765","text":"Agreeing","type":"YA","timestamp":"2016-08-29 11:37:51","scheme":"Agreeing","schemeID":"77"},{"nodeID":"196766","text":"PopWhatMagnitude : Yeah","type":"L","timestamp":"2016-08-29 11:37:52"},{"nodeID":"196767","text":"Barbara: PopWhatMagnitude : Yeah","type":"L","timestamp":"2016-08-29 11:37:52"},{"nodeID":"196768","text":"Default Transition","type":"TA","timestamp":"2016-08-29 11:37:52","scheme":"Default Transition","schemeID":"82"},{"nodeID":"196769","text":"Agreeing","type":"YA","timestamp":"2016-08-29 11:37:52","scheme":"Agreeing","schemeID":"77"},{"nodeID":"196770","text":"PopWhatMagnitude : it made Bernie appear to be the old guy who can't keep up","type":"L","timestamp":"2016-08-29 11:37:52"},{"nodeID":"196771","text":"Asserting","type":"YA","timestamp":"2016-08-29 11:37:52","scheme":"Asserting","schemeID":"74"},{"nodeID":"196772","text":"it made Bernie Sanders appear to be the old guy who can't keep up","type":"I","timestamp":"2016-08-29 11:37:52"},{"nodeID":"196773","text":"Barbara: PopWhatMagnitude : it made Bernie appear to be the old guy who can't keep up","type":"L","timestamp":"2016-08-29 11:37:52"},{"nodeID":"196774","text":"Default Transition","type":"TA","timestamp":"2016-08-29 11:37:52","scheme":"Default Transition","schemeID":"82"},{"nodeID":"196775","text":"Bam515 : Even when Webb's answer to Putin ended up in the south china sea, it made Bernie look bad","type":"L","timestamp":"2016-08-29 11:37:52"},{"nodeID":"196776","text":"Asserting","type":"YA","timestamp":"2016-08-29 11:37:52","scheme":"Asserting","schemeID":"74"},{"nodeID":"196777","text":"even when Webb's answer to Putin ended up in the south china sea, it made Bernie look bad","type":"I","timestamp":"2016-08-29 11:37:53"},{"nodeID":"196778","text":"Barbara: Bam515 : Even when Webb's answer to Putin ended up in the south china sea, it made Bernie look bad","type":"L","timestamp":"2016-08-29 11:37:53"},{"nodeID":"196779","text":"Default Transition","type":"TA","timestamp":"2016-08-29 11:37:53","scheme":"Default Transition","schemeID":"82"},{"nodeID":"196780","text":"Default Rephrase","type":"MA","timestamp":"2016-08-29 11:37:53","scheme":"Default Rephrase","schemeID":"144"},{"nodeID":"196781","text":"Restating","type":"YA","timestamp":"2016-08-29 11:37:53","scheme":"Restating","schemeID":"101"},{"nodeID":"196782","text":"Duderino732 : Haha Bernie went back to addressing the point before Webb","type":"L","timestamp":"2016-08-29 11:37:53"},{"nodeID":"196783","text":"Asserting","type":"YA","timestamp":"2016-08-29 11:37:53","scheme":"Asserting","schemeID":"74"},{"nodeID":"196784","text":"Bernie Sanders went back to addressing the point before Webb","type":"I","timestamp":"2016-08-29 11:37:53"},{"nodeID":"196785","text":"Barbara: Duderino732 : Haha Bernie went back to addressing the point before Webb","type":"L","timestamp":"2016-08-29 11:37:53"},{"nodeID":"196786","text":"Default Transition","type":"TA","timestamp":"2016-08-29 11:37:53","scheme":"Default Transition","schemeID":"82"},{"nodeID":"196787","text":"Default Inference","type":"RA","timestamp":"2016-08-29 11:37:53","scheme":"Default Inference","schemeID":"72"},{"nodeID":"196788","text":"Arguing","type":"YA","timestamp":"2016-08-29 11:37:53","scheme":"Arguing","schemeID":"80"},{"nodeID":"196789","text":"neutralID : I personally believe that U.S. Americans are unable to do so because, uh, some, uh, people out there in our nation don't have maps and, uh, I believe that our education like such as in South Africa and, uh, the Iraq, everywhere like such as, and, I believe that they should, our education over here in the U.S. should help the U.S., uh, or, uh, should help South Africa and should help the Iraq and the Asian countries, so we will be able to build up our future for our children","type":"L","timestamp":"2016-08-29 11:37:54"},{"nodeID":"196790","text":"Asserting","type":"YA","timestamp":"2016-08-29 11:37:54","scheme":"Asserting","schemeID":"74"},{"nodeID":"196791","text":"I personally believe that U.S. Americans are unable to do so because, uh, some, uh, people out there in our nation don't have maps and, uh, I believe that our education like such as in South Africa and, uh, the Iraq, everywhere like such as, and, I believe that they should, our education over here in the U.S. should help the U.S., uh, or, uh, should help South Africa and should help the Iraq and the Asian countries, so we will be able to build up our future for our children","type":"I","timestamp":"2016-08-29 11:37:54"},{"nodeID":"196792","text":"Barbara: neutralID : I personally believe that U.S. Americans are unable to do so because, uh, some, uh, people out there in our nation don't have maps and, uh, I believe that our education like such as in South Africa and, uh, the Iraq, everywhere like such as, and, I believe that they should, our education over here in the U.S. should help the U.S., uh, or, uh, should help South Africa and should help the Iraq and the Asian countries, so we will be able to build up our future for our children","type":"L","timestamp":"2016-08-29 11:37:54"},{"nodeID":"196793","text":"Default Inference","type":"RA","timestamp":"2016-08-29 11:37:54","scheme":"Default Inference","schemeID":"72"},{"nodeID":"196794","text":"Default Transition","type":"TA","timestamp":"2016-08-29 11:37:54","scheme":"Default Transition","schemeID":"82"},{"nodeID":"196795","text":"Arguing","type":"YA","timestamp":"2016-08-29 11:37:54","scheme":"Arguing","schemeID":"80"}],"edges":[{"edgeID":"241044","fromID":"196748","toID":"196749","formEdgeID":null},{"edgeID":"241045","fromID":"196747","toID":"196748","formEdgeID":null},{"edgeID":"241046","fromID":"196752","toID":"196753","formEdgeID":null},{"edgeID":"241047","fromID":"196751","toID":"196752","formEdgeID":null},{"edgeID":"241048","fromID":"196756","toID":"196757","formEdgeID":null},{"edgeID":"241049","fromID":"196755","toID":"196756","formEdgeID":null},{"edgeID":"241050","fromID":"196757","toID":"196759","formEdgeID":null},{"edgeID":"241051","fromID":"196759","toID":"196749","formEdgeID":null},{"edgeID":"241052","fromID":"196753","toID":"196759","formEdgeID":null},{"edgeID":"241053","fromID":"196747","toID":"196760","formEdgeID":null},{"edgeID":"241054","fromID":"196760","toID":"196755","formEdgeID":null},{"edgeID":"241055","fromID":"196760","toID":"196751","formEdgeID":null},{"edgeID":"241056","fromID":"196760","toID":"196761","formEdgeID":null},{"edgeID":"241057","fromID":"196761","toID":"196759","formEdgeID":null},{"edgeID":"241058","fromID":"196747","toID":"196764","formEdgeID":null},{"edgeID":"241059","fromID":"196764","toID":"196762","formEdgeID":null},{"edgeID":"241060","fromID":"196764","toID":"196765","formEdgeID":null},{"edgeID":"241061","fromID":"196765","toID":"196749","formEdgeID":null},{"edgeID":"241062","fromID":"196747","toID":"196768","formEdgeID":null},{"edgeID":"241063","fromID":"196768","toID":"196766","formEdgeID":null},{"edgeID":"241064","fromID":"196768","toID":"196769","formEdgeID":null},{"edgeID":"241065","fromID":"196769","toID":"196749","formEdgeID":null},{"edgeID":"241066","fromID":"196771","toID":"196772","formEdgeID":null},{"edgeID":"241067","fromID":"196770","toID":"196771","formEdgeID":null},{"edgeID":"241068","fromID":"196766","toID":"196774","formEdgeID":null},{"edgeID":"241069","fromID":"196774","toID":"196770","formEdgeID":null},{"edgeID":"241070","fromID":"196776","toID":"196777","formEdgeID":null},{"edgeID":"241071","fromID":"196775","toID":"196776","formEdgeID":null},{"edgeID":"241072","fromID":"196770","toID":"196779","formEdgeID":null},{"edgeID":"241073","fromID":"196779","toID":"196775","formEdgeID":null},{"edgeID":"241074","fromID":"196777","toID":"196780","formEdgeID":null},{"edgeID":"241075","fromID":"196780","toID":"196772","formEdgeID":null},{"edgeID":"241076","fromID":"196779","toID":"196781","formEdgeID":null},{"edgeID":"241077","fromID":"196781","toID":"196780","formEdgeID":null},{"edgeID":"241078","fromID":"196783","toID":"196784","formEdgeID":null},{"edgeID":"241079","fromID":"196782","toID":"196783","formEdgeID":null},{"edgeID":"241080","fromID":"196747","toID":"196786","formEdgeID":null},{"edgeID":"241081","fromID":"196786","toID":"196782","formEdgeID":null},{"edgeID":"241082","fromID":"196749","toID":"196787","formEdgeID":null},{"edgeID":"241083","fromID":"196787","toID":"196784","formEdgeID":null},{"edgeID":"241084","fromID":"196786","toID":"196788","formEdgeID":null},{"edgeID":"241085","fromID":"196788","toID":"196787","formEdgeID":null},{"edgeID":"241086","fromID":"196790","toID":"196791","formEdgeID":null},{"edgeID":"241087","fromID":"196789","toID":"196790","formEdgeID":null},{"edgeID":"241088","fromID":"196791","toID":"196793","formEdgeID":null},{"edgeID":"241089","fromID":"196793","toID":"196753","formEdgeID":null},{"edgeID":"241090","fromID":"196747","toID":"196794","formEdgeID":null},{"edgeID":"241091","fromID":"196794","toID":"196789","formEdgeID":null},{"edgeID":"241092","fromID":"196794","toID":"196795","formEdgeID":null},{"edgeID":"241093","fromID":"196795","toID":"196793","formEdgeID":null}],"locutions":[]}