{"nodes":[{"nodeID":"200187","text":"g_mo821 : sanders plan for education inflation is giving more people degrees","type":"L","timestamp":"2016-09-20 15:25:19"},{"nodeID":"200188","text":"Assertive Questioning","type":"YA","timestamp":"2016-09-20 15:25:19","scheme":"AssertiveQuestioning","schemeID":"73"},{"nodeID":"200189","text":"Bernie Sanders plan for education inflation is giving more people degrees","type":"I","timestamp":"2016-09-20 15:25:19"},{"nodeID":"200190","text":"Barbara: g_mo821 : sanders plan for education inflation is giving more people degrees","type":"L","timestamp":"2016-09-20 15:25:19"},{"nodeID":"200191","text":"g_mo821 : Interesting","type":"L","timestamp":"2016-09-20 15:25:19"},{"nodeID":"200192","text":"Asserting","type":"YA","timestamp":"2016-09-20 15:25:19","scheme":"Asserting","schemeID":"74"},{"nodeID":"200193","text":"interesting","type":"I","timestamp":"2016-09-20 15:25:19"},{"nodeID":"200194","text":"Barbara: g_mo821 : Interesting","type":"L","timestamp":"2016-09-20 15:25:19"},{"nodeID":"200195","text":"g_mo821 : inflation being a college degree is basically high school now","type":"L","timestamp":"2016-09-20 15:25:20"},{"nodeID":"200196","text":"Asserting","type":"YA","timestamp":"2016-09-20 15:25:20","scheme":"Asserting","schemeID":"74"},{"nodeID":"200197","text":"inflation being a college degree is basically high school now","type":"I","timestamp":"2016-09-20 15:25:20"},{"nodeID":"200198","text":"Barbara: g_mo821 : inflation being a college degree is basically high school now","type":"L","timestamp":"2016-09-20 15:25:20"},{"nodeID":"200199","text":"Default Transition","type":"TA","timestamp":"2016-09-20 15:25:20","scheme":"Default Transition","schemeID":"82"},{"nodeID":"200200","text":"Default Transition","type":"TA","timestamp":"2016-09-20 15:25:20","scheme":"Default Transition","schemeID":"82"},{"nodeID":"200201","text":"Elmattador : why doesn't bernie ever talk about trade schools or community college","type":"L","timestamp":"2016-09-20 15:25:20"},{"nodeID":"200202","text":"Asserting","type":"YA","timestamp":"2016-09-20 15:25:20","scheme":"Asserting","schemeID":"74"},{"nodeID":"200203","text":"Bernie Sanders should talk about trade schools or community college","type":"I","timestamp":"2016-09-20 15:25:20"},{"nodeID":"200204","text":"Barbara: Elmattador : why doesn't bernie ever talk about trade schools or community college","type":"L","timestamp":"2016-09-20 15:25:20"},{"nodeID":"200205","text":"Elmattador : Not everybody should go to college","type":"L","timestamp":"2016-09-20 15:25:20"},{"nodeID":"200206","text":"Asserting","type":"YA","timestamp":"2016-09-20 15:25:21","scheme":"Asserting","schemeID":"74"},{"nodeID":"200207","text":"not everybody should go to college","type":"I","timestamp":"2016-09-20 15:25:21"},{"nodeID":"200208","text":"Barbara: Elmattador : Not everybody should go to college","type":"L","timestamp":"2016-09-20 15:25:21"},{"nodeID":"200209","text":"Default Inference","type":"RA","timestamp":"2016-09-20 15:25:21","scheme":"Default Inference","schemeID":"72"},{"nodeID":"200210","text":"Default Transition","type":"TA","timestamp":"2016-09-20 15:25:21","scheme":"Default Transition","schemeID":"82"},{"nodeID":"200211","text":"Arguing","type":"YA","timestamp":"2016-09-20 15:25:21","scheme":"Arguing","schemeID":"80"},{"nodeID":"200212","text":"Default Transition","type":"TA","timestamp":"2016-09-20 15:25:21","scheme":"Default Transition","schemeID":"82"},{"nodeID":"200213","text":"can't tell if you're being serious","type":"I","timestamp":"2016-09-20 15:25:21"},{"nodeID":"200214","text":"Asserting","type":"YA","timestamp":"2016-09-20 15:25:21","scheme":"Asserting","schemeID":"74"},{"nodeID":"200215","text":"g_mo821 : Can't tell if you're being serious","type":"L","timestamp":"2016-09-20 15:25:21"},{"nodeID":"200216","text":"Barbara: g_mo821 : Can't tell if you're being serious","type":"L","timestamp":"2016-09-20 15:25:21"},{"nodeID":"200217","text":"g_mo821 : not everyone needs college","type":"L","timestamp":"2016-09-20 15:25:22"},{"nodeID":"200218","text":"Asserting","type":"YA","timestamp":"2016-09-20 15:25:22","scheme":"Asserting","schemeID":"74"},{"nodeID":"200219","text":"not everyone needs college","type":"I","timestamp":"2016-09-20 15:25:22"},{"nodeID":"200220","text":"Barbara: g_mo821 : not everyone needs college","type":"L","timestamp":"2016-09-20 15:25:22"},{"nodeID":"200221","text":"g_mo821 : it's true","type":"L","timestamp":"2016-09-20 15:25:22"},{"nodeID":"200222","text":"Barbara: g_mo821 : it's true","type":"L","timestamp":"2016-09-20 15:25:22"},{"nodeID":"200223","text":"Default Transition","type":"TA","timestamp":"2016-09-20 15:25:22","scheme":"Default Transition","schemeID":"82"},{"nodeID":"200224","text":"Default Transition","type":"TA","timestamp":"2016-09-20 15:25:22","scheme":"Default Transition","schemeID":"82"},{"nodeID":"200225","text":"Agreeing","type":"YA","timestamp":"2016-09-20 15:25:22","scheme":"Agreeing","schemeID":"77"},{"nodeID":"200226","text":"Default Rephrase","type":"MA","timestamp":"2016-09-20 15:25:22","scheme":"Default Rephrase","schemeID":"144"},{"nodeID":"200227","text":"Default Transition","type":"TA","timestamp":"2016-09-20 15:25:22","scheme":"Default Transition","schemeID":"82"},{"nodeID":"200228","text":"Restating","type":"YA","timestamp":"2016-09-20 15:25:22","scheme":"Restating","schemeID":"101"},{"nodeID":"200229","text":"Elmattador : no sarcasm","type":"L","timestamp":"2016-09-20 15:25:23"},{"nodeID":"200230","text":"Asserting","type":"YA","timestamp":"2016-09-20 15:25:23","scheme":"Asserting","schemeID":"74"},{"nodeID":"200231","text":"no sarcasm","type":"I","timestamp":"2016-09-20 15:25:23"},{"nodeID":"200232","text":"Barbara: Elmattador : no sarcasm","type":"L","timestamp":"2016-09-20 15:25:23"},{"nodeID":"200233","text":"Default Transition","type":"TA","timestamp":"2016-09-20 15:25:23","scheme":"Default Transition","schemeID":"82"},{"nodeID":"200234","text":"jeb_the_hick : You still have to get in","type":"L","timestamp":"2016-09-20 15:25:23"},{"nodeID":"200235","text":"Asserting","type":"YA","timestamp":"2016-09-20 15:25:23","scheme":"Asserting","schemeID":"74"},{"nodeID":"200236","text":"You still have to get in","type":"I","timestamp":"2016-09-20 15:25:23"},{"nodeID":"200237","text":"Barbara: jeb_the_hick : You still have to get in","type":"L","timestamp":"2016-09-20 15:25:23"},{"nodeID":"200238","text":"g_mo821 : ASU enrollment will double","type":"L","timestamp":"2016-09-20 15:25:23"},{"nodeID":"200239","text":"Asserting","type":"YA","timestamp":"2016-09-20 15:25:24","scheme":"Asserting","schemeID":"74"},{"nodeID":"200240","text":"ASU enrollment will double","type":"I","timestamp":"2016-09-20 15:25:24"},{"nodeID":"200241","text":"Barbara: g_mo821 : ASU enrollment will double","type":"L","timestamp":"2016-09-20 15:25:24"},{"nodeID":"200242","text":"Default Transition","type":"TA","timestamp":"2016-09-20 15:25:24","scheme":"Default Transition","schemeID":"82"},{"nodeID":"200243","text":"Default Transition","type":"TA","timestamp":"2016-09-20 15:25:24","scheme":"Default Transition","schemeID":"82"},{"nodeID":"200244","text":"g_mo821 : that would just widen the gap between elite schools and normal schools","type":"L","timestamp":"2016-09-20 15:25:24"},{"nodeID":"200245","text":"Asserting","type":"YA","timestamp":"2016-09-20 15:25:24","scheme":"Asserting","schemeID":"74"},{"nodeID":"200246","text":"that would just widen the gap between elite schools and normal schools","type":"I","timestamp":"2016-09-20 15:25:24"},{"nodeID":"200247","text":"Barbara: g_mo821 : that would just widen the gap between elite schools and normal schools","type":"L","timestamp":"2016-09-20 15:25:24"},{"nodeID":"200248","text":"Default Transition","type":"TA","timestamp":"2016-09-20 15:25:25","scheme":"Default Transition","schemeID":"82"},{"nodeID":"200249","text":"PolishMusic : It's still possible to fail out of college","type":"L","timestamp":"2016-09-20 15:25:25"},{"nodeID":"200250","text":"Asserting","type":"YA","timestamp":"2016-09-20 15:25:25","scheme":"Asserting","schemeID":"74"},{"nodeID":"200251","text":"It's still possible to fail out of college","type":"I","timestamp":"2016-09-20 15:25:25"},{"nodeID":"200252","text":"Barbara: PolishMusic : It's still possible to fail out of college","type":"L","timestamp":"2016-09-20 15:25:25"},{"nodeID":"200253","text":"Default Transition","type":"TA","timestamp":"2016-09-20 15:25:25","scheme":"Default Transition","schemeID":"82"},{"nodeID":"200254","text":"e3thomps : By having the Government pay for college education they have massively increased bargaining power with the universities and can lower rates","type":"L","timestamp":"2016-09-20 15:25:25"},{"nodeID":"200255","text":"Asserting","type":"YA","timestamp":"2016-09-20 15:25:25","scheme":"Asserting","schemeID":"74"},{"nodeID":"200256","text":"By having the Government pay for college education they have massively increased bargaining power with the universities and can lower rates","type":"I","timestamp":"2016-09-20 15:25:25"},{"nodeID":"200257","text":"Barbara: e3thomps : By having the Government pay for college education they have massively increased bargaining power with the universities and can lower rates","type":"L","timestamp":"2016-09-20 15:25:25"},{"nodeID":"200258","text":"Sithsaber : High School= Middle School College= High School Post Grads and Masters Programs= College Done","type":"L","timestamp":"2016-09-20 15:25:25"},{"nodeID":"200259","text":"Asserting","type":"YA","timestamp":"2016-09-20 15:25:26","scheme":"Asserting","schemeID":"74"},{"nodeID":"200260","text":"High School= Middle School College= High School Post Grads and Masters Programs= College Done","type":"I","timestamp":"2016-09-20 15:25:26"},{"nodeID":"200261","text":"Barbara: Sithsaber : High School= Middle School College= High School Post Grads and Masters Programs= College Done","type":"L","timestamp":"2016-09-20 15:25:26"},{"nodeID":"200262","text":"Default Transition","type":"TA","timestamp":"2016-09-20 15:25:26","scheme":"Default Transition","schemeID":"82"},{"nodeID":"200263","text":"Default Transition","type":"TA","timestamp":"2016-09-20 15:25:26","scheme":"Default Transition","schemeID":"82"},{"nodeID":"200264","text":"g_mo821 : high school is high school, college is college","type":"L","timestamp":"2016-09-20 15:25:26"},{"nodeID":"200265","text":"Asserting","type":"YA","timestamp":"2016-09-20 15:25:26","scheme":"Asserting","schemeID":"74"},{"nodeID":"200266","text":"high school is high school, college is college","type":"I","timestamp":"2016-09-20 15:25:26"},{"nodeID":"200267","text":"Barbara: g_mo821 : high school is high school, college is college","type":"L","timestamp":"2016-09-20 15:25:26"},{"nodeID":"200268","text":"Default Inference","type":"RA","timestamp":"2016-09-20 15:25:26","scheme":"Default Inference","schemeID":"72"},{"nodeID":"200269","text":"Default Transition","type":"TA","timestamp":"2016-09-20 15:25:26","scheme":"Default Transition","schemeID":"82"},{"nodeID":"200270","text":"Arguing","type":"YA","timestamp":"2016-09-20 15:25:27","scheme":"Arguing","schemeID":"80"},{"nodeID":"200271","text":"Sithsaber : Have you been to high school","type":"L","timestamp":"2016-09-20 15:25:27"},{"nodeID":"200272","text":"Assertive Questioning","type":"YA","timestamp":"2016-09-20 15:25:27","scheme":"AssertiveQuestioning","schemeID":"73"},{"nodeID":"200273","text":"you have not been to high school","type":"I","timestamp":"2016-09-20 15:25:27"},{"nodeID":"200274","text":"Barbara: Sithsaber : Have you been to high school","type":"L","timestamp":"2016-09-20 15:25:27"},{"nodeID":"200275","text":"Sithsaber : It's shit","type":"L","timestamp":"2016-09-20 15:25:27"},{"nodeID":"200276","text":"Asserting","type":"YA","timestamp":"2016-09-20 15:25:27","scheme":"Asserting","schemeID":"74"},{"nodeID":"200277","text":"high school is shit","type":"I","timestamp":"2016-09-20 15:25:27"},{"nodeID":"200278","text":"Barbara: Sithsaber : It's shit","type":"L","timestamp":"2016-09-20 15:25:27"},{"nodeID":"200279","text":"Default Inference","type":"RA","timestamp":"2016-09-20 15:25:27","scheme":"Default Inference","schemeID":"72"},{"nodeID":"200280","text":"Default Transition","type":"TA","timestamp":"2016-09-20 15:25:28","scheme":"Default Transition","schemeID":"82"},{"nodeID":"200281","text":"Arguing","type":"YA","timestamp":"2016-09-20 15:25:28","scheme":"Arguing","schemeID":"80"},{"nodeID":"200282","text":"Ad hominem","type":"CA","timestamp":"2016-09-20 15:25:28","scheme":"Ad hominem","schemeID":"172"},{"nodeID":"200283","text":"Default Transition","type":"TA","timestamp":"2016-09-20 15:25:28","scheme":"Default Transition","schemeID":"82"},{"nodeID":"200284","text":"Disagreeing","type":"YA","timestamp":"2016-09-20 15:25:28","scheme":"Disagreeing","schemeID":"78"},{"nodeID":"200285","text":"g_mo821 : Make it better","type":"L","timestamp":"2016-09-20 15:25:28"},{"nodeID":"200286","text":"Asserting","type":"YA","timestamp":"2016-09-20 15:25:28","scheme":"Asserting","schemeID":"74"},{"nodeID":"200287","text":"make the high school better","type":"I","timestamp":"2016-09-20 15:25:28"},{"nodeID":"200288","text":"Barbara: g_mo821 : Make it better","type":"L","timestamp":"2016-09-20 15:25:28"},{"nodeID":"200289","text":"Default Transition","type":"TA","timestamp":"2016-09-20 15:25:28","scheme":"Default Transition","schemeID":"82"},{"nodeID":"200290","text":"Sithsaber : How did they make high schools better back in the day","type":"L","timestamp":"2016-09-20 15:25:28"},{"nodeID":"200291","text":"Rhetorical Questioning","type":"YA","timestamp":"2016-09-20 15:25:28","scheme":"RhetoricalQuestioning","schemeID":"85"},{"nodeID":"200292","text":"how did they make high schools better back in the day","type":"I","timestamp":"2016-09-20 15:25:29"},{"nodeID":"200293","text":"Barbara: Sithsaber : How did they make high schools better back in the day","type":"L","timestamp":"2016-09-20 15:25:29"},{"nodeID":"200294","text":"Sithsaber : They cut it up and made middle school","type":"L","timestamp":"2016-09-20 15:25:29"},{"nodeID":"200295","text":"Asserting","type":"YA","timestamp":"2016-09-20 15:25:29","scheme":"Asserting","schemeID":"74"},{"nodeID":"200296","text":"they cut it up and made middle school","type":"I","timestamp":"2016-09-20 15:25:29"},{"nodeID":"200297","text":"Barbara: Sithsaber : They cut it up and made middle school","type":"L","timestamp":"2016-09-20 15:25:29"},{"nodeID":"200298","text":"Sithsaber : How can they make high school better now","type":"L","timestamp":"2016-09-20 15:25:29"},{"nodeID":"200299","text":"Rhetorical Questioning","type":"YA","timestamp":"2016-09-20 15:25:29","scheme":"RhetoricalQuestioning","schemeID":"85"},{"nodeID":"200300","text":"how can they make high school better now","type":"I","timestamp":"2016-09-20 15:25:29"},{"nodeID":"200301","text":"Barbara: Sithsaber : How can they make high school better now","type":"L","timestamp":"2016-09-20 15:25:30"},{"nodeID":"200302","text":"Sithsaber : Take away some of the pressure placed on it by making college a sure thing","type":"L","timestamp":"2016-09-20 15:25:30"},{"nodeID":"200303","text":"Asserting","type":"YA","timestamp":"2016-09-20 15:25:30","scheme":"Asserting","schemeID":"74"},{"nodeID":"200304","text":"take away some of the pressure placed on it by making college a sure thing","type":"I","timestamp":"2016-09-20 15:25:30"},{"nodeID":"200305","text":"Barbara: Sithsaber : Take away some of the pressure placed on it by making college a sure thing","type":"L","timestamp":"2016-09-20 15:25:30"},{"nodeID":"200306","text":"Default Transition","type":"TA","timestamp":"2016-09-20 15:25:30","scheme":"Default Transition","schemeID":"82"},{"nodeID":"200307","text":"Default Inference","type":"RA","timestamp":"2016-09-20 15:25:30","scheme":"Default Inference","schemeID":"72"},{"nodeID":"200308","text":"Default Transition","type":"TA","timestamp":"2016-09-20 15:25:30","scheme":"Default Transition","schemeID":"82"},{"nodeID":"200309","text":"Arguing","type":"YA","timestamp":"2016-09-20 15:25:30","scheme":"Arguing","schemeID":"80"},{"nodeID":"200310","text":"Sithsaber :  The best thing about this is that liberal arts degrees are already poised to be made the new makeshift diploma of minimal worth that high school diplomas are nowadays","type":"L","timestamp":"2016-09-20 15:25:30"},{"nodeID":"200311","text":"Asserting","type":"YA","timestamp":"2016-09-20 15:25:30","scheme":"Asserting","schemeID":"74"},{"nodeID":"200312","text":"liberal arts degrees are already poised to be made the new makeshift diploma of minimal worth that high school diplomas are nowadays","type":"I","timestamp":"2016-09-20 15:25:31"},{"nodeID":"200313","text":"Barbara: Sithsaber :  The best thing about this is that liberal arts degrees are already poised to be made the new makeshift diploma of minimal worth that high school diplomas are nowadays","type":"L","timestamp":"2016-09-20 15:25:31"},{"nodeID":"200314","text":"Default Inference","type":"RA","timestamp":"2016-09-20 15:25:31","scheme":"Default Inference","schemeID":"72"},{"nodeID":"200315","text":"Default Transition","type":"TA","timestamp":"2016-09-20 15:25:31","scheme":"Default Transition","schemeID":"82"},{"nodeID":"200316","text":"Arguing","type":"YA","timestamp":"2016-09-20 15:25:31","scheme":"Arguing","schemeID":"80"},{"nodeID":"200317","text":"g_mo821 :  If college was a sure thing, I wouldn't try in high school","type":"L","timestamp":"2016-09-20 15:25:31"},{"nodeID":"200318","text":"Asserting","type":"YA","timestamp":"2016-09-20 15:25:31","scheme":"Asserting","schemeID":"74"},{"nodeID":"200319","text":"if college was a sure thing, I wouldn't try in high school","type":"I","timestamp":"2016-09-20 15:25:31"},{"nodeID":"200320","text":"Barbara: g_mo821 :  If college was a sure thing, I wouldn't try in high school","type":"L","timestamp":"2016-09-20 15:25:31"},{"nodeID":"200321","text":"Default Conflict","type":"CA","timestamp":"2016-09-20 15:25:31","scheme":"Default Conflict","schemeID":"71"},{"nodeID":"200322","text":"Default Transition","type":"TA","timestamp":"2016-09-20 15:25:31","scheme":"Default Transition","schemeID":"82"},{"nodeID":"200323","text":"Default Illocuting","type":"YA","timestamp":"2016-09-20 15:25:32","scheme":"Default Illocuting","schemeID":"168"},{"nodeID":"200324","text":"Barbara: Sithsaber :  Conversely many don't try in high school because they feel that they are already shut out of college","type":"L","timestamp":"2016-09-20 15:25:32"},{"nodeID":"200325","text":"Sithsaber : Conversely many don't try in high school","type":"L","timestamp":"2016-09-20 15:25:32"},{"nodeID":"200326","text":"Asserting","type":"YA","timestamp":"2016-09-20 15:25:32","scheme":"Asserting","schemeID":"74"},{"nodeID":"200327","text":"many don't try in high school","type":"I","timestamp":"2016-09-20 15:25:32"},{"nodeID":"200328","text":"Barbara: Sithsaber : Conversely many don't try in high school","type":"L","timestamp":"2016-09-20 15:25:32"},{"nodeID":"200329","text":"Sithsaber : they feel that they are already shut out of college","type":"L","timestamp":"2016-09-20 15:25:32"},{"nodeID":"200330","text":"Asserting","type":"YA","timestamp":"2016-09-20 15:25:32","scheme":"Asserting","schemeID":"74"},{"nodeID":"200331","text":"people feel that they are already shut out of college","type":"I","timestamp":"2016-09-20 15:25:32"},{"nodeID":"200332","text":"Barbara: Sithsaber : they feel that they are already shut out of college","type":"L","timestamp":"2016-09-20 15:25:33"},{"nodeID":"200333","text":"Default Inference","type":"RA","timestamp":"2016-09-20 15:25:33","scheme":"Default Inference","schemeID":"72"},{"nodeID":"200334","text":"Default Transition","type":"TA","timestamp":"2016-09-20 15:25:33","scheme":"Default Transition","schemeID":"82"},{"nodeID":"200335","text":"Arguing","type":"YA","timestamp":"2016-09-20 15:25:33","scheme":"Arguing","schemeID":"80"},{"nodeID":"200336","text":"Default Conflict","type":"CA","timestamp":"2016-09-20 15:25:33","scheme":"Default Conflict","schemeID":"71"},{"nodeID":"200337","text":"Default Transition","type":"TA","timestamp":"2016-09-20 15:25:33","scheme":"Default Transition","schemeID":"82"},{"nodeID":"200338","text":"Disagreeing","type":"YA","timestamp":"2016-09-20 15:25:33","scheme":"Disagreeing","schemeID":"78"},{"nodeID":"200339","text":"Sithsaber : Fine, community college can be high school","type":"L","timestamp":"2016-09-20 15:25:33"},{"nodeID":"200340","text":"Asserting","type":"YA","timestamp":"2016-09-20 15:25:33","scheme":"Asserting","schemeID":"74"},{"nodeID":"200341","text":"community college can be high school","type":"I","timestamp":"2016-09-20 15:25:33"},{"nodeID":"200342","text":"Barbara: Sithsaber : Fine, community college can be high school","type":"L","timestamp":"2016-09-20 15:25:33"},{"nodeID":"200343","text":"Sithsaber :  for profit shitholes like kaplan and university of Phoenix can be our outsourced remedial programs","type":"L","timestamp":"2016-09-20 15:25:34"},{"nodeID":"200344","text":"Asserting","type":"YA","timestamp":"2016-09-20 15:25:34","scheme":"Asserting","schemeID":"74"},{"nodeID":"200345","text":"for profit shitholes like kaplan and university of Phoenix can be our outsourced remedial programs","type":"I","timestamp":"2016-09-20 15:25:34"},{"nodeID":"200346","text":"Barbara: Sithsaber :  for profit shitholes like kaplan and university of Phoenix can be our outsourced remedial programs","type":"L","timestamp":"2016-09-20 15:25:34"},{"nodeID":"200347","text":"Default Transition","type":"TA","timestamp":"2016-09-20 15:25:34","scheme":"Default Transition","schemeID":"82"},{"nodeID":"200348","text":"telperiontree : Education inflation is mostly caused by administrative bloat and insufficient public funding","type":"L","timestamp":"2016-09-20 15:25:34"},{"nodeID":"200349","text":"Asserting","type":"YA","timestamp":"2016-09-20 15:25:34","scheme":"Asserting","schemeID":"74"},{"nodeID":"200350","text":"education inflation is mostly caused by administrative bloat and insufficient public funding","type":"I","timestamp":"2016-09-20 15:25:34"},{"nodeID":"200351","text":"Barbara: telperiontree : Education inflation is mostly caused by administrative bloat and insufficient public funding","type":"L","timestamp":"2016-09-20 15:25:34"},{"nodeID":"200352","text":"Default Transition","type":"TA","timestamp":"2016-09-20 15:25:34","scheme":"Default Transition","schemeID":"82"},{"nodeID":"200353","text":"Default Transition","type":"TA","timestamp":"2016-09-20 15:25:34","scheme":"Default Transition","schemeID":"82"},{"nodeID":"200354","text":"telperiontree : If you are talking about tuition increases","type":"L","timestamp":"2016-09-20 15:25:35"},{"nodeID":"200355","text":"Asserting","type":"YA","timestamp":"2016-09-20 15:25:35","scheme":"Asserting","schemeID":"74"},{"nodeID":"200356","text":"If you are talking about tuition increases","type":"I","timestamp":"2016-09-20 15:25:35"},{"nodeID":"200357","text":"Barbara: telperiontree : If you are talking about tuition increases","type":"L","timestamp":"2016-09-20 15:25:35"},{"nodeID":"200358","text":"telperiontree : If you're talking about employers requiring a degree to tie your own shoelaces","type":"L","timestamp":"2016-09-20 15:25:35"},{"nodeID":"200359","text":"Asserting","type":"YA","timestamp":"2016-09-20 15:25:35","scheme":"Asserting","schemeID":"74"},{"nodeID":"200360","text":"If you're talking about employers requiring a degree to tie your own shoelaces","type":"I","timestamp":"2016-09-20 15:25:35"},{"nodeID":"200361","text":"Barbara: telperiontree : If you're talking about employers requiring a degree to tie your own shoelaces","type":"L","timestamp":"2016-09-20 15:25:35"},{"nodeID":"200362","text":"telperiontree : you're out of luck","type":"L","timestamp":"2016-09-20 15:25:35"},{"nodeID":"200363","text":"Asserting","type":"YA","timestamp":"2016-09-20 15:25:36","scheme":"Asserting","schemeID":"74"},{"nodeID":"200364","text":"you're out of luck","type":"I","timestamp":"2016-09-20 15:25:36"},{"nodeID":"200365","text":"Barbara: telperiontree : you're out of luck","type":"L","timestamp":"2016-09-20 15:25:36"},{"nodeID":"200366","text":"g_mo821 : The latter","type":"L","timestamp":"2016-09-20 15:25:36"},{"nodeID":"200367","text":"Asserting","type":"YA","timestamp":"2016-09-20 15:25:36","scheme":"Asserting","schemeID":"74"},{"nodeID":"200368","text":"I am talking about employers requiring a degree to tie your own shoelaces","type":"I","timestamp":"2016-09-20 15:25:36"},{"nodeID":"200369","text":"Barbara: g_mo821 : The latter","type":"L","timestamp":"2016-09-20 15:25:36"},{"nodeID":"200370","text":"g_mo821 : Getting more people a degree will saturate the entry level market even more","type":"L","timestamp":"2016-09-20 15:25:36"},{"nodeID":"200371","text":"Asserting","type":"YA","timestamp":"2016-09-20 15:25:36","scheme":"Asserting","schemeID":"74"},{"nodeID":"200372","text":"getting more people a degree will saturate the entry level market even more","type":"I","timestamp":"2016-09-20 15:25:36"},{"nodeID":"200373","text":"Barbara: g_mo821 : Getting more people a degree will saturate the entry level market even more","type":"L","timestamp":"2016-09-20 15:25:36"},{"nodeID":"200374","text":"telperiontree :  It's already a disaster","type":"L","timestamp":"2016-09-20 15:25:37"},{"nodeID":"200375","text":"Asserting","type":"YA","timestamp":"2016-09-20 15:25:37","scheme":"Asserting","schemeID":"74"},{"nodeID":"200376","text":"the entry level market is already a disaster","type":"I","timestamp":"2016-09-20 15:25:37"},{"nodeID":"200377","text":"Barbara: telperiontree :  It's already a disaster","type":"L","timestamp":"2016-09-20 15:25:37"},{"nodeID":"200378","text":"Default Inference","type":"RA","timestamp":"2016-09-20 15:25:37","scheme":"Default Inference","schemeID":"72"},{"nodeID":"200379","text":"Default Transition","type":"TA","timestamp":"2016-09-20 15:25:37","scheme":"Default Transition","schemeID":"82"},{"nodeID":"200380","text":"Arguing","type":"YA","timestamp":"2016-09-20 15:25:37","scheme":"Arguing","schemeID":"80"},{"nodeID":"200381","text":"Default Transition","type":"TA","timestamp":"2016-09-20 15:25:37","scheme":"Default Transition","schemeID":"82"},{"nodeID":"200382","text":"Default Transition","type":"TA","timestamp":"2016-09-20 15:25:37","scheme":"Default Transition","schemeID":"82"},{"nodeID":"200383","text":"Default Transition","type":"TA","timestamp":"2016-09-20 15:25:37","scheme":"Default Transition","schemeID":"82"},{"nodeID":"200384","text":"Default Transition","type":"TA","timestamp":"2016-09-20 15:25:38","scheme":"Default Transition","schemeID":"82"}],"edges":[{"edgeID":"244820","fromID":"200188","toID":"200189","formEdgeID":null},{"edgeID":"244821","fromID":"200187","toID":"200188","formEdgeID":null},{"edgeID":"244822","fromID":"200192","toID":"200193","formEdgeID":null},{"edgeID":"244823","fromID":"200191","toID":"200192","formEdgeID":null},{"edgeID":"244824","fromID":"200196","toID":"200197","formEdgeID":null},{"edgeID":"244825","fromID":"200195","toID":"200196","formEdgeID":null},{"edgeID":"244826","fromID":"200187","toID":"200199","formEdgeID":null},{"edgeID":"244827","fromID":"200199","toID":"200191","formEdgeID":null},{"edgeID":"244828","fromID":"200191","toID":"200200","formEdgeID":null},{"edgeID":"244829","fromID":"200200","toID":"200195","formEdgeID":null},{"edgeID":"244830","fromID":"200202","toID":"200203","formEdgeID":null},{"edgeID":"244831","fromID":"200201","toID":"200202","formEdgeID":null},{"edgeID":"244832","fromID":"200206","toID":"200207","formEdgeID":null},{"edgeID":"244833","fromID":"200205","toID":"200206","formEdgeID":null},{"edgeID":"244834","fromID":"200207","toID":"200209","formEdgeID":null},{"edgeID":"244835","fromID":"200209","toID":"200203","formEdgeID":null},{"edgeID":"244836","fromID":"200201","toID":"200210","formEdgeID":null},{"edgeID":"244837","fromID":"200210","toID":"200205","formEdgeID":null},{"edgeID":"244838","fromID":"200210","toID":"200211","formEdgeID":null},{"edgeID":"244839","fromID":"200211","toID":"200209","formEdgeID":null},{"edgeID":"244840","fromID":"200195","toID":"200212","formEdgeID":null},{"edgeID":"244841","fromID":"200212","toID":"200201","formEdgeID":null},{"edgeID":"244842","fromID":"200214","toID":"200213","formEdgeID":null},{"edgeID":"244843","fromID":"200215","toID":"200214","formEdgeID":null},{"edgeID":"244844","fromID":"200218","toID":"200219","formEdgeID":null},{"edgeID":"244845","fromID":"200217","toID":"200218","formEdgeID":null},{"edgeID":"244846","fromID":"200219","toID":"200218","formEdgeID":null},{"edgeID":"244847","fromID":"200205","toID":"200223","formEdgeID":null},{"edgeID":"244848","fromID":"200223","toID":"200221","formEdgeID":null},{"edgeID":"244849","fromID":"200205","toID":"200224","formEdgeID":null},{"edgeID":"244850","fromID":"200224","toID":"200215","formEdgeID":null},{"edgeID":"244851","fromID":"200223","toID":"200225","formEdgeID":null},{"edgeID":"244852","fromID":"200225","toID":"200207","formEdgeID":null},{"edgeID":"244853","fromID":"200219","toID":"200226","formEdgeID":null},{"edgeID":"244854","fromID":"200226","toID":"200207","formEdgeID":null},{"edgeID":"244855","fromID":"200201","toID":"200227","formEdgeID":null},{"edgeID":"244856","fromID":"200227","toID":"200217","formEdgeID":null},{"edgeID":"244857","fromID":"200227","toID":"200228","formEdgeID":null},{"edgeID":"244858","fromID":"200228","toID":"200226","formEdgeID":null},{"edgeID":"244859","fromID":"200230","toID":"200231","formEdgeID":null},{"edgeID":"244860","fromID":"200229","toID":"200230","formEdgeID":null},{"edgeID":"244861","fromID":"200215","toID":"200233","formEdgeID":null},{"edgeID":"244862","fromID":"200233","toID":"200229","formEdgeID":null},{"edgeID":"244863","fromID":"200235","toID":"200236","formEdgeID":null},{"edgeID":"244864","fromID":"200234","toID":"200235","formEdgeID":null},{"edgeID":"244865","fromID":"200239","toID":"200240","formEdgeID":null},{"edgeID":"244866","fromID":"200238","toID":"200239","formEdgeID":null},{"edgeID":"244867","fromID":"200229","toID":"200242","formEdgeID":null},{"edgeID":"244868","fromID":"200242","toID":"200234","formEdgeID":null},{"edgeID":"244869","fromID":"200234","toID":"200243","formEdgeID":null},{"edgeID":"244870","fromID":"200243","toID":"200238","formEdgeID":null},{"edgeID":"244871","fromID":"200245","toID":"200246","formEdgeID":null},{"edgeID":"244872","fromID":"200244","toID":"200245","formEdgeID":null},{"edgeID":"244873","fromID":"200238","toID":"200248","formEdgeID":null},{"edgeID":"244874","fromID":"200248","toID":"200244","formEdgeID":null},{"edgeID":"244875","fromID":"200250","toID":"200251","formEdgeID":null},{"edgeID":"244876","fromID":"200249","toID":"200250","formEdgeID":null},{"edgeID":"244877","fromID":"200244","toID":"200253","formEdgeID":null},{"edgeID":"244878","fromID":"200253","toID":"200249","formEdgeID":null},{"edgeID":"244879","fromID":"200255","toID":"200256","formEdgeID":null},{"edgeID":"244880","fromID":"200254","toID":"200255","formEdgeID":null},{"edgeID":"244881","fromID":"200259","toID":"200260","formEdgeID":null},{"edgeID":"244882","fromID":"200258","toID":"200259","formEdgeID":null},{"edgeID":"244883","fromID":"200254","toID":"200262","formEdgeID":null},{"edgeID":"244884","fromID":"200262","toID":"200258","formEdgeID":null},{"edgeID":"244885","fromID":"200249","toID":"200263","formEdgeID":null},{"edgeID":"244886","fromID":"200263","toID":"200254","formEdgeID":null},{"edgeID":"244887","fromID":"200265","toID":"200266","formEdgeID":null},{"edgeID":"244888","fromID":"200264","toID":"200265","formEdgeID":null},{"edgeID":"244889","fromID":"200266","toID":"200268","formEdgeID":null},{"edgeID":"244890","fromID":"200268","toID":"200260","formEdgeID":null},{"edgeID":"244891","fromID":"200258","toID":"200269","formEdgeID":null},{"edgeID":"244892","fromID":"200269","toID":"200264","formEdgeID":null},{"edgeID":"244893","fromID":"200269","toID":"200270","formEdgeID":null},{"edgeID":"244894","fromID":"200270","toID":"200268","formEdgeID":null},{"edgeID":"244895","fromID":"200272","toID":"200273","formEdgeID":null},{"edgeID":"244896","fromID":"200271","toID":"200272","formEdgeID":null},{"edgeID":"244897","fromID":"200276","toID":"200277","formEdgeID":null},{"edgeID":"244898","fromID":"200275","toID":"200276","formEdgeID":null},{"edgeID":"244899","fromID":"200277","toID":"200279","formEdgeID":null},{"edgeID":"244900","fromID":"200279","toID":"200273","formEdgeID":null},{"edgeID":"244901","fromID":"200271","toID":"200280","formEdgeID":null},{"edgeID":"244902","fromID":"200280","toID":"200275","formEdgeID":null},{"edgeID":"244903","fromID":"200280","toID":"200281","formEdgeID":null},{"edgeID":"244904","fromID":"200281","toID":"200279","formEdgeID":null},{"edgeID":"244905","fromID":"200273","toID":"200282","formEdgeID":null},{"edgeID":"244906","fromID":"200282","toID":"200266","formEdgeID":null},{"edgeID":"244907","fromID":"200264","toID":"200283","formEdgeID":null},{"edgeID":"244908","fromID":"200283","toID":"200271","formEdgeID":null},{"edgeID":"244909","fromID":"200283","toID":"200284","formEdgeID":null},{"edgeID":"244910","fromID":"200284","toID":"200282","formEdgeID":null},{"edgeID":"244911","fromID":"200286","toID":"200287","formEdgeID":null},{"edgeID":"244912","fromID":"200285","toID":"200286","formEdgeID":null},{"edgeID":"244913","fromID":"200275","toID":"200289","formEdgeID":null},{"edgeID":"244914","fromID":"200289","toID":"200285","formEdgeID":null},{"edgeID":"244915","fromID":"200291","toID":"200292","formEdgeID":null},{"edgeID":"244916","fromID":"200290","toID":"200291","formEdgeID":null},{"edgeID":"244917","fromID":"200295","toID":"200296","formEdgeID":null},{"edgeID":"244918","fromID":"200294","toID":"200295","formEdgeID":null},{"edgeID":"244919","fromID":"200299","toID":"200300","formEdgeID":null},{"edgeID":"244920","fromID":"200298","toID":"200299","formEdgeID":null},{"edgeID":"244921","fromID":"200303","toID":"200304","formEdgeID":null},{"edgeID":"244922","fromID":"200302","toID":"200303","formEdgeID":null},{"edgeID":"244923","fromID":"200285","toID":"200306","formEdgeID":null},{"edgeID":"244924","fromID":"200306","toID":"200290","formEdgeID":null},{"edgeID":"244925","fromID":"200292","toID":"200307","formEdgeID":null},{"edgeID":"244926","fromID":"200307","toID":"200304","formEdgeID":null},{"edgeID":"244927","fromID":"200296","toID":"200307","formEdgeID":null},{"edgeID":"244928","fromID":"200300","toID":"200307","formEdgeID":null},{"edgeID":"244929","fromID":"200290","toID":"200308","formEdgeID":null},{"edgeID":"244930","fromID":"200308","toID":"200302","formEdgeID":null},{"edgeID":"244931","fromID":"200294","toID":"200308","formEdgeID":null},{"edgeID":"244932","fromID":"200298","toID":"200308","formEdgeID":null},{"edgeID":"244933","fromID":"200308","toID":"200309","formEdgeID":null},{"edgeID":"244934","fromID":"200309","toID":"200307","formEdgeID":null},{"edgeID":"244935","fromID":"200311","toID":"200312","formEdgeID":null},{"edgeID":"244936","fromID":"200310","toID":"200311","formEdgeID":null},{"edgeID":"244937","fromID":"200312","toID":"200314","formEdgeID":null},{"edgeID":"244938","fromID":"200314","toID":"200304","formEdgeID":null},{"edgeID":"244939","fromID":"200302","toID":"200315","formEdgeID":null},{"edgeID":"244940","fromID":"200315","toID":"200310","formEdgeID":null},{"edgeID":"244941","fromID":"200315","toID":"200316","formEdgeID":null},{"edgeID":"244942","fromID":"200316","toID":"200314","formEdgeID":null},{"edgeID":"244943","fromID":"200318","toID":"200319","formEdgeID":null},{"edgeID":"244944","fromID":"200317","toID":"200318","formEdgeID":null},{"edgeID":"244945","fromID":"200319","toID":"200321","formEdgeID":null},{"edgeID":"244946","fromID":"200321","toID":"200304","formEdgeID":null},{"edgeID":"244947","fromID":"200302","toID":"200322","formEdgeID":null},{"edgeID":"244948","fromID":"200322","toID":"200317","formEdgeID":null},{"edgeID":"244949","fromID":"200322","toID":"200323","formEdgeID":null},{"edgeID":"244950","fromID":"200323","toID":"200321","formEdgeID":null},{"edgeID":"244951","fromID":"200326","toID":"200327","formEdgeID":null},{"edgeID":"244952","fromID":"200325","toID":"200326","formEdgeID":null},{"edgeID":"244953","fromID":"200330","toID":"200331","formEdgeID":null},{"edgeID":"244954","fromID":"200329","toID":"200330","formEdgeID":null},{"edgeID":"244955","fromID":"200331","toID":"200333","formEdgeID":null},{"edgeID":"244956","fromID":"200333","toID":"200327","formEdgeID":null},{"edgeID":"244957","fromID":"200325","toID":"200334","formEdgeID":null},{"edgeID":"244958","fromID":"200334","toID":"200329","formEdgeID":null},{"edgeID":"244959","fromID":"200334","toID":"200335","formEdgeID":null},{"edgeID":"244960","fromID":"200335","toID":"200333","formEdgeID":null},{"edgeID":"244961","fromID":"200327","toID":"200336","formEdgeID":null},{"edgeID":"244962","fromID":"200336","toID":"200319","formEdgeID":null},{"edgeID":"244963","fromID":"200317","toID":"200337","formEdgeID":null},{"edgeID":"244964","fromID":"200337","toID":"200325","formEdgeID":null},{"edgeID":"244965","fromID":"200337","toID":"200338","formEdgeID":null},{"edgeID":"244966","fromID":"200338","toID":"200336","formEdgeID":null},{"edgeID":"244967","fromID":"200340","toID":"200341","formEdgeID":null},{"edgeID":"244968","fromID":"200339","toID":"200340","formEdgeID":null},{"edgeID":"244969","fromID":"200344","toID":"200345","formEdgeID":null},{"edgeID":"244970","fromID":"200343","toID":"200344","formEdgeID":null},{"edgeID":"244971","fromID":"200329","toID":"200347","formEdgeID":null},{"edgeID":"244972","fromID":"200347","toID":"200339","formEdgeID":null},{"edgeID":"244973","fromID":"200349","toID":"200350","formEdgeID":null},{"edgeID":"244974","fromID":"200348","toID":"200349","formEdgeID":null},{"edgeID":"244975","fromID":"200339","toID":"200352","formEdgeID":null},{"edgeID":"244976","fromID":"200352","toID":"200343","formEdgeID":null},{"edgeID":"244977","fromID":"200343","toID":"200353","formEdgeID":null},{"edgeID":"244978","fromID":"200353","toID":"200348","formEdgeID":null},{"edgeID":"244979","fromID":"200355","toID":"200356","formEdgeID":null},{"edgeID":"244980","fromID":"200354","toID":"200355","formEdgeID":null},{"edgeID":"244981","fromID":"200359","toID":"200360","formEdgeID":null},{"edgeID":"244982","fromID":"200358","toID":"200359","formEdgeID":null},{"edgeID":"244983","fromID":"200363","toID":"200364","formEdgeID":null},{"edgeID":"244984","fromID":"200362","toID":"200363","formEdgeID":null},{"edgeID":"244985","fromID":"200367","toID":"200368","formEdgeID":null},{"edgeID":"244986","fromID":"200366","toID":"200367","formEdgeID":null},{"edgeID":"244987","fromID":"200371","toID":"200372","formEdgeID":null},{"edgeID":"244988","fromID":"200370","toID":"200371","formEdgeID":null},{"edgeID":"244989","fromID":"200375","toID":"200376","formEdgeID":null},{"edgeID":"244990","fromID":"200374","toID":"200375","formEdgeID":null},{"edgeID":"244991","fromID":"200372","toID":"200378","formEdgeID":null},{"edgeID":"244992","fromID":"200378","toID":"200368","formEdgeID":null},{"edgeID":"244993","fromID":"200376","toID":"200378","formEdgeID":null},{"edgeID":"244994","fromID":"200366","toID":"200379","formEdgeID":null},{"edgeID":"244995","fromID":"200379","toID":"200374","formEdgeID":null},{"edgeID":"244996","fromID":"200379","toID":"200370","formEdgeID":null},{"edgeID":"244997","fromID":"200379","toID":"200380","formEdgeID":null},{"edgeID":"244998","fromID":"200380","toID":"200378","formEdgeID":null},{"edgeID":"244999","fromID":"200366","toID":"200381","formEdgeID":null},{"edgeID":"245000","fromID":"200381","toID":"200362","formEdgeID":null},{"edgeID":"245001","fromID":"200362","toID":"200382","formEdgeID":null},{"edgeID":"245002","fromID":"200382","toID":"200358","formEdgeID":null},{"edgeID":"245003","fromID":"200358","toID":"200383","formEdgeID":null},{"edgeID":"245004","fromID":"200383","toID":"200354","formEdgeID":null},{"edgeID":"245005","fromID":"200348","toID":"200384","formEdgeID":null},{"edgeID":"245006","fromID":"200384","toID":"200354","formEdgeID":null}],"locutions":[{"nodeID":"200215","personID":"2283","timestamp":"2016-09-20 15:25:45","start":null,"end":null,"source":null}]}