{"nodes":[{"nodeID":"192063","text":"TheDonbot : I don't even want to write this","type":"L","timestamp":"2016-08-10 13:54:47"},{"nodeID":"192064","text":"Asserting","type":"YA","timestamp":"2016-08-10 13:54:47","scheme":"Asserting","schemeID":"74"},{"nodeID":"192065","text":"I don't even want to write this","type":"I","timestamp":"2016-08-10 13:54:47"},{"nodeID":"192066","text":"Barbara: TheDonbot : I don't even want to write this","type":"L","timestamp":"2016-08-10 13:54:47"},{"nodeID":"192067","text":"TheDonbot : it's the sort of conspiracy thing that normally I'd think deserves to be mocked","type":"L","timestamp":"2016-08-10 13:54:47"},{"nodeID":"192068","text":"Asserting","type":"YA","timestamp":"2016-08-10 13:54:47","scheme":"Asserting","schemeID":"74"},{"nodeID":"192069","text":"it's the sort of conspiracy thing that normally I'd think deserves to be mocked","type":"I","timestamp":"2016-08-10 13:54:47"},{"nodeID":"192070","text":"Barbara: TheDonbot : t's the sort of conspiracy thing that normally I'd think deserves to be mocked","type":"L","timestamp":"2016-08-10 13:54:47"},{"nodeID":"192071","text":"TheDonbot : doesn't Hillary seem sort of too prepared for some of the questions?","type":"L","timestamp":"2016-08-10 13:54:47"},{"nodeID":"192072","text":"Assertive Questioning","type":"YA","timestamp":"2016-08-10 13:54:47","scheme":"AssertiveQuestioning","schemeID":"73"},{"nodeID":"192073","text":"Hillary Clinton seems sort of too prepared for some of the questions","type":"I","timestamp":"2016-08-10 13:54:47"},{"nodeID":"192074","text":"Barbara: TheDonbot : doesn't Hillary seem sort of too prepared for some of the questions?","type":"L","timestamp":"2016-08-10 13:54:47"},{"nodeID":"192075","text":"Default Inference","type":"RA","timestamp":"2016-08-10 13:54:48","scheme":"Default Inference","schemeID":"72"},{"nodeID":"192076","text":"Default Transition","type":"TA","timestamp":"2016-08-10 13:54:48","scheme":"Default Transition","schemeID":"82"},{"nodeID":"192077","text":"Arguing","type":"YA","timestamp":"2016-08-10 13:54:48","scheme":"Arguing","schemeID":"80"},{"nodeID":"192078","text":"Default Transition","type":"TA","timestamp":"2016-08-10 13:54:48","scheme":"Default Transition","schemeID":"82"},{"nodeID":"192079","text":"TheDonbot : The Denmark thing was weird to me","type":"L","timestamp":"2016-08-10 13:54:48"},{"nodeID":"192080","text":"Asserting","type":"YA","timestamp":"2016-08-10 13:54:48","scheme":"Asserting","schemeID":"74"},{"nodeID":"192081","text":"the Denmark thing was weird","type":"I","timestamp":"2016-08-10 13:54:48"},{"nodeID":"192082","text":"Barbara: TheDonbot : The Denmark thing was weird to me","type":"L","timestamp":"2016-08-10 13:54:48"},{"nodeID":"192083","text":"Default Inference","type":"RA","timestamp":"2016-08-10 13:54:48","scheme":"Default Inference","schemeID":"72"},{"nodeID":"192084","text":"Default Transition","type":"TA","timestamp":"2016-08-10 13:54:48","scheme":"Default Transition","schemeID":"82"},{"nodeID":"192085","text":"Arguing","type":"YA","timestamp":"2016-08-10 13:54:48","scheme":"Arguing","schemeID":"80"},{"nodeID":"192086","text":"TheDonbot : it was a comparison that Anderson Cooper brought up, not Sanders","type":"L","timestamp":"2016-08-10 13:54:49"},{"nodeID":"192087","text":"Asserting","type":"YA","timestamp":"2016-08-10 13:54:49","scheme":"Asserting","schemeID":"74"},{"nodeID":"192088","text":"the Denmark thing was a comparison that Anderson Cooper brought up, not Sanders","type":"I","timestamp":"2016-08-10 13:54:49"},{"nodeID":"192089","text":"Barbara: TheDonbot : it was a comparison that Anderson Cooper brought up, not Sanders","type":"L","timestamp":"2016-08-10 13:54:49"},{"nodeID":"192090","text":"Default Inference","type":"RA","timestamp":"2016-08-10 13:54:49","scheme":"Default Inference","schemeID":"72"},{"nodeID":"192091","text":"Default Transition","type":"TA","timestamp":"2016-08-10 13:54:49","scheme":"Default Transition","schemeID":"82"},{"nodeID":"192092","text":"Arguing","type":"YA","timestamp":"2016-08-10 13:54:49","scheme":"Arguing","schemeID":"80"},{"nodeID":"192093","text":"TheDonbot : it was naturally built into Hillary's response","type":"L","timestamp":"2016-08-10 13:54:49"},{"nodeID":"192094","text":"Asserting","type":"YA","timestamp":"2016-08-10 13:54:49","scheme":"Asserting","schemeID":"74"},{"nodeID":"192095","text":"the Denmark thing was naturally built into Hillary's response","type":"I","timestamp":"2016-08-10 13:54:49"},{"nodeID":"192096","text":"Barbara: TheDonbot : it was naturally built into Hillary's response","type":"L","timestamp":"2016-08-10 13:54:49"},{"nodeID":"192097","text":"TheDonbot : She also goes right into points when answering questions with zero of the slow build-up candidates normally take to think up their answers","type":"L","timestamp":"2016-08-10 13:54:50"},{"nodeID":"192098","text":"Asserting","type":"YA","timestamp":"2016-08-10 13:54:50","scheme":"Asserting","schemeID":"74"},{"nodeID":"192099","text":"Hilary Clinton goes right into points when answering questions with zero of the slow build-up candidates normally take to think up their answers","type":"I","timestamp":"2016-08-10 13:54:50"},{"nodeID":"192100","text":"Barbara: TheDonbot : She also goes right into points when answering questions with zero of the slow build-up candidates normally take to think up their answers","type":"L","timestamp":"2016-08-10 13:54:50"},{"nodeID":"192101","text":"TheDonbot : She's slower when answering issues the other candidates bring up","type":"L","timestamp":"2016-08-10 13:54:50"},{"nodeID":"192102","text":"Asserting","type":"YA","timestamp":"2016-08-10 13:54:50","scheme":"Asserting","schemeID":"74"},{"nodeID":"192103","text":"Hilary Clinton is slower when answering issues the other candidates bring up","type":"I","timestamp":"2016-08-10 13:54:50"},{"nodeID":"192104","text":"Barbara: TheDonbot : She's slower when answering issues the other candidates bring up","type":"L","timestamp":"2016-08-10 13:54:50"},{"nodeID":"192105","text":"Default Inference","type":"RA","timestamp":"2016-08-10 13:54:50","scheme":"Default Inference","schemeID":"72"},{"nodeID":"192106","text":"Default Transition","type":"TA","timestamp":"2016-08-10 13:54:50","scheme":"Default Transition","schemeID":"82"},{"nodeID":"192107","text":"Arguing","type":"YA","timestamp":"2016-08-10 13:54:50","scheme":"Arguing","schemeID":"80"},{"nodeID":"192108","text":"TheDonbot : I don't know, maybe she is honestly that good at debate","type":"L","timestamp":"2016-08-10 13:54:50"},{"nodeID":"192109","text":"Asserting","type":"YA","timestamp":"2016-08-10 13:54:51","scheme":"Asserting","schemeID":"74"},{"nodeID":"192110","text":"maybe Clinton is honestly that good at debate","type":"I","timestamp":"2016-08-10 13:54:51"},{"nodeID":"192111","text":"Barbara: TheDonbot : I don't know, maybe she is honestly that good at debate","type":"L","timestamp":"2016-08-10 13:54:51"},{"nodeID":"192112","text":"TheDonbot : I'm probably overthinking things","type":"L","timestamp":"2016-08-10 13:54:51"},{"nodeID":"192113","text":"Asserting","type":"YA","timestamp":"2016-08-10 13:54:51","scheme":"Asserting","schemeID":"74"},{"nodeID":"192114","text":"I'm probably overthinking things","type":"I","timestamp":"2016-08-10 13:54:51"},{"nodeID":"192115","text":"Barbara: TheDonbot : I'm probably overthinking things","type":"L","timestamp":"2016-08-10 13:54:51"},{"nodeID":"192116","text":"TheDonbot : It just seems slightly off to me","type":"L","timestamp":"2016-08-10 13:54:51"},{"nodeID":"192117","text":"Asserting","type":"YA","timestamp":"2016-08-10 13:54:51","scheme":"Asserting","schemeID":"74"},{"nodeID":"192118","text":"It just seems slightly off to me","type":"I","timestamp":"2016-08-10 13:54:51"},{"nodeID":"192119","text":"Barbara: TheDonbot : It just seems slightly off to me","type":"L","timestamp":"2016-08-10 13:54:51"},{"nodeID":"192120","text":"TheDonbot : Also is everyone just going to ignore the fact that Cooper straight up changed the question \"Answer do black lives matter or do all lives matter?\" to basically \"oh what would you do about crime?\" When talking to Clinton?","type":"L","timestamp":"2016-08-10 13:54:52"},{"nodeID":"192121","text":"Assertive Questioning","type":"YA","timestamp":"2016-08-10 13:54:52","scheme":"AssertiveQuestioning","schemeID":"73"},{"nodeID":"192122","text":"Cooper straight up changed the question \"Answer do black lives matter or do all lives matter?\" to basically \"oh what would you do about crime?\" when talking to Clinton","type":"I","timestamp":"2016-08-10 13:54:52"},{"nodeID":"192123","text":"Barbara: TheDonbot : Also is everyone just going to ignore the fact that Cooper straight up changed the question \"Answer do black lives matter or do all lives matter?\" to basically \"oh what would you do about crime?\" When talking to Clinton?","type":"L","timestamp":"2016-08-10 13:54:52"},{"nodeID":"192124","text":"Default Transition","type":"TA","timestamp":"2016-08-10 13:54:52","scheme":"Default Transition","schemeID":"82"},{"nodeID":"192125","text":"Default Transition","type":"TA","timestamp":"2016-08-10 13:54:52","scheme":"Default Transition","schemeID":"82"},{"nodeID":"192126","text":"Default Transition","type":"TA","timestamp":"2016-08-10 13:54:52","scheme":"Default Transition","schemeID":"82"},{"nodeID":"192127","text":"Default Inference","type":"RA","timestamp":"2016-08-10 13:54:52","scheme":"Default Inference","schemeID":"72"},{"nodeID":"192128","text":"Default Transition","type":"TA","timestamp":"2016-08-10 13:54:52","scheme":"Default Transition","schemeID":"82"},{"nodeID":"192129","text":"Arguing","type":"YA","timestamp":"2016-08-10 13:54:52","scheme":"Arguing","schemeID":"80"},{"nodeID":"192130","text":"deadletter : Practice debates","type":"L","timestamp":"2016-08-10 13:54:52"},{"nodeID":"192131","text":"Asserting","type":"YA","timestamp":"2016-08-10 13:54:53","scheme":"Asserting","schemeID":"74"},{"nodeID":"192132","text":"practice debates","type":"I","timestamp":"2016-08-10 13:54:53"},{"nodeID":"192133","text":"Barbara: deadletter : Practice debates","type":"L","timestamp":"2016-08-10 13:54:53"},{"nodeID":"192134","text":"Default Conflict","type":"CA","timestamp":"2016-08-10 13:54:53","scheme":"Default Conflict","schemeID":"71"},{"nodeID":"192135","text":"Default Transition","type":"TA","timestamp":"2016-08-10 13:54:53","scheme":"Default Transition","schemeID":"82"},{"nodeID":"192136","text":"Disagreeing","type":"YA","timestamp":"2016-08-10 13:54:53","scheme":"Disagreeing","schemeID":"78"},{"nodeID":"192137","text":"Speedson : she has done 19 political debates in her time","type":"L","timestamp":"2016-08-10 13:54:53"},{"nodeID":"192138","text":"Asserting","type":"YA","timestamp":"2016-08-10 13:54:53","scheme":"Asserting","schemeID":"74"},{"nodeID":"192139","text":"Clinton has done 19 political debates in her time","type":"I","timestamp":"2016-08-10 13:54:53"},{"nodeID":"192140","text":"Barbara: Speedson : she has done 19 political debates in her time","type":"L","timestamp":"2016-08-10 13:54:53"},{"nodeID":"192141","text":"Speedson : she has had the best people in the game prep her for this debate","type":"L","timestamp":"2016-08-10 13:54:53"},{"nodeID":"192142","text":"Asserting","type":"YA","timestamp":"2016-08-10 13:54:54","scheme":"Asserting","schemeID":"74"},{"nodeID":"192143","text":"Clinton has had the best people in the game prep her for this debate","type":"I","timestamp":"2016-08-10 13:54:54"},{"nodeID":"192144","text":"Barbara: Speedson : she has had the best people in the game prep her for this debate","type":"L","timestamp":"2016-08-10 13:54:54"},{"nodeID":"192145","text":"Speedson : she is more prepared for this debate than any other candidate","type":"L","timestamp":"2016-08-10 13:54:54"},{"nodeID":"192146","text":"Asserting","type":"YA","timestamp":"2016-08-10 13:54:54","scheme":"Asserting","schemeID":"74"},{"nodeID":"192147","text":"Clinton is more prepared for this debate than any other candidate","type":"I","timestamp":"2016-08-10 13:54:54"},{"nodeID":"192148","text":"Barbara: Speedson : she is more prepared for this debate than any other candidate","type":"L","timestamp":"2016-08-10 13:54:54"},{"nodeID":"192149","text":"Default Inference","type":"RA","timestamp":"2016-08-10 13:54:54","scheme":"Default Inference","schemeID":"72"},{"nodeID":"192150","text":"Default Transition","type":"TA","timestamp":"2016-08-10 13:54:54","scheme":"Default Transition","schemeID":"82"},{"nodeID":"192151","text":"Arguing","type":"YA","timestamp":"2016-08-10 13:54:54","scheme":"Arguing","schemeID":"80"},{"nodeID":"192152","text":"Default Conflict","type":"CA","timestamp":"2016-08-10 13:54:54","scheme":"Default Conflict","schemeID":"71"},{"nodeID":"192153","text":"Default Transition","type":"TA","timestamp":"2016-08-10 13:54:54","scheme":"Default Transition","schemeID":"82"},{"nodeID":"192154","text":"Disagreeing","type":"YA","timestamp":"2016-08-10 13:54:55","scheme":"Disagreeing","schemeID":"78"},{"nodeID":"192155","text":"I-Have-3-Girlfriends : She's a good debater","type":"L","timestamp":"2016-08-10 13:54:55"},{"nodeID":"192156","text":"Asserting","type":"YA","timestamp":"2016-08-10 13:54:55","scheme":"Asserting","schemeID":"74"},{"nodeID":"192157","text":"Clinton is a good debater","type":"I","timestamp":"2016-08-10 13:54:55"},{"nodeID":"192158","text":"Barbara: I-Have-3-Girlfriends : She's a good debater","type":"L","timestamp":"2016-08-10 13:54:55"},{"nodeID":"192159","text":"I-Have-3-Girlfriends : to experience","type":"L","timestamp":"2016-08-10 13:54:55"},{"nodeID":"192160","text":"Asserting","type":"YA","timestamp":"2016-08-10 13:54:55","scheme":"Asserting","schemeID":"74"},{"nodeID":"192161","text":"Clinton has experience","type":"I","timestamp":"2016-08-10 13:54:55"},{"nodeID":"192162","text":"Barbara: I-Have-3-Girlfriends : to experience","type":"L","timestamp":"2016-08-10 13:54:55"},{"nodeID":"192163","text":"I-Have-3-Girlfriends : having the best advisers in the world (mostly)","type":"L","timestamp":"2016-08-10 13:54:55"},{"nodeID":"192164","text":"Asserting","type":"YA","timestamp":"2016-08-10 13:54:55","scheme":"Asserting","schemeID":"74"},{"nodeID":"192165","text":"Clinton has the best advisers in the world (mostly)","type":"I","timestamp":"2016-08-10 13:54:56"},{"nodeID":"192166","text":"Barbara: I-Have-3-Girlfriends : having the best advisers in the world (mostly)","type":"L","timestamp":"2016-08-10 13:54:56"},{"nodeID":"192167","text":"I-Have-3-Girlfriends : She's also extremely rehearsed","type":"L","timestamp":"2016-08-10 13:54:56"},{"nodeID":"192168","text":"Asserting","type":"YA","timestamp":"2016-08-10 13:54:56","scheme":"Asserting","schemeID":"74"},{"nodeID":"192169","text":"Clinton is extremely rehearsed","type":"I","timestamp":"2016-08-10 13:54:56"},{"nodeID":"192170","text":"Barbara: I-Have-3-Girlfriends : She's also extremely rehearsed","type":"L","timestamp":"2016-08-10 13:54:56"},{"nodeID":"192171","text":"Default Inference","type":"RA","timestamp":"2016-08-10 13:54:56","scheme":"Default Inference","schemeID":"72"},{"nodeID":"192172","text":"Default Transition","type":"TA","timestamp":"2016-08-10 13:54:56","scheme":"Default Transition","schemeID":"82"},{"nodeID":"192173","text":"Arguing","type":"YA","timestamp":"2016-08-10 13:54:56","scheme":"Arguing","schemeID":"80"},{"nodeID":"192174","text":"Default Inference","type":"RA","timestamp":"2016-08-10 13:54:56","scheme":"Default Inference","schemeID":"72"},{"nodeID":"192175","text":"Default Transition","type":"TA","timestamp":"2016-08-10 13:54:56","scheme":"Default Transition","schemeID":"82"},{"nodeID":"192176","text":"Arguing","type":"YA","timestamp":"2016-08-10 13:54:57","scheme":"Arguing","schemeID":"80"},{"nodeID":"192177","text":"Default Transition","type":"TA","timestamp":"2016-08-10 13:54:57","scheme":"Default Transition","schemeID":"82"},{"nodeID":"192178","text":"Default Conflict","type":"CA","timestamp":"2016-08-10 13:54:57","scheme":"Default Conflict","schemeID":"71"},{"nodeID":"192179","text":"Disagreeing","type":"YA","timestamp":"2016-08-10 13:54:57","scheme":"Disagreeing","schemeID":"78"},{"nodeID":"192180","text":"I-Have-3-Girlfriends : A debate gaffe can tank a campaign","type":"L","timestamp":"2016-08-10 13:54:57"},{"nodeID":"192181","text":"Asserting","type":"YA","timestamp":"2016-08-10 13:54:57","scheme":"Asserting","schemeID":"74"},{"nodeID":"192182","text":"a debate gaffe can tank a campaign","type":"I","timestamp":"2016-08-10 13:54:57"},{"nodeID":"192183","text":"Barbara: I-Have-3-Girlfriends : A debate gaffe can tank a campaign","type":"L","timestamp":"2016-08-10 13:54:57"},{"nodeID":"192184","text":"Default Transition","type":"TA","timestamp":"2016-08-10 13:54:57","scheme":"Default Transition","schemeID":"82"},{"nodeID":"192185","text":"Default Rephrase","type":"MA","timestamp":"2016-08-10 13:54:57","scheme":"Default Rephrase","schemeID":"144"},{"nodeID":"192186","text":"Default Transition","type":"TA","timestamp":"2016-08-10 13:54:57","scheme":"Default Transition","schemeID":"82"},{"nodeID":"192187","text":"Restating","type":"YA","timestamp":"2016-08-10 13:54:57","scheme":"Restating","schemeID":"101"},{"nodeID":"192188","text":"Default Rephrase","type":"MA","timestamp":"2016-08-10 13:54:58","scheme":"Default Rephrase","schemeID":"144"},{"nodeID":"192189","text":"Default Transition","type":"TA","timestamp":"2016-08-10 13:54:58","scheme":"Default Transition","schemeID":"82"},{"nodeID":"192190","text":"Restating","type":"YA","timestamp":"2016-08-10 13:54:58","scheme":"Restating","schemeID":"101"},{"nodeID":"192191","text":"jutspg1980 :  As i remember it, Sanders first mentioned Denmark, Norway, and Sweden.","type":"L","timestamp":"2016-08-10 13:54:58"},{"nodeID":"192192","text":"Asserting","type":"YA","timestamp":"2016-08-10 13:54:58","scheme":"Asserting","schemeID":"74"},{"nodeID":"192193","text":"Sanders first mentioned Denmark, Norway, and Sweden","type":"I","timestamp":"2016-08-10 13:54:58"},{"nodeID":"192194","text":"Barbara: jutspg1980 :  As i remember it, Sanders first mentioned Denmark, Norway, and Sweden.","type":"L","timestamp":"2016-08-10 13:54:58"},{"nodeID":"192195","text":"Default Conflict","type":"CA","timestamp":"2016-08-10 13:54:58","scheme":"Default Conflict","schemeID":"71"},{"nodeID":"192196","text":"Default Transition","type":"TA","timestamp":"2016-08-10 13:54:58","scheme":"Default Transition","schemeID":"82"},{"nodeID":"192197","text":"Disagreeing","type":"YA","timestamp":"2016-08-10 13:54:58","scheme":"Disagreeing","schemeID":"78"},{"nodeID":"192198","text":"jutspg1980 : that must be a common talking point","type":"L","timestamp":"2016-08-10 13:54:58"},{"nodeID":"192199","text":"Asserting","type":"YA","timestamp":"2016-08-10 13:54:59","scheme":"Asserting","schemeID":"74"},{"nodeID":"192200","text":"Denmark must be a common talking point","type":"I","timestamp":"2016-08-10 13:54:59"},{"nodeID":"192201","text":"Barbara: jutspg1980 : that must be a common talking point","type":"L","timestamp":"2016-08-10 13:54:59"},{"nodeID":"192202","text":"jutspg1980 : Anderson was prepared with the 5.6 mil population stat as a response","type":"L","timestamp":"2016-08-10 13:54:59"},{"nodeID":"192203","text":"Asserting","type":"YA","timestamp":"2016-08-10 13:54:59","scheme":"Asserting","schemeID":"74"},{"nodeID":"192204","text":"Anderson was prepared with the 5.6 mil population stat as a response","type":"I","timestamp":"2016-08-10 13:54:59"},{"nodeID":"192205","text":"Barbara: jutspg1980 : Anderson was prepared with the 5.6 mil population stat as a response","type":"L","timestamp":"2016-08-10 13:54:59"},{"nodeID":"192206","text":"Default Transition","type":"TA","timestamp":"2016-08-10 13:54:59","scheme":"Default Transition","schemeID":"82"},{"nodeID":"192207","text":"Default Transition","type":"TA","timestamp":"2016-08-10 13:54:59","scheme":"Default Transition","schemeID":"82"},{"nodeID":"192208","text":"Default Inference","type":"RA","timestamp":"2016-08-10 13:54:59","scheme":"Default Inference","schemeID":"72"},{"nodeID":"192209","text":"Arguing","type":"YA","timestamp":"2016-08-10 13:54:59","scheme":"Arguing","schemeID":"80"}],"edges":[{"edgeID":"235066","fromID":"192064","toID":"192065","formEdgeID":null},{"edgeID":"235067","fromID":"192063","toID":"192064","formEdgeID":null},{"edgeID":"235068","fromID":"192068","toID":"192069","formEdgeID":null},{"edgeID":"235069","fromID":"192067","toID":"192068","formEdgeID":null},{"edgeID":"235070","fromID":"192072","toID":"192073","formEdgeID":null},{"edgeID":"235071","fromID":"192071","toID":"192072","formEdgeID":null},{"edgeID":"235072","fromID":"192069","toID":"192075","formEdgeID":null},{"edgeID":"235073","fromID":"192075","toID":"192065","formEdgeID":null},{"edgeID":"235074","fromID":"192063","toID":"192076","formEdgeID":null},{"edgeID":"235075","fromID":"192076","toID":"192067","formEdgeID":null},{"edgeID":"235076","fromID":"192076","toID":"192077","formEdgeID":null},{"edgeID":"235077","fromID":"192077","toID":"192075","formEdgeID":null},{"edgeID":"235078","fromID":"192067","toID":"192078","formEdgeID":null},{"edgeID":"235079","fromID":"192078","toID":"192071","formEdgeID":null},{"edgeID":"235080","fromID":"192080","toID":"192081","formEdgeID":null},{"edgeID":"235081","fromID":"192079","toID":"192080","formEdgeID":null},{"edgeID":"235082","fromID":"192081","toID":"192083","formEdgeID":null},{"edgeID":"235083","fromID":"192083","toID":"192073","formEdgeID":null},{"edgeID":"235084","fromID":"192071","toID":"192084","formEdgeID":null},{"edgeID":"235085","fromID":"192084","toID":"192079","formEdgeID":null},{"edgeID":"235086","fromID":"192084","toID":"192085","formEdgeID":null},{"edgeID":"235087","fromID":"192085","toID":"192083","formEdgeID":null},{"edgeID":"235088","fromID":"192087","toID":"192088","formEdgeID":null},{"edgeID":"235089","fromID":"192086","toID":"192087","formEdgeID":null},{"edgeID":"235090","fromID":"192088","toID":"192090","formEdgeID":null},{"edgeID":"235091","fromID":"192090","toID":"192081","formEdgeID":null},{"edgeID":"235092","fromID":"192079","toID":"192091","formEdgeID":null},{"edgeID":"235093","fromID":"192091","toID":"192086","formEdgeID":null},{"edgeID":"235094","fromID":"192091","toID":"192092","formEdgeID":null},{"edgeID":"235095","fromID":"192092","toID":"192090","formEdgeID":null},{"edgeID":"235096","fromID":"192094","toID":"192095","formEdgeID":null},{"edgeID":"235097","fromID":"192093","toID":"192094","formEdgeID":null},{"edgeID":"235098","fromID":"192095","toID":"192090","formEdgeID":null},{"edgeID":"235099","fromID":"192093","toID":"192091","formEdgeID":null},{"edgeID":"235100","fromID":"192098","toID":"192099","formEdgeID":null},{"edgeID":"235101","fromID":"192097","toID":"192098","formEdgeID":null},{"edgeID":"235102","fromID":"192102","toID":"192103","formEdgeID":null},{"edgeID":"235103","fromID":"192101","toID":"192102","formEdgeID":null},{"edgeID":"235104","fromID":"192099","toID":"192105","formEdgeID":null},{"edgeID":"235105","fromID":"192105","toID":"192073","formEdgeID":null},{"edgeID":"235106","fromID":"192103","toID":"192105","formEdgeID":null},{"edgeID":"235107","fromID":"192071","toID":"192106","formEdgeID":null},{"edgeID":"235108","fromID":"192106","toID":"192101","formEdgeID":null},{"edgeID":"235109","fromID":"192106","toID":"192097","formEdgeID":null},{"edgeID":"235110","fromID":"192106","toID":"192107","formEdgeID":null},{"edgeID":"235111","fromID":"192107","toID":"192105","formEdgeID":null},{"edgeID":"235112","fromID":"192109","toID":"192110","formEdgeID":null},{"edgeID":"235113","fromID":"192108","toID":"192109","formEdgeID":null},{"edgeID":"235114","fromID":"192113","toID":"192114","formEdgeID":null},{"edgeID":"235115","fromID":"192112","toID":"192113","formEdgeID":null},{"edgeID":"235116","fromID":"192117","toID":"192118","formEdgeID":null},{"edgeID":"235117","fromID":"192116","toID":"192117","formEdgeID":null},{"edgeID":"235118","fromID":"192121","toID":"192122","formEdgeID":null},{"edgeID":"235119","fromID":"192120","toID":"192121","formEdgeID":null},{"edgeID":"235120","fromID":"192101","toID":"192124","formEdgeID":null},{"edgeID":"235121","fromID":"192124","toID":"192108","formEdgeID":null},{"edgeID":"235122","fromID":"192108","toID":"192125","formEdgeID":null},{"edgeID":"235123","fromID":"192125","toID":"192112","formEdgeID":null},{"edgeID":"235124","fromID":"192112","toID":"192126","formEdgeID":null},{"edgeID":"235125","fromID":"192126","toID":"192116","formEdgeID":null},{"edgeID":"235126","fromID":"192122","toID":"192127","formEdgeID":null},{"edgeID":"235127","fromID":"192127","toID":"192073","formEdgeID":null},{"edgeID":"235128","fromID":"192071","toID":"192128","formEdgeID":null},{"edgeID":"235129","fromID":"192128","toID":"192120","formEdgeID":null},{"edgeID":"235130","fromID":"192128","toID":"192129","formEdgeID":null},{"edgeID":"235131","fromID":"192129","toID":"192127","formEdgeID":null},{"edgeID":"235132","fromID":"192131","toID":"192132","formEdgeID":null},{"edgeID":"235133","fromID":"192130","toID":"192131","formEdgeID":null},{"edgeID":"235134","fromID":"192132","toID":"192134","formEdgeID":null},{"edgeID":"235135","fromID":"192134","toID":"192073","formEdgeID":null},{"edgeID":"235136","fromID":"192071","toID":"192135","formEdgeID":null},{"edgeID":"235137","fromID":"192135","toID":"192130","formEdgeID":null},{"edgeID":"235138","fromID":"192135","toID":"192136","formEdgeID":null},{"edgeID":"235139","fromID":"192136","toID":"192134","formEdgeID":null},{"edgeID":"235140","fromID":"192138","toID":"192139","formEdgeID":null},{"edgeID":"235141","fromID":"192137","toID":"192138","formEdgeID":null},{"edgeID":"235142","fromID":"192142","toID":"192143","formEdgeID":null},{"edgeID":"235143","fromID":"192141","toID":"192142","formEdgeID":null},{"edgeID":"235144","fromID":"192146","toID":"192147","formEdgeID":null},{"edgeID":"235145","fromID":"192145","toID":"192146","formEdgeID":null},{"edgeID":"235146","fromID":"192143","toID":"192149","formEdgeID":null},{"edgeID":"235147","fromID":"192149","toID":"192147","formEdgeID":null},{"edgeID":"235148","fromID":"192139","toID":"192149","formEdgeID":null},{"edgeID":"235149","fromID":"192137","toID":"192150","formEdgeID":null},{"edgeID":"235150","fromID":"192150","toID":"192145","formEdgeID":null},{"edgeID":"235151","fromID":"192141","toID":"192150","formEdgeID":null},{"edgeID":"235152","fromID":"192150","toID":"192151","formEdgeID":null},{"edgeID":"235153","fromID":"192151","toID":"192149","formEdgeID":null},{"edgeID":"235154","fromID":"192147","toID":"192152","formEdgeID":null},{"edgeID":"235155","fromID":"192152","toID":"192073","formEdgeID":null},{"edgeID":"235156","fromID":"192071","toID":"192153","formEdgeID":null},{"edgeID":"235157","fromID":"192153","toID":"192145","formEdgeID":null},{"edgeID":"235158","fromID":"192153","toID":"192154","formEdgeID":null},{"edgeID":"235159","fromID":"192154","toID":"192152","formEdgeID":null},{"edgeID":"235160","fromID":"192156","toID":"192157","formEdgeID":null},{"edgeID":"235161","fromID":"192155","toID":"192156","formEdgeID":null},{"edgeID":"235162","fromID":"192160","toID":"192161","formEdgeID":null},{"edgeID":"235163","fromID":"192159","toID":"192160","formEdgeID":null},{"edgeID":"235164","fromID":"192164","toID":"192165","formEdgeID":null},{"edgeID":"235165","fromID":"192163","toID":"192164","formEdgeID":null},{"edgeID":"235166","fromID":"192168","toID":"192169","formEdgeID":null},{"edgeID":"235167","fromID":"192167","toID":"192168","formEdgeID":null},{"edgeID":"235168","fromID":"192161","toID":"192171","formEdgeID":null},{"edgeID":"235169","fromID":"192171","toID":"192169","formEdgeID":null},{"edgeID":"235170","fromID":"192159","toID":"192172","formEdgeID":null},{"edgeID":"235171","fromID":"192172","toID":"192167","formEdgeID":null},{"edgeID":"235172","fromID":"192172","toID":"192173","formEdgeID":null},{"edgeID":"235173","fromID":"192173","toID":"192171","formEdgeID":null},{"edgeID":"235174","fromID":"192161","toID":"192174","formEdgeID":null},{"edgeID":"235175","fromID":"192174","toID":"192157","formEdgeID":null},{"edgeID":"235176","fromID":"192165","toID":"192174","formEdgeID":null},{"edgeID":"235177","fromID":"192155","toID":"192175","formEdgeID":null},{"edgeID":"235178","fromID":"192175","toID":"192163","formEdgeID":null},{"edgeID":"235179","fromID":"192175","toID":"192159","formEdgeID":null},{"edgeID":"235180","fromID":"192175","toID":"192176","formEdgeID":null},{"edgeID":"235181","fromID":"192176","toID":"192174","formEdgeID":null},{"edgeID":"235182","fromID":"192071","toID":"192177","formEdgeID":null},{"edgeID":"235183","fromID":"192177","toID":"192155","formEdgeID":null},{"edgeID":"235184","fromID":"192157","toID":"192178","formEdgeID":null},{"edgeID":"235185","fromID":"192178","toID":"192073","formEdgeID":null},{"edgeID":"235186","fromID":"192177","toID":"192179","formEdgeID":null},{"edgeID":"235187","fromID":"192179","toID":"192178","formEdgeID":null},{"edgeID":"235188","fromID":"192181","toID":"192182","formEdgeID":null},{"edgeID":"235189","fromID":"192180","toID":"192181","formEdgeID":null},{"edgeID":"235190","fromID":"192167","toID":"192184","formEdgeID":null},{"edgeID":"235191","fromID":"192184","toID":"192180","formEdgeID":null},{"edgeID":"235192","fromID":"192165","toID":"192185","formEdgeID":null},{"edgeID":"235193","fromID":"192185","toID":"192143","formEdgeID":null},{"edgeID":"235194","fromID":"192141","toID":"192186","formEdgeID":null},{"edgeID":"235195","fromID":"192186","toID":"192163","formEdgeID":null},{"edgeID":"235196","fromID":"192186","toID":"192187","formEdgeID":null},{"edgeID":"235197","fromID":"192187","toID":"192185","formEdgeID":null},{"edgeID":"235198","fromID":"192161","toID":"192188","formEdgeID":null},{"edgeID":"235199","fromID":"192188","toID":"192139","formEdgeID":null},{"edgeID":"235200","fromID":"192137","toID":"192189","formEdgeID":null},{"edgeID":"235201","fromID":"192189","toID":"192159","formEdgeID":null},{"edgeID":"235202","fromID":"192189","toID":"192190","formEdgeID":null},{"edgeID":"235203","fromID":"192190","toID":"192188","formEdgeID":null},{"edgeID":"235204","fromID":"192192","toID":"192193","formEdgeID":null},{"edgeID":"235205","fromID":"192191","toID":"192192","formEdgeID":null},{"edgeID":"235206","fromID":"192193","toID":"192195","formEdgeID":null},{"edgeID":"235207","fromID":"192195","toID":"192088","formEdgeID":null},{"edgeID":"235208","fromID":"192086","toID":"192196","formEdgeID":null},{"edgeID":"235209","fromID":"192196","toID":"192191","formEdgeID":null},{"edgeID":"235210","fromID":"192196","toID":"192197","formEdgeID":null},{"edgeID":"235211","fromID":"192197","toID":"192195","formEdgeID":null},{"edgeID":"235212","fromID":"192199","toID":"192200","formEdgeID":null},{"edgeID":"235213","fromID":"192198","toID":"192199","formEdgeID":null},{"edgeID":"235214","fromID":"192203","toID":"192204","formEdgeID":null},{"edgeID":"235215","fromID":"192202","toID":"192203","formEdgeID":null},{"edgeID":"235216","fromID":"192191","toID":"192206","formEdgeID":null},{"edgeID":"235217","fromID":"192206","toID":"192198","formEdgeID":null},{"edgeID":"235218","fromID":"192198","toID":"192207","formEdgeID":null},{"edgeID":"235219","fromID":"192207","toID":"192202","formEdgeID":null},{"edgeID":"235220","fromID":"192204","toID":"192208","formEdgeID":null},{"edgeID":"235221","fromID":"192208","toID":"192200","formEdgeID":null},{"edgeID":"235222","fromID":"192207","toID":"192209","formEdgeID":null},{"edgeID":"235223","fromID":"192209","toID":"192208","formEdgeID":null}],"locutions":[]}