{"nodes":[{"nodeID":"197514","text":"RandizzleDee : Eli5 Clinton Benghazi scandal","type":"L","timestamp":"2016-09-01 12:29:35"},{"nodeID":"197515","text":"Directive Questioning","type":"YA","timestamp":"2016-09-01 12:29:35","scheme":"Directive Questioning","schemeID":"147"},{"nodeID":"197516","text":"explain to me like I'm 5: Clinton Benghazi scandal","type":"I","timestamp":"2016-09-01 12:29:35"},{"nodeID":"197517","text":"Barbara: RandizzleDee : Eli5 Clinton Benghazi scandal","type":"L","timestamp":"2016-09-01 12:29:35"},{"nodeID":"197518","text":"exitpursuedbybear : Derp herp derp herp","type":"L","timestamp":"2016-09-01 12:29:35"},{"nodeID":"197519","text":"Asserting","type":"YA","timestamp":"2016-09-01 12:29:36","scheme":"Asserting","schemeID":"74"},{"nodeID":"197520","text":"derp herp derp herp","type":"I","timestamp":"2016-09-01 12:29:36"},{"nodeID":"197521","text":"Barbara: exitpursuedbybear : Derp herp derp herp","type":"L","timestamp":"2016-09-01 12:29:36"},{"nodeID":"197522","text":"Default Transition","type":"TA","timestamp":"2016-09-01 12:29:36","scheme":"Default Transition","schemeID":"82"},{"nodeID":"197523","text":"Xelnastoss : Terror attack on embassy in middle east","type":"L","timestamp":"2016-09-01 12:29:36"},{"nodeID":"197524","text":"Asserting","type":"YA","timestamp":"2016-09-01 12:29:36","scheme":"Asserting","schemeID":"74"},{"nodeID":"197525","text":"terror attack on embassy in middle east","type":"I","timestamp":"2016-09-01 12:29:36"},{"nodeID":"197526","text":"Barbara: Xelnastoss : Terror attack on embassy in middle east","type":"L","timestamp":"2016-09-01 12:29:36"},{"nodeID":"197527","text":"Xelnastoss : hillary was secretary of state","type":"L","timestamp":"2016-09-01 12:29:36"},{"nodeID":"197528","text":"Asserting","type":"YA","timestamp":"2016-09-01 12:29:36","scheme":"Asserting","schemeID":"74"},{"nodeID":"197529","text":"Hillary Clinton was secretary of state","type":"I","timestamp":"2016-09-01 12:29:36"},{"nodeID":"197530","text":"Barbara: Xelnastoss : hillary was secretary of state","type":"L","timestamp":"2016-09-01 12:29:37"},{"nodeID":"197531","text":"Xelnastoss : possibly knew about it","type":"L","timestamp":"2016-09-01 12:29:37"},{"nodeID":"197532","text":"Asserting","type":"YA","timestamp":"2016-09-01 12:29:37","scheme":"Asserting","schemeID":"74"},{"nodeID":"197533","text":"Hillary Clinton possibly knew about Benghazi atack","type":"I","timestamp":"2016-09-01 12:29:37"},{"nodeID":"197534","text":"Barbara: Xelnastoss : possibly knew about it","type":"L","timestamp":"2016-09-01 12:29:37"},{"nodeID":"197535","text":"Xelnastoss :  lied and said it wasn't terror","type":"L","timestamp":"2016-09-01 12:29:37"},{"nodeID":"197536","text":"Asserting","type":"YA","timestamp":"2016-09-01 12:29:37","scheme":"Asserting","schemeID":"74"},{"nodeID":"197537","text":"Hillary Clinton lied and said it wasn't terror","type":"I","timestamp":"2016-09-01 12:29:37"},{"nodeID":"197538","text":"Barbara: Xelnastoss :  lied and said it wasn't terror","type":"L","timestamp":"2016-09-01 12:29:37"},{"nodeID":"197539","text":"Xelnastoss : lied to say it is now no one knows","type":"L","timestamp":"2016-09-01 12:29:37"},{"nodeID":"197540","text":"Asserting","type":"YA","timestamp":"2016-09-01 12:29:37","scheme":"Asserting","schemeID":"74"},{"nodeID":"197541","text":"Hillary Clinton lied to say it is now no one knows","type":"I","timestamp":"2016-09-01 12:29:37"},{"nodeID":"197542","text":"Barbara: Xelnastoss : lied to say it is now no one knows","type":"L","timestamp":"2016-09-01 12:29:38"},{"nodeID":"197543","text":"Xelnastoss : turns out the committee to figure out what happens only goal was to hurt hillary","type":"L","timestamp":"2016-09-01 12:29:38"},{"nodeID":"197544","text":"Asserting","type":"YA","timestamp":"2016-09-01 12:29:38","scheme":"Asserting","schemeID":"74"},{"nodeID":"197545","text":"turns out the committee to figure out what happened in Benghazi only goal was to hurt Hillary Clinton","type":"I","timestamp":"2016-09-01 12:29:38"},{"nodeID":"197546","text":"Barbara: Xelnastoss : turns out the committee to figure out what happens only goal was to hurt hillary","type":"L","timestamp":"2016-09-01 12:29:38"},{"nodeID":"197547","text":"Xelnastoss : ironically knowing that","type":"L","timestamp":"2016-09-01 12:29:38"},{"nodeID":"197548","text":"Asserting","type":"YA","timestamp":"2016-09-01 12:29:38","scheme":"Asserting","schemeID":"74"},{"nodeID":"197549","text":"the public knows that the only goal of the Benghazi committee was to hurt Hillary Clinton","type":"I","timestamp":"2016-09-01 12:29:38"},{"nodeID":"197550","text":"Barbara: Xelnastoss : ironically knowing that","type":"L","timestamp":"2016-09-01 12:29:38"},{"nodeID":"197551","text":"Xelnastoss : makes her stronger","type":"L","timestamp":"2016-09-01 12:29:38"},{"nodeID":"197552","text":"Asserting","type":"YA","timestamp":"2016-09-01 12:29:38","scheme":"Asserting","schemeID":"74"},{"nodeID":"197553","text":"Hillary Clinton is stronger","type":"I","timestamp":"2016-09-01 12:29:39"},{"nodeID":"197554","text":"Barbara: Xelnastoss : makes her stronger","type":"L","timestamp":"2016-09-01 12:29:39"},{"nodeID":"197555","text":"Default Inference","type":"RA","timestamp":"2016-09-01 12:29:39","scheme":"Default Inference","schemeID":"72"},{"nodeID":"197556","text":"Default Transition","type":"TA","timestamp":"2016-09-01 12:29:39","scheme":"Default Transition","schemeID":"82"},{"nodeID":"197557","text":"Arguing","type":"YA","timestamp":"2016-09-01 12:29:39","scheme":"Arguing","schemeID":"80"},{"nodeID":"197558","text":"Default Rephrase","type":"MA","timestamp":"2016-09-01 12:29:39","scheme":"Default Rephrase","schemeID":"144"},{"nodeID":"197559","text":"Default Transition","type":"TA","timestamp":"2016-09-01 12:29:39","scheme":"Default Transition","schemeID":"82"},{"nodeID":"197560","text":"Default Illocuting","type":"YA","timestamp":"2016-09-01 12:29:39","scheme":"Default Illocuting","schemeID":"168"},{"nodeID":"197561","text":"Default Inference","type":"RA","timestamp":"2016-09-01 12:29:39","scheme":"Default Inference","schemeID":"72"},{"nodeID":"197562","text":"Default Transition","type":"TA","timestamp":"2016-09-01 12:29:39","scheme":"Default Transition","schemeID":"82"},{"nodeID":"197563","text":"Arguing","type":"YA","timestamp":"2016-09-01 12:29:39","scheme":"Arguing","schemeID":"80"},{"nodeID":"197564","text":"Default Transition","type":"TA","timestamp":"2016-09-01 12:29:40","scheme":"Default Transition","schemeID":"82"},{"nodeID":"197565","text":"Default Transition","type":"TA","timestamp":"2016-09-01 12:29:40","scheme":"Default Transition","schemeID":"82"},{"nodeID":"197566","text":"Default Transition","type":"TA","timestamp":"2016-09-01 12:29:40","scheme":"Default Transition","schemeID":"82"},{"nodeID":"197567","text":"Default Transition","type":"TA","timestamp":"2016-09-01 12:29:40","scheme":"Default Transition","schemeID":"82"},{"nodeID":"197568","text":"RandizzleDee : Thanks for the response","type":"L","timestamp":"2016-09-01 12:29:40"},{"nodeID":"197569","text":"Asserting","type":"YA","timestamp":"2016-09-01 12:29:40","scheme":"Asserting","schemeID":"74"},{"nodeID":"197570","text":"Thanks for the response","type":"I","timestamp":"2016-09-01 12:29:40"},{"nodeID":"197571","text":"Barbara: RandizzleDee : Thanks for the response","type":"L","timestamp":"2016-09-01 12:29:40"},{"nodeID":"197572","text":"Default Transition","type":"TA","timestamp":"2016-09-01 12:29:40","scheme":"Default Transition","schemeID":"82"},{"nodeID":"197573","text":"RandizzleDee : if she did lie","type":"L","timestamp":"2016-09-01 12:29:40"},{"nodeID":"197574","text":"Assertive Challenging","type":"YA","timestamp":"2016-09-01 12:29:40","scheme":"AssertiveChallenging","schemeID":"87"},{"nodeID":"197575","text":"Hillary Clinton did lie","type":"I","timestamp":"2016-09-01 12:29:40"},{"nodeID":"197576","text":"Barbara: RandizzleDee : if she did lie","type":"L","timestamp":"2016-09-01 12:29:41"},{"nodeID":"197577","text":"RandizzleDee : what reasons are people giving to show that she benefited from lying","type":"L","timestamp":"2016-09-01 12:29:41"},{"nodeID":"197578","text":"Assertive Challenging","type":"YA","timestamp":"2016-09-01 12:29:41","scheme":"AssertiveChallenging","schemeID":"87"},{"nodeID":"197579","text":"what reasons are people giving to show that Hillary Clinton benefited from lying","type":"I","timestamp":"2016-09-01 12:29:41"},{"nodeID":"197580","text":"Barbara: RandizzleDee : what reasons are people giving to show that she benefited from lying","type":"L","timestamp":"2016-09-01 12:29:41"},{"nodeID":"197581","text":"Default Transition","type":"TA","timestamp":"2016-09-01 12:29:41","scheme":"Default Transition","schemeID":"82"},{"nodeID":"197582","text":"Xelnastoss : she lied about the attack for a long period of time","type":"L","timestamp":"2016-09-01 12:29:41"},{"nodeID":"197583","text":"Asserting","type":"YA","timestamp":"2016-09-01 12:29:41","scheme":"Asserting","schemeID":"74"},{"nodeID":"197584","text":"Hillary Clinton lied about the attack for a long period of time","type":"I","timestamp":"2016-09-01 12:29:41"},{"nodeID":"197585","text":"Barbara: Xelnastoss : she lied about the attack for a long period of time","type":"L","timestamp":"2016-09-01 12:29:41"},{"nodeID":"197586","text":"Xelnastoss : withheld information from the Senate","type":"L","timestamp":"2016-09-01 12:29:41"},{"nodeID":"197587","text":"Asserting","type":"YA","timestamp":"2016-09-01 12:29:42","scheme":"Asserting","schemeID":"74"},{"nodeID":"197588","text":"Hillary Clinton withheld information from the Senate","type":"I","timestamp":"2016-09-01 12:29:42"},{"nodeID":"197589","text":"Barbara: Xelnastoss : withheld information from the Senate","type":"L","timestamp":"2016-09-01 12:29:42"},{"nodeID":"197590","text":"Xelnastoss : it's a bit of a convoluted issue","type":"L","timestamp":"2016-09-01 12:29:42"},{"nodeID":"197591","text":"Asserting","type":"YA","timestamp":"2016-09-01 12:29:42","scheme":"Asserting","schemeID":"74"},{"nodeID":"197592","text":"Benghazi attack is a bit of a convoluted issue","type":"I","timestamp":"2016-09-01 12:29:42"},{"nodeID":"197593","text":"Barbara: Xelnastoss : it's a bit of a convoluted issue","type":"L","timestamp":"2016-09-01 12:29:42"},{"nodeID":"197594","text":"Xelnastoss : the main attack is she must hate our troops for lying about it","type":"L","timestamp":"2016-09-01 12:29:42"},{"nodeID":"197595","text":"Asserting","type":"YA","timestamp":"2016-09-01 12:29:42","scheme":"Asserting","schemeID":"74"},{"nodeID":"197596","text":"the main attack is: Hillary Clinton must hate our troops for lying about it","type":"I","timestamp":"2016-09-01 12:29:42"},{"nodeID":"197597","text":"Barbara: Xelnastoss : the main attack is she must hate our troops for lying about it","type":"L","timestamp":"2016-09-01 12:29:42"},{"nodeID":"197598","text":"Xelnastoss : they could of buffed security","type":"L","timestamp":"2016-09-01 12:29:42"},{"nodeID":"197599","text":"Asserting","type":"YA","timestamp":"2016-09-01 12:29:43","scheme":"Asserting","schemeID":"74"},{"nodeID":"197600","text":"troops could of buffed security","type":"I","timestamp":"2016-09-01 12:29:43"},{"nodeID":"197601","text":"Barbara: Xelnastoss : they could of buffed security","type":"L","timestamp":"2016-09-01 12:29:43"},{"nodeID":"197602","text":"Default Inference","type":"RA","timestamp":"2016-09-01 12:29:43","scheme":"Default Inference","schemeID":"72"},{"nodeID":"197603","text":"Default Transition","type":"TA","timestamp":"2016-09-01 12:29:43","scheme":"Default Transition","schemeID":"82"},{"nodeID":"197604","text":"Arguing","type":"YA","timestamp":"2016-09-01 12:29:43","scheme":"Arguing","schemeID":"80"},{"nodeID":"197605","text":"Xelnastoss : hit reddit a bit","type":"L","timestamp":"2016-09-01 12:29:43"},{"nodeID":"197606","text":"Asserting","type":"YA","timestamp":"2016-09-01 12:29:43","scheme":"Asserting","schemeID":"74"},{"nodeID":"197607","text":"Benghazi scandal hit reddit a bit","type":"I","timestamp":"2016-09-01 12:29:43"},{"nodeID":"197608","text":"Barbara: Xelnastoss : hit reddit a bit","type":"L","timestamp":"2016-09-01 12:29:43"},{"nodeID":"197609","text":"Xelnastoss :  the ambassador turned out to be a guy in the eve corporation on reddit","type":"L","timestamp":"2016-09-01 12:29:43"},{"nodeID":"197610","text":"Asserting","type":"YA","timestamp":"2016-09-01 12:29:44","scheme":"Asserting","schemeID":"74"},{"nodeID":"197611","text":"the ambassador turned out to be a guy in the eve corporation on reddit","type":"I","timestamp":"2016-09-01 12:29:44"},{"nodeID":"197612","text":"Barbara: Xelnastoss :  the ambassador turned out to be a guy in the eve corporation on reddit","type":"L","timestamp":"2016-09-01 12:29:44"},{"nodeID":"197613","text":"Default Inference","type":"RA","timestamp":"2016-09-01 12:29:44","scheme":"Default Inference","schemeID":"72"},{"nodeID":"197614","text":"Default Transition","type":"TA","timestamp":"2016-09-01 12:29:44","scheme":"Default Transition","schemeID":"82"},{"nodeID":"197615","text":"Arguing","type":"YA","timestamp":"2016-09-01 12:29:44","scheme":"Arguing","schemeID":"80"},{"nodeID":"197616","text":"Default Transition","type":"TA","timestamp":"2016-09-01 12:29:44","scheme":"Default Transition","schemeID":"82"},{"nodeID":"197617","text":"Default Transition","type":"TA","timestamp":"2016-09-01 12:29:44","scheme":"Default Transition","schemeID":"82"},{"nodeID":"197618","text":"Default Transition","type":"TA","timestamp":"2016-09-01 12:29:44","scheme":"Default Transition","schemeID":"82"},{"nodeID":"197619","text":"Default Transition","type":"TA","timestamp":"2016-09-01 12:29:44","scheme":"Default Transition","schemeID":"82"},{"nodeID":"197620","text":"Default Inference","type":"RA","timestamp":"2016-09-01 12:29:44","scheme":"Default Inference","schemeID":"72"},{"nodeID":"197621","text":"Default Transition","type":"TA","timestamp":"2016-09-01 12:29:45","scheme":"Default Transition","schemeID":"82"},{"nodeID":"197622","text":"Arguing","type":"YA","timestamp":"2016-09-01 12:29:45","scheme":"Arguing","schemeID":"80"},{"nodeID":"197623","text":"Default Transition","type":"TA","timestamp":"2016-09-01 12:29:45","scheme":"Default Transition","schemeID":"82"}],"edges":[{"edgeID":"241932","fromID":"197515","toID":"197516","formEdgeID":null},{"edgeID":"241933","fromID":"197514","toID":"197515","formEdgeID":null},{"edgeID":"241934","fromID":"197519","toID":"197520","formEdgeID":null},{"edgeID":"241935","fromID":"197518","toID":"197519","formEdgeID":null},{"edgeID":"241936","fromID":"197514","toID":"197522","formEdgeID":null},{"edgeID":"241937","fromID":"197522","toID":"197518","formEdgeID":null},{"edgeID":"241938","fromID":"197524","toID":"197525","formEdgeID":null},{"edgeID":"241939","fromID":"197523","toID":"197524","formEdgeID":null},{"edgeID":"241940","fromID":"197528","toID":"197529","formEdgeID":null},{"edgeID":"241941","fromID":"197527","toID":"197528","formEdgeID":null},{"edgeID":"241942","fromID":"197532","toID":"197533","formEdgeID":null},{"edgeID":"241943","fromID":"197531","toID":"197532","formEdgeID":null},{"edgeID":"241944","fromID":"197536","toID":"197537","formEdgeID":null},{"edgeID":"241945","fromID":"197535","toID":"197536","formEdgeID":null},{"edgeID":"241946","fromID":"197540","toID":"197541","formEdgeID":null},{"edgeID":"241947","fromID":"197539","toID":"197540","formEdgeID":null},{"edgeID":"241948","fromID":"197544","toID":"197545","formEdgeID":null},{"edgeID":"241949","fromID":"197543","toID":"197544","formEdgeID":null},{"edgeID":"241950","fromID":"197548","toID":"197549","formEdgeID":null},{"edgeID":"241951","fromID":"197547","toID":"197548","formEdgeID":null},{"edgeID":"241952","fromID":"197552","toID":"197553","formEdgeID":null},{"edgeID":"241953","fromID":"197551","toID":"197552","formEdgeID":null},{"edgeID":"241954","fromID":"197545","toID":"197555","formEdgeID":null},{"edgeID":"241955","fromID":"197555","toID":"197553","formEdgeID":null},{"edgeID":"241956","fromID":"197549","toID":"197555","formEdgeID":null},{"edgeID":"241957","fromID":"197543","toID":"197556","formEdgeID":null},{"edgeID":"241958","fromID":"197556","toID":"197551","formEdgeID":null},{"edgeID":"241959","fromID":"197556","toID":"197557","formEdgeID":null},{"edgeID":"241960","fromID":"197557","toID":"197555","formEdgeID":null},{"edgeID":"241961","fromID":"197525","toID":"197558","formEdgeID":null},{"edgeID":"241962","fromID":"197558","toID":"197516","formEdgeID":null},{"edgeID":"241963","fromID":"197514","toID":"197559","formEdgeID":null},{"edgeID":"241964","fromID":"197559","toID":"197523","formEdgeID":null},{"edgeID":"241965","fromID":"197559","toID":"197560","formEdgeID":null},{"edgeID":"241966","fromID":"197560","toID":"197558","formEdgeID":null},{"edgeID":"241967","fromID":"197529","toID":"197561","formEdgeID":null},{"edgeID":"241968","fromID":"197561","toID":"197533","formEdgeID":null},{"edgeID":"241969","fromID":"197527","toID":"197562","formEdgeID":null},{"edgeID":"241970","fromID":"197562","toID":"197531","formEdgeID":null},{"edgeID":"241971","fromID":"197562","toID":"197563","formEdgeID":null},{"edgeID":"241972","fromID":"197563","toID":"197561","formEdgeID":null},{"edgeID":"241973","fromID":"197523","toID":"197564","formEdgeID":null},{"edgeID":"241974","fromID":"197564","toID":"197527","formEdgeID":null},{"edgeID":"241975","fromID":"197531","toID":"197565","formEdgeID":null},{"edgeID":"241976","fromID":"197565","toID":"197535","formEdgeID":null},{"edgeID":"241977","fromID":"197535","toID":"197566","formEdgeID":null},{"edgeID":"241978","fromID":"197566","toID":"197539","formEdgeID":null},{"edgeID":"241979","fromID":"197539","toID":"197567","formEdgeID":null},{"edgeID":"241980","fromID":"197567","toID":"197543","formEdgeID":null},{"edgeID":"241981","fromID":"197569","toID":"197570","formEdgeID":null},{"edgeID":"241982","fromID":"197568","toID":"197569","formEdgeID":null},{"edgeID":"241983","fromID":"197551","toID":"197572","formEdgeID":null},{"edgeID":"241984","fromID":"197572","toID":"197568","formEdgeID":null},{"edgeID":"241985","fromID":"197574","toID":"197575","formEdgeID":null},{"edgeID":"241986","fromID":"197573","toID":"197574","formEdgeID":null},{"edgeID":"241987","fromID":"197578","toID":"197579","formEdgeID":null},{"edgeID":"241988","fromID":"197577","toID":"197578","formEdgeID":null},{"edgeID":"241989","fromID":"197551","toID":"197581","formEdgeID":null},{"edgeID":"241990","fromID":"197581","toID":"197577","formEdgeID":null},{"edgeID":"241991","fromID":"197583","toID":"197584","formEdgeID":null},{"edgeID":"241992","fromID":"197582","toID":"197583","formEdgeID":null},{"edgeID":"241993","fromID":"197587","toID":"197588","formEdgeID":null},{"edgeID":"241994","fromID":"197586","toID":"197587","formEdgeID":null},{"edgeID":"241995","fromID":"197591","toID":"197592","formEdgeID":null},{"edgeID":"241996","fromID":"197590","toID":"197591","formEdgeID":null},{"edgeID":"241997","fromID":"197595","toID":"197596","formEdgeID":null},{"edgeID":"241998","fromID":"197594","toID":"197595","formEdgeID":null},{"edgeID":"241999","fromID":"197599","toID":"197600","formEdgeID":null},{"edgeID":"242000","fromID":"197598","toID":"197599","formEdgeID":null},{"edgeID":"242001","fromID":"197600","toID":"197602","formEdgeID":null},{"edgeID":"242002","fromID":"197602","toID":"197596","formEdgeID":null},{"edgeID":"242003","fromID":"197594","toID":"197603","formEdgeID":null},{"edgeID":"242004","fromID":"197603","toID":"197598","formEdgeID":null},{"edgeID":"242005","fromID":"197603","toID":"197604","formEdgeID":null},{"edgeID":"242006","fromID":"197604","toID":"197602","formEdgeID":null},{"edgeID":"242007","fromID":"197606","toID":"197607","formEdgeID":null},{"edgeID":"242008","fromID":"197605","toID":"197606","formEdgeID":null},{"edgeID":"242009","fromID":"197610","toID":"197611","formEdgeID":null},{"edgeID":"242010","fromID":"197609","toID":"197610","formEdgeID":null},{"edgeID":"242011","fromID":"197611","toID":"197613","formEdgeID":null},{"edgeID":"242012","fromID":"197613","toID":"197607","formEdgeID":null},{"edgeID":"242013","fromID":"197605","toID":"197614","formEdgeID":null},{"edgeID":"242014","fromID":"197614","toID":"197609","formEdgeID":null},{"edgeID":"242015","fromID":"197614","toID":"197615","formEdgeID":null},{"edgeID":"242016","fromID":"197615","toID":"197613","formEdgeID":null},{"edgeID":"242017","fromID":"197598","toID":"197616","formEdgeID":null},{"edgeID":"242018","fromID":"197616","toID":"197605","formEdgeID":null},{"edgeID":"242019","fromID":"197590","toID":"197617","formEdgeID":null},{"edgeID":"242020","fromID":"197617","toID":"197594","formEdgeID":null},{"edgeID":"242021","fromID":"197586","toID":"197618","formEdgeID":null},{"edgeID":"242022","fromID":"197618","toID":"197590","formEdgeID":null},{"edgeID":"242023","fromID":"197539","toID":"197619","formEdgeID":null},{"edgeID":"242024","fromID":"197619","toID":"197573","formEdgeID":null},{"edgeID":"242025","fromID":"197588","toID":"197620","formEdgeID":null},{"edgeID":"242026","fromID":"197620","toID":"197584","formEdgeID":null},{"edgeID":"242027","fromID":"197582","toID":"197621","formEdgeID":null},{"edgeID":"242028","fromID":"197621","toID":"197586","formEdgeID":null},{"edgeID":"242029","fromID":"197621","toID":"197622","formEdgeID":null},{"edgeID":"242030","fromID":"197622","toID":"197620","formEdgeID":null},{"edgeID":"242031","fromID":"197577","toID":"197623","formEdgeID":null},{"edgeID":"242032","fromID":"197623","toID":"197582","formEdgeID":null}],"locutions":[]}