{"nodes":[{"nodeID":"200434","text":"JohnStamosBRAH : Did Bernie say cost of college today is the cost of high school years ago","type":"L","timestamp":"2016-09-20 16:47:47"},{"nodeID":"200435","text":"cost of college today is the cost of high school years ago","type":"I","timestamp":"2016-09-20 16:47:47"},{"nodeID":"200436","text":"Barbara: JohnStamosBRAH : Did Bernie say cost of college today is the cost of high school years ago","type":"L","timestamp":"2016-09-20 16:47:47"},{"nodeID":"200437","text":"JohnStamosBRAH : What does that mean","type":"L","timestamp":"2016-09-20 16:47:47"},{"nodeID":"200438","text":"Pure Questioning","type":"YA","timestamp":"2016-09-20 16:47:47","scheme":"PureQuestioning","schemeID":"91"},{"nodeID":"200439","text":"what Sanders said means xxx","type":"I","timestamp":"2016-09-20 16:47:47"},{"nodeID":"200440","text":"Barbara: JohnStamosBRAH : What does that mean","type":"L","timestamp":"2016-09-20 16:47:47"},{"nodeID":"200441","text":"JohnStamosBRAH : E: got it folks, thank you","type":"L","timestamp":"2016-09-20 16:47:47"},{"nodeID":"200442","text":"Asserting","type":"YA","timestamp":"2016-09-20 16:47:47","scheme":"Asserting","schemeID":"74"},{"nodeID":"200443","text":"Edit: got it folks, thank you","type":"I","timestamp":"2016-09-20 16:47:47"},{"nodeID":"200444","text":"Barbara: JohnStamosBRAH : E: got it folks, thank you","type":"L","timestamp":"2016-09-20 16:47:48"},{"nodeID":"200445","text":"jackruby83 : Not the cost, but kind of \"experience equivalent\"","type":"L","timestamp":"2016-09-20 16:47:48"},{"nodeID":"200446","text":"Asserting","type":"YA","timestamp":"2016-09-20 16:47:48","scheme":"Asserting","schemeID":"74"},{"nodeID":"200447","text":"not the cost, but kind of \"experience equivalent\"","type":"I","timestamp":"2016-09-20 16:47:48"},{"nodeID":"200448","text":"Barbara: jackruby83 : Not the cost, but kind of \"experience equivalent\"","type":"L","timestamp":"2016-09-20 16:47:48"},{"nodeID":"200449","text":"Default Rephrase","type":"MA","timestamp":"2016-09-20 16:47:48","scheme":"Default Rephrase","schemeID":"144"},{"nodeID":"200450","text":"Default Transition","type":"TA","timestamp":"2016-09-20 16:47:48","scheme":"Default Transition","schemeID":"82"},{"nodeID":"200451","text":"Default Illocuting","type":"YA","timestamp":"2016-09-20 16:47:48","scheme":"Default Illocuting","schemeID":"168"},{"nodeID":"200452","text":"Default Transition","type":"TA","timestamp":"2016-09-20 16:47:48","scheme":"Default Transition","schemeID":"82"},{"nodeID":"200453","text":"exitpursuedbybear : he means it's equivalent worth","type":"L","timestamp":"2016-09-20 16:47:48"},{"nodeID":"200454","text":"Asserting","type":"YA","timestamp":"2016-09-20 16:47:49","scheme":"Asserting","schemeID":"74"},{"nodeID":"200455","text":"Bernie Sanders means college is equivalent worth of high school","type":"I","timestamp":"2016-09-20 16:47:49"},{"nodeID":"200456","text":"Barbara: exitpursuedbybear : he means it's equivalent worth","type":"L","timestamp":"2016-09-20 16:47:49"},{"nodeID":"200457","text":"Default Rephrase","type":"MA","timestamp":"2016-09-20 16:47:49","scheme":"Default Rephrase","schemeID":"144"},{"nodeID":"200458","text":"Default Transition","type":"TA","timestamp":"2016-09-20 16:47:49","scheme":"Default Transition","schemeID":"82"},{"nodeID":"200459","text":"Default Illocuting","type":"YA","timestamp":"2016-09-20 16:47:49","scheme":"Default Illocuting","schemeID":"168"},{"nodeID":"200460","text":"craponyourdeskdawg : He means everyone should be able to go to college","type":"L","timestamp":"2016-09-20 16:47:49"},{"nodeID":"200461","text":"Asserting","type":"YA","timestamp":"2016-09-20 16:47:49","scheme":"Asserting","schemeID":"74"},{"nodeID":"200462","text":"Sanders means everyone should be able to go to college","type":"I","timestamp":"2016-09-20 16:47:49"},{"nodeID":"200463","text":"Barbara: craponyourdeskdawg : He means everyone should be able to go to college","type":"L","timestamp":"2016-09-20 16:47:49"},{"nodeID":"200464","text":"Default Rephrase","type":"MA","timestamp":"2016-09-20 16:47:49","scheme":"Default Rephrase","schemeID":"144"},{"nodeID":"200465","text":"Default Transition","type":"TA","timestamp":"2016-09-20 16:47:50","scheme":"Default Transition","schemeID":"82"},{"nodeID":"200466","text":"Default Illocuting","type":"YA","timestamp":"2016-09-20 16:47:50","scheme":"Default Illocuting","schemeID":"168"},{"nodeID":"200467","text":"cyberslick188 :  he meant value","type":"L","timestamp":"2016-09-20 16:47:50"},{"nodeID":"200468","text":"Asserting","type":"YA","timestamp":"2016-09-20 16:47:50","scheme":"Asserting","schemeID":"74"},{"nodeID":"200469","text":"Bernie Sanders meant value","type":"I","timestamp":"2016-09-20 16:47:50"},{"nodeID":"200470","text":"Barbara: cyberslick188 :  he meant value","type":"L","timestamp":"2016-09-20 16:47:50"},{"nodeID":"200471","text":"Default Rephrase","type":"MA","timestamp":"2016-09-20 16:47:50","scheme":"Default Rephrase","schemeID":"144"},{"nodeID":"200472","text":"Default Transition","type":"TA","timestamp":"2016-09-20 16:47:50","scheme":"Default Transition","schemeID":"82"},{"nodeID":"200473","text":"Default Illocuting","type":"YA","timestamp":"2016-09-20 16:47:50","scheme":"Default Illocuting","schemeID":"168"},{"nodeID":"200474","text":"executivemonkey : He said that a college degree today provides the same opportunities as a high school degree did 50 years ago","type":"L","timestamp":"2016-09-20 16:47:50"},{"nodeID":"200475","text":"a college degree today provides the same opportunities as a high school degree did 50 years ago","type":"I","timestamp":"2016-09-20 16:47:51"},{"nodeID":"200476","text":"Barbara: executivemonkey : He said that a college degree today provides the same opportunities as a high school degree did 50 years ago","type":"L","timestamp":"2016-09-20 16:47:51"},{"nodeID":"200477","text":"Bernie : cost of college today is the cost of high school years ago","type":"L","timestamp":"2016-09-20 16:47:51"},{"nodeID":"200478","text":"Barbara: Bernie : Bernie Sanders says cost of college today is the cost of high school years ago","type":"L","timestamp":"2016-09-20 16:47:51"},{"nodeID":"200479","text":"Assertive Questioning","type":"YA","timestamp":"2016-09-20 16:47:52","scheme":"AssertiveQuestioning","schemeID":"73"},{"nodeID":"200480","text":"Asserting","type":"YA","timestamp":"2016-09-20 16:47:52","scheme":"Asserting","schemeID":"74"},{"nodeID":"200481","text":"Asserting","type":"YA","timestamp":"2016-09-20 16:47:52","scheme":"Asserting","schemeID":"74"},{"nodeID":"200482","text":"Bernie : a college degree today provides the same opportunities as a high school degree did 50 years ago","type":"L","timestamp":"2016-09-20 16:47:52"},{"nodeID":"200483","text":"Barbara: Bernie : Bernie Sanders said that a college degree today provides the same opportunities as a high school degree did 50 years ago","type":"L","timestamp":"2016-09-20 16:47:52"},{"nodeID":"200484","text":"Asserting","type":"YA","timestamp":"2016-09-20 16:47:52","scheme":"Asserting","schemeID":"74"},{"nodeID":"200485","text":"Default Conflict","type":"CA","timestamp":"2016-09-20 16:47:52","scheme":"Default Conflict","schemeID":"71"},{"nodeID":"200486","text":"Default Transition","type":"TA","timestamp":"2016-09-20 16:47:53","scheme":"Default Transition","schemeID":"82"},{"nodeID":"200487","text":"Disagreeing","type":"YA","timestamp":"2016-09-20 16:47:53","scheme":"Disagreeing","schemeID":"78"},{"nodeID":"200488","text":"Barbara: executivemonkey :  he said College today is the equivalent of high school 50 years ago","type":"L","timestamp":"2016-09-20 16:47:53"},{"nodeID":"200489","text":"Barbara: Bernie :  he said College today is the equivalent of high school 50 years ago","type":"L","timestamp":"2016-09-20 16:47:53"},{"nodeID":"200490","text":"50 years ago finishing high was seen as the standard of education and was somewhat \"expected\" of people","type":"L","timestamp":"2016-09-20 16:47:53"},{"nodeID":"200491","text":"Bashnek : he said College today is the equivalent of high school 50 years ago","type":"L","timestamp":"2016-09-20 16:47:53"},{"nodeID":"200492","text":"College today is the equivalent of high school 50 years ago","type":"I","timestamp":"2016-09-20 16:47:53"},{"nodeID":"200493","text":"Barbara: Bashnek : he said College today is the equivalent of high school 50 years ago","type":"L","timestamp":"2016-09-20 16:47:53"},{"nodeID":"200494","text":"Asserting","type":"YA","timestamp":"2016-09-20 16:47:53","scheme":"Asserting","schemeID":"74"},{"nodeID":"200495","text":"Bernie : College today is the equivalent of high school 50 years ago","type":"L","timestamp":"2016-09-20 16:47:53"},{"nodeID":"200496","text":"Barbara: Bernie : he said College today is the equivalent of high school 50 years ago","type":"L","timestamp":"2016-09-20 16:47:53"},{"nodeID":"200497","text":"Asserting","type":"YA","timestamp":"2016-09-20 16:47:54","scheme":"Asserting","schemeID":"74"},{"nodeID":"200498","text":"Default Transition","type":"TA","timestamp":"2016-09-20 16:47:54","scheme":"Default Transition","schemeID":"82"},{"nodeID":"200499","text":"Default Conflict","type":"CA","timestamp":"2016-09-20 16:47:54","scheme":"Default Conflict","schemeID":"71"},{"nodeID":"200500","text":"Disagreeing","type":"YA","timestamp":"2016-09-20 16:47:54","scheme":"Disagreeing","schemeID":"78"},{"nodeID":"200501","text":"Bashnek : 50 years ago finishing high was seen as the standard of education and was somewhat \"expected\" of people.","type":"L","timestamp":"2016-09-20 16:47:54"},{"nodeID":"200502","text":"Asserting","type":"YA","timestamp":"2016-09-20 16:47:54","scheme":"Asserting","schemeID":"74"},{"nodeID":"200503","text":"50 years ago finishing high was seen as the standard of education and was somewhat \"expected\" of people.","type":"I","timestamp":"2016-09-20 16:47:54"},{"nodeID":"200504","text":"Barbara: Bashnek : Bashnek","type":"L","timestamp":"2016-09-20 16:47:54"},{"nodeID":"200505","text":"Default Inference","type":"RA","timestamp":"2016-09-20 16:47:54","scheme":"Default Inference","schemeID":"72"},{"nodeID":"200506","text":"Default Transition","type":"TA","timestamp":"2016-09-20 16:47:54","scheme":"Default Transition","schemeID":"82"},{"nodeID":"200507","text":"Arguing","type":"YA","timestamp":"2016-09-20 16:47:55","scheme":"Arguing","schemeID":"80"},{"nodeID":"200508","text":"nowadays college is seen as that standard","type":"I","timestamp":"2016-09-20 16:47:55"},{"nodeID":"200509","text":"Asserting","type":"YA","timestamp":"2016-09-20 16:47:55","scheme":"Asserting","schemeID":"74"},{"nodeID":"200510","text":"Bashnek : Nowadays college is seen as that standard","type":"L","timestamp":"2016-09-20 16:47:55"},{"nodeID":"200511","text":"Barbara: Bashnek : Nowadays college is seen as that standard","type":"L","timestamp":"2016-09-20 16:47:55"},{"nodeID":"200512","text":"Sanders meant \"value\", not cost","type":"I","timestamp":"2016-09-20 16:47:55"},{"nodeID":"200513","text":"Asserting","type":"YA","timestamp":"2016-09-20 16:47:55","scheme":"Asserting","schemeID":"74"},{"nodeID":"200514","text":"yay_dinosaurs : he meant \"value\", not cost","type":"L","timestamp":"2016-09-20 16:47:55"},{"nodeID":"200515","text":"Barbara: yay_dinosaurs : he meant \"value\", not cost","type":"L","timestamp":"2016-09-20 16:47:55"},{"nodeID":"200516","text":"Default Rephrase","type":"MA","timestamp":"2016-09-20 16:47:55","scheme":"Default Rephrase","schemeID":"144"},{"nodeID":"200517","text":"Default Transition","type":"TA","timestamp":"2016-09-20 16:47:56","scheme":"Default Transition","schemeID":"82"},{"nodeID":"200518","text":"Default Illocuting","type":"YA","timestamp":"2016-09-20 16:47:56","scheme":"Default Illocuting","schemeID":"168"},{"nodeID":"200519","text":"a college degree is as important to your future today as the high school diploma was 50 years ago","type":"I","timestamp":"2016-09-20 16:47:56"},{"nodeID":"200520","text":"Asserting","type":"YA","timestamp":"2016-09-20 16:47:56","scheme":"Asserting","schemeID":"74"},{"nodeID":"200521","text":"Bernie : a college degree is as important to your future today as the high school diploma was 50 years ago","type":"L","timestamp":"2016-09-20 16:47:56"},{"nodeID":"200522","text":"Barbara: Bernie : He said that a college degree is as important to your future today as the high school diploma was 50 years ago","type":"L","timestamp":"2016-09-20 16:47:56"},{"nodeID":"200523","text":"Asserting","type":"YA","timestamp":"2016-09-20 16:47:56","scheme":"Asserting","schemeID":"74"},{"nodeID":"200524","text":"phaionix : He said that a college degree is as important to your future today as the high school diploma was 50 years ago","type":"L","timestamp":"2016-09-20 16:47:56"},{"nodeID":"200525","text":"Barbara: phaionix : Bernie : He said that a college degree is as important to your future today as the high school diploma was 50 years ago","type":"L","timestamp":"2016-09-20 16:47:56"},{"nodeID":"200526","text":"Default Conflict","type":"CA","timestamp":"2016-09-20 16:47:56","scheme":"Default Conflict","schemeID":"71"},{"nodeID":"200527","text":"Default Transition","type":"TA","timestamp":"2016-09-20 16:47:57","scheme":"Default Transition","schemeID":"82"},{"nodeID":"200528","text":"Disagreeing","type":"YA","timestamp":"2016-09-20 16:47:57","scheme":"Disagreeing","schemeID":"78"},{"nodeID":"200529","text":"college is an equivalent of high school","type":"I","timestamp":"2016-09-20 16:47:57"},{"nodeID":"200530","text":"Asserting","type":"YA","timestamp":"2016-09-20 16:47:57","scheme":"Asserting","schemeID":"74"},{"nodeID":"200531","text":"pHbasic : Equivalent","type":"L","timestamp":"2016-09-20 16:47:57"},{"nodeID":"200532","text":"Barbara: pHbasic : Equivalent.","type":"L","timestamp":"2016-09-20 16:47:57"},{"nodeID":"200533","text":"pHbasic : Like you have about the same economic outcomes","type":"L","timestamp":"2016-09-20 16:47:57"},{"nodeID":"200534","text":"Asserting","type":"YA","timestamp":"2016-09-20 16:47:57","scheme":"Asserting","schemeID":"74"},{"nodeID":"200535","text":"like you have about the same economic outcomes","type":"I","timestamp":"2016-09-20 16:47:58"},{"nodeID":"200536","text":"Barbara: pHbasic : Like you have about the same economic outcomes","type":"L","timestamp":"2016-09-20 16:47:58"},{"nodeID":"200537","text":"Default Inference","type":"RA","timestamp":"2016-09-20 16:47:58","scheme":"Default Inference","schemeID":"72"},{"nodeID":"200538","text":"Default Transition","type":"TA","timestamp":"2016-09-20 16:47:58","scheme":"Default Transition","schemeID":"82"},{"nodeID":"200539","text":"Arguing","type":"YA","timestamp":"2016-09-20 16:47:58","scheme":"Arguing","schemeID":"80"},{"nodeID":"200540","text":"Default Conflict","type":"CA","timestamp":"2016-09-20 16:47:59","scheme":"Default Conflict","schemeID":"71"},{"nodeID":"200541","text":"Default Transition","type":"TA","timestamp":"2016-09-20 16:47:59","scheme":"Default Transition","schemeID":"82"},{"nodeID":"200542","text":"Disagreeing","type":"YA","timestamp":"2016-09-20 16:47:59","scheme":"Disagreeing","schemeID":"78"},{"nodeID":"200543","text":"Mr_Jensen : he meant in terms of what the degrees means to employers","type":"L","timestamp":"2016-09-20 16:47:59"},{"nodeID":"200544","text":"Asserting","type":"YA","timestamp":"2016-09-20 16:47:59","scheme":"Asserting","schemeID":"74"},{"nodeID":"200545","text":"Sanders meant in terms of what the degrees means to employers","type":"I","timestamp":"2016-09-20 16:47:59"},{"nodeID":"200546","text":"Barbara: Mr_Jensen : he meant in terms of what the degrees means to employers","type":"L","timestamp":"2016-09-20 16:47:59"},{"nodeID":"200547","text":"Mr_Jensen : A college degree today is worth what a high school degree was worth decades ago","type":"L","timestamp":"2016-09-20 16:47:59"},{"nodeID":"200548","text":"Asserting","type":"YA","timestamp":"2016-09-20 16:47:59","scheme":"Asserting","schemeID":"74"},{"nodeID":"200549","text":"a college degree today is worth what a high school degree was worth decades ago","type":"I","timestamp":"2016-09-20 16:47:59"},{"nodeID":"200550","text":"Barbara: Mr_Jensen : A college degree today is worth what a high school degree was worth decades ago","type":"L","timestamp":"2016-09-20 16:47:59"},{"nodeID":"200551","text":"Default Inference","type":"RA","timestamp":"2016-09-20 16:48:00","scheme":"Default Inference","schemeID":"72"},{"nodeID":"200552","text":"Default Transition","type":"TA","timestamp":"2016-09-20 16:48:00","scheme":"Default Transition","schemeID":"82"},{"nodeID":"200553","text":"Arguing","type":"YA","timestamp":"2016-09-20 16:48:00","scheme":"Arguing","schemeID":"80"},{"nodeID":"200554","text":"Default Transition","type":"TA","timestamp":"2016-09-20 16:48:00","scheme":"Default Transition","schemeID":"82"},{"nodeID":"200555","text":"Default Rephrase","type":"MA","timestamp":"2016-09-20 16:48:00","scheme":"Default Rephrase","schemeID":"144"},{"nodeID":"200556","text":"Default Illocuting","type":"YA","timestamp":"2016-09-20 16:48:00","scheme":"Default Illocuting","schemeID":"168"}],"edges":[{"edgeID":"245071","fromID":"200438","toID":"200439","formEdgeID":null},{"edgeID":"245072","fromID":"200437","toID":"200438","formEdgeID":null},{"edgeID":"245073","fromID":"200442","toID":"200443","formEdgeID":null},{"edgeID":"245074","fromID":"200441","toID":"200442","formEdgeID":null},{"edgeID":"245075","fromID":"200446","toID":"200447","formEdgeID":null},{"edgeID":"245076","fromID":"200445","toID":"200446","formEdgeID":null},{"edgeID":"245077","fromID":"200447","toID":"200449","formEdgeID":null},{"edgeID":"245078","fromID":"200449","toID":"200439","formEdgeID":null},{"edgeID":"245079","fromID":"200437","toID":"200450","formEdgeID":null},{"edgeID":"245080","fromID":"200450","toID":"200445","formEdgeID":null},{"edgeID":"245081","fromID":"200450","toID":"200451","formEdgeID":null},{"edgeID":"245082","fromID":"200451","toID":"200449","formEdgeID":null},{"edgeID":"245083","fromID":"200434","toID":"200452","formEdgeID":null},{"edgeID":"245084","fromID":"200452","toID":"200437","formEdgeID":null},{"edgeID":"245085","fromID":"200454","toID":"200455","formEdgeID":null},{"edgeID":"245086","fromID":"200453","toID":"200454","formEdgeID":null},{"edgeID":"245087","fromID":"200455","toID":"200457","formEdgeID":null},{"edgeID":"245088","fromID":"200457","toID":"200439","formEdgeID":null},{"edgeID":"245089","fromID":"200437","toID":"200458","formEdgeID":null},{"edgeID":"245090","fromID":"200458","toID":"200453","formEdgeID":null},{"edgeID":"245091","fromID":"200458","toID":"200459","formEdgeID":null},{"edgeID":"245092","fromID":"200459","toID":"200457","formEdgeID":null},{"edgeID":"245093","fromID":"200461","toID":"200462","formEdgeID":null},{"edgeID":"245094","fromID":"200460","toID":"200461","formEdgeID":null},{"edgeID":"245095","fromID":"200462","toID":"200464","formEdgeID":null},{"edgeID":"245096","fromID":"200464","toID":"200439","formEdgeID":null},{"edgeID":"245097","fromID":"200437","toID":"200465","formEdgeID":null},{"edgeID":"245098","fromID":"200465","toID":"200460","formEdgeID":null},{"edgeID":"245099","fromID":"200465","toID":"200466","formEdgeID":null},{"edgeID":"245100","fromID":"200466","toID":"200464","formEdgeID":null},{"edgeID":"245101","fromID":"200468","toID":"200469","formEdgeID":null},{"edgeID":"245102","fromID":"200467","toID":"200468","formEdgeID":null},{"edgeID":"245103","fromID":"200469","toID":"200471","formEdgeID":null},{"edgeID":"245104","fromID":"200471","toID":"200439","formEdgeID":null},{"edgeID":"245105","fromID":"200437","toID":"200472","formEdgeID":null},{"edgeID":"245106","fromID":"200472","toID":"200467","formEdgeID":null},{"edgeID":"245107","fromID":"200472","toID":"200473","formEdgeID":null},{"edgeID":"245108","fromID":"200473","toID":"200471","formEdgeID":null},{"edgeID":"245109","fromID":"200434","toID":"200479","formEdgeID":null},{"edgeID":"245110","fromID":"200479","toID":"200477","formEdgeID":null},{"edgeID":"245111","fromID":"200477","toID":"200480","formEdgeID":null},{"edgeID":"245112","fromID":"200480","toID":"200435","formEdgeID":null},{"edgeID":"245113","fromID":"200481","toID":"200475","formEdgeID":null},{"edgeID":"245114","fromID":"200482","toID":"200481","formEdgeID":null},{"edgeID":"245115","fromID":"200474","toID":"200484","formEdgeID":null},{"edgeID":"245116","fromID":"200484","toID":"200482","formEdgeID":null},{"edgeID":"245117","fromID":"200482","toID":"200485","formEdgeID":null},{"edgeID":"245118","fromID":"200485","toID":"200477","formEdgeID":null},{"edgeID":"245119","fromID":"200434","toID":"200486","formEdgeID":null},{"edgeID":"245120","fromID":"200486","toID":"200474","formEdgeID":null},{"edgeID":"245121","fromID":"200486","toID":"200487","formEdgeID":null},{"edgeID":"245122","fromID":"200487","toID":"200485","formEdgeID":null},{"edgeID":"245123","fromID":"200494","toID":"200492","formEdgeID":null},{"edgeID":"245124","fromID":"200495","toID":"200494","formEdgeID":null},{"edgeID":"245125","fromID":"200491","toID":"200497","formEdgeID":null},{"edgeID":"245126","fromID":"200497","toID":"200495","formEdgeID":null},{"edgeID":"245127","fromID":"200434","toID":"200498","formEdgeID":null},{"edgeID":"245128","fromID":"200498","toID":"200491","formEdgeID":null},{"edgeID":"245129","fromID":"200495","toID":"200499","formEdgeID":null},{"edgeID":"245130","fromID":"200499","toID":"200477","formEdgeID":null},{"edgeID":"245131","fromID":"200498","toID":"200500","formEdgeID":null},{"edgeID":"245132","fromID":"200500","toID":"200499","formEdgeID":null},{"edgeID":"245133","fromID":"200502","toID":"200503","formEdgeID":null},{"edgeID":"245134","fromID":"200501","toID":"200502","formEdgeID":null},{"edgeID":"245135","fromID":"200503","toID":"200505","formEdgeID":null},{"edgeID":"245136","fromID":"200505","toID":"200492","formEdgeID":null},{"edgeID":"245137","fromID":"200491","toID":"200506","formEdgeID":null},{"edgeID":"245138","fromID":"200506","toID":"200501","formEdgeID":null},{"edgeID":"245139","fromID":"200506","toID":"200507","formEdgeID":null},{"edgeID":"245140","fromID":"200507","toID":"200505","formEdgeID":null},{"edgeID":"245141","fromID":"200509","toID":"200508","formEdgeID":null},{"edgeID":"245142","fromID":"200510","toID":"200509","formEdgeID":null},{"edgeID":"245143","fromID":"200508","toID":"200505","formEdgeID":null},{"edgeID":"245144","fromID":"200506","toID":"200490","formEdgeID":null},{"edgeID":"245145","fromID":"200513","toID":"200512","formEdgeID":null},{"edgeID":"245146","fromID":"200514","toID":"200513","formEdgeID":null},{"edgeID":"245147","fromID":"200512","toID":"200516","formEdgeID":null},{"edgeID":"245148","fromID":"200516","toID":"200439","formEdgeID":null},{"edgeID":"245149","fromID":"200437","toID":"200517","formEdgeID":null},{"edgeID":"245150","fromID":"200517","toID":"200514","formEdgeID":null},{"edgeID":"245151","fromID":"200517","toID":"200518","formEdgeID":null},{"edgeID":"245152","fromID":"200518","toID":"200516","formEdgeID":null},{"edgeID":"245153","fromID":"200520","toID":"200519","formEdgeID":null},{"edgeID":"245154","fromID":"200521","toID":"200520","formEdgeID":null},{"edgeID":"245155","fromID":"200523","toID":"200521","formEdgeID":null},{"edgeID":"245156","fromID":"200524","toID":"200523","formEdgeID":null},{"edgeID":"245157","fromID":"200519","toID":"200526","formEdgeID":null},{"edgeID":"245158","fromID":"200526","toID":"200477","formEdgeID":null},{"edgeID":"245159","fromID":"200434","toID":"200527","formEdgeID":null},{"edgeID":"245160","fromID":"200527","toID":"200524","formEdgeID":null},{"edgeID":"245161","fromID":"200527","toID":"200528","formEdgeID":null},{"edgeID":"245162","fromID":"200528","toID":"200526","formEdgeID":null},{"edgeID":"245163","fromID":"200530","toID":"200529","formEdgeID":null},{"edgeID":"245164","fromID":"200531","toID":"200530","formEdgeID":null},{"edgeID":"245165","fromID":"200534","toID":"200535","formEdgeID":null},{"edgeID":"245166","fromID":"200533","toID":"200534","formEdgeID":null},{"edgeID":"245167","fromID":"200535","toID":"200537","formEdgeID":null},{"edgeID":"245168","fromID":"200537","toID":"200529","formEdgeID":null},{"edgeID":"245169","fromID":"200531","toID":"200538","formEdgeID":null},{"edgeID":"245170","fromID":"200538","toID":"200533","formEdgeID":null},{"edgeID":"245171","fromID":"200538","toID":"200539","formEdgeID":null},{"edgeID":"245172","fromID":"200539","toID":"200537","formEdgeID":null},{"edgeID":"245173","fromID":"200529","toID":"200540","formEdgeID":null},{"edgeID":"245174","fromID":"200540","toID":"200477","formEdgeID":null},{"edgeID":"245175","fromID":"200434","toID":"200541","formEdgeID":null},{"edgeID":"245176","fromID":"200541","toID":"200531","formEdgeID":null},{"edgeID":"245177","fromID":"200541","toID":"200542","formEdgeID":null},{"edgeID":"245178","fromID":"200542","toID":"200540","formEdgeID":null},{"edgeID":"245179","fromID":"200544","toID":"200545","formEdgeID":null},{"edgeID":"245180","fromID":"200543","toID":"200544","formEdgeID":null},{"edgeID":"245181","fromID":"200548","toID":"200549","formEdgeID":null},{"edgeID":"245182","fromID":"200547","toID":"200548","formEdgeID":null},{"edgeID":"245183","fromID":"200549","toID":"200551","formEdgeID":null},{"edgeID":"245184","fromID":"200551","toID":"200545","formEdgeID":null},{"edgeID":"245185","fromID":"200543","toID":"200552","formEdgeID":null},{"edgeID":"245186","fromID":"200552","toID":"200547","formEdgeID":null},{"edgeID":"245187","fromID":"200552","toID":"200553","formEdgeID":null},{"edgeID":"245188","fromID":"200553","toID":"200551","formEdgeID":null},{"edgeID":"245189","fromID":"200437","toID":"200554","formEdgeID":null},{"edgeID":"245190","fromID":"200554","toID":"200543","formEdgeID":null},{"edgeID":"245191","fromID":"200545","toID":"200555","formEdgeID":null},{"edgeID":"245192","fromID":"200555","toID":"200439","formEdgeID":null},{"edgeID":"245193","fromID":"200554","toID":"200556","formEdgeID":null},{"edgeID":"245194","fromID":"200556","toID":"200555","formEdgeID":null}],"locutions":[{"nodeID":"200477","personID":"1851","timestamp":"2016-09-20 16:48:07","start":null,"end":null,"source":null},{"nodeID":"200482","personID":"1851","timestamp":"2016-09-20 16:48:07","start":null,"end":null,"source":null},{"nodeID":"200495","personID":"1851","timestamp":"2016-09-20 16:48:07","start":null,"end":null,"source":null},{"nodeID":"200510","personID":"2290","timestamp":"2016-09-20 16:48:07","start":null,"end":null,"source":null},{"nodeID":"200514","personID":"2291","timestamp":"2016-09-20 16:48:07","start":null,"end":null,"source":null},{"nodeID":"200521","personID":"1851","timestamp":"2016-09-20 16:48:07","start":null,"end":null,"source":null},{"nodeID":"200524","personID":"2292","timestamp":"2016-09-20 16:48:07","start":null,"end":null,"source":null},{"nodeID":"200531","personID":"2293","timestamp":"2016-09-20 16:48:07","start":null,"end":null,"source":null}]}