{"nodes":[{"nodeID":"197737","text":"Barbara: crazyzach21 : \u00a0\"I hope I get that amount of time\"","type":"L","timestamp":"2016-09-01 13:35:16"},{"nodeID":"197738","text":"PM_ME_KIND_THOUGHTS : this dude is counting every second, and wants everyone to know","type":"L","timestamp":"2016-09-01 13:35:17"},{"nodeID":"197739","text":"Asserting","type":"YA","timestamp":"2016-09-01 13:35:17","scheme":"Asserting","schemeID":"74"},{"nodeID":"197740","text":"Jim Webb is counting every second, and wants everyone to know","type":"I","timestamp":"2016-09-01 13:35:17"},{"nodeID":"197741","text":"Barbara: PM_ME_KIND_THOUGHTS : this dude is counting every second, and wants everyone to know","type":"L","timestamp":"2016-09-01 13:35:17"},{"nodeID":"197742","text":"Barbara: Jim : crazyzach21 : \u00a0\"I hope I get that amount of time\"","type":"L","timestamp":"2016-09-01 13:35:17"},{"nodeID":"197743","text":"crazyzach21 : Jim : \"I hope I get that amount of time\"","type":"L","timestamp":"2016-09-01 13:35:17"},{"nodeID":"197744","text":"\"I hope I get that amount of time\"","type":"I","timestamp":"2016-09-01 13:35:17"},{"nodeID":"197745","text":"Barbara: Jim : \"I hope I get that amount of time\"","type":"L","timestamp":"2016-09-01 13:35:17"},{"nodeID":"197746","text":"Barbara: crazyzach21 : Jim : \"I hope I get that amount of time\"","type":"L","timestamp":"2016-09-01 13:35:17"},{"nodeID":"197747","text":"Jim : \"I hope I get that amount of time\"","type":"L","timestamp":"2016-09-01 13:35:17"},{"nodeID":"197748","text":"Asserting","type":"YA","timestamp":"2016-09-01 13:35:17","scheme":"Asserting","schemeID":"74"},{"nodeID":"197749","text":"Asserting","type":"YA","timestamp":"2016-09-01 13:35:18","scheme":"Asserting","schemeID":"74"},{"nodeID":"197750","text":"Default Inference","type":"RA","timestamp":"2016-09-01 13:35:18","scheme":"Default Inference","schemeID":"72"},{"nodeID":"197751","text":"Default Transition","type":"TA","timestamp":"2016-09-01 13:35:18","scheme":"Default Transition","schemeID":"82"},{"nodeID":"197752","text":"Arguing","type":"YA","timestamp":"2016-09-01 13:35:18","scheme":"Arguing","schemeID":"80"},{"nodeID":"197753","text":"GeeBeeH : He's getting pretty salty about time but rightly so","type":"L","timestamp":"2016-09-01 13:35:18"},{"nodeID":"197754","text":"Asserting","type":"YA","timestamp":"2016-09-01 13:35:18","scheme":"Asserting","schemeID":"74"},{"nodeID":"197755","text":"Jim Webb is getting pretty salty about time but rightly","type":"I","timestamp":"2016-09-01 13:35:18"},{"nodeID":"197756","text":"Barbara: GeeBeeH : He's getting pretty salty about time but rightly so","type":"L","timestamp":"2016-09-01 13:35:18"},{"nodeID":"197757","text":"Default Inference","type":"RA","timestamp":"2016-09-01 13:35:18","scheme":"Default Inference","schemeID":"72"},{"nodeID":"197758","text":"Default Transition","type":"TA","timestamp":"2016-09-01 13:35:18","scheme":"Default Transition","schemeID":"82"},{"nodeID":"197759","text":"Arguing","type":"YA","timestamp":"2016-09-01 13:35:18","scheme":"Arguing","schemeID":"80"},{"nodeID":"197760","text":"thesmartestdonkey : He only got one minute less than O'Malley and a lot more than Chafee though","type":"L","timestamp":"2016-09-01 13:35:19"},{"nodeID":"197761","text":"Asserting","type":"YA","timestamp":"2016-09-01 13:35:19","scheme":"Asserting","schemeID":"74"},{"nodeID":"197762","text":"Jim Webb only got one minute less than O'Malley and a lot more than Chafee though","type":"I","timestamp":"2016-09-01 13:35:19"},{"nodeID":"197763","text":"Barbara: thesmartestdonkey : He only got one minute less than O'Malley and a lot more than Chafee though","type":"L","timestamp":"2016-09-01 13:35:19"},{"nodeID":"197764","text":"Default Conflict","type":"CA","timestamp":"2016-09-01 13:35:19","scheme":"Default Conflict","schemeID":"71"},{"nodeID":"197765","text":"Default Transition","type":"TA","timestamp":"2016-09-01 13:35:19","scheme":"Default Transition","schemeID":"82"},{"nodeID":"197766","text":"Disagreeing","type":"YA","timestamp":"2016-09-01 13:35:19","scheme":"Disagreeing","schemeID":"78"},{"nodeID":"197767","text":"[deleted] : 5 bucks says he'll tie this into china","type":"L","timestamp":"2016-09-01 13:35:19"},{"nodeID":"197768","text":"Asserting","type":"YA","timestamp":"2016-09-01 13:35:19","scheme":"Asserting","schemeID":"74"},{"nodeID":"197769","text":"5 bucks says he'll tie this into china","type":"I","timestamp":"2016-09-01 13:35:19"},{"nodeID":"197770","text":"Barbara: [deleted] : 5 bucks says he'll tie this into china","type":"L","timestamp":"2016-09-01 13:35:19"},{"nodeID":"197771","text":"Default Transition","type":"TA","timestamp":"2016-09-01 13:35:20","scheme":"Default Transition","schemeID":"82"}],"edges":[{"edgeID":"242147","fromID":"197739","toID":"197740","formEdgeID":null},{"edgeID":"242148","fromID":"197738","toID":"197739","formEdgeID":null},{"edgeID":"242149","fromID":"197743","toID":"197748","formEdgeID":null},{"edgeID":"242150","fromID":"197748","toID":"197747","formEdgeID":null},{"edgeID":"242151","fromID":"197747","toID":"197749","formEdgeID":null},{"edgeID":"242152","fromID":"197749","toID":"197744","formEdgeID":null},{"edgeID":"242153","fromID":"197740","toID":"197750","formEdgeID":null},{"edgeID":"242154","fromID":"197750","toID":"197747","formEdgeID":null},{"edgeID":"242155","fromID":"197743","toID":"197751","formEdgeID":null},{"edgeID":"242156","fromID":"197751","toID":"197738","formEdgeID":null},{"edgeID":"242157","fromID":"197751","toID":"197752","formEdgeID":null},{"edgeID":"242158","fromID":"197752","toID":"197750","formEdgeID":null},{"edgeID":"242159","fromID":"197754","toID":"197755","formEdgeID":null},{"edgeID":"242160","fromID":"197753","toID":"197754","formEdgeID":null},{"edgeID":"242161","fromID":"197755","toID":"197757","formEdgeID":null},{"edgeID":"242162","fromID":"197757","toID":"197747","formEdgeID":null},{"edgeID":"242163","fromID":"197743","toID":"197758","formEdgeID":null},{"edgeID":"242164","fromID":"197758","toID":"197753","formEdgeID":null},{"edgeID":"242165","fromID":"197758","toID":"197759","formEdgeID":null},{"edgeID":"242166","fromID":"197759","toID":"197757","formEdgeID":null},{"edgeID":"242167","fromID":"197761","toID":"197762","formEdgeID":null},{"edgeID":"242168","fromID":"197760","toID":"197761","formEdgeID":null},{"edgeID":"242169","fromID":"197762","toID":"197764","formEdgeID":null},{"edgeID":"242170","fromID":"197764","toID":"197755","formEdgeID":null},{"edgeID":"242171","fromID":"197753","toID":"197765","formEdgeID":null},{"edgeID":"242172","fromID":"197765","toID":"197760","formEdgeID":null},{"edgeID":"242173","fromID":"197765","toID":"197766","formEdgeID":null},{"edgeID":"242174","fromID":"197766","toID":"197764","formEdgeID":null},{"edgeID":"242175","fromID":"197768","toID":"197769","formEdgeID":null},{"edgeID":"242176","fromID":"197767","toID":"197768","formEdgeID":null},{"edgeID":"242177","fromID":"197760","toID":"197771","formEdgeID":null},{"edgeID":"242178","fromID":"197771","toID":"197767","formEdgeID":null}],"locutions":[{"nodeID":"197747","personID":"2239","timestamp":"2016-09-01 13:35:21","start":null,"end":null,"source":null}]}