{"nodes":[{"nodeID":"186377","text":"broduding : The fact that Bernie can't easily answer whether he is a capitalist","type":"L","timestamp":"2016-08-01 08:45:48"},{"nodeID":"186379","text":"Bernie Sanders can't easily answer whether he is a capitalist","type":"I","timestamp":"2016-08-01 08:45:48"},{"nodeID":"186380","text":"Barbara: broduding : The fact that Bernie can't easily answer whether he is a capitalist","type":"L","timestamp":"2016-08-01 08:45:48"},{"nodeID":"186381","text":"broduding : I would probably never vote for him","type":"L","timestamp":"2016-08-01 08:45:49"},{"nodeID":"186384","text":"Barbara: broduding : I would probably never vote for him","type":"L","timestamp":"2016-08-01 08:45:49"},{"nodeID":"186385","text":"broduding : It shouldn't be a difficult question","type":"L","timestamp":"2016-08-01 08:45:49"},{"nodeID":"186387","text":"question about being capitalist shouldn't be a difficult question","type":"I","timestamp":"2016-08-01 08:45:49"},{"nodeID":"186388","text":"Barbara: broduding : It shouldn't be a difficult question","type":"L","timestamp":"2016-08-01 08:45:49"},{"nodeID":"186389","text":"broduding : Every American should be a capitalist","type":"L","timestamp":"2016-08-01 08:45:49"},{"nodeID":"186391","text":"every American should be a capitalist","type":"I","timestamp":"2016-08-01 08:45:49"},{"nodeID":"186392","text":"Barbara: broduding : Every American should be a capitalist","type":"L","timestamp":"2016-08-01 08:45:49"},{"nodeID":"186400","text":"timetravlrfromthepst : Why?","type":"L","timestamp":"2016-08-01 08:45:50"},{"nodeID":"186401","text":"Barbara: timetravlrfromthepst : Why?","type":"L","timestamp":"2016-08-01 08:45:50"},{"nodeID":"186404","text":"broduding : our country was built on capitalism","type":"L","timestamp":"2016-08-01 08:45:50"},{"nodeID":"186406","text":"our country was built on capitalism","type":"I","timestamp":"2016-08-01 08:45:51"},{"nodeID":"186407","text":"Barbara: broduding : our country was built on capitalism","type":"L","timestamp":"2016-08-01 08:45:51"},{"nodeID":"186411","text":"registered2LOLatU :we aren't retarded?","type":"L","timestamp":"2016-08-01 08:45:51"},{"nodeID":"186413","text":"we aren't retarded","type":"I","timestamp":"2016-08-01 08:45:51"},{"nodeID":"186414","text":"Barbara: registered2LOLatU : Because we aren't retarded?","type":"L","timestamp":"2016-08-01 08:45:51"},{"nodeID":"186417","text":"Ridonkulousley : Family store capitalism and Wall Street capitalism are two different ideals","type":"L","timestamp":"2016-08-01 08:45:52"},{"nodeID":"186419","text":"family store capitalism and Wall Street capitalism are two different ideals","type":"I","timestamp":"2016-08-01 08:45:52"},{"nodeID":"186420","text":"Barbara: Ridonkulousley : Family store capitalism and Wall Street capitalism are two different ideals","type":"L","timestamp":"2016-08-01 08:45:52"},{"nodeID":"186421","text":"Ridonkulousley : Complicated topics have complicated answers","type":"L","timestamp":"2016-08-01 08:45:52"},{"nodeID":"186422","text":"complicated topics have complicated answers","type":"I","timestamp":"2016-08-01 08:45:52"},{"nodeID":"186423","text":"Barbara: Ridonkulousley : Complicated topics have complicated answers","type":"L","timestamp":"2016-08-01 08:45:52"},{"nodeID":"186424","text":"broduding : he didn't give a nuanced answer","type":"L","timestamp":"2016-08-01 08:45:52"},{"nodeID":"186426","text":"Bernie Sanders didn't give a nuanced answer","type":"I","timestamp":"2016-08-01 08:45:52"},{"nodeID":"186427","text":"Barbara: broduding : he didn't give a nuanced answer","type":"L","timestamp":"2016-08-01 08:45:52"},{"nodeID":"186428","text":"broduding : Yes","type":"L","timestamp":"2016-08-01 08:45:52"},{"nodeID":"186429","text":"Barbara: broduding : Yes","type":"L","timestamp":"2016-08-01 08:45:53"},{"nodeID":"186435","text":"broduding : Cooper asked quite simply if he was a capitalist","type":"L","timestamp":"2016-08-01 08:45:53"},{"nodeID":"186437","text":"Cooper asked quite simply if Bernie Sanders was a capitalist","type":"I","timestamp":"2016-08-01 08:45:53"},{"nodeID":"186438","text":"Barbara: broduding : Cooper asked quite simply if he was a capitalist","type":"L","timestamp":"2016-08-01 08:45:53"},{"nodeID":"186439","text":"broduding : Bernie wedged in there casino capitalism","type":"L","timestamp":"2016-08-01 08:45:53"},{"nodeID":"186441","text":"Bernie Sanders wedged in there casino capitalism","type":"I","timestamp":"2016-08-01 08:45:54"},{"nodeID":"186442","text":"Barbara: broduding : Bernie wedged in there casino capitalism","type":"L","timestamp":"2016-08-01 08:45:54"},{"nodeID":"186443","text":"broduding : That speaks to how he views capitalism as a whole","type":"L","timestamp":"2016-08-01 08:45:54"},{"nodeID":"186445","text":"that speaks to how Bernie Sanders views capitalism as a whole","type":"I","timestamp":"2016-08-01 08:45:54"},{"nodeID":"186446","text":"Barbara: broduding : That speaks to how he views capitalism as a whole","type":"L","timestamp":"2016-08-01 08:45:54"},{"nodeID":"186447","text":"broduding : there was no nuance to his response to a very easy question","type":"L","timestamp":"2016-08-01 08:45:54"},{"nodeID":"186449","text":"there was no nuance to Bernie Sanders' response to a very easy question","type":"I","timestamp":"2016-08-01 08:45:54"},{"nodeID":"186450","text":"Barbara: broduding : here was no nuance to his response to a very easy question","type":"L","timestamp":"2016-08-01 08:45:54"},{"nodeID":"186469","text":"I would probably never vote for Bernie Sanders","type":"I","timestamp":"2016-08-01 09:25:02"},{"nodeID":"186514","text":"hat's just ignorant","type":"L","timestamp":"2016-08-01 09:25:09"},{"nodeID":"186515","text":"Hyatt97 : That's just ignorant","type":"L","timestamp":"2016-08-01 09:25:09"},{"nodeID":"186517","text":"saying that every American should be a capitalist is just ignorant","type":"I","timestamp":"2016-08-01 09:25:09"},{"nodeID":"186518","text":"Barbara: Hyatt97 : T","type":"L","timestamp":"2016-08-01 09:25:09"},{"nodeID":"186519","text":"Hyatt97 : Every American should be able to have their own opinion","type":"L","timestamp":"2016-08-01 09:25:09"},{"nodeID":"186521","text":"every American should be able to have their own opinion","type":"I","timestamp":"2016-08-01 09:25:09"},{"nodeID":"186522","text":"Barbara: Hyatt97 : Every American should be able to have their own opinion","type":"L","timestamp":"2016-08-01 09:25:09"},{"nodeID":"186529","text":"Barbara: broduding : Our country is built on capitalism","type":"L","timestamp":"2016-08-01 09:25:10"},{"nodeID":"186530","text":"broduding : He's free to think whatever","type":"L","timestamp":"2016-08-01 09:25:10"},{"nodeID":"186532","text":"Bernie Sanders free to think whatever","type":"I","timestamp":"2016-08-01 09:25:10"},{"nodeID":"186533","text":"Barbara: broduding : He's free to think whatever","type":"L","timestamp":"2016-08-01 09:25:10"},{"nodeID":"186534","text":"broduding : I can't vote for someone","type":"L","timestamp":"2016-08-01 09:25:10"},{"nodeID":"186536","text":"I can't vote for Bernie Sandrers","type":"I","timestamp":"2016-08-01 09:25:10"},{"nodeID":"186537","text":"Barbara: broduding : I can't vote for someone","type":"L","timestamp":"2016-08-01 09:25:11"},{"nodeID":"186539","text":"broduding : who doesn't understand this fundamental part of our country","type":"L","timestamp":"2016-08-01 09:25:11"},{"nodeID":"186541","text":"Bernie Sanders doesn't understand this fundamental part of our country","type":"I","timestamp":"2016-08-01 09:25:11"},{"nodeID":"186542","text":"Barbara: broduding : who doesn't understand this fundamental part of our country","type":"L","timestamp":"2016-08-01 09:25:11"},{"nodeID":"186549","text":"Hyatt97 : Our country was built on slavery too","type":"L","timestamp":"2016-08-01 09:25:12"},{"nodeID":"186551","text":"our country was built on slavery too","type":"I","timestamp":"2016-08-01 09:25:12"},{"nodeID":"186552","text":"Barbara: Hyatt97 : Our country was built on slavery too","type":"L","timestamp":"2016-08-01 09:25:12"},{"nodeID":"186553","text":"Hyatt97 : Without progress we don't improve as a country or as a people","type":"L","timestamp":"2016-08-01 09:25:12"},{"nodeID":"186555","text":"without progress we don't improve as a country or as a people","type":"I","timestamp":"2016-08-01 09:25:12"},{"nodeID":"186556","text":"Barbara: Hyatt97 : Without progress we don't improve as a country or as a people","type":"L","timestamp":"2016-08-01 09:25:12"},{"nodeID":"186557","text":"Hyatt97 : To ignorantly spout \"tradition\" is one of the worst policies we could have as a people","type":"L","timestamp":"2016-08-01 09:25:12"},{"nodeID":"186559","text":"to ignorantly spout \"tradition\" is one of the worst policies we could have as a people","type":"I","timestamp":"2016-08-01 09:25:12"},{"nodeID":"186560","text":"Barbara: Hyatt97 : To ignorantly spout \"tradition\" is one of the worst policies we could have as a people","type":"L","timestamp":"2016-08-01 09:25:12"},{"nodeID":"186564","text":"broduding : Our country is built on capitalism","type":"L","timestamp":"2016-08-01 09:25:13"},{"nodeID":"186566","text":"our country is built on capitalism","type":"I","timestamp":"2016-08-01 09:25:13"},{"nodeID":"186574","text":"broduding :  Um this country was not buit on slavery","type":"L","timestamp":"2016-08-01 09:25:14"},{"nodeID":"186576","text":"this country was not buit on slavery","type":"I","timestamp":"2016-08-01 09:25:14"},{"nodeID":"186577","text":"Barbara: broduding :  Um this country was not buit on slavery","type":"L","timestamp":"2016-08-01 09:25:14"},{"nodeID":"186581","text":"broduding : Certain agricultural areas thrived on it","type":"L","timestamp":"2016-08-01 09:25:14"},{"nodeID":"186583","text":"certain agricultural areas thrived on slavery","type":"I","timestamp":"2016-08-01 09:25:15"},{"nodeID":"186584","text":"Barbara: broduding : Certain agricultural areas thrived on it","type":"L","timestamp":"2016-08-01 09:25:15"},{"nodeID":"186585","text":"broduding : to say it was a fundamental part of our whole economy is absurd","type":"L","timestamp":"2016-08-01 09:25:15"},{"nodeID":"186587","text":"to say slavery was a fundamental part of our whole economy is absurd","type":"I","timestamp":"2016-08-01 09:25:15"},{"nodeID":"186588","text":"Barbara: broduding : to say it was a fundamental part of our whole economy is absurd","type":"L","timestamp":"2016-08-01 09:25:15"},{"nodeID":"186679","text":"broduding : Capitalism is not a silly tradition","type":"L","timestamp":"2016-08-01 09:58:43"},{"nodeID":"186681","text":"capitalism is not a silly tradition","type":"I","timestamp":"2016-08-01 09:58:43"},{"nodeID":"186682","text":"Barbara: broduding : Capitalism is not a silly tradition","type":"L","timestamp":"2016-08-01 09:58:43"},{"nodeID":"186683","text":"broduding : It's a core part of our country","type":"L","timestamp":"2016-08-01 09:58:43"},{"nodeID":"186685","text":"capitalism is a core part of our country","type":"I","timestamp":"2016-08-01 09:58:43"},{"nodeID":"186686","text":"Barbara: broduding : It's a core part of our country","type":"L","timestamp":"2016-08-01 09:58:43"},{"nodeID":"186687","text":"broduding : Moving wealth from the state to private individuals and allowing anyone to start a for profit business is a massive part of what makes America great","type":"L","timestamp":"2016-08-01 09:58:43"},{"nodeID":"186689","text":"moving wealth from the state to private individuals and allowing anyone to start a for profit business is a massive part of what makes America great","type":"I","timestamp":"2016-08-01 09:58:44"},{"nodeID":"186690","text":"Barbara: broduding : Moving wealth from the state to private individuals and allowing anyone to start a for profit business is a massive part of what makes America great","type":"L","timestamp":"2016-08-01 09:58:44"},{"nodeID":"186700","text":"Barbara: Wilsonethan44 : Why?","type":"L","timestamp":"2016-08-01 09:58:44"},{"nodeID":"186703","text":"Barbara: broduding : our country is built on it","type":"L","timestamp":"2016-08-01 09:58:45"},{"nodeID":"186704","text":"burchalade : Why should every American be a capitalist as it is now?","type":"L","timestamp":"2016-08-01 09:58:45"},{"nodeID":"186706","text":"every American should not be a capitalist as it is now","type":"I","timestamp":"2016-08-01 09:58:45"},{"nodeID":"186707","text":"Barbara: burchalade : Why should every American be a capitalist as it is now?","type":"L","timestamp":"2016-08-01 09:58:45"},{"nodeID":"186711","text":"burchalade : Couldn't it be better?","type":"L","timestamp":"2016-08-01 09:58:45"},{"nodeID":"186713","text":"it could be better","type":"I","timestamp":"2016-08-01 09:58:46"},{"nodeID":"186714","text":"Barbara: burchalade : Couldn't it be better?","type":"L","timestamp":"2016-08-01 09:58:46"},{"nodeID":"186938","text":"broduding : Yes it could be better.","type":"L","timestamp":"2016-08-01 13:13:43"},{"nodeID":"186939","text":"Barbara: broduding : Yes it could be better.","type":"L","timestamp":"2016-08-01 13:13:43"},{"nodeID":"186941","text":"broduding : he didn't say that","type":"L","timestamp":"2016-08-01 13:13:44"},{"nodeID":"186943","text":"Bernie Sanders didn't say it could be better","type":"I","timestamp":"2016-08-01 13:13:44"},{"nodeID":"186944","text":"Barbara: broduding : he didn't say that","type":"L","timestamp":"2016-08-01 13:13:44"},{"nodeID":"186946","text":"broduding : He could've just said yes I'm a capitalist but it needs major improvement. Its a fundamental belief","type":"L","timestamp":"2016-08-01 13:13:44"},{"nodeID":"186948","text":"Bernie Sanders could've just said yes I'm a capitalist but it needs major improvement. Its a fundamental belief","type":"I","timestamp":"2016-08-01 13:13:44"},{"nodeID":"186949","text":"Barbara: broduding : He could've just said yes I'm a capitalist but it needs major improvement. Its a fundamental belief","type":"L","timestamp":"2016-08-01 13:13:44"},{"nodeID":"186952","text":"tpdi : You have to have money to be a capitalist","type":"L","timestamp":"2016-08-01 13:13:45"},{"nodeID":"186954","text":"you have to have money to be a capitalist","type":"I","timestamp":"2016-08-01 13:13:45"},{"nodeID":"186955","text":"Barbara: tpdi : You have to have money to be a capitalist","type":"L","timestamp":"2016-08-01 13:13:45"},{"nodeID":"186959","text":"broduding : Nope","type":"L","timestamp":"2016-08-01 13:13:46"},{"nodeID":"186961","text":"you do not have to have money to be a capitalist","type":"I","timestamp":"2016-08-01 13:13:46"},{"nodeID":"186962","text":"Barbara: broduding : Nope","type":"L","timestamp":"2016-08-01 13:13:46"},{"nodeID":"186966","text":"broduding : You just want to have it","type":"L","timestamp":"2016-08-01 13:13:46"},{"nodeID":"186968","text":"you just need to want to have money to be a capitalist","type":"I","timestamp":"2016-08-01 13:13:46"},{"nodeID":"186969","text":"Barbara: broduding : You just want to have it","type":"L","timestamp":"2016-08-01 13:13:47"},{"nodeID":"186970","text":"broduding : My immigrant Mexican family have always been capitalists","type":"L","timestamp":"2016-08-01 13:13:47"},{"nodeID":"186972","text":"my immigrant Mexican family have always been capitalists","type":"I","timestamp":"2016-08-01 13:13:47"},{"nodeID":"186973","text":"Barbara: broduding : My immigrant Mexican family have always been capitalists","type":"L","timestamp":"2016-08-01 13:13:47"},{"nodeID":"186980","text":"tpdi : Well your using a non standard definition of capitalism","type":"L","timestamp":"2016-08-01 13:13:48"},{"nodeID":"186982","text":"broududing is using a non standard definition of capitalism","type":"I","timestamp":"2016-08-01 13:13:48"},{"nodeID":"186983","text":"Barbara: tpdi : Well your using a non standard definition of capitalism","type":"L","timestamp":"2016-08-01 13:13:48"},{"nodeID":"186985","text":"tpdi : It literally means an economic system run by those with capital","type":"L","timestamp":"2016-08-01 13:13:49"},{"nodeID":"186987","text":"capitalism literally means an economic system run by those with capital","type":"I","timestamp":"2016-08-01 13:13:49"},{"nodeID":"186988","text":"Barbara: tpdi : It literally means an economic system run by those with capital","type":"L","timestamp":"2016-08-01 13:13:49"},{"nodeID":"186995","text":"broduding : Not exactly","type":"L","timestamp":"2016-08-01 13:13:50"},{"nodeID":"186997","text":"not exactly does capitalism literally mean an economic system run by those with capital","type":"I","timestamp":"2016-08-01 13:13:50"},{"nodeID":"186998","text":"Barbara: broduding : Not exactly","type":"L","timestamp":"2016-08-01 13:13:50"},{"nodeID":"187002","text":"broduding : Here's the definition: an economic and political system in which a country's trade and industry are controlled by private owners for profit, rather than by the state","type":"L","timestamp":"2016-08-01 13:13:51"},{"nodeID":"187004","text":"the definition of capitalism: an economic and political system in which a country's trade and industry are controlled by private owners for profit, rather than by the state","type":"I","timestamp":"2016-08-01 13:13:51"},{"nodeID":"187005","text":"Barbara: broduding : Here's the definition: an economic and political system in which a country's trade and industry are controlled by private owners for profit, rather than by the state","type":"L","timestamp":"2016-08-01 13:13:51"},{"nodeID":"187009","text":"broduding : How can anyone not easily answer that question?","type":"L","timestamp":"2016-08-01 13:13:51"},{"nodeID":"187011","text":"everyone should easily answer the question about being capitalist","type":"I","timestamp":"2016-08-01 13:13:52"},{"nodeID":"187012","text":"Barbara: broduding : How can anyone not easily answer that question?","type":"L","timestamp":"2016-08-01 13:13:52"},{"nodeID":"187014","text":"AgentMullWork : Good for them","type":"L","timestamp":"2016-08-01 13:13:52"},{"nodeID":"187016","text":"good for broduding's family for being capitalist","type":"I","timestamp":"2016-08-01 13:13:52"},{"nodeID":"187017","text":"Barbara: AgentMullWork : Good for them","type":"L","timestamp":"2016-08-01 13:13:52"},{"nodeID":"187018","text":"AgentMullWork : Is that on your family seal or something?","type":"L","timestamp":"2016-08-01 13:13:52"},{"nodeID":"187020","text":"being capitalist is on broduding's family seal or something","type":"I","timestamp":"2016-08-01 13:13:52"},{"nodeID":"187021","text":"Barbara: AgentMullWork : Is that on your family seal or something?","type":"L","timestamp":"2016-08-01 13:13:53"},{"nodeID":"187022","text":"AgentMullWork : Why is it such a defining characteristic that you cling to it?","type":"L","timestamp":"2016-08-01 13:13:53"},{"nodeID":"187024","text":"broduding should not use being capitalist as such a defining characteristic that you cling to it","type":"I","timestamp":"2016-08-01 13:13:53"},{"nodeID":"187025","text":"Barbara: AgentMullWork : Why is it such a defining characteristic that you cling to it?","type":"L","timestamp":"2016-08-01 13:13:53"},{"nodeID":"187026","text":"AgentMullWork : You can not be a capitalist and still believe in free markets similar to what already exists, except in key areas that are important to the people, and incidentally important to \"national security\"","type":"L","timestamp":"2016-08-01 13:13:53"},{"nodeID":"187028","text":"you can not be a capitalist and still believe in free markets similar to what already exists, except in key areas that are important to the people, and incidentally important to \"national security\"","type":"I","timestamp":"2016-08-01 13:13:53"},{"nodeID":"187029","text":"Barbara: AgentMullWork : You can not be a capitalist and still believe in free markets similar to what already exists, except in key areas that are important to the people, and incidentally important to \"national security\"","type":"L","timestamp":"2016-08-01 13:13:53"},{"nodeID":"187038","text":"broduding : Thanks for the insults.","type":"L","timestamp":"2016-08-01 13:13:54"},{"nodeID":"187040","text":"thanks for the insults","type":"I","timestamp":"2016-08-01 13:13:54"},{"nodeID":"187041","text":"Barbara: broduding : Thanks for the insults.","type":"L","timestamp":"2016-08-01 13:13:55"},{"nodeID":"187043","text":"broduding : It speaks to your own insecurities","type":"L","timestamp":"2016-08-01 13:13:55"},{"nodeID":"187045","text":"you insult speaks to your own insecurities","type":"I","timestamp":"2016-08-01 13:13:55"},{"nodeID":"187046","text":"Barbara: broduding : It speaks to your own insecurities","type":"L","timestamp":"2016-08-01 13:13:55"},{"nodeID":"187048","text":"broduding : I'm proud of what all my relatives have achieved","type":"L","timestamp":"2016-08-01 13:13:56"},{"nodeID":"187050","text":"I'm proud of what all my relatives have achieved","type":"I","timestamp":"2016-08-01 13:13:56"},{"nodeID":"187051","text":"Barbara: broduding : I'm proud of what all my relatives have achieved","type":"L","timestamp":"2016-08-01 13:13:56"},{"nodeID":"187053","text":"broduding : Unlike the Occupy crowd that Bernie panders to, I feel no shame about my or anyone else's success","type":"L","timestamp":"2016-08-01 13:13:56"},{"nodeID":"187055","text":"unlike the Occupy crowd that Bernie panders to, I feel no shame about my or anyone else's success","type":"I","timestamp":"2016-08-01 13:13:56"},{"nodeID":"187056","text":"Barbara: broduding : Unlike the Occupy crowd that Bernie panders to, I feel no shame about my or anyone else's success","type":"L","timestamp":"2016-08-01 13:13:56"},{"nodeID":"187058","text":"broduding : You're damn right I cling to capitalism","type":"L","timestamp":"2016-08-01 13:13:56"},{"nodeID":"187060","text":"AgentMullWork is damn right I cling to capitalism","type":"I","timestamp":"2016-08-01 13:13:57"},{"nodeID":"187061","text":"Barbara: broduding : You're damn right I cling to capitalism","type":"L","timestamp":"2016-08-01 13:13:57"},{"nodeID":"187062","text":"broduding : you should to","type":"L","timestamp":"2016-08-01 13:13:57"},{"nodeID":"187064","text":"AgentMullWork should too clinge to capitalism","type":"I","timestamp":"2016-08-01 13:13:57"},{"nodeID":"187065","text":"Barbara: broduding : you should to","type":"L","timestamp":"2016-08-01 13:13:57"},{"nodeID":"187066","text":"broduding : It's what makes this country great","type":"L","timestamp":"2016-08-01 13:13:57"},{"nodeID":"187068","text":"capitalism is what makes this country great","type":"I","timestamp":"2016-08-01 13:13:57"},{"nodeID":"187069","text":"Barbara: broduding : It's what makes this country great","type":"L","timestamp":"2016-08-01 13:13:57"},{"nodeID":"187070","text":"broduding : It's pulled hundreds of millions of people out poverty around the world","type":"L","timestamp":"2016-08-01 13:13:58"},{"nodeID":"187072","text":"capitalism has pulled hundreds of millions of people out poverty around the world","type":"I","timestamp":"2016-08-01 13:13:58"},{"nodeID":"187073","text":"Barbara: broduding : It's pulled hundreds of millions of people out poverty around the world","type":"L","timestamp":"2016-08-01 13:13:58"},{"nodeID":"187082","text":"broduding : Again this should be a very easy question for any presidential candidate to answer","type":"L","timestamp":"2016-08-01 13:13:59"},{"nodeID":"187084","text":"question about capitalism should be a very easy question for any presidential candidate to answer","type":"I","timestamp":"2016-08-01 13:13:59"},{"nodeID":"187085","text":"Barbara: broduding : Again this should be a very easy question for any presidential candidate to answer","type":"L","timestamp":"2016-08-01 13:13:59"},{"nodeID":"187089","text":"whitecompass : Um, what?","type":"L","timestamp":"2016-08-01 13:13:59"},{"nodeID":"187091","text":"what","type":"I","timestamp":"2016-08-01 13:14:00"},{"nodeID":"187092","text":"Barbara: whitecompass : Um, what?","type":"L","timestamp":"2016-08-01 13:14:00"},{"nodeID":"187093","text":"broduding : My post was pretty clear.","type":"L","timestamp":"2016-08-01 13:14:00"},{"nodeID":"187095","text":"My post was pretty clear.","type":"I","timestamp":"2016-08-01 13:14:00"},{"nodeID":"187096","text":"Barbara: broduding : My post was pretty clear.","type":"L","timestamp":"2016-08-01 13:14:00"},{"nodeID":"187099","text":"zotquix : It is a question where the common usage answer probably varies from person to person","type":"L","timestamp":"2016-08-01 13:14:01"},{"nodeID":"187101","text":"question about being a capitalist is a question where the common usage answer probably varies from person to person","type":"I","timestamp":"2016-08-01 13:14:01"},{"nodeID":"187102","text":"Barbara: zotquix : It is a question where the common usage answer probably varies from person to person","type":"L","timestamp":"2016-08-01 13:14:01"},{"nodeID":"187103","text":"zotquix : That said, I think there were more effective ways to answer that","type":"L","timestamp":"2016-08-01 13:14:01"},{"nodeID":"187105","text":"there were more effective ways to answer the question about being a socialist","type":"I","timestamp":"2016-08-01 13:14:02"},{"nodeID":"187106","text":"Barbara: zotquix : That said, I think there were more effective ways to answer that","type":"L","timestamp":"2016-08-01 13:14:02"},{"nodeID":"187107","text":"zotquix : For that matter, the greater error is Bernie calling himself a socialist","type":"L","timestamp":"2016-08-01 13:14:02"},{"nodeID":"187109","text":"the greater error is Bernie Sanders calling himself a socialist","type":"I","timestamp":"2016-08-01 13:14:02"},{"nodeID":"187110","text":"Barbara: zotquix : For that matter, the greater error is Bernie calling himself a socialist","type":"L","timestamp":"2016-08-01 13:14:02"},{"nodeID":"187111","text":"zotquix : He isn't.","type":"L","timestamp":"2016-08-01 13:14:02"},{"nodeID":"187113","text":"Bernie Sanders is not a socialist","type":"I","timestamp":"2016-08-01 13:14:03"},{"nodeID":"187114","text":"Barbara: zotquix : He isn't.","type":"L","timestamp":"2016-08-01 13:14:03"},{"nodeID":"187115","text":"zotquix : I'm not saying it will hurt his campaign","type":"L","timestamp":"2016-08-01 13:14:03"},{"nodeID":"187117","text":"being a socialist will not hurt Bernie Sanders' campaign","type":"I","timestamp":"2016-08-01 13:14:03"},{"nodeID":"187118","text":"Barbara: zotquix : I'm not saying it will hurt his campaign","type":"L","timestamp":"2016-08-01 13:14:03"},{"nodeID":"187119","text":"zotquix : I'm just saying it is factually untrue","type":"L","timestamp":"2016-08-01 13:14:04"},{"nodeID":"187121","text":"calling Bernie Sanders a socialist is factually untrue","type":"I","timestamp":"2016-08-01 13:14:04"},{"nodeID":"187122","text":"Barbara: zotquix : 'm just saying it is factually untrue","type":"L","timestamp":"2016-08-01 13:14:04"},{"nodeID":"187123","text":"zotquix : there is far less latitude in the common usage definition of the word","type":"L","timestamp":"2016-08-01 13:14:04"},{"nodeID":"187125","text":"there is far less latitude in the common usage definition of the word socialist","type":"I","timestamp":"2016-08-01 13:14:04"},{"nodeID":"187126","text":"Barbara: zotquix : there is far less latitude in the common usage definition of the word","type":"L","timestamp":"2016-08-01 13:14:04"},{"nodeID":"187140","text":"Asserting","type":"YA","timestamp":"2016-08-01 13:22:29","scheme":"Asserting","schemeID":"74"},{"nodeID":"187141","text":"Asserting","type":"YA","timestamp":"2016-08-01 13:22:30","scheme":"Asserting","schemeID":"74"},{"nodeID":"187142","text":"Asserting","type":"YA","timestamp":"2016-08-01 13:22:30","scheme":"Asserting","schemeID":"74"},{"nodeID":"187143","text":"Asserting","type":"YA","timestamp":"2016-08-01 13:22:31","scheme":"Asserting","schemeID":"74"},{"nodeID":"187144","text":"Default Transition","type":"TA","timestamp":"2016-08-01 13:22:31","scheme":"Default Transition","schemeID":"82"},{"nodeID":"187145","text":"Default Transition","type":"TA","timestamp":"2016-08-01 13:22:31","scheme":"Default Transition","schemeID":"82"},{"nodeID":"187146","text":"Default Inference","type":"RA","timestamp":"2016-08-01 13:22:31","scheme":"Default Inference","schemeID":"72"},{"nodeID":"187147","text":"Arguing","type":"YA","timestamp":"2016-08-01 13:22:32","scheme":"Arguing","schemeID":"80"},{"nodeID":"187148","text":"Default Inference","type":"RA","timestamp":"2016-08-01 13:22:32","scheme":"Default Inference","schemeID":"72"},{"nodeID":"187149","text":"Arguing","type":"YA","timestamp":"2016-08-01 13:22:32","scheme":"Arguing","schemeID":"80"},{"nodeID":"187150","text":"Default Transition","type":"TA","timestamp":"2016-08-01 13:22:32","scheme":"Default Transition","schemeID":"82"},{"nodeID":"187151","text":"Pure Challenging","type":"YA","timestamp":"2016-08-01 13:22:32","scheme":"PureChallenging","schemeID":"92"},{"nodeID":"187152","text":"Asserting","type":"YA","timestamp":"2016-08-01 13:22:32","scheme":"Asserting","schemeID":"74"},{"nodeID":"187153","text":"Default Inference","type":"RA","timestamp":"2016-08-01 13:22:33","scheme":"Default Inference","schemeID":"72"},{"nodeID":"187154","text":"Default Transition","type":"TA","timestamp":"2016-08-01 13:22:33","scheme":"Default Transition","schemeID":"82"},{"nodeID":"187155","text":"Arguing","type":"YA","timestamp":"2016-08-01 13:22:33","scheme":"Arguing","schemeID":"80"},{"nodeID":"187156","text":"Rhetorical Questioning","type":"YA","timestamp":"2016-08-01 13:22:33","scheme":"RhetoricalQuestioning","schemeID":"85"},{"nodeID":"187157","text":"Default Inference","type":"RA","timestamp":"2016-08-01 13:22:34","scheme":"Default Inference","schemeID":"72"},{"nodeID":"187158","text":"Arguing","type":"YA","timestamp":"2016-08-01 13:22:34","scheme":"Arguing","schemeID":"80"},{"nodeID":"187159","text":"Asserting","type":"YA","timestamp":"2016-08-01 13:22:35","scheme":"Asserting","schemeID":"74"},{"nodeID":"187160","text":"Asserting","type":"YA","timestamp":"2016-08-01 13:22:35","scheme":"Asserting","schemeID":"74"},{"nodeID":"187161","text":"Default Transition","type":"TA","timestamp":"2016-08-01 13:22:36","scheme":"Default Transition","schemeID":"82"},{"nodeID":"187162","text":"Agreeing","type":"YA","timestamp":"2016-08-01 13:22:36","scheme":"Agreeing","schemeID":"77"},{"nodeID":"187163","text":"Default Transition","type":"TA","timestamp":"2016-08-01 13:22:36","scheme":"Default Transition","schemeID":"82"},{"nodeID":"187164","text":"Default Conflict","type":"CA","timestamp":"2016-08-01 13:22:36","scheme":"Default Conflict","schemeID":"71"},{"nodeID":"187165","text":"Disagreeing","type":"YA","timestamp":"2016-08-01 13:22:36","scheme":"Disagreeing","schemeID":"78"},{"nodeID":"187166","text":"Asserting","type":"YA","timestamp":"2016-08-01 13:22:36","scheme":"Asserting","schemeID":"74"},{"nodeID":"187167","text":"Asserting","type":"YA","timestamp":"2016-08-01 13:22:37","scheme":"Asserting","schemeID":"74"},{"nodeID":"187168","text":"Asserting","type":"YA","timestamp":"2016-08-01 13:22:38","scheme":"Asserting","schemeID":"74"},{"nodeID":"187169","text":"Asserting","type":"YA","timestamp":"2016-08-01 13:22:38","scheme":"Asserting","schemeID":"74"},{"nodeID":"187170","text":"Default Inference","type":"RA","timestamp":"2016-08-01 13:22:38","scheme":"Default Inference","schemeID":"72"},{"nodeID":"187171","text":"Default Transition","type":"TA","timestamp":"2016-08-01 13:22:39","scheme":"Default Transition","schemeID":"82"},{"nodeID":"187172","text":"Arguing","type":"YA","timestamp":"2016-08-01 13:22:39","scheme":"Arguing","schemeID":"80"},{"nodeID":"187173","text":"Default Inference","type":"RA","timestamp":"2016-08-01 13:22:39","scheme":"Default Inference","schemeID":"72"},{"nodeID":"187174","text":"Default Transition","type":"TA","timestamp":"2016-08-01 13:22:39","scheme":"Default Transition","schemeID":"82"},{"nodeID":"187175","text":"Arguing","type":"YA","timestamp":"2016-08-01 13:22:39","scheme":"Arguing","schemeID":"80"},{"nodeID":"187176","text":"Default Transition","type":"TA","timestamp":"2016-08-01 13:22:39","scheme":"Default Transition","schemeID":"82"},{"nodeID":"187177","text":"Default Rephrase","type":"MA","timestamp":"2016-08-01 13:22:39","scheme":"Default Rephrase","schemeID":"144"},{"nodeID":"187178","text":"Restating","type":"YA","timestamp":"2016-08-01 13:22:39","scheme":"Restating","schemeID":"101"},{"nodeID":"187179","text":"Default Inference","type":"RA","timestamp":"2016-08-01 13:22:40","scheme":"Default Inference","schemeID":"72"},{"nodeID":"187180","text":"Default Transition","type":"TA","timestamp":"2016-08-01 13:22:40","scheme":"Default Transition","schemeID":"82"},{"nodeID":"187181","text":"Arguing","type":"YA","timestamp":"2016-08-01 13:22:40","scheme":"Arguing","schemeID":"80"},{"nodeID":"187182","text":"Default Conflict","type":"CA","timestamp":"2016-08-01 13:22:40","scheme":"Default Conflict","schemeID":"71"},{"nodeID":"187183","text":"Default Transition","type":"TA","timestamp":"2016-08-01 13:22:41","scheme":"Default Transition","schemeID":"82"},{"nodeID":"187184","text":"Disagreeing","type":"YA","timestamp":"2016-08-01 13:22:41","scheme":"Disagreeing","schemeID":"78"},{"nodeID":"187185","text":"Asserting","type":"YA","timestamp":"2016-08-01 13:22:41","scheme":"Asserting","schemeID":"74"},{"nodeID":"187186","text":"Asserting","type":"YA","timestamp":"2016-08-01 13:22:41","scheme":"Asserting","schemeID":"74"},{"nodeID":"187187","text":"Asserting","type":"YA","timestamp":"2016-08-01 13:22:42","scheme":"Asserting","schemeID":"74"},{"nodeID":"187188","text":"Default Inference","type":"RA","timestamp":"2016-08-01 13:22:42","scheme":"Default Inference","schemeID":"72"},{"nodeID":"187189","text":"Default Transition","type":"TA","timestamp":"2016-08-01 13:22:42","scheme":"Default Transition","schemeID":"82"},{"nodeID":"187190","text":"Arguing","type":"YA","timestamp":"2016-08-01 13:22:43","scheme":"Arguing","schemeID":"80"},{"nodeID":"187191","text":"Default Conflict","type":"CA","timestamp":"2016-08-01 13:22:43","scheme":"Default Conflict","schemeID":"71"},{"nodeID":"187192","text":"Default Transition","type":"TA","timestamp":"2016-08-01 13:22:43","scheme":"Default Transition","schemeID":"82"},{"nodeID":"187193","text":"Disagreeing","type":"YA","timestamp":"2016-08-01 13:22:43","scheme":"Disagreeing","schemeID":"78"},{"nodeID":"187194","text":"Asserting","type":"YA","timestamp":"2016-08-01 13:22:43","scheme":"Asserting","schemeID":"74"},{"nodeID":"187195","text":"Asserting","type":"YA","timestamp":"2016-08-01 13:22:44","scheme":"Asserting","schemeID":"74"},{"nodeID":"187196","text":"Default Transition","type":"TA","timestamp":"2016-08-01 13:22:44","scheme":"Default Transition","schemeID":"82"},{"nodeID":"187197","text":"Asserting","type":"YA","timestamp":"2016-08-01 13:22:44","scheme":"Asserting","schemeID":"74"},{"nodeID":"187198","text":"Default Inference","type":"RA","timestamp":"2016-08-01 13:22:45","scheme":"Default Inference","schemeID":"72"},{"nodeID":"187199","text":"Default Transition","type":"TA","timestamp":"2016-08-01 13:22:45","scheme":"Default Transition","schemeID":"82"},{"nodeID":"187200","text":"Arguing","type":"YA","timestamp":"2016-08-01 13:22:45","scheme":"Arguing","schemeID":"80"},{"nodeID":"187201","text":"Default Transition","type":"TA","timestamp":"2016-08-01 13:22:45","scheme":"Default Transition","schemeID":"82"},{"nodeID":"187202","text":"Default Rephrase","type":"MA","timestamp":"2016-08-01 13:22:46","scheme":"Default Rephrase","schemeID":"144"},{"nodeID":"187203","text":"Restating","type":"YA","timestamp":"2016-08-01 13:22:46","scheme":"Restating","schemeID":"101"},{"nodeID":"187204","text":"Asserting","type":"YA","timestamp":"2016-08-01 13:22:46","scheme":"Asserting","schemeID":"74"},{"nodeID":"187205","text":"Asserting","type":"YA","timestamp":"2016-08-01 13:22:47","scheme":"Asserting","schemeID":"74"},{"nodeID":"187206","text":"Asserting","type":"YA","timestamp":"2016-08-01 13:22:48","scheme":"Asserting","schemeID":"74"},{"nodeID":"187207","text":"Default Inference","type":"RA","timestamp":"2016-08-01 13:22:49","scheme":"Default Inference","schemeID":"72"},{"nodeID":"187208","text":"Default Transition","type":"TA","timestamp":"2016-08-01 13:22:49","scheme":"Default Transition","schemeID":"82"},{"nodeID":"187209","text":"Arguing","type":"YA","timestamp":"2016-08-01 13:22:49","scheme":"Arguing","schemeID":"80"},{"nodeID":"187210","text":"Asserting","type":"YA","timestamp":"2016-08-01 13:22:49","scheme":"Asserting","schemeID":"74"},{"nodeID":"187211","text":"Default Rephrase","type":"MA","timestamp":"2016-08-01 13:22:50","scheme":"Default Rephrase","schemeID":"144"},{"nodeID":"187212","text":"Default Transition","type":"TA","timestamp":"2016-08-01 13:22:50","scheme":"Default Transition","schemeID":"82"},{"nodeID":"187213","text":"Restating","type":"YA","timestamp":"2016-08-01 13:22:50","scheme":"Restating","schemeID":"101"},{"nodeID":"187214","text":"Default Transition","type":"TA","timestamp":"2016-08-01 13:22:50","scheme":"Default Transition","schemeID":"82"},{"nodeID":"187215","text":"Default Conflict","type":"CA","timestamp":"2016-08-01 13:22:50","scheme":"Default Conflict","schemeID":"71"},{"nodeID":"187216","text":"Default Transition","type":"TA","timestamp":"2016-08-01 13:22:50","scheme":"Default Transition","schemeID":"82"},{"nodeID":"187217","text":"Disagreeing","type":"YA","timestamp":"2016-08-01 13:22:50","scheme":"Disagreeing","schemeID":"78"},{"nodeID":"187218","text":"Asserting","type":"YA","timestamp":"2016-08-01 13:22:51","scheme":"Asserting","schemeID":"74"},{"nodeID":"187219","text":"Default Conflict","type":"CA","timestamp":"2016-08-01 13:22:52","scheme":"Default Conflict","schemeID":"71"},{"nodeID":"187220","text":"Default Transition","type":"TA","timestamp":"2016-08-01 13:22:53","scheme":"Default Transition","schemeID":"82"},{"nodeID":"187221","text":"Disagreeing","type":"YA","timestamp":"2016-08-01 13:22:53","scheme":"Disagreeing","schemeID":"78"},{"nodeID":"187222","text":"Asserting","type":"YA","timestamp":"2016-08-01 13:22:54","scheme":"Asserting","schemeID":"74"},{"nodeID":"187223","text":"Asserting","type":"YA","timestamp":"2016-08-01 13:22:56","scheme":"Asserting","schemeID":"74"},{"nodeID":"187224","text":"Default Inference","type":"RA","timestamp":"2016-08-01 13:22:57","scheme":"Default Inference","schemeID":"72"},{"nodeID":"187225","text":"Default Transition","type":"TA","timestamp":"2016-08-01 13:22:57","scheme":"Default Transition","schemeID":"82"},{"nodeID":"187226","text":"Arguing","type":"YA","timestamp":"2016-08-01 13:22:57","scheme":"Arguing","schemeID":"80"},{"nodeID":"187227","text":"Asserting","type":"YA","timestamp":"2016-08-01 13:22:57","scheme":"Asserting","schemeID":"74"},{"nodeID":"187228","text":"Asserting","type":"YA","timestamp":"2016-08-01 13:22:58","scheme":"Asserting","schemeID":"74"},{"nodeID":"187229","text":"Asserting","type":"YA","timestamp":"2016-08-01 13:23:00","scheme":"Asserting","schemeID":"74"},{"nodeID":"187230","text":"Default Inference","type":"RA","timestamp":"2016-08-01 13:23:01","scheme":"Default Inference","schemeID":"72"},{"nodeID":"187231","text":"Default Inference","type":"RA","timestamp":"2016-08-01 13:23:02","scheme":"Default Inference","schemeID":"72"},{"nodeID":"187232","text":"Default Transition","type":"TA","timestamp":"2016-08-01 13:23:02","scheme":"Default Transition","schemeID":"82"},{"nodeID":"187233","text":"Default Transition","type":"TA","timestamp":"2016-08-01 13:23:03","scheme":"Default Transition","schemeID":"82"},{"nodeID":"187234","text":"Arguing","type":"YA","timestamp":"2016-08-01 13:23:03","scheme":"Arguing","schemeID":"80"},{"nodeID":"187235","text":"Arguing","type":"YA","timestamp":"2016-08-01 13:23:03","scheme":"Arguing","schemeID":"80"},{"nodeID":"187236","text":"Default Conflict","type":"CA","timestamp":"2016-08-01 13:23:04","scheme":"Default Conflict","schemeID":"71"},{"nodeID":"187237","text":"Default Transition","type":"TA","timestamp":"2016-08-01 13:23:04","scheme":"Default Transition","schemeID":"82"},{"nodeID":"187238","text":"Disagreeing","type":"YA","timestamp":"2016-08-01 13:23:04","scheme":"Disagreeing","schemeID":"78"},{"nodeID":"187239","text":"Default Transition","type":"TA","timestamp":"2016-08-01 13:23:04","scheme":"Default Transition","schemeID":"82"},{"nodeID":"187240","text":"Pure Challenging","type":"YA","timestamp":"2016-08-01 13:23:05","scheme":"PureChallenging","schemeID":"92"},{"nodeID":"187241","text":"Assertive Challenging","type":"YA","timestamp":"2016-08-01 13:23:05","scheme":"AssertiveChallenging","schemeID":"87"},{"nodeID":"187242","text":"Default Conflict","type":"CA","timestamp":"2016-08-01 13:23:06","scheme":"Default Conflict","schemeID":"71"},{"nodeID":"187243","text":"Default Transition","type":"TA","timestamp":"2016-08-01 13:23:06","scheme":"Default Transition","schemeID":"82"},{"nodeID":"187244","text":"Disagreeing","type":"YA","timestamp":"2016-08-01 13:23:06","scheme":"Disagreeing","schemeID":"78"},{"nodeID":"187245","text":"Assertive Questioning","type":"YA","timestamp":"2016-08-01 13:23:07","scheme":"AssertiveQuestioning","schemeID":"73"},{"nodeID":"187246","text":"Default Inference","type":"RA","timestamp":"2016-08-01 13:23:07","scheme":"Default Inference","schemeID":"72"},{"nodeID":"187247","text":"Default Transition","type":"TA","timestamp":"2016-08-01 13:23:07","scheme":"Default Transition","schemeID":"82"},{"nodeID":"187248","text":"Arguing","type":"YA","timestamp":"2016-08-01 13:23:07","scheme":"Arguing","schemeID":"80"},{"nodeID":"187249","text":"Default Transition","type":"TA","timestamp":"2016-08-01 13:23:08","scheme":"Default Transition","schemeID":"82"},{"nodeID":"187250","text":"Asserting","type":"YA","timestamp":"2016-08-01 13:23:08","scheme":"Asserting","schemeID":"74"},{"nodeID":"187251","text":"Default Transition","type":"TA","timestamp":"2016-08-01 13:23:09","scheme":"Default Transition","schemeID":"82"},{"nodeID":"187252","text":"Asserting","type":"YA","timestamp":"2016-08-01 13:23:09","scheme":"Asserting","schemeID":"74"},{"nodeID":"187253","text":"Agreeing","type":"YA","timestamp":"2016-08-01 13:23:10","scheme":"Agreeing","schemeID":"77"},{"nodeID":"187254","text":"Default Transition","type":"TA","timestamp":"2016-08-01 13:23:10","scheme":"Default Transition","schemeID":"82"},{"nodeID":"187255","text":"Asserting","type":"YA","timestamp":"2016-08-01 13:23:10","scheme":"Asserting","schemeID":"74"},{"nodeID":"187256","text":"Default Conflict","type":"CA","timestamp":"2016-08-01 13:23:10","scheme":"Default Conflict","schemeID":"71"},{"nodeID":"187257","text":"Default Transition","type":"TA","timestamp":"2016-08-01 13:23:11","scheme":"Default Transition","schemeID":"82"},{"nodeID":"187258","text":"Disagreeing","type":"YA","timestamp":"2016-08-01 13:23:11","scheme":"Disagreeing","schemeID":"78"},{"nodeID":"187259","text":"Asserting","type":"YA","timestamp":"2016-08-01 13:23:11","scheme":"Asserting","schemeID":"74"},{"nodeID":"187260","text":"Default Conflict","type":"CA","timestamp":"2016-08-01 13:23:11","scheme":"Default Conflict","schemeID":"71"},{"nodeID":"187261","text":"Default Transition","type":"TA","timestamp":"2016-08-01 13:23:11","scheme":"Default Transition","schemeID":"82"},{"nodeID":"187262","text":"Disagreeing","type":"YA","timestamp":"2016-08-01 13:23:12","scheme":"Disagreeing","schemeID":"78"},{"nodeID":"187263","text":"Asserting","type":"YA","timestamp":"2016-08-01 13:23:12","scheme":"Asserting","schemeID":"74"},{"nodeID":"187264","text":"Asserting","type":"YA","timestamp":"2016-08-01 13:23:12","scheme":"Asserting","schemeID":"74"},{"nodeID":"187265","text":"Default Transition","type":"TA","timestamp":"2016-08-01 13:23:13","scheme":"Default Transition","schemeID":"82"},{"nodeID":"187266","text":"Default Transition","type":"TA","timestamp":"2016-08-01 13:23:13","scheme":"Default Transition","schemeID":"82"},{"nodeID":"187267","text":"Default Inference","type":"RA","timestamp":"2016-08-01 13:23:13","scheme":"Default Inference","schemeID":"72"},{"nodeID":"187268","text":"Default Inference","type":"RA","timestamp":"2016-08-01 13:23:13","scheme":"Default Inference","schemeID":"72"},{"nodeID":"187269","text":"Arguing","type":"YA","timestamp":"2016-08-01 13:23:13","scheme":"Arguing","schemeID":"80"},{"nodeID":"187270","text":"Arguing","type":"YA","timestamp":"2016-08-01 13:23:13","scheme":"Arguing","schemeID":"80"},{"nodeID":"187271","text":"Asserting","type":"YA","timestamp":"2016-08-01 13:23:13","scheme":"Asserting","schemeID":"74"},{"nodeID":"187272","text":"Default Transition","type":"TA","timestamp":"2016-08-01 13:23:14","scheme":"Default Transition","schemeID":"82"},{"nodeID":"187273","text":"Asserting","type":"YA","timestamp":"2016-08-01 13:23:14","scheme":"Asserting","schemeID":"74"},{"nodeID":"187274","text":"Default Transition","type":"TA","timestamp":"2016-08-01 13:23:15","scheme":"Default Transition","schemeID":"82"},{"nodeID":"187275","text":"Default Inference","type":"RA","timestamp":"2016-08-01 13:23:15","scheme":"Default Inference","schemeID":"72"},{"nodeID":"187276","text":"Arguing","type":"YA","timestamp":"2016-08-01 13:23:16","scheme":"Arguing","schemeID":"80"},{"nodeID":"187277","text":"Default Conflict","type":"CA","timestamp":"2016-08-01 13:23:16","scheme":"Default Conflict","schemeID":"71"},{"nodeID":"187278","text":"Default Transition","type":"TA","timestamp":"2016-08-01 13:23:16","scheme":"Default Transition","schemeID":"82"},{"nodeID":"187279","text":"Disagreeing","type":"YA","timestamp":"2016-08-01 13:23:16","scheme":"Disagreeing","schemeID":"78"},{"nodeID":"187280","text":"Asserting","type":"YA","timestamp":"2016-08-01 13:23:17","scheme":"Asserting","schemeID":"74"},{"nodeID":"187281","text":"Default Conflict","type":"CA","timestamp":"2016-08-01 13:23:17","scheme":"Default Conflict","schemeID":"71"},{"nodeID":"187282","text":"Default Transition","type":"TA","timestamp":"2016-08-01 13:23:17","scheme":"Default Transition","schemeID":"82"},{"nodeID":"187283","text":"Disagreeing","type":"YA","timestamp":"2016-08-01 13:23:17","scheme":"Disagreeing","schemeID":"78"},{"nodeID":"187284","text":"Asserting","type":"YA","timestamp":"2016-08-01 13:23:17","scheme":"Asserting","schemeID":"74"},{"nodeID":"187285","text":"Default Inference","type":"RA","timestamp":"2016-08-01 13:23:18","scheme":"Default Inference","schemeID":"72"},{"nodeID":"187286","text":"Default Transition","type":"TA","timestamp":"2016-08-01 13:23:18","scheme":"Default Transition","schemeID":"82"},{"nodeID":"187287","text":"Arguing","type":"YA","timestamp":"2016-08-01 13:23:18","scheme":"Arguing","schemeID":"80"},{"nodeID":"187288","text":"Assertive Questioning","type":"YA","timestamp":"2016-08-01 13:23:18","scheme":"AssertiveQuestioning","schemeID":"73"},{"nodeID":"187289","text":"Default Transition","type":"TA","timestamp":"2016-08-01 13:23:19","scheme":"Default Transition","schemeID":"82"},{"nodeID":"187290","text":"Asserting","type":"YA","timestamp":"2016-08-01 13:23:19","scheme":"Asserting","schemeID":"74"},{"nodeID":"187291","text":"Assertive Questioning","type":"YA","timestamp":"2016-08-01 13:23:19","scheme":"AssertiveQuestioning","schemeID":"73"},{"nodeID":"187292","text":"Assertive Challenging","type":"YA","timestamp":"2016-08-01 13:23:20","scheme":"AssertiveChallenging","schemeID":"87"},{"nodeID":"187293","text":"Asserting","type":"YA","timestamp":"2016-08-01 13:23:20","scheme":"Asserting","schemeID":"74"},{"nodeID":"187294","text":"Default Transition","type":"TA","timestamp":"2016-08-01 13:23:20","scheme":"Default Transition","schemeID":"82"},{"nodeID":"187295","text":"Default Inference","type":"RA","timestamp":"2016-08-01 13:23:20","scheme":"Default Inference","schemeID":"72"},{"nodeID":"187296","text":"Arguing","type":"YA","timestamp":"2016-08-01 13:23:20","scheme":"Arguing","schemeID":"80"},{"nodeID":"187297","text":"Default Transition","type":"TA","timestamp":"2016-08-01 13:23:21","scheme":"Default Transition","schemeID":"82"},{"nodeID":"187298","text":"Default Transition","type":"TA","timestamp":"2016-08-01 13:23:21","scheme":"Default Transition","schemeID":"82"},{"nodeID":"187299","text":"Default Transition","type":"TA","timestamp":"2016-08-01 13:23:21","scheme":"Default Transition","schemeID":"82"},{"nodeID":"187300","text":"Default Conflict","type":"CA","timestamp":"2016-08-01 13:23:21","scheme":"Default Conflict","schemeID":"71"},{"nodeID":"187301","text":"Disagreeing","type":"YA","timestamp":"2016-08-01 13:23:22","scheme":"Disagreeing","schemeID":"78"},{"nodeID":"187302","text":"Asserting","type":"YA","timestamp":"2016-08-01 13:23:22","scheme":"Asserting","schemeID":"74"},{"nodeID":"187303","text":"Default Transition","type":"TA","timestamp":"2016-08-01 13:23:22","scheme":"Default Transition","schemeID":"82"},{"nodeID":"187304","text":"Asserting","type":"YA","timestamp":"2016-08-01 13:23:23","scheme":"Asserting","schemeID":"74"},{"nodeID":"187305","text":"Default Transition","type":"TA","timestamp":"2016-08-01 13:23:23","scheme":"Default Transition","schemeID":"82"},{"nodeID":"187306","text":"Asserting","type":"YA","timestamp":"2016-08-01 13:23:23","scheme":"Asserting","schemeID":"74"},{"nodeID":"187307","text":"Default Transition","type":"TA","timestamp":"2016-08-01 13:23:23","scheme":"Default Transition","schemeID":"82"},{"nodeID":"187308","text":"Asserting","type":"YA","timestamp":"2016-08-01 13:23:24","scheme":"Asserting","schemeID":"74"},{"nodeID":"187309","text":"Default Transition","type":"TA","timestamp":"2016-08-01 13:23:24","scheme":"Default Transition","schemeID":"82"},{"nodeID":"187310","text":"Asserting","type":"YA","timestamp":"2016-08-01 13:23:24","scheme":"Asserting","schemeID":"74"},{"nodeID":"187311","text":"Asserting","type":"YA","timestamp":"2016-08-01 13:23:25","scheme":"Asserting","schemeID":"74"},{"nodeID":"187312","text":"Asserting","type":"YA","timestamp":"2016-08-01 13:23:25","scheme":"Asserting","schemeID":"74"},{"nodeID":"187313","text":"Asserting","type":"YA","timestamp":"2016-08-01 13:23:25","scheme":"Asserting","schemeID":"74"},{"nodeID":"187314","text":"Default Inference","type":"RA","timestamp":"2016-08-01 13:23:26","scheme":"Default Inference","schemeID":"72"},{"nodeID":"187315","text":"Default Transition","type":"TA","timestamp":"2016-08-01 13:23:26","scheme":"Default Transition","schemeID":"82"},{"nodeID":"187316","text":"Arguing","type":"YA","timestamp":"2016-08-01 13:23:26","scheme":"Arguing","schemeID":"80"},{"nodeID":"187317","text":"Default Transition","type":"TA","timestamp":"2016-08-01 13:23:26","scheme":"Default Transition","schemeID":"82"},{"nodeID":"187318","text":"Default Transition","type":"TA","timestamp":"2016-08-01 13:23:26","scheme":"Default Transition","schemeID":"82"},{"nodeID":"187319","text":"Default Conflict","type":"CA","timestamp":"2016-08-01 13:23:26","scheme":"Default Conflict","schemeID":"71"},{"nodeID":"187320","text":"Default Transition","type":"TA","timestamp":"2016-08-01 13:23:26","scheme":"Default Transition","schemeID":"82"},{"nodeID":"187321","text":"Disagreeing","type":"YA","timestamp":"2016-08-01 13:23:27","scheme":"Disagreeing","schemeID":"78"},{"nodeID":"187322","text":"Asserting","type":"YA","timestamp":"2016-08-01 13:23:27","scheme":"Asserting","schemeID":"74"},{"nodeID":"187323","text":"Default Rephrase","type":"MA","timestamp":"2016-08-01 13:23:27","scheme":"Default Rephrase","schemeID":"144"},{"nodeID":"187324","text":"Default Transition","type":"TA","timestamp":"2016-08-01 13:23:27","scheme":"Default Transition","schemeID":"82"},{"nodeID":"187325","text":"Restating","type":"YA","timestamp":"2016-08-01 13:23:28","scheme":"Restating","schemeID":"101"},{"nodeID":"187326","text":"Pure Questioning","type":"YA","timestamp":"2016-08-01 13:23:28","scheme":"PureQuestioning","schemeID":"91"},{"nodeID":"187327","text":"Asserting","type":"YA","timestamp":"2016-08-01 13:23:28","scheme":"Asserting","schemeID":"74"},{"nodeID":"187328","text":"Default Transition","type":"TA","timestamp":"2016-08-01 13:23:28","scheme":"Default Transition","schemeID":"82"},{"nodeID":"187329","text":"Default Transition","type":"TA","timestamp":"2016-08-01 13:23:29","scheme":"Default Transition","schemeID":"82"},{"nodeID":"187330","text":"Asserting","type":"YA","timestamp":"2016-08-01 13:23:29","scheme":"Asserting","schemeID":"74"},{"nodeID":"187331","text":"Asserting","type":"YA","timestamp":"2016-08-01 13:23:29","scheme":"Asserting","schemeID":"74"},{"nodeID":"187332","text":"Asserting","type":"YA","timestamp":"2016-08-01 13:23:30","scheme":"Asserting","schemeID":"74"},{"nodeID":"187333","text":"Asserting","type":"YA","timestamp":"2016-08-01 13:23:30","scheme":"Asserting","schemeID":"74"},{"nodeID":"187334","text":"Asserting","type":"YA","timestamp":"2016-08-01 13:23:31","scheme":"Asserting","schemeID":"74"},{"nodeID":"187335","text":"Asserting","type":"YA","timestamp":"2016-08-01 13:23:32","scheme":"Asserting","schemeID":"74"},{"nodeID":"187336","text":"Asserting","type":"YA","timestamp":"2016-08-01 13:23:33","scheme":"Asserting","schemeID":"74"},{"nodeID":"187337","text":"Default Inference","type":"RA","timestamp":"2016-08-01 13:23:35","scheme":"Default Inference","schemeID":"72"},{"nodeID":"187338","text":"Default Transition","type":"TA","timestamp":"2016-08-01 13:23:35","scheme":"Default Transition","schemeID":"82"},{"nodeID":"187339","text":"Arguing","type":"YA","timestamp":"2016-08-01 13:23:36","scheme":"Arguing","schemeID":"80"},{"nodeID":"187340","text":"Default Rephrase","type":"MA","timestamp":"2016-08-01 13:23:36","scheme":"Default Rephrase","schemeID":"144"},{"nodeID":"187341","text":"Default Transition","type":"TA","timestamp":"2016-08-01 13:23:36","scheme":"Default Transition","schemeID":"82"},{"nodeID":"187342","text":"Restating","type":"YA","timestamp":"2016-08-01 13:23:37","scheme":"Restating","schemeID":"101"},{"nodeID":"187343","text":"Default Transition","type":"TA","timestamp":"2016-08-01 13:23:37","scheme":"Default Transition","schemeID":"82"},{"nodeID":"187344","text":"Default Transition","type":"TA","timestamp":"2016-08-01 13:23:37","scheme":"Default Transition","schemeID":"82"},{"nodeID":"187345","text":"Default Transition","type":"TA","timestamp":"2016-08-01 13:23:37","scheme":"Default Transition","schemeID":"82"},{"nodeID":"187346","text":"Default Conflict","type":"CA","timestamp":"2016-08-01 13:23:37","scheme":"Default Conflict","schemeID":"71"},{"nodeID":"187347","text":"Default Transition","type":"TA","timestamp":"2016-08-01 13:23:37","scheme":"Default Transition","schemeID":"82"},{"nodeID":"187348","text":"Disagreeing","type":"YA","timestamp":"2016-08-01 13:23:38","scheme":"Disagreeing","schemeID":"78"},{"nodeID":"187349","text":"Default Transition","type":"TA","timestamp":"2016-08-01 13:23:38","scheme":"Default Transition","schemeID":"82"}],"edges":[{"edgeID":"229017","fromID":"187140","toID":"186379","formEdgeID":null},{"edgeID":"229018","fromID":"186377","toID":"187140","formEdgeID":null},{"edgeID":"229019","fromID":"187141","toID":"186469","formEdgeID":null},{"edgeID":"229020","fromID":"186381","toID":"187141","formEdgeID":null},{"edgeID":"229021","fromID":"187142","toID":"186387","formEdgeID":null},{"edgeID":"229022","fromID":"186385","toID":"187142","formEdgeID":null},{"edgeID":"229023","fromID":"187143","toID":"186391","formEdgeID":null},{"edgeID":"229024","fromID":"186389","toID":"187143","formEdgeID":null},{"edgeID":"229025","fromID":"186377","toID":"187144","formEdgeID":null},{"edgeID":"229026","fromID":"187144","toID":"186381","formEdgeID":null},{"edgeID":"229027","fromID":"186385","toID":"187145","formEdgeID":null},{"edgeID":"229028","fromID":"187145","toID":"186389","formEdgeID":null},{"edgeID":"229029","fromID":"186379","toID":"187146","formEdgeID":null},{"edgeID":"229030","fromID":"187146","toID":"186469","formEdgeID":null},{"edgeID":"229031","fromID":"187144","toID":"187147","formEdgeID":null},{"edgeID":"229032","fromID":"187147","toID":"187146","formEdgeID":null},{"edgeID":"229033","fromID":"186391","toID":"187148","formEdgeID":null},{"edgeID":"229034","fromID":"187148","toID":"186387","formEdgeID":null},{"edgeID":"229035","fromID":"187145","toID":"187149","formEdgeID":null},{"edgeID":"229036","fromID":"187149","toID":"187148","formEdgeID":null},{"edgeID":"229037","fromID":"186389","toID":"187150","formEdgeID":null},{"edgeID":"229038","fromID":"187150","toID":"186400","formEdgeID":null},{"edgeID":"229039","fromID":"187150","toID":"187151","formEdgeID":null},{"edgeID":"229040","fromID":"187151","toID":"186391","formEdgeID":null},{"edgeID":"229041","fromID":"187152","toID":"186406","formEdgeID":null},{"edgeID":"229042","fromID":"186404","toID":"187152","formEdgeID":null},{"edgeID":"229043","fromID":"186406","toID":"187153","formEdgeID":null},{"edgeID":"229044","fromID":"187153","toID":"186391","formEdgeID":null},{"edgeID":"229045","fromID":"186400","toID":"187154","formEdgeID":null},{"edgeID":"229046","fromID":"187154","toID":"186404","formEdgeID":null},{"edgeID":"229047","fromID":"187154","toID":"187155","formEdgeID":null},{"edgeID":"229048","fromID":"187155","toID":"187153","formEdgeID":null},{"edgeID":"229049","fromID":"187156","toID":"186413","formEdgeID":null},{"edgeID":"229050","fromID":"186411","toID":"187156","formEdgeID":null},{"edgeID":"229051","fromID":"186413","toID":"187157","formEdgeID":null},{"edgeID":"229052","fromID":"187157","toID":"186391","formEdgeID":null},{"edgeID":"229053","fromID":"187154","toID":"187158","formEdgeID":null},{"edgeID":"229054","fromID":"187158","toID":"187157","formEdgeID":null},{"edgeID":"229055","fromID":"187154","toID":"186411","formEdgeID":null},{"edgeID":"229056","fromID":"187159","toID":"186419","formEdgeID":null},{"edgeID":"229057","fromID":"186417","toID":"187159","formEdgeID":null},{"edgeID":"229058","fromID":"187160","toID":"186426","formEdgeID":null},{"edgeID":"229059","fromID":"186424","toID":"187160","formEdgeID":null},{"edgeID":"229060","fromID":"186421","toID":"187161","formEdgeID":null},{"edgeID":"229061","fromID":"187161","toID":"186428","formEdgeID":null},{"edgeID":"229062","fromID":"187161","toID":"187162","formEdgeID":null},{"edgeID":"229063","fromID":"187162","toID":"186422","formEdgeID":null},{"edgeID":"229064","fromID":"186421","toID":"187163","formEdgeID":null},{"edgeID":"229065","fromID":"187163","toID":"186424","formEdgeID":null},{"edgeID":"229066","fromID":"186426","toID":"187164","formEdgeID":null},{"edgeID":"229067","fromID":"187164","toID":"186422","formEdgeID":null},{"edgeID":"229068","fromID":"187163","toID":"187165","formEdgeID":null},{"edgeID":"229069","fromID":"187165","toID":"187164","formEdgeID":null},{"edgeID":"229070","fromID":"187166","toID":"186437","formEdgeID":null},{"edgeID":"229071","fromID":"186435","toID":"187166","formEdgeID":null},{"edgeID":"229072","fromID":"187167","toID":"186441","formEdgeID":null},{"edgeID":"229073","fromID":"186439","toID":"187167","formEdgeID":null},{"edgeID":"229074","fromID":"187168","toID":"186445","formEdgeID":null},{"edgeID":"229075","fromID":"186443","toID":"187168","formEdgeID":null},{"edgeID":"229076","fromID":"187169","toID":"186449","formEdgeID":null},{"edgeID":"229077","fromID":"186447","toID":"187169","formEdgeID":null},{"edgeID":"229078","fromID":"186441","toID":"187170","formEdgeID":null},{"edgeID":"229079","fromID":"187170","toID":"186445","formEdgeID":null},{"edgeID":"229080","fromID":"186437","toID":"187170","formEdgeID":null},{"edgeID":"229081","fromID":"186435","toID":"187171","formEdgeID":null},{"edgeID":"229082","fromID":"187171","toID":"186443","formEdgeID":null},{"edgeID":"229083","fromID":"186439","toID":"187171","formEdgeID":null},{"edgeID":"229084","fromID":"187171","toID":"187172","formEdgeID":null},{"edgeID":"229085","fromID":"187172","toID":"187170","formEdgeID":null},{"edgeID":"229086","fromID":"186445","toID":"187173","formEdgeID":null},{"edgeID":"229087","fromID":"187173","toID":"186449","formEdgeID":null},{"edgeID":"229088","fromID":"186443","toID":"187174","formEdgeID":null},{"edgeID":"229089","fromID":"187174","toID":"186447","formEdgeID":null},{"edgeID":"229090","fromID":"187174","toID":"187175","formEdgeID":null},{"edgeID":"229091","fromID":"187175","toID":"187173","formEdgeID":null},{"edgeID":"229092","fromID":"186424","toID":"187176","formEdgeID":null},{"edgeID":"229093","fromID":"187176","toID":"186447","formEdgeID":null},{"edgeID":"229094","fromID":"186449","toID":"187177","formEdgeID":null},{"edgeID":"229095","fromID":"187177","toID":"186426","formEdgeID":null},{"edgeID":"229096","fromID":"187176","toID":"187178","formEdgeID":null},{"edgeID":"229097","fromID":"187178","toID":"187177","formEdgeID":null},{"edgeID":"229098","fromID":"186419","toID":"187179","formEdgeID":null},{"edgeID":"229099","fromID":"187179","toID":"186422","formEdgeID":null},{"edgeID":"229100","fromID":"186417","toID":"187180","formEdgeID":null},{"edgeID":"229101","fromID":"187180","toID":"186421","formEdgeID":null},{"edgeID":"229102","fromID":"187180","toID":"187181","formEdgeID":null},{"edgeID":"229103","fromID":"187181","toID":"187179","formEdgeID":null},{"edgeID":"229104","fromID":"186422","toID":"187182","formEdgeID":null},{"edgeID":"229105","fromID":"187182","toID":"186387","formEdgeID":null},{"edgeID":"229106","fromID":"186385","toID":"187183","formEdgeID":null},{"edgeID":"229107","fromID":"187183","toID":"186421","formEdgeID":null},{"edgeID":"229108","fromID":"187183","toID":"187184","formEdgeID":null},{"edgeID":"229109","fromID":"187184","toID":"187182","formEdgeID":null},{"edgeID":"229110","fromID":"186421","toID":"187185","formEdgeID":null},{"edgeID":"229111","fromID":"187185","toID":"186422","formEdgeID":null},{"edgeID":"229112","fromID":"186387","toID":"187146","formEdgeID":null},{"edgeID":"229113","fromID":"187144","toID":"186385","formEdgeID":null},{"edgeID":"229114","fromID":"187186","toID":"186517","formEdgeID":null},{"edgeID":"229115","fromID":"186515","toID":"187186","formEdgeID":null},{"edgeID":"229116","fromID":"187187","toID":"186521","formEdgeID":null},{"edgeID":"229117","fromID":"186519","toID":"187187","formEdgeID":null},{"edgeID":"229118","fromID":"186521","toID":"187188","formEdgeID":null},{"edgeID":"229119","fromID":"187188","toID":"186517","formEdgeID":null},{"edgeID":"229120","fromID":"186515","toID":"187189","formEdgeID":null},{"edgeID":"229121","fromID":"187189","toID":"186519","formEdgeID":null},{"edgeID":"229122","fromID":"187189","toID":"187190","formEdgeID":null},{"edgeID":"229123","fromID":"187190","toID":"187188","formEdgeID":null},{"edgeID":"229124","fromID":"186517","toID":"187191","formEdgeID":null},{"edgeID":"229125","fromID":"187191","toID":"186391","formEdgeID":null},{"edgeID":"229126","fromID":"186389","toID":"187192","formEdgeID":null},{"edgeID":"229127","fromID":"187192","toID":"186515","formEdgeID":null},{"edgeID":"229128","fromID":"187192","toID":"187193","formEdgeID":null},{"edgeID":"229129","fromID":"187193","toID":"187191","formEdgeID":null},{"edgeID":"229130","fromID":"187194","toID":"186532","formEdgeID":null},{"edgeID":"229131","fromID":"186530","toID":"187194","formEdgeID":null},{"edgeID":"229132","fromID":"187195","toID":"186536","formEdgeID":null},{"edgeID":"229133","fromID":"186534","toID":"187195","formEdgeID":null},{"edgeID":"229134","fromID":"186530","toID":"187196","formEdgeID":null},{"edgeID":"229135","fromID":"187196","toID":"186534","formEdgeID":null},{"edgeID":"229136","fromID":"187197","toID":"186541","formEdgeID":null},{"edgeID":"229137","fromID":"186539","toID":"187197","formEdgeID":null},{"edgeID":"229138","fromID":"186541","toID":"187198","formEdgeID":null},{"edgeID":"229139","fromID":"187198","toID":"186536","formEdgeID":null},{"edgeID":"229140","fromID":"186534","toID":"187199","formEdgeID":null},{"edgeID":"229141","fromID":"187199","toID":"186539","formEdgeID":null},{"edgeID":"229142","fromID":"187199","toID":"187200","formEdgeID":null},{"edgeID":"229143","fromID":"187200","toID":"187198","formEdgeID":null},{"edgeID":"229144","fromID":"186377","toID":"187201","formEdgeID":null},{"edgeID":"229145","fromID":"187201","toID":"186534","formEdgeID":null},{"edgeID":"229146","fromID":"186536","toID":"187202","formEdgeID":null},{"edgeID":"229147","fromID":"187202","toID":"186469","formEdgeID":null},{"edgeID":"229148","fromID":"187201","toID":"187203","formEdgeID":null},{"edgeID":"229149","fromID":"187203","toID":"187202","formEdgeID":null},{"edgeID":"229150","fromID":"187204","toID":"186551","formEdgeID":null},{"edgeID":"229151","fromID":"186549","toID":"187204","formEdgeID":null},{"edgeID":"229152","fromID":"187205","toID":"186555","formEdgeID":null},{"edgeID":"229153","fromID":"186553","toID":"187205","formEdgeID":null},{"edgeID":"229154","fromID":"187206","toID":"186559","formEdgeID":null},{"edgeID":"229155","fromID":"186557","toID":"187206","formEdgeID":null},{"edgeID":"229156","fromID":"186551","toID":"187207","formEdgeID":null},{"edgeID":"229157","fromID":"187207","toID":"186559","formEdgeID":null},{"edgeID":"229158","fromID":"186555","toID":"187207","formEdgeID":null},{"edgeID":"229159","fromID":"186549","toID":"187208","formEdgeID":null},{"edgeID":"229160","fromID":"187208","toID":"186557","formEdgeID":null},{"edgeID":"229161","fromID":"187208","toID":"186553","formEdgeID":null},{"edgeID":"229162","fromID":"187208","toID":"187209","formEdgeID":null},{"edgeID":"229163","fromID":"187209","toID":"187207","formEdgeID":null},{"edgeID":"229164","fromID":"187210","toID":"186566","formEdgeID":null},{"edgeID":"229165","fromID":"186564","toID":"187210","formEdgeID":null},{"edgeID":"229166","fromID":"186566","toID":"187211","formEdgeID":null},{"edgeID":"229167","fromID":"187211","toID":"186406","formEdgeID":null},{"edgeID":"229168","fromID":"186404","toID":"187212","formEdgeID":null},{"edgeID":"229169","fromID":"187212","toID":"186564","formEdgeID":null},{"edgeID":"229170","fromID":"187212","toID":"187213","formEdgeID":null},{"edgeID":"229171","fromID":"187213","toID":"187211","formEdgeID":null},{"edgeID":"229172","fromID":"186564","toID":"187214","formEdgeID":null},{"edgeID":"229173","fromID":"187214","toID":"186530","formEdgeID":null},{"edgeID":"229174","fromID":"186559","toID":"187215","formEdgeID":null},{"edgeID":"229175","fromID":"187215","toID":"186566","formEdgeID":null},{"edgeID":"229176","fromID":"186564","toID":"187216","formEdgeID":null},{"edgeID":"229177","fromID":"187216","toID":"186557","formEdgeID":null},{"edgeID":"229178","fromID":"187216","toID":"187217","formEdgeID":null},{"edgeID":"229179","fromID":"187217","toID":"187215","formEdgeID":null},{"edgeID":"229180","fromID":"187218","toID":"186576","formEdgeID":null},{"edgeID":"229181","fromID":"186574","toID":"187218","formEdgeID":null},{"edgeID":"229182","fromID":"186576","toID":"187219","formEdgeID":null},{"edgeID":"229183","fromID":"187219","toID":"186551","formEdgeID":null},{"edgeID":"229184","fromID":"186549","toID":"187220","formEdgeID":null},{"edgeID":"229185","fromID":"187220","toID":"186574","formEdgeID":null},{"edgeID":"229186","fromID":"187220","toID":"187221","formEdgeID":null},{"edgeID":"229187","fromID":"187221","toID":"187219","formEdgeID":null},{"edgeID":"229188","fromID":"187222","toID":"186583","formEdgeID":null},{"edgeID":"229189","fromID":"186581","toID":"187222","formEdgeID":null},{"edgeID":"229190","fromID":"187223","toID":"186587","formEdgeID":null},{"edgeID":"229191","fromID":"186585","toID":"187223","formEdgeID":null},{"edgeID":"229192","fromID":"186583","toID":"187224","formEdgeID":null},{"edgeID":"229193","fromID":"187224","toID":"186576","formEdgeID":null},{"edgeID":"229194","fromID":"186587","toID":"187224","formEdgeID":null},{"edgeID":"229195","fromID":"186574","toID":"187225","formEdgeID":null},{"edgeID":"229196","fromID":"187225","toID":"186585","formEdgeID":null},{"edgeID":"229197","fromID":"187225","toID":"187226","formEdgeID":null},{"edgeID":"229198","fromID":"187226","toID":"187224","formEdgeID":null},{"edgeID":"229199","fromID":"187225","toID":"186581","formEdgeID":null},{"edgeID":"229200","fromID":"187227","toID":"186681","formEdgeID":null},{"edgeID":"229201","fromID":"186679","toID":"187227","formEdgeID":null},{"edgeID":"229202","fromID":"187228","toID":"186685","formEdgeID":null},{"edgeID":"229203","fromID":"186683","toID":"187228","formEdgeID":null},{"edgeID":"229204","fromID":"187229","toID":"186689","formEdgeID":null},{"edgeID":"229205","fromID":"186687","toID":"187229","formEdgeID":null},{"edgeID":"229206","fromID":"186689","toID":"187230","formEdgeID":null},{"edgeID":"229207","fromID":"187230","toID":"186685","formEdgeID":null},{"edgeID":"229208","fromID":"186685","toID":"187231","formEdgeID":null},{"edgeID":"229209","fromID":"187231","toID":"186681","formEdgeID":null},{"edgeID":"229210","fromID":"186679","toID":"187232","formEdgeID":null},{"edgeID":"229211","fromID":"187232","toID":"186683","formEdgeID":null},{"edgeID":"229212","fromID":"186683","toID":"187233","formEdgeID":null},{"edgeID":"229213","fromID":"187233","toID":"186687","formEdgeID":null},{"edgeID":"229214","fromID":"187232","toID":"187234","formEdgeID":null},{"edgeID":"229215","fromID":"187234","toID":"187231","formEdgeID":null},{"edgeID":"229216","fromID":"187233","toID":"187235","formEdgeID":null},{"edgeID":"229217","fromID":"187235","toID":"187230","formEdgeID":null},{"edgeID":"229218","fromID":"186681","toID":"187236","formEdgeID":null},{"edgeID":"229219","fromID":"187236","toID":"186559","formEdgeID":null},{"edgeID":"229220","fromID":"186557","toID":"187237","formEdgeID":null},{"edgeID":"229221","fromID":"187237","toID":"186679","formEdgeID":null},{"edgeID":"229222","fromID":"187237","toID":"187238","formEdgeID":null},{"edgeID":"229223","fromID":"187238","toID":"187236","formEdgeID":null},{"edgeID":"229224","fromID":"186389","toID":"187239","formEdgeID":null},{"edgeID":"229225","fromID":"187239","toID":"187240","formEdgeID":null},{"edgeID":"229226","fromID":"187240","toID":"186391","formEdgeID":null},{"edgeID":"229227","fromID":"187241","toID":"186706","formEdgeID":null},{"edgeID":"229228","fromID":"186704","toID":"187241","formEdgeID":null},{"edgeID":"229229","fromID":"186706","toID":"187242","formEdgeID":null},{"edgeID":"229230","fromID":"187242","toID":"186391","formEdgeID":null},{"edgeID":"229231","fromID":"186389","toID":"187243","formEdgeID":null},{"edgeID":"229232","fromID":"187243","toID":"186704","formEdgeID":null},{"edgeID":"229233","fromID":"187243","toID":"187244","formEdgeID":null},{"edgeID":"229234","fromID":"187244","toID":"187242","formEdgeID":null},{"edgeID":"229235","fromID":"187245","toID":"186713","formEdgeID":null},{"edgeID":"229236","fromID":"186711","toID":"187245","formEdgeID":null},{"edgeID":"229237","fromID":"186713","toID":"187246","formEdgeID":null},{"edgeID":"229238","fromID":"187246","toID":"186706","formEdgeID":null},{"edgeID":"229239","fromID":"186704","toID":"187247","formEdgeID":null},{"edgeID":"229240","fromID":"187247","toID":"186711","formEdgeID":null},{"edgeID":"229241","fromID":"187247","toID":"187248","formEdgeID":null},{"edgeID":"229242","fromID":"187248","toID":"187246","formEdgeID":null},{"edgeID":"229243","fromID":"186711","toID":"187249","formEdgeID":null},{"edgeID":"229244","fromID":"187249","toID":"186938","formEdgeID":null},{"edgeID":"229245","fromID":"187250","toID":"186943","formEdgeID":null},{"edgeID":"229246","fromID":"186941","toID":"187250","formEdgeID":null},{"edgeID":"229247","fromID":"186938","toID":"187251","formEdgeID":null},{"edgeID":"229248","fromID":"187251","toID":"186941","formEdgeID":null},{"edgeID":"229249","fromID":"187252","toID":"186948","formEdgeID":null},{"edgeID":"229250","fromID":"186946","toID":"187252","formEdgeID":null},{"edgeID":"229251","fromID":"186938","toID":"187253","formEdgeID":null},{"edgeID":"229252","fromID":"187253","toID":"186713","formEdgeID":null},{"edgeID":"229253","fromID":"186941","toID":"187254","formEdgeID":null},{"edgeID":"229254","fromID":"187254","toID":"186946","formEdgeID":null},{"edgeID":"229255","fromID":"187255","toID":"186954","formEdgeID":null},{"edgeID":"229256","fromID":"186952","toID":"187255","formEdgeID":null},{"edgeID":"229257","fromID":"186954","toID":"187256","formEdgeID":null},{"edgeID":"229258","fromID":"187256","toID":"186391","formEdgeID":null},{"edgeID":"229259","fromID":"186389","toID":"187257","formEdgeID":null},{"edgeID":"229260","fromID":"187257","toID":"186952","formEdgeID":null},{"edgeID":"229261","fromID":"187257","toID":"187258","formEdgeID":null},{"edgeID":"229262","fromID":"187258","toID":"187256","formEdgeID":null},{"edgeID":"229263","fromID":"187259","toID":"186961","formEdgeID":null},{"edgeID":"229264","fromID":"186959","toID":"187259","formEdgeID":null},{"edgeID":"229265","fromID":"186961","toID":"187260","formEdgeID":null},{"edgeID":"229266","fromID":"187260","toID":"186954","formEdgeID":null},{"edgeID":"229267","fromID":"186952","toID":"187261","formEdgeID":null},{"edgeID":"229268","fromID":"187261","toID":"186959","formEdgeID":null},{"edgeID":"229269","fromID":"187261","toID":"187262","formEdgeID":null},{"edgeID":"229270","fromID":"187262","toID":"187260","formEdgeID":null},{"edgeID":"229271","fromID":"187263","toID":"186968","formEdgeID":null},{"edgeID":"229272","fromID":"186966","toID":"187263","formEdgeID":null},{"edgeID":"229273","fromID":"187264","toID":"186972","formEdgeID":null},{"edgeID":"229274","fromID":"186970","toID":"187264","formEdgeID":null},{"edgeID":"229275","fromID":"186959","toID":"187265","formEdgeID":null},{"edgeID":"229276","fromID":"187265","toID":"186966","formEdgeID":null},{"edgeID":"229277","fromID":"186966","toID":"187266","formEdgeID":null},{"edgeID":"229278","fromID":"187266","toID":"186970","formEdgeID":null},{"edgeID":"229279","fromID":"186972","toID":"187267","formEdgeID":null},{"edgeID":"229280","fromID":"187267","toID":"186968","formEdgeID":null},{"edgeID":"229281","fromID":"186968","toID":"187268","formEdgeID":null},{"edgeID":"229282","fromID":"187268","toID":"186961","formEdgeID":null},{"edgeID":"229283","fromID":"187265","toID":"187269","formEdgeID":null},{"edgeID":"229284","fromID":"187269","toID":"187268","formEdgeID":null},{"edgeID":"229285","fromID":"187266","toID":"187270","formEdgeID":null},{"edgeID":"229286","fromID":"187270","toID":"187267","formEdgeID":null},{"edgeID":"229287","fromID":"187271","toID":"186982","formEdgeID":null},{"edgeID":"229288","fromID":"186980","toID":"187271","formEdgeID":null},{"edgeID":"229289","fromID":"186970","toID":"187272","formEdgeID":null},{"edgeID":"229290","fromID":"187272","toID":"186980","formEdgeID":null},{"edgeID":"229291","fromID":"187273","toID":"186987","formEdgeID":null},{"edgeID":"229292","fromID":"186985","toID":"187273","formEdgeID":null},{"edgeID":"229293","fromID":"186980","toID":"187274","formEdgeID":null},{"edgeID":"229294","fromID":"187274","toID":"186985","formEdgeID":null},{"edgeID":"229295","fromID":"186987","toID":"187275","formEdgeID":null},{"edgeID":"229296","fromID":"187275","toID":"186982","formEdgeID":null},{"edgeID":"229297","fromID":"187274","toID":"187276","formEdgeID":null},{"edgeID":"229298","fromID":"187276","toID":"187275","formEdgeID":null},{"edgeID":"229299","fromID":"186982","toID":"187277","formEdgeID":null},{"edgeID":"229300","fromID":"187277","toID":"186961","formEdgeID":null},{"edgeID":"229301","fromID":"186959","toID":"187278","formEdgeID":null},{"edgeID":"229302","fromID":"187278","toID":"186980","formEdgeID":null},{"edgeID":"229303","fromID":"187278","toID":"187279","formEdgeID":null},{"edgeID":"229304","fromID":"187279","toID":"187277","formEdgeID":null},{"edgeID":"229305","fromID":"187280","toID":"186997","formEdgeID":null},{"edgeID":"229306","fromID":"186995","toID":"187280","formEdgeID":null},{"edgeID":"229307","fromID":"186997","toID":"187281","formEdgeID":null},{"edgeID":"229308","fromID":"187281","toID":"186987","formEdgeID":null},{"edgeID":"229309","fromID":"186985","toID":"187282","formEdgeID":null},{"edgeID":"229310","fromID":"187282","toID":"186995","formEdgeID":null},{"edgeID":"229311","fromID":"187282","toID":"187283","formEdgeID":null},{"edgeID":"229312","fromID":"187283","toID":"187281","formEdgeID":null},{"edgeID":"229313","fromID":"187284","toID":"187004","formEdgeID":null},{"edgeID":"229314","fromID":"187002","toID":"187284","formEdgeID":null},{"edgeID":"229315","fromID":"187004","toID":"187285","formEdgeID":null},{"edgeID":"229316","fromID":"187285","toID":"186997","formEdgeID":null},{"edgeID":"229317","fromID":"186995","toID":"187286","formEdgeID":null},{"edgeID":"229318","fromID":"187286","toID":"187002","formEdgeID":null},{"edgeID":"229319","fromID":"187286","toID":"187287","formEdgeID":null},{"edgeID":"229320","fromID":"187287","toID":"187285","formEdgeID":null},{"edgeID":"229321","fromID":"187288","toID":"187011","formEdgeID":null},{"edgeID":"229322","fromID":"187009","toID":"187288","formEdgeID":null},{"edgeID":"229323","fromID":"187002","toID":"187289","formEdgeID":null},{"edgeID":"229324","fromID":"187289","toID":"187009","formEdgeID":null},{"edgeID":"229325","fromID":"187290","toID":"187016","formEdgeID":null},{"edgeID":"229326","fromID":"187014","toID":"187290","formEdgeID":null},{"edgeID":"229327","fromID":"187291","toID":"187020","formEdgeID":null},{"edgeID":"229328","fromID":"187018","toID":"187291","formEdgeID":null},{"edgeID":"229329","fromID":"187292","toID":"187024","formEdgeID":null},{"edgeID":"229330","fromID":"187022","toID":"187292","formEdgeID":null},{"edgeID":"229331","fromID":"187293","toID":"187028","formEdgeID":null},{"edgeID":"229332","fromID":"187026","toID":"187293","formEdgeID":null},{"edgeID":"229333","fromID":"187022","toID":"187294","formEdgeID":null},{"edgeID":"229334","fromID":"187294","toID":"187026","formEdgeID":null},{"edgeID":"229335","fromID":"187028","toID":"187295","formEdgeID":null},{"edgeID":"229336","fromID":"187295","toID":"187024","formEdgeID":null},{"edgeID":"229337","fromID":"187294","toID":"187296","formEdgeID":null},{"edgeID":"229338","fromID":"187296","toID":"187295","formEdgeID":null},{"edgeID":"229339","fromID":"186970","toID":"187297","formEdgeID":null},{"edgeID":"229340","fromID":"187297","toID":"187014","formEdgeID":null},{"edgeID":"229341","fromID":"186970","toID":"187298","formEdgeID":null},{"edgeID":"229342","fromID":"187298","toID":"187018","formEdgeID":null},{"edgeID":"229343","fromID":"186970","toID":"187299","formEdgeID":null},{"edgeID":"229344","fromID":"187299","toID":"187022","formEdgeID":null},{"edgeID":"229345","fromID":"187024","toID":"187300","formEdgeID":null},{"edgeID":"229346","fromID":"187300","toID":"186972","formEdgeID":null},{"edgeID":"229347","fromID":"187299","toID":"187301","formEdgeID":null},{"edgeID":"229348","fromID":"187301","toID":"187300","formEdgeID":null},{"edgeID":"229349","fromID":"187302","toID":"187040","formEdgeID":null},{"edgeID":"229350","fromID":"187038","toID":"187302","formEdgeID":null},{"edgeID":"229351","fromID":"187026","toID":"187303","formEdgeID":null},{"edgeID":"229352","fromID":"187303","toID":"187038","formEdgeID":null},{"edgeID":"229353","fromID":"187304","toID":"187045","formEdgeID":null},{"edgeID":"229354","fromID":"187043","toID":"187304","formEdgeID":null},{"edgeID":"229355","fromID":"187038","toID":"187305","formEdgeID":null},{"edgeID":"229356","fromID":"187305","toID":"187043","formEdgeID":null},{"edgeID":"229357","fromID":"187306","toID":"187050","formEdgeID":null},{"edgeID":"229358","fromID":"187048","toID":"187306","formEdgeID":null},{"edgeID":"229359","fromID":"187043","toID":"187307","formEdgeID":null},{"edgeID":"229360","fromID":"187307","toID":"187048","formEdgeID":null},{"edgeID":"229361","fromID":"187308","toID":"187055","formEdgeID":null},{"edgeID":"229362","fromID":"187053","toID":"187308","formEdgeID":null},{"edgeID":"229363","fromID":"187048","toID":"187309","formEdgeID":null},{"edgeID":"229364","fromID":"187309","toID":"187053","formEdgeID":null},{"edgeID":"229365","fromID":"187310","toID":"187060","formEdgeID":null},{"edgeID":"229366","fromID":"187058","toID":"187310","formEdgeID":null},{"edgeID":"229367","fromID":"187311","toID":"187064","formEdgeID":null},{"edgeID":"229368","fromID":"187062","toID":"187311","formEdgeID":null},{"edgeID":"229369","fromID":"187312","toID":"187068","formEdgeID":null},{"edgeID":"229370","fromID":"187066","toID":"187312","formEdgeID":null},{"edgeID":"229371","fromID":"187313","toID":"187072","formEdgeID":null},{"edgeID":"229372","fromID":"187070","toID":"187313","formEdgeID":null},{"edgeID":"229373","fromID":"187068","toID":"187314","formEdgeID":null},{"edgeID":"229374","fromID":"187314","toID":"187064","formEdgeID":null},{"edgeID":"229375","fromID":"187072","toID":"187314","formEdgeID":null},{"edgeID":"229376","fromID":"187062","toID":"187315","formEdgeID":null},{"edgeID":"229377","fromID":"187315","toID":"187070","formEdgeID":null},{"edgeID":"229378","fromID":"187315","toID":"187066","formEdgeID":null},{"edgeID":"229379","fromID":"187315","toID":"187316","formEdgeID":null},{"edgeID":"229380","fromID":"187316","toID":"187314","formEdgeID":null},{"edgeID":"229381","fromID":"187053","toID":"187317","formEdgeID":null},{"edgeID":"229382","fromID":"187317","toID":"187058","formEdgeID":null},{"edgeID":"229383","fromID":"187058","toID":"187318","formEdgeID":null},{"edgeID":"229384","fromID":"187318","toID":"187062","formEdgeID":null},{"edgeID":"229385","fromID":"187064","toID":"187319","formEdgeID":null},{"edgeID":"229386","fromID":"187319","toID":"187024","formEdgeID":null},{"edgeID":"229387","fromID":"187022","toID":"187320","formEdgeID":null},{"edgeID":"229388","fromID":"187320","toID":"187062","formEdgeID":null},{"edgeID":"229389","fromID":"187320","toID":"187321","formEdgeID":null},{"edgeID":"229390","fromID":"187321","toID":"187319","formEdgeID":null},{"edgeID":"229391","fromID":"187322","toID":"187084","formEdgeID":null},{"edgeID":"229392","fromID":"187082","toID":"187322","formEdgeID":null},{"edgeID":"229393","fromID":"187084","toID":"187323","formEdgeID":null},{"edgeID":"229394","fromID":"187323","toID":"187011","formEdgeID":null},{"edgeID":"229395","fromID":"187009","toID":"187324","formEdgeID":null},{"edgeID":"229396","fromID":"187324","toID":"187082","formEdgeID":null},{"edgeID":"229397","fromID":"187324","toID":"187325","formEdgeID":null},{"edgeID":"229398","fromID":"187325","toID":"187323","formEdgeID":null},{"edgeID":"229399","fromID":"187326","toID":"187091","formEdgeID":null},{"edgeID":"229400","fromID":"187089","toID":"187326","formEdgeID":null},{"edgeID":"229401","fromID":"187327","toID":"187095","formEdgeID":null},{"edgeID":"229402","fromID":"187093","toID":"187327","formEdgeID":null},{"edgeID":"229403","fromID":"187082","toID":"187328","formEdgeID":null},{"edgeID":"229404","fromID":"187328","toID":"187089","formEdgeID":null},{"edgeID":"229405","fromID":"187089","toID":"187329","formEdgeID":null},{"edgeID":"229406","fromID":"187329","toID":"187093","formEdgeID":null},{"edgeID":"229407","fromID":"187330","toID":"187101","formEdgeID":null},{"edgeID":"229408","fromID":"187099","toID":"187330","formEdgeID":null},{"edgeID":"229409","fromID":"187331","toID":"187105","formEdgeID":null},{"edgeID":"229410","fromID":"187103","toID":"187331","formEdgeID":null},{"edgeID":"229411","fromID":"187332","toID":"187109","formEdgeID":null},{"edgeID":"229412","fromID":"187107","toID":"187332","formEdgeID":null},{"edgeID":"229413","fromID":"187333","toID":"187113","formEdgeID":null},{"edgeID":"229414","fromID":"187111","toID":"187333","formEdgeID":null},{"edgeID":"229415","fromID":"187334","toID":"187117","formEdgeID":null},{"edgeID":"229416","fromID":"187115","toID":"187334","formEdgeID":null},{"edgeID":"229417","fromID":"187335","toID":"187121","formEdgeID":null},{"edgeID":"229418","fromID":"187119","toID":"187335","formEdgeID":null},{"edgeID":"229419","fromID":"187336","toID":"187125","formEdgeID":null},{"edgeID":"229420","fromID":"187123","toID":"187336","formEdgeID":null},{"edgeID":"229421","fromID":"187113","toID":"187337","formEdgeID":null},{"edgeID":"229422","fromID":"187337","toID":"187109","formEdgeID":null},{"edgeID":"229423","fromID":"187107","toID":"187338","formEdgeID":null},{"edgeID":"229424","fromID":"187338","toID":"187111","formEdgeID":null},{"edgeID":"229425","fromID":"187338","toID":"187339","formEdgeID":null},{"edgeID":"229426","fromID":"187339","toID":"187337","formEdgeID":null},{"edgeID":"229427","fromID":"187121","toID":"187340","formEdgeID":null},{"edgeID":"229428","fromID":"187340","toID":"187113","formEdgeID":null},{"edgeID":"229429","fromID":"187111","toID":"187341","formEdgeID":null},{"edgeID":"229430","fromID":"187341","toID":"187119","formEdgeID":null},{"edgeID":"229431","fromID":"187341","toID":"187342","formEdgeID":null},{"edgeID":"229432","fromID":"187342","toID":"187340","formEdgeID":null},{"edgeID":"229433","fromID":"187111","toID":"187343","formEdgeID":null},{"edgeID":"229434","fromID":"187343","toID":"187115","formEdgeID":null},{"edgeID":"229435","fromID":"187103","toID":"187344","formEdgeID":null},{"edgeID":"229436","fromID":"187344","toID":"187107","formEdgeID":null},{"edgeID":"229437","fromID":"187099","toID":"187345","formEdgeID":null},{"edgeID":"229438","fromID":"187345","toID":"187103","formEdgeID":null},{"edgeID":"229439","fromID":"187101","toID":"187346","formEdgeID":null},{"edgeID":"229440","fromID":"187346","toID":"186391","formEdgeID":null},{"edgeID":"229441","fromID":"186389","toID":"187347","formEdgeID":null},{"edgeID":"229442","fromID":"187347","toID":"187099","formEdgeID":null},{"edgeID":"229443","fromID":"187347","toID":"187348","formEdgeID":null},{"edgeID":"229444","fromID":"187348","toID":"187346","formEdgeID":null},{"edgeID":"229445","fromID":"187119","toID":"187349","formEdgeID":null},{"edgeID":"229446","fromID":"187349","toID":"187123","formEdgeID":null}],"locutions":[]}