{"nodes":[{"nodeID":"202473","text":"Quidfacis : Hillary : As someone who menstruates, I would differ from President Obama in that I menstruate","type":"L","timestamp":"2016-09-26 12:23:57"},{"nodeID":"202474","text":"as someone who menstruates, Hillary Clinton would differ from President Obama in that Hillary Clinton menstruates","type":"I","timestamp":"2016-09-26 12:23:57"},{"nodeID":"202475","text":"Barbara: Hillary : As someone who menstruates, I would differ from President Obama in that I menstruate","type":"L","timestamp":"2016-09-26 12:23:57"},{"nodeID":"202476","text":"Barbara: Quidfacis : Hillary : As someone who menstruates, I would differ from President Obama in that I menstruate","type":"L","timestamp":"2016-09-26 12:23:57"},{"nodeID":"202477","text":"Hillary : as someone who menstruates, Hillary Clinton would differ from President Obama in that Hillary Clinton menstruates","type":"L","timestamp":"2016-09-26 12:23:58"},{"nodeID":"202478","text":"Barbara: Hillary : as someone who menstruates, Hillary Clinton would differ from President Obama in that Hillary Clinton menstruates","type":"L","timestamp":"2016-09-26 12:23:58"},{"nodeID":"202479","text":"Asserting","type":"YA","timestamp":"2016-09-26 12:23:58","scheme":"Asserting","schemeID":"74"},{"nodeID":"202480","text":"Asserting","type":"YA","timestamp":"2016-09-26 12:23:58","scheme":"Asserting","schemeID":"74"},{"nodeID":"202481","text":"Isiwjee : \/r\/asablackman","type":"L","timestamp":"2016-09-26 12:23:58"},{"nodeID":"202482","text":"Asserting","type":"YA","timestamp":"2016-09-26 12:23:58","scheme":"Asserting","schemeID":"74"},{"nodeID":"202483","text":"Hillary Clinton saying as a woman is similar to people saying as a black man \/r\/asablackman","type":"I","timestamp":"2016-09-26 12:23:58"},{"nodeID":"202484","text":"Barbara: Isiwjee : \/r\/asablackman","type":"L","timestamp":"2016-09-26 12:23:58"},{"nodeID":"202485","text":"Zeno84 : Actually","type":"L","timestamp":"2016-09-26 12:23:58"},{"nodeID":"202486","text":"Barbara: Zeno84 : Actually","type":"L","timestamp":"2016-09-26 12:23:58"},{"nodeID":"202487","text":"Default Transition","type":"TA","timestamp":"2016-09-26 12:23:58","scheme":"Default Transition","schemeID":"82"},{"nodeID":"202488","text":"Default Transition","type":"TA","timestamp":"2016-09-26 12:23:59","scheme":"Default Transition","schemeID":"82"},{"nodeID":"202489","text":"Default Inference","type":"RA","timestamp":"2016-09-26 12:23:59","scheme":"Default Inference","schemeID":"72"},{"nodeID":"202490","text":"Arguing","type":"YA","timestamp":"2016-09-26 12:23:59","scheme":"Arguing","schemeID":"80"},{"nodeID":"202491","text":"Agreeing","type":"YA","timestamp":"2016-09-26 12:23:59","scheme":"Agreeing","schemeID":"77"},{"nodeID":"202492","text":"CarCrashPregnancy : shes at the time in her life where that no longer happens","type":"L","timestamp":"2016-09-26 12:23:59"},{"nodeID":"202493","text":"Asserting","type":"YA","timestamp":"2016-09-26 12:23:59","scheme":"Asserting","schemeID":"74"},{"nodeID":"202494","text":"Hillary Clinton is at the time in her life where menstruation no longer happens","type":"I","timestamp":"2016-09-26 12:23:59"},{"nodeID":"202495","text":"Barbara: CarCrashPregnancy : shes at the time in her life where that no longer happens","type":"L","timestamp":"2016-09-26 12:23:59"},{"nodeID":"202496","text":"Default Conflict","type":"CA","timestamp":"2016-09-26 12:23:59","scheme":"Default Conflict","schemeID":"71"},{"nodeID":"202497","text":"Default Transition","type":"TA","timestamp":"2016-09-26 12:23:59","scheme":"Default Transition","schemeID":"82"},{"nodeID":"202498","text":"Disagreeing","type":"YA","timestamp":"2016-09-26 12:23:59","scheme":"Disagreeing","schemeID":"78"},{"nodeID":"202499","text":"CarCrashPregnancy : You'd have to wipe that dust off that ass to check","type":"L","timestamp":"2016-09-26 12:24:00"},{"nodeID":"202500","text":"Asserting","type":"YA","timestamp":"2016-09-26 12:24:00","scheme":"Asserting","schemeID":"74"},{"nodeID":"202501","text":"you'd have to wipe that dust off Hillary Clinton's ass to check","type":"I","timestamp":"2016-09-26 12:24:00"},{"nodeID":"202502","text":"Barbara: CarCrashPregnancy : You'd have to wipe that dust off that ass to check","type":"L","timestamp":"2016-09-26 12:24:00"},{"nodeID":"202503","text":"batsofburden :  she's past that stage in life","type":"L","timestamp":"2016-09-26 12:24:00"},{"nodeID":"202504","text":"Asserting","type":"YA","timestamp":"2016-09-26 12:24:00","scheme":"Asserting","schemeID":"74"},{"nodeID":"202505","text":"Hillary Clinton is past menstruation stage in life","type":"I","timestamp":"2016-09-26 12:24:00"},{"nodeID":"202506","text":"Barbara: batsofburden :  she's past that stage in life","type":"L","timestamp":"2016-09-26 12:24:00"},{"nodeID":"202507","text":"Default Transition","type":"TA","timestamp":"2016-09-26 12:24:00","scheme":"Default Transition","schemeID":"82"},{"nodeID":"202508","text":"Default Conflict","type":"CA","timestamp":"2016-09-26 12:24:00","scheme":"Default Conflict","schemeID":"71"},{"nodeID":"202509","text":"Default Transition","type":"TA","timestamp":"2016-09-26 12:24:00","scheme":"Default Transition","schemeID":"82"},{"nodeID":"202510","text":"Disagreeing","type":"YA","timestamp":"2016-09-26 12:24:01","scheme":"Disagreeing","schemeID":"78"},{"nodeID":"202511","text":"Default Rephrase","type":"MA","timestamp":"2016-09-26 12:24:01","scheme":"Default Rephrase","schemeID":"144"},{"nodeID":"202512","text":"Default Transition","type":"TA","timestamp":"2016-09-26 12:24:01","scheme":"Default Transition","schemeID":"82"},{"nodeID":"202513","text":"Restating","type":"YA","timestamp":"2016-09-26 12:24:01","scheme":"Restating","schemeID":"101"}],"edges":[{"edgeID":"247386","fromID":"202477","toID":"202479","formEdgeID":null},{"edgeID":"247387","fromID":"202479","toID":"202474","formEdgeID":null},{"edgeID":"247388","fromID":"202473","toID":"202480","formEdgeID":null},{"edgeID":"247389","fromID":"202480","toID":"202477","formEdgeID":null},{"edgeID":"247390","fromID":"202482","toID":"202483","formEdgeID":null},{"edgeID":"247391","fromID":"202481","toID":"202482","formEdgeID":null},{"edgeID":"247392","fromID":"202481","toID":"202487","formEdgeID":null},{"edgeID":"247393","fromID":"202487","toID":"202485","formEdgeID":null},{"edgeID":"247394","fromID":"202473","toID":"202488","formEdgeID":null},{"edgeID":"247395","fromID":"202488","toID":"202481","formEdgeID":null},{"edgeID":"247396","fromID":"202477","toID":"202489","formEdgeID":null},{"edgeID":"247397","fromID":"202489","toID":"202483","formEdgeID":null},{"edgeID":"247398","fromID":"202488","toID":"202490","formEdgeID":null},{"edgeID":"247399","fromID":"202490","toID":"202489","formEdgeID":null},{"edgeID":"247400","fromID":"202487","toID":"202491","formEdgeID":null},{"edgeID":"247401","fromID":"202491","toID":"202483","formEdgeID":null},{"edgeID":"247402","fromID":"202493","toID":"202494","formEdgeID":null},{"edgeID":"247403","fromID":"202492","toID":"202493","formEdgeID":null},{"edgeID":"247404","fromID":"202494","toID":"202496","formEdgeID":null},{"edgeID":"247405","fromID":"202496","toID":"202474","formEdgeID":null},{"edgeID":"247406","fromID":"202473","toID":"202497","formEdgeID":null},{"edgeID":"247407","fromID":"202497","toID":"202492","formEdgeID":null},{"edgeID":"247408","fromID":"202497","toID":"202498","formEdgeID":null},{"edgeID":"247409","fromID":"202498","toID":"202496","formEdgeID":null},{"edgeID":"247410","fromID":"202500","toID":"202501","formEdgeID":null},{"edgeID":"247411","fromID":"202499","toID":"202500","formEdgeID":null},{"edgeID":"247412","fromID":"202504","toID":"202505","formEdgeID":null},{"edgeID":"247413","fromID":"202503","toID":"202504","formEdgeID":null},{"edgeID":"247414","fromID":"202492","toID":"202507","formEdgeID":null},{"edgeID":"247415","fromID":"202507","toID":"202499","formEdgeID":null},{"edgeID":"247416","fromID":"202505","toID":"202508","formEdgeID":null},{"edgeID":"247417","fromID":"202508","toID":"202474","formEdgeID":null},{"edgeID":"247418","fromID":"202473","toID":"202509","formEdgeID":null},{"edgeID":"247419","fromID":"202509","toID":"202503","formEdgeID":null},{"edgeID":"247420","fromID":"202509","toID":"202510","formEdgeID":null},{"edgeID":"247421","fromID":"202510","toID":"202508","formEdgeID":null},{"edgeID":"247422","fromID":"202505","toID":"202511","formEdgeID":null},{"edgeID":"247423","fromID":"202511","toID":"202494","formEdgeID":null},{"edgeID":"247424","fromID":"202492","toID":"202512","formEdgeID":null},{"edgeID":"247425","fromID":"202512","toID":"202503","formEdgeID":null},{"edgeID":"247426","fromID":"202512","toID":"202513","formEdgeID":null},{"edgeID":"247427","fromID":"202513","toID":"202511","formEdgeID":null}],"locutions":[{"nodeID":"202477","personID":"1850","timestamp":"2016-09-26 12:24:03","start":null,"end":null,"source":null}]}