{"nodes":[{"nodeID":"200650","text":"MisplacedUsername : Chafee just fucked himself","type":"L","timestamp":"2016-09-21 10:58:31"},{"nodeID":"200651","text":"Asserting","type":"YA","timestamp":"2016-09-21 10:58:31","scheme":"Asserting","schemeID":"74"},{"nodeID":"200652","text":"Chafee just fucked himself","type":"I","timestamp":"2016-09-21 10:58:31"},{"nodeID":"200653","text":"Barbara: MisplacedUsername : Chafee just fucked himself","type":"L","timestamp":"2016-09-21 10:58:31"},{"nodeID":"200654","text":"MisplacedUsername : Webb is right","type":"L","timestamp":"2016-09-21 10:58:31"},{"nodeID":"200655","text":"Asserting","type":"YA","timestamp":"2016-09-21 10:58:31","scheme":"Asserting","schemeID":"74"},{"nodeID":"200656","text":"Webb is right about time keeping","type":"I","timestamp":"2016-09-21 10:58:32"},{"nodeID":"200657","text":"Barbara: MisplacedUsername : Webb is right","type":"L","timestamp":"2016-09-21 10:58:32"},{"nodeID":"200658","text":"Default Transition","type":"TA","timestamp":"2016-09-21 10:58:32","scheme":"Default Transition","schemeID":"82"},{"nodeID":"200659","text":"MisplacedUsername : O'Malley and Clinton just keep talking","type":"L","timestamp":"2016-09-21 10:58:32"},{"nodeID":"200660","text":"Asserting","type":"YA","timestamp":"2016-09-21 10:58:32","scheme":"Asserting","schemeID":"74"},{"nodeID":"200661","text":"O'Malley and Clinton just keep talking","type":"I","timestamp":"2016-09-21 10:58:32"},{"nodeID":"200662","text":"Barbara: MisplacedUsername : O'Malley and Clinton just keep talking","type":"L","timestamp":"2016-09-21 10:58:33"},{"nodeID":"200663","text":"MisplacedUsername : Cooper keeps saying \"you agreed to the rules\" to him","type":"L","timestamp":"2016-09-21 10:58:33"},{"nodeID":"200664","text":"Asserting","type":"YA","timestamp":"2016-09-21 10:58:33","scheme":"Asserting","schemeID":"74"},{"nodeID":"200665","text":"Cooper keeps saying \"you agreed to the rules\" to Webb","type":"I","timestamp":"2016-09-21 10:58:33"},{"nodeID":"200666","text":"Barbara: MisplacedUsername : Cooper keeps saying \"you agreed to the rules\" to him","type":"L","timestamp":"2016-09-21 10:58:33"},{"nodeID":"200667","text":"Default Inference","type":"RA","timestamp":"2016-09-21 10:58:33","scheme":"Default Inference","schemeID":"72"},{"nodeID":"200668","text":"Default Transition","type":"TA","timestamp":"2016-09-21 10:58:34","scheme":"Default Transition","schemeID":"82"},{"nodeID":"200669","text":"Arguing","type":"YA","timestamp":"2016-09-21 10:58:34","scheme":"Arguing","schemeID":"80"},{"nodeID":"200670","text":"raika11182 : To some extent it's up to him to muscle his way in like the others","type":"L","timestamp":"2016-09-21 10:58:34"},{"nodeID":"200671","text":"Asserting","type":"YA","timestamp":"2016-09-21 10:58:34","scheme":"Asserting","schemeID":"74"},{"nodeID":"200672","text":"it's up to Webb to muscle his way in like the others","type":"I","timestamp":"2016-09-21 10:58:34"},{"nodeID":"200673","text":"Barbara: raika11182 : To some extent it's up to him to muscle his way in like the others","type":"L","timestamp":"2016-09-21 10:58:34"},{"nodeID":"200674","text":"raika11182 : It's a weird part of the game","type":"L","timestamp":"2016-09-21 10:58:35"},{"nodeID":"200675","text":"Asserting","type":"YA","timestamp":"2016-09-21 10:58:35","scheme":"Asserting","schemeID":"74"},{"nodeID":"200676","text":"It's a weird part of the game","type":"I","timestamp":"2016-09-21 10:58:35"},{"nodeID":"200677","text":"Barbara: raika11182 : It's a weird part of the game","type":"L","timestamp":"2016-09-21 10:58:35"},{"nodeID":"200678","text":"raika11182 : Doesn't make him wrong","type":"L","timestamp":"2016-09-21 10:58:35"},{"nodeID":"200679","text":"Asserting","type":"YA","timestamp":"2016-09-21 10:58:36","scheme":"Asserting","schemeID":"74"},{"nodeID":"200680","text":"doesn't make Webb wrong","type":"I","timestamp":"2016-09-21 10:58:36"},{"nodeID":"200681","text":"Barbara: raika11182 : Doesn't make him wrong","type":"L","timestamp":"2016-09-21 10:58:36"},{"nodeID":"200682","text":"raika11182 : crying \"foul\" in a debate is bad form and shows weakness","type":"L","timestamp":"2016-09-21 10:58:36"},{"nodeID":"200683","text":"Asserting","type":"YA","timestamp":"2016-09-21 10:58:36","scheme":"Asserting","schemeID":"74"},{"nodeID":"200684","text":"crying \"foul\" in a debate is bad form and shows weakness","type":"I","timestamp":"2016-09-21 10:58:36"},{"nodeID":"200685","text":"Barbara: raika11182 : crying \"foul\" in a debate is bad form and shows weakness","type":"L","timestamp":"2016-09-21 10:58:37"},{"nodeID":"200686","text":"Default Inference","type":"RA","timestamp":"2016-09-21 10:58:37","scheme":"Default Inference","schemeID":"72"},{"nodeID":"200687","text":"Default Transition","type":"TA","timestamp":"2016-09-21 10:58:37","scheme":"Default Transition","schemeID":"82"},{"nodeID":"200688","text":"Arguing","type":"YA","timestamp":"2016-09-21 10:58:37","scheme":"Arguing","schemeID":"80"},{"nodeID":"200689","text":"Default Inference","type":"RA","timestamp":"2016-09-21 10:58:37","scheme":"Default Inference","schemeID":"72"},{"nodeID":"200690","text":"Default Transition","type":"TA","timestamp":"2016-09-21 10:58:38","scheme":"Default Transition","schemeID":"82"},{"nodeID":"200691","text":"Arguing","type":"YA","timestamp":"2016-09-21 10:58:38","scheme":"Arguing","schemeID":"80"},{"nodeID":"200692","text":"Default Conflict","type":"CA","timestamp":"2016-09-21 10:58:38","scheme":"Default Conflict","schemeID":"71"},{"nodeID":"200693","text":"Default Transition","type":"TA","timestamp":"2016-09-21 10:58:38","scheme":"Default Transition","schemeID":"82"},{"nodeID":"200694","text":"Disagreeing","type":"YA","timestamp":"2016-09-21 10:58:39","scheme":"Disagreeing","schemeID":"78"},{"nodeID":"200695","text":"MisplacedUsername : It just rubbed me wrong","type":"L","timestamp":"2016-09-21 10:58:39"},{"nodeID":"200696","text":"Asserting","type":"YA","timestamp":"2016-09-21 10:58:39","scheme":"Asserting","schemeID":"74"},{"nodeID":"200697","text":"Webb's behaviour about time keeping just rubbed me wrong","type":"I","timestamp":"2016-09-21 10:58:39"},{"nodeID":"200698","text":"Barbara: MisplacedUsername : It just rubbed me wrong","type":"L","timestamp":"2016-09-21 10:58:39"},{"nodeID":"200699","text":"MisplacedUsername :  Before I got more exposure to Sanders","type":"L","timestamp":"2016-09-21 10:58:39"},{"nodeID":"200700","text":"Asserting","type":"YA","timestamp":"2016-09-21 10:58:40","scheme":"Asserting","schemeID":"74"},{"nodeID":"200701","text":"before I got more exposure to Sanders","type":"I","timestamp":"2016-09-21 10:58:40"},{"nodeID":"200702","text":"Barbara: MisplacedUsername :  Before I got more exposure to Sanders","type":"L","timestamp":"2016-09-21 10:58:40"},{"nodeID":"200703","text":"Default Transition","type":"TA","timestamp":"2016-09-21 10:58:40","scheme":"Default Transition","schemeID":"82"},{"nodeID":"200704","text":"MisplacedUsername : I was a Webb supporter","type":"L","timestamp":"2016-09-21 10:58:40"},{"nodeID":"200705","text":"Asserting","type":"YA","timestamp":"2016-09-21 10:58:40","scheme":"Asserting","schemeID":"74"},{"nodeID":"200706","text":"I was a Webb supporter","type":"I","timestamp":"2016-09-21 10:58:41"},{"nodeID":"200707","text":"Barbara: MisplacedUsername : I was a Webb supporter,","type":"L","timestamp":"2016-09-21 10:58:41"},{"nodeID":"200708","text":"MisplacedUsername :  his record would preclude the Republicans in Congress from their usual shit","type":"L","timestamp":"2016-09-21 10:58:41"},{"nodeID":"200709","text":"Asserting","type":"YA","timestamp":"2016-09-21 10:58:41","scheme":"Asserting","schemeID":"74"},{"nodeID":"200710","text":"Webb's record would preclude the Republicans in Congress from their usual shit","type":"I","timestamp":"2016-09-21 10:58:41"},{"nodeID":"200711","text":"Barbara: MisplacedUsername :  his record would preclude the Republicans in Congress from their usual shit","type":"L","timestamp":"2016-09-21 10:58:42"},{"nodeID":"200712","text":"MisplacedUsername : would be able to work more bi-partisan","type":"L","timestamp":"2016-09-21 10:58:42"},{"nodeID":"200713","text":"Asserting","type":"YA","timestamp":"2016-09-21 10:58:42","scheme":"Asserting","schemeID":"74"},{"nodeID":"200714","text":"Webb would be able to work more bi-partisan","type":"I","timestamp":"2016-09-21 10:58:42"},{"nodeID":"200715","text":"Barbara: MisplacedUsername : would be able to work more bi-partisan","type":"L","timestamp":"2016-09-21 10:58:42"},{"nodeID":"200716","text":"Default Inference","type":"RA","timestamp":"2016-09-21 10:58:42","scheme":"Default Inference","schemeID":"72"},{"nodeID":"200717","text":"Default Transition","type":"TA","timestamp":"2016-09-21 10:58:43","scheme":"Default Transition","schemeID":"82"},{"nodeID":"200718","text":"Arguing","type":"YA","timestamp":"2016-09-21 10:58:43","scheme":"Arguing","schemeID":"80"},{"nodeID":"200719","text":"Default Inference","type":"RA","timestamp":"2016-09-21 10:58:43","scheme":"Default Inference","schemeID":"72"},{"nodeID":"200720","text":"Default Transition","type":"TA","timestamp":"2016-09-21 10:58:43","scheme":"Default Transition","schemeID":"82"},{"nodeID":"200721","text":"Arguing","type":"YA","timestamp":"2016-09-21 10:58:43","scheme":"Arguing","schemeID":"80"},{"nodeID":"200722","text":"Default Inference","type":"RA","timestamp":"2016-09-21 10:58:44","scheme":"Default Inference","schemeID":"72"},{"nodeID":"200723","text":"Default Transition","type":"TA","timestamp":"2016-09-21 10:58:44","scheme":"Default Transition","schemeID":"82"},{"nodeID":"200724","text":"Arguing","type":"YA","timestamp":"2016-09-21 10:58:44","scheme":"Arguing","schemeID":"80"},{"nodeID":"200725","text":"Default Transition","type":"TA","timestamp":"2016-09-21 10:58:44","scheme":"Default Transition","schemeID":"82"},{"nodeID":"200726","text":"Default Transition","type":"TA","timestamp":"2016-09-21 10:58:44","scheme":"Default Transition","schemeID":"82"},{"nodeID":"200727","text":"MisplacedUsername : The Republicans would obstruct Clinton's policies even more than Obama, if you thought that was possible","type":"L","timestamp":"2016-09-21 10:58:44"},{"nodeID":"200728","text":"Asserting","type":"YA","timestamp":"2016-09-21 10:58:45","scheme":"Asserting","schemeID":"74"},{"nodeID":"200729","text":"the Republicans would obstruct Clinton's policies even more than Obama's","type":"I","timestamp":"2016-09-21 10:58:45"},{"nodeID":"200730","text":"Barbara: MisplacedUsername : The Republicans would obstruct Clinton's policies even more than Obama, if you thought that was possible","type":"L","timestamp":"2016-09-21 10:58:45"},{"nodeID":"200731","text":"MisplacedUsername : They've always hated her","type":"L","timestamp":"2016-09-21 10:58:45"},{"nodeID":"200732","text":"Asserting","type":"YA","timestamp":"2016-09-21 10:58:45","scheme":"Asserting","schemeID":"74"},{"nodeID":"200733","text":"the Republicans have always hated Clinton","type":"I","timestamp":"2016-09-21 10:58:45"},{"nodeID":"200734","text":"Barbara: MisplacedUsername : They've always hated her","type":"L","timestamp":"2016-09-21 10:58:46"},{"nodeID":"200735","text":"MisplacedUsername : have been talking shit for years to prepare for this election cycle","type":"L","timestamp":"2016-09-21 10:58:46"},{"nodeID":"200736","text":"Asserting","type":"YA","timestamp":"2016-09-21 10:58:46","scheme":"Asserting","schemeID":"74"},{"nodeID":"200737","text":"the Republicans have been talking shit for years to prepare for this election cycle","type":"I","timestamp":"2016-09-21 10:58:46"},{"nodeID":"200738","text":"Barbara: MisplacedUsername : have been talking shit for years to prepare for this election cycle","type":"L","timestamp":"2016-09-21 10:58:46"},{"nodeID":"200739","text":"Default Inference","type":"RA","timestamp":"2016-09-21 10:58:47","scheme":"Default Inference","schemeID":"72"},{"nodeID":"200740","text":"Default Transition","type":"TA","timestamp":"2016-09-21 10:58:47","scheme":"Default Transition","schemeID":"82"},{"nodeID":"200741","text":"Default Illocuting","type":"YA","timestamp":"2016-09-21 10:58:47","scheme":"Default Illocuting","schemeID":"168"},{"nodeID":"200742","text":"raika11182 : Definitely agree there","type":"L","timestamp":"2016-09-21 10:58:47"},{"nodeID":"200743","text":"Barbara: raika11182 : Definitely agree there","type":"L","timestamp":"2016-09-21 10:58:47"},{"nodeID":"200744","text":"raika11182 : Whether she is qualified or not","type":"L","timestamp":"2016-09-21 10:58:47"},{"nodeID":"200745","text":"Asserting","type":"YA","timestamp":"2016-09-21 10:58:48","scheme":"Asserting","schemeID":"74"},{"nodeID":"200746","text":"whether Clinton is qualified or not","type":"I","timestamp":"2016-09-21 10:58:48"},{"nodeID":"200747","text":"Barbara: raika11182 : Whether she is qualified or not","type":"L","timestamp":"2016-09-21 10:58:48"},{"nodeID":"200748","text":"raika11182 : I don't believe she can win the general election","type":"L","timestamp":"2016-09-21 10:58:48"},{"nodeID":"200749","text":"Asserting","type":"YA","timestamp":"2016-09-21 10:58:48","scheme":"Asserting","schemeID":"74"},{"nodeID":"200750","text":"Clinton cannot win the general election","type":"I","timestamp":"2016-09-21 10:58:48"},{"nodeID":"200751","text":"Barbara: raika11182 : I don't believe she can win the general election","type":"L","timestamp":"2016-09-21 10:58:49"},{"nodeID":"200752","text":"raika11182 : the Republican party has so thoroughly prepped for it","type":"L","timestamp":"2016-09-21 10:58:49"},{"nodeID":"200753","text":"Asserting","type":"YA","timestamp":"2016-09-21 10:58:49","scheme":"Asserting","schemeID":"74"},{"nodeID":"200754","text":"the Republican party has so thoroughly prepped for the general election","type":"I","timestamp":"2016-09-21 10:58:49"},{"nodeID":"200755","text":"Barbara: raika11182 : the Republican party has so thoroughly prepped for it","type":"L","timestamp":"2016-09-21 10:58:49"},{"nodeID":"200756","text":"Default Inference","type":"RA","timestamp":"2016-09-21 10:58:50","scheme":"Default Inference","schemeID":"72"},{"nodeID":"200757","text":"Default Transition","type":"TA","timestamp":"2016-09-21 10:58:50","scheme":"Default Transition","schemeID":"82"},{"nodeID":"200758","text":"Arguing","type":"YA","timestamp":"2016-09-21 10:58:50","scheme":"Arguing","schemeID":"80"},{"nodeID":"200759","text":"Default Transition","type":"TA","timestamp":"2016-09-21 10:58:50","scheme":"Default Transition","schemeID":"82"},{"nodeID":"200760","text":"Agreeing","type":"YA","timestamp":"2016-09-21 10:58:50","scheme":"Agreeing","schemeID":"77"},{"nodeID":"200761","text":"Default Transition","type":"TA","timestamp":"2016-09-21 10:58:51","scheme":"Default Transition","schemeID":"82"},{"nodeID":"200762","text":"Default Transition","type":"TA","timestamp":"2016-09-21 10:58:51","scheme":"Default Transition","schemeID":"82"},{"nodeID":"200763","text":"Default Rephrase","type":"MA","timestamp":"2016-09-21 10:58:51","scheme":"Default Rephrase","schemeID":"144"},{"nodeID":"200764","text":"Default Transition","type":"TA","timestamp":"2016-09-21 10:58:51","scheme":"Default Transition","schemeID":"82"},{"nodeID":"200765","text":"Restating","type":"YA","timestamp":"2016-09-21 10:58:51","scheme":"Restating","schemeID":"101"},{"nodeID":"200766","text":"Barbara: MisplacedUsername : she could win","type":"L","timestamp":"2016-09-21 10:58:51"},{"nodeID":"200767","text":"Barbara: MisplacedUsername : she could win, it just depends on voter turnout","type":"L","timestamp":"2016-09-21 10:58:51"},{"nodeID":"200768","text":"MisplacedUsername : She's not very energizing","type":"L","timestamp":"2016-09-21 10:58:52"},{"nodeID":"200769","text":"Asserting","type":"YA","timestamp":"2016-09-21 10:58:52","scheme":"Asserting","schemeID":"74"},{"nodeID":"200770","text":"Clinton is not very energizing","type":"I","timestamp":"2016-09-21 10:58:52"},{"nodeID":"200771","text":"Barbara: MisplacedUsername : She's not very energizing","type":"L","timestamp":"2016-09-21 10:58:52"},{"nodeID":"200772","text":"Barbara: MisplacedUsername : Due to demographics, high turnout means Democratic victories in state-wide and federal elections","type":"L","timestamp":"2016-09-21 10:58:52"},{"nodeID":"200773","text":"Barbara: raika11182 : IIRC, even in the Bush era, more voters were registered as Democrats or indicated left leaning than as Republican or conservative","type":"L","timestamp":"2016-09-21 10:58:52"},{"nodeID":"200774","text":"MisplacedUsername : The gap is growing","type":"L","timestamp":"2016-09-21 10:58:52"},{"nodeID":"200775","text":"Asserting","type":"YA","timestamp":"2016-09-21 10:58:53","scheme":"Asserting","schemeID":"74"},{"nodeID":"200776","text":"the gap is growing","type":"I","timestamp":"2016-09-21 10:58:53"},{"nodeID":"200777","text":"Barbara: MisplacedUsername : The gap is growing","type":"L","timestamp":"2016-09-21 10:58:53"},{"nodeID":"200778","text":"MisplacedUsername : to each younger generation becoming statistically more progressive","type":"L","timestamp":"2016-09-21 10:58:53"},{"nodeID":"200779","text":"Asserting","type":"YA","timestamp":"2016-09-21 10:58:53","scheme":"Asserting","schemeID":"74"},{"nodeID":"200780","text":"each younger generation is becoming statistically more progressive","type":"I","timestamp":"2016-09-21 10:58:54"},{"nodeID":"200781","text":"Barbara: MisplacedUsername : to each younger generation becoming statistically more progressive","type":"L","timestamp":"2016-09-21 10:58:54"},{"nodeID":"200782","text":"MisplacedUsername : even in the Bush era, more voters were registered as Democrats or indicated left leaning than as Republican or conservative","type":"L","timestamp":"2016-09-21 10:58:54"},{"nodeID":"200783","text":"Asserting","type":"YA","timestamp":"2016-09-21 10:58:54","scheme":"Asserting","schemeID":"74"},{"nodeID":"200784","text":"even in the Bush era, more voters were registered as Democrats or indicated left leaning than as Republican or conservative","type":"I","timestamp":"2016-09-21 10:58:54"},{"nodeID":"200785","text":"Barbara: MisplacedUsername : even in the Bush era, more voters were registered as Democrats or indicated left leaning than as Republican or conservative","type":"L","timestamp":"2016-09-21 10:58:54"},{"nodeID":"200786","text":"Default Inference","type":"RA","timestamp":"2016-09-21 10:58:55","scheme":"Default Inference","schemeID":"72"},{"nodeID":"200787","text":"Default Transition","type":"TA","timestamp":"2016-09-21 10:58:55","scheme":"Default Transition","schemeID":"82"},{"nodeID":"200788","text":"Arguing","type":"YA","timestamp":"2016-09-21 10:58:55","scheme":"Arguing","schemeID":"80"},{"nodeID":"200789","text":"MisplacedUsername : Liberals just tend to have lower turnout","type":"L","timestamp":"2016-09-21 10:58:55"},{"nodeID":"200790","text":"Asserting","type":"YA","timestamp":"2016-09-21 10:58:55","scheme":"Asserting","schemeID":"74"},{"nodeID":"200791","text":"liberals just tend to have lower turnout","type":"I","timestamp":"2016-09-21 10:58:55"},{"nodeID":"200792","text":"Barbara: MisplacedUsername : Liberals just tend to have lower turnout","type":"L","timestamp":"2016-09-21 10:58:56"},{"nodeID":"200793","text":"MisplacedUsername : She could win","type":"L","timestamp":"2016-09-21 10:58:56"},{"nodeID":"200794","text":"MisplacedUsername : I just don't think she would accomplish anything","type":"L","timestamp":"2016-09-21 10:58:56"},{"nodeID":"200795","text":"Asserting","type":"YA","timestamp":"2016-09-21 10:58:56","scheme":"Asserting","schemeID":"74"},{"nodeID":"200796","text":"Clinton would not accomplish anything","type":"I","timestamp":"2016-09-21 10:58:57"},{"nodeID":"200797","text":"Barbara: MisplacedUsername : I just don't think she would accomplish anything","type":"L","timestamp":"2016-09-21 10:58:57"},{"nodeID":"200798","text":"MisplacedUsername : obstruction","type":"L","timestamp":"2016-09-21 10:58:57"},{"nodeID":"200799","text":"Asserting","type":"YA","timestamp":"2016-09-21 10:58:57","scheme":"Asserting","schemeID":"74"},{"nodeID":"200800","text":"Republican Party will obstruct Clinton in Congress","type":"I","timestamp":"2016-09-21 10:58:57"},{"nodeID":"200801","text":"Barbara: MisplacedUsername : obstruction","type":"L","timestamp":"2016-09-21 10:58:57"},{"nodeID":"200802","text":"Default Inference","type":"RA","timestamp":"2016-09-21 10:58:58","scheme":"Default Inference","schemeID":"72"},{"nodeID":"200803","text":"Default Transition","type":"TA","timestamp":"2016-09-21 10:58:58","scheme":"Default Transition","schemeID":"82"},{"nodeID":"200804","text":"Arguing","type":"YA","timestamp":"2016-09-21 10:58:58","scheme":"Arguing","schemeID":"80"},{"nodeID":"200805","text":"MisplacedUsername : demographics","type":"L","timestamp":"2016-09-21 10:58:58"},{"nodeID":"200806","text":"Asserting","type":"YA","timestamp":"2016-09-21 10:58:58","scheme":"Asserting","schemeID":"74"},{"nodeID":"200807","text":"how demographics is in US","type":"I","timestamp":"2016-09-21 10:58:58"},{"nodeID":"200808","text":"Barbara: MisplacedUsername : demographics","type":"L","timestamp":"2016-09-21 10:58:59"},{"nodeID":"200809","text":"MisplacedUsername : high turnout means Democratic victories in state-wide and federal elections","type":"L","timestamp":"2016-09-21 10:58:59"},{"nodeID":"200810","text":"Asserting","type":"YA","timestamp":"2016-09-21 10:58:59","scheme":"Asserting","schemeID":"74"},{"nodeID":"200811","text":"high turnout means Democratic victories in state-wide and federal elections","type":"I","timestamp":"2016-09-21 10:58:59"},{"nodeID":"200812","text":"Barbara: MisplacedUsername : high turnout means Democratic victories in state-wide and federal elections","type":"L","timestamp":"2016-09-21 10:58:59"},{"nodeID":"200813","text":"Asserting","type":"YA","timestamp":"2016-09-21 10:59:00","scheme":"Asserting","schemeID":"74"},{"nodeID":"200814","text":"Clinton could win","type":"I","timestamp":"2016-09-21 10:59:00"},{"nodeID":"200815","text":"MisplacedUsername : depends on voter turnout","type":"L","timestamp":"2016-09-21 10:59:00"},{"nodeID":"200816","text":"Asserting","type":"YA","timestamp":"2016-09-21 10:59:00","scheme":"Asserting","schemeID":"74"},{"nodeID":"200817","text":"Clinton winning depends on voter turnout","type":"I","timestamp":"2016-09-21 10:59:00"},{"nodeID":"200818","text":"Barbara: MisplacedUsername : depends on voter turnout","type":"L","timestamp":"2016-09-21 10:59:01"},{"nodeID":"200819","text":"Default Inference","type":"RA","timestamp":"2016-09-21 10:59:01","scheme":"Default Inference","schemeID":"72"},{"nodeID":"200820","text":"Default Transition","type":"TA","timestamp":"2016-09-21 10:59:01","scheme":"Default Transition","schemeID":"82"},{"nodeID":"200821","text":"Arguing","type":"YA","timestamp":"2016-09-21 10:59:01","scheme":"Arguing","schemeID":"80"},{"nodeID":"200822","text":"Default Inference","type":"RA","timestamp":"2016-09-21 10:59:01","scheme":"Default Inference","schemeID":"72"},{"nodeID":"200823","text":"Default Transition","type":"TA","timestamp":"2016-09-21 10:59:02","scheme":"Default Transition","schemeID":"82"},{"nodeID":"200824","text":"Arguing","type":"YA","timestamp":"2016-09-21 10:59:02","scheme":"Arguing","schemeID":"80"},{"nodeID":"200825","text":"Default Inference","type":"RA","timestamp":"2016-09-21 10:59:02","scheme":"Default Inference","schemeID":"72"},{"nodeID":"200826","text":"Default Transition","type":"TA","timestamp":"2016-09-21 10:59:02","scheme":"Default Transition","schemeID":"82"},{"nodeID":"200827","text":"Arguing","type":"YA","timestamp":"2016-09-21 10:59:02","scheme":"Arguing","schemeID":"80"},{"nodeID":"200828","text":"Default Transition","type":"TA","timestamp":"2016-09-21 10:59:02","scheme":"Default Transition","schemeID":"82"},{"nodeID":"200829","text":"Default Transition","type":"TA","timestamp":"2016-09-21 10:59:03","scheme":"Default Transition","schemeID":"82"},{"nodeID":"200830","text":"Asserting","type":"YA","timestamp":"2016-09-21 10:59:03","scheme":"Asserting","schemeID":"74"},{"nodeID":"200831","text":"Default Conflict","type":"CA","timestamp":"2016-09-21 10:59:03","scheme":"Default Conflict","schemeID":"71"},{"nodeID":"200832","text":"Default Transition","type":"TA","timestamp":"2016-09-21 10:59:03","scheme":"Default Transition","schemeID":"82"},{"nodeID":"200833","text":"Disagreeing","type":"YA","timestamp":"2016-09-21 10:59:04","scheme":"Disagreeing","schemeID":"78"},{"nodeID":"200834","text":"Default Inference","type":"RA","timestamp":"2016-09-21 10:59:04","scheme":"Default Inference","schemeID":"72"},{"nodeID":"200835","text":"Default Transition","type":"TA","timestamp":"2016-09-21 10:59:04","scheme":"Default Transition","schemeID":"82"},{"nodeID":"200836","text":"Arguing","type":"YA","timestamp":"2016-09-21 10:59:04","scheme":"Arguing","schemeID":"80"}],"edges":[{"edgeID":"245280","fromID":"200651","toID":"200652","formEdgeID":null},{"edgeID":"245281","fromID":"200650","toID":"200651","formEdgeID":null},{"edgeID":"245282","fromID":"200655","toID":"200656","formEdgeID":null},{"edgeID":"245283","fromID":"200654","toID":"200655","formEdgeID":null},{"edgeID":"245284","fromID":"200650","toID":"200658","formEdgeID":null},{"edgeID":"245285","fromID":"200658","toID":"200654","formEdgeID":null},{"edgeID":"245286","fromID":"200660","toID":"200661","formEdgeID":null},{"edgeID":"245287","fromID":"200659","toID":"200660","formEdgeID":null},{"edgeID":"245288","fromID":"200664","toID":"200665","formEdgeID":null},{"edgeID":"245289","fromID":"200663","toID":"200664","formEdgeID":null},{"edgeID":"245290","fromID":"200665","toID":"200667","formEdgeID":null},{"edgeID":"245291","fromID":"200667","toID":"200656","formEdgeID":null},{"edgeID":"245292","fromID":"200661","toID":"200667","formEdgeID":null},{"edgeID":"245293","fromID":"200654","toID":"200668","formEdgeID":null},{"edgeID":"245294","fromID":"200668","toID":"200663","formEdgeID":null},{"edgeID":"245295","fromID":"200668","toID":"200659","formEdgeID":null},{"edgeID":"245296","fromID":"200668","toID":"200669","formEdgeID":null},{"edgeID":"245297","fromID":"200669","toID":"200667","formEdgeID":null},{"edgeID":"245298","fromID":"200671","toID":"200672","formEdgeID":null},{"edgeID":"245299","fromID":"200670","toID":"200671","formEdgeID":null},{"edgeID":"245300","fromID":"200675","toID":"200676","formEdgeID":null},{"edgeID":"245301","fromID":"200674","toID":"200675","formEdgeID":null},{"edgeID":"245302","fromID":"200679","toID":"200680","formEdgeID":null},{"edgeID":"245303","fromID":"200678","toID":"200679","formEdgeID":null},{"edgeID":"245304","fromID":"200683","toID":"200684","formEdgeID":null},{"edgeID":"245305","fromID":"200682","toID":"200683","formEdgeID":null},{"edgeID":"245306","fromID":"200676","toID":"200686","formEdgeID":null},{"edgeID":"245307","fromID":"200686","toID":"200672","formEdgeID":null},{"edgeID":"245308","fromID":"200670","toID":"200687","formEdgeID":null},{"edgeID":"245309","fromID":"200687","toID":"200674","formEdgeID":null},{"edgeID":"245310","fromID":"200687","toID":"200688","formEdgeID":null},{"edgeID":"245311","fromID":"200688","toID":"200686","formEdgeID":null},{"edgeID":"245312","fromID":"200684","toID":"200689","formEdgeID":null},{"edgeID":"245313","fromID":"200689","toID":"200672","formEdgeID":null},{"edgeID":"245314","fromID":"200670","toID":"200690","formEdgeID":null},{"edgeID":"245315","fromID":"200690","toID":"200682","formEdgeID":null},{"edgeID":"245316","fromID":"200690","toID":"200691","formEdgeID":null},{"edgeID":"245317","fromID":"200691","toID":"200689","formEdgeID":null},{"edgeID":"245318","fromID":"200672","toID":"200692","formEdgeID":null},{"edgeID":"245319","fromID":"200692","toID":"200656","formEdgeID":null},{"edgeID":"245320","fromID":"200654","toID":"200693","formEdgeID":null},{"edgeID":"245321","fromID":"200693","toID":"200670","formEdgeID":null},{"edgeID":"245322","fromID":"200693","toID":"200694","formEdgeID":null},{"edgeID":"245323","fromID":"200694","toID":"200692","formEdgeID":null},{"edgeID":"245324","fromID":"200696","toID":"200697","formEdgeID":null},{"edgeID":"245325","fromID":"200695","toID":"200696","formEdgeID":null},{"edgeID":"245326","fromID":"200700","toID":"200701","formEdgeID":null},{"edgeID":"245327","fromID":"200699","toID":"200700","formEdgeID":null},{"edgeID":"245328","fromID":"200674","toID":"200703","formEdgeID":null},{"edgeID":"245329","fromID":"200703","toID":"200678","formEdgeID":null},{"edgeID":"245330","fromID":"200705","toID":"200706","formEdgeID":null},{"edgeID":"245331","fromID":"200704","toID":"200705","formEdgeID":null},{"edgeID":"245332","fromID":"200709","toID":"200710","formEdgeID":null},{"edgeID":"245333","fromID":"200708","toID":"200709","formEdgeID":null},{"edgeID":"245334","fromID":"200713","toID":"200714","formEdgeID":null},{"edgeID":"245335","fromID":"200712","toID":"200713","formEdgeID":null},{"edgeID":"245336","fromID":"200710","toID":"200716","formEdgeID":null},{"edgeID":"245337","fromID":"200716","toID":"200714","formEdgeID":null},{"edgeID":"245338","fromID":"200708","toID":"200717","formEdgeID":null},{"edgeID":"245339","fromID":"200717","toID":"200712","formEdgeID":null},{"edgeID":"245340","fromID":"200717","toID":"200718","formEdgeID":null},{"edgeID":"245341","fromID":"200718","toID":"200716","formEdgeID":null},{"edgeID":"245342","fromID":"200714","toID":"200719","formEdgeID":null},{"edgeID":"245343","fromID":"200719","toID":"200706","formEdgeID":null},{"edgeID":"245344","fromID":"200704","toID":"200720","formEdgeID":null},{"edgeID":"245345","fromID":"200720","toID":"200712","formEdgeID":null},{"edgeID":"245346","fromID":"200720","toID":"200721","formEdgeID":null},{"edgeID":"245347","fromID":"200721","toID":"200719","formEdgeID":null},{"edgeID":"245348","fromID":"200697","toID":"200722","formEdgeID":null},{"edgeID":"245349","fromID":"200722","toID":"200684","formEdgeID":null},{"edgeID":"245350","fromID":"200682","toID":"200723","formEdgeID":null},{"edgeID":"245351","fromID":"200723","toID":"200695","formEdgeID":null},{"edgeID":"245352","fromID":"200723","toID":"200724","formEdgeID":null},{"edgeID":"245353","fromID":"200724","toID":"200722","formEdgeID":null},{"edgeID":"245354","fromID":"200695","toID":"200725","formEdgeID":null},{"edgeID":"245355","fromID":"200725","toID":"200699","formEdgeID":null},{"edgeID":"245356","fromID":"200699","toID":"200726","formEdgeID":null},{"edgeID":"245357","fromID":"200726","toID":"200704","formEdgeID":null},{"edgeID":"245358","fromID":"200728","toID":"200729","formEdgeID":null},{"edgeID":"245359","fromID":"200727","toID":"200728","formEdgeID":null},{"edgeID":"245360","fromID":"200729","toID":"200716","formEdgeID":null},{"edgeID":"245361","fromID":"200717","toID":"200727","formEdgeID":null},{"edgeID":"245362","fromID":"200732","toID":"200733","formEdgeID":null},{"edgeID":"245363","fromID":"200731","toID":"200732","formEdgeID":null},{"edgeID":"245364","fromID":"200736","toID":"200737","formEdgeID":null},{"edgeID":"245365","fromID":"200735","toID":"200736","formEdgeID":null},{"edgeID":"245366","fromID":"200737","toID":"200739","formEdgeID":null},{"edgeID":"245367","fromID":"200739","toID":"200729","formEdgeID":null},{"edgeID":"245368","fromID":"200733","toID":"200739","formEdgeID":null},{"edgeID":"245369","fromID":"200727","toID":"200740","formEdgeID":null},{"edgeID":"245370","fromID":"200740","toID":"200735","formEdgeID":null},{"edgeID":"245371","fromID":"200740","toID":"200731","formEdgeID":null},{"edgeID":"245372","fromID":"200740","toID":"200741","formEdgeID":null},{"edgeID":"245373","fromID":"200741","toID":"200739","formEdgeID":null},{"edgeID":"245374","fromID":"200745","toID":"200746","formEdgeID":null},{"edgeID":"245375","fromID":"200744","toID":"200745","formEdgeID":null},{"edgeID":"245376","fromID":"200749","toID":"200750","formEdgeID":null},{"edgeID":"245377","fromID":"200748","toID":"200749","formEdgeID":null},{"edgeID":"245378","fromID":"200753","toID":"200754","formEdgeID":null},{"edgeID":"245379","fromID":"200752","toID":"200753","formEdgeID":null},{"edgeID":"245380","fromID":"200754","toID":"200756","formEdgeID":null},{"edgeID":"245381","fromID":"200756","toID":"200750","formEdgeID":null},{"edgeID":"245382","fromID":"200748","toID":"200757","formEdgeID":null},{"edgeID":"245383","fromID":"200757","toID":"200752","formEdgeID":null},{"edgeID":"245384","fromID":"200757","toID":"200758","formEdgeID":null},{"edgeID":"245385","fromID":"200758","toID":"200756","formEdgeID":null},{"edgeID":"245386","fromID":"200735","toID":"200759","formEdgeID":null},{"edgeID":"245387","fromID":"200759","toID":"200742","formEdgeID":null},{"edgeID":"245388","fromID":"200759","toID":"200760","formEdgeID":null},{"edgeID":"245389","fromID":"200760","toID":"200737","formEdgeID":null},{"edgeID":"245390","fromID":"200742","toID":"200761","formEdgeID":null},{"edgeID":"245391","fromID":"200761","toID":"200744","formEdgeID":null},{"edgeID":"245392","fromID":"200744","toID":"200762","formEdgeID":null},{"edgeID":"245393","fromID":"200762","toID":"200748","formEdgeID":null},{"edgeID":"245394","fromID":"200754","toID":"200763","formEdgeID":null},{"edgeID":"245395","fromID":"200763","toID":"200737","formEdgeID":null},{"edgeID":"245396","fromID":"200735","toID":"200764","formEdgeID":null},{"edgeID":"245397","fromID":"200764","toID":"200752","formEdgeID":null},{"edgeID":"245398","fromID":"200764","toID":"200765","formEdgeID":null},{"edgeID":"245399","fromID":"200765","toID":"200763","formEdgeID":null},{"edgeID":"245400","fromID":"200769","toID":"200770","formEdgeID":null},{"edgeID":"245401","fromID":"200768","toID":"200769","formEdgeID":null},{"edgeID":"245402","fromID":"200775","toID":"200776","formEdgeID":null},{"edgeID":"245403","fromID":"200774","toID":"200775","formEdgeID":null},{"edgeID":"245404","fromID":"200779","toID":"200780","formEdgeID":null},{"edgeID":"245405","fromID":"200778","toID":"200779","formEdgeID":null},{"edgeID":"245406","fromID":"200783","toID":"200784","formEdgeID":null},{"edgeID":"245407","fromID":"200782","toID":"200783","formEdgeID":null},{"edgeID":"245408","fromID":"200780","toID":"200786","formEdgeID":null},{"edgeID":"245409","fromID":"200786","toID":"200776","formEdgeID":null},{"edgeID":"245410","fromID":"200774","toID":"200787","formEdgeID":null},{"edgeID":"245411","fromID":"200787","toID":"200778","formEdgeID":null},{"edgeID":"245412","fromID":"200787","toID":"200788","formEdgeID":null},{"edgeID":"245413","fromID":"200788","toID":"200786","formEdgeID":null},{"edgeID":"245414","fromID":"200790","toID":"200791","formEdgeID":null},{"edgeID":"245415","fromID":"200789","toID":"200790","formEdgeID":null},{"edgeID":"245416","fromID":"200795","toID":"200796","formEdgeID":null},{"edgeID":"245417","fromID":"200794","toID":"200795","formEdgeID":null},{"edgeID":"245418","fromID":"200799","toID":"200800","formEdgeID":null},{"edgeID":"245419","fromID":"200798","toID":"200799","formEdgeID":null},{"edgeID":"245420","fromID":"200800","toID":"200802","formEdgeID":null},{"edgeID":"245421","fromID":"200802","toID":"200796","formEdgeID":null},{"edgeID":"245422","fromID":"200794","toID":"200803","formEdgeID":null},{"edgeID":"245423","fromID":"200803","toID":"200798","formEdgeID":null},{"edgeID":"245424","fromID":"200803","toID":"200804","formEdgeID":null},{"edgeID":"245425","fromID":"200804","toID":"200802","formEdgeID":null},{"edgeID":"245426","fromID":"200806","toID":"200807","formEdgeID":null},{"edgeID":"245427","fromID":"200805","toID":"200806","formEdgeID":null},{"edgeID":"245428","fromID":"200810","toID":"200811","formEdgeID":null},{"edgeID":"245429","fromID":"200809","toID":"200810","formEdgeID":null},{"edgeID":"245430","fromID":"200813","toID":"200814","formEdgeID":null},{"edgeID":"245431","fromID":"200793","toID":"200813","formEdgeID":null},{"edgeID":"245432","fromID":"200816","toID":"200817","formEdgeID":null},{"edgeID":"245433","fromID":"200815","toID":"200816","formEdgeID":null},{"edgeID":"245434","fromID":"200807","toID":"200819","formEdgeID":null},{"edgeID":"245435","fromID":"200819","toID":"200811","formEdgeID":null},{"edgeID":"245436","fromID":"200805","toID":"200820","formEdgeID":null},{"edgeID":"245437","fromID":"200820","toID":"200809","formEdgeID":null},{"edgeID":"245438","fromID":"200820","toID":"200821","formEdgeID":null},{"edgeID":"245439","fromID":"200821","toID":"200819","formEdgeID":null},{"edgeID":"245440","fromID":"200811","toID":"200822","formEdgeID":null},{"edgeID":"245441","fromID":"200822","toID":"200817","formEdgeID":null},{"edgeID":"245442","fromID":"200815","toID":"200823","formEdgeID":null},{"edgeID":"245443","fromID":"200823","toID":"200809","formEdgeID":null},{"edgeID":"245444","fromID":"200824","toID":"200822","formEdgeID":null},{"edgeID":"245445","fromID":"200823","toID":"200824","formEdgeID":null},{"edgeID":"245446","fromID":"200776","toID":"200825","formEdgeID":null},{"edgeID":"245447","fromID":"200825","toID":"200807","formEdgeID":null},{"edgeID":"245448","fromID":"200805","toID":"200826","formEdgeID":null},{"edgeID":"245449","fromID":"200826","toID":"200774","formEdgeID":null},{"edgeID":"245450","fromID":"200826","toID":"200827","formEdgeID":null},{"edgeID":"245451","fromID":"200827","toID":"200825","formEdgeID":null},{"edgeID":"245452","fromID":"200791","toID":"200825","formEdgeID":null},{"edgeID":"245453","fromID":"200826","toID":"200789","formEdgeID":null},{"edgeID":"245454","fromID":"200770","toID":"200822","formEdgeID":null},{"edgeID":"245455","fromID":"200815","toID":"200828","formEdgeID":null},{"edgeID":"245456","fromID":"200828","toID":"200805","formEdgeID":null},{"edgeID":"245457","fromID":"200793","toID":"200829","formEdgeID":null},{"edgeID":"245458","fromID":"200829","toID":"200793","formEdgeID":null},{"edgeID":"245459","fromID":"200793","toID":"200830","formEdgeID":null},{"edgeID":"245460","fromID":"200830","toID":"200814","formEdgeID":null},{"edgeID":"245461","fromID":"200814","toID":"200831","formEdgeID":null},{"edgeID":"245462","fromID":"200831","toID":"200750","formEdgeID":null},{"edgeID":"245463","fromID":"200748","toID":"200832","formEdgeID":null},{"edgeID":"245464","fromID":"200832","toID":"200793","formEdgeID":null},{"edgeID":"245465","fromID":"200832","toID":"200833","formEdgeID":null},{"edgeID":"245466","fromID":"200833","toID":"200831","formEdgeID":null},{"edgeID":"245467","fromID":"200729","toID":"200834","formEdgeID":null},{"edgeID":"245468","fromID":"200834","toID":"200796","formEdgeID":null},{"edgeID":"245469","fromID":"200727","toID":"200835","formEdgeID":null},{"edgeID":"245470","fromID":"200835","toID":"200794","formEdgeID":null},{"edgeID":"245471","fromID":"200835","toID":"200836","formEdgeID":null},{"edgeID":"245472","fromID":"200836","toID":"200834","formEdgeID":null}],"locutions":[]}