{"nodes":[{"nodeID":"197772","text":"zaiaza : Bernie sanders knows when to shut up","type":"L","timestamp":"2016-09-01 13:52:52"},{"nodeID":"197773","text":"Asserting","type":"YA","timestamp":"2016-09-01 13:52:52","scheme":"Asserting","schemeID":"74"},{"nodeID":"197774","text":"Bernie sanders knows when to shut up","type":"I","timestamp":"2016-09-01 13:52:52"},{"nodeID":"197775","text":"Barbara: zaiaza : Bernie sanders knows when to shut up","type":"L","timestamp":"2016-09-01 13:52:53"},{"nodeID":"197776","text":"zaiaza : Hilary won't","type":"L","timestamp":"2016-09-01 13:52:53"},{"nodeID":"197777","text":"Asserting","type":"YA","timestamp":"2016-09-01 13:52:53","scheme":"Asserting","schemeID":"74"},{"nodeID":"197778","text":"Hilary Clinton won't shut up","type":"I","timestamp":"2016-09-01 13:52:53"},{"nodeID":"197779","text":"Barbara: zaiaza : Hilary won't","type":"L","timestamp":"2016-09-01 13:52:53"},{"nodeID":"197780","text":"zaiaza : Fuck cnn","type":"L","timestamp":"2016-09-01 13:52:53"},{"nodeID":"197781","text":"Asserting","type":"YA","timestamp":"2016-09-01 13:52:53","scheme":"Asserting","schemeID":"74"},{"nodeID":"197782","text":"fuck CNN","type":"I","timestamp":"2016-09-01 13:52:53"},{"nodeID":"197783","text":"Barbara: zaiaza : Fuck cnn","type":"L","timestamp":"2016-09-01 13:52:53"},{"nodeID":"197784","text":"zaiaza : they refuse to stop her","type":"L","timestamp":"2016-09-01 13:52:53"},{"nodeID":"197785","text":"Asserting","type":"YA","timestamp":"2016-09-01 13:52:53","scheme":"Asserting","schemeID":"74"},{"nodeID":"197786","text":"CNN refuses to stop Hillary Clinton","type":"I","timestamp":"2016-09-01 13:52:53"},{"nodeID":"197787","text":"Barbara: zaiaza : they refuse to stop her","type":"L","timestamp":"2016-09-01 13:52:54"},{"nodeID":"197788","text":"Default Inference","type":"RA","timestamp":"2016-09-01 13:52:54","scheme":"Default Inference","schemeID":"72"},{"nodeID":"197789","text":"Default Transition","type":"TA","timestamp":"2016-09-01 13:52:54","scheme":"Default Transition","schemeID":"82"},{"nodeID":"197790","text":"Arguing","type":"YA","timestamp":"2016-09-01 13:52:54","scheme":"Arguing","schemeID":"80"},{"nodeID":"197791","text":"Default Transition","type":"TA","timestamp":"2016-09-01 13:52:54","scheme":"Default Transition","schemeID":"82"},{"nodeID":"197792","text":"CNN artificially making Hilary Clinton look more like a leader","type":"I","timestamp":"2016-09-01 13:52:54"},{"nodeID":"197793","text":"Asserting","type":"YA","timestamp":"2016-09-01 13:52:54","scheme":"Asserting","schemeID":"74"},{"nodeID":"197794","text":"MrFordization : they're artificially making her look more like a leader","type":"L","timestamp":"2016-09-01 13:52:54"},{"nodeID":"197795","text":"Barbara: MrFordization : they're artificially making her look more like a leader","type":"L","timestamp":"2016-09-01 13:52:54"},{"nodeID":"197796","text":"Default Transition","type":"TA","timestamp":"2016-09-01 13:52:54","scheme":"Default Transition","schemeID":"82"},{"nodeID":"197797","text":"Default Inference","type":"RA","timestamp":"2016-09-01 13:52:54","scheme":"Default Inference","schemeID":"72"},{"nodeID":"197798","text":"Arguing","type":"YA","timestamp":"2016-09-01 13:52:55","scheme":"Arguing","schemeID":"80"},{"nodeID":"197799","text":"zaiaza : It's horrible","type":"L","timestamp":"2016-09-01 13:52:55"},{"nodeID":"197800","text":"Asserting","type":"YA","timestamp":"2016-09-01 13:52:55","scheme":"Asserting","schemeID":"74"},{"nodeID":"197801","text":"It's horrible","type":"I","timestamp":"2016-09-01 13:52:55"},{"nodeID":"197802","text":"Barbara: zaiaza : It's horrible","type":"L","timestamp":"2016-09-01 13:52:55"},{"nodeID":"197803","text":"Default Transition","type":"TA","timestamp":"2016-09-01 13:52:55","scheme":"Default Transition","schemeID":"82"},{"nodeID":"197804","text":"zaiaza : They are trying to play her up","type":"L","timestamp":"2016-09-01 13:52:55"},{"nodeID":"197805","text":"Asserting","type":"YA","timestamp":"2016-09-01 13:52:55","scheme":"Asserting","schemeID":"74"},{"nodeID":"197806","text":"CNN are trying to play Hillary Clinton up","type":"I","timestamp":"2016-09-01 13:52:55"},{"nodeID":"197807","text":"Barbara: zaiaza : They are trying to play her up","type":"L","timestamp":"2016-09-01 13:52:55"},{"nodeID":"197808","text":"Default Rephrase","type":"MA","timestamp":"2016-09-01 13:52:55","scheme":"Default Rephrase","schemeID":"144"},{"nodeID":"197809","text":"Default Transition","type":"TA","timestamp":"2016-09-01 13:52:56","scheme":"Default Transition","schemeID":"82"},{"nodeID":"197810","text":"Restating","type":"YA","timestamp":"2016-09-01 13:52:56","scheme":"Restating","schemeID":"101"},{"nodeID":"197811","text":"zaiaza : she's female","type":"L","timestamp":"2016-09-01 13:52:56"},{"nodeID":"197812","text":"Asserting","type":"YA","timestamp":"2016-09-01 13:52:56","scheme":"Asserting","schemeID":"74"},{"nodeID":"197813","text":"Hillary Clinton is female","type":"I","timestamp":"2016-09-01 13:52:56"},{"nodeID":"197814","text":"Barbara: zaiaza : she's female","type":"L","timestamp":"2016-09-01 13:52:56"},{"nodeID":"197815","text":"Default Inference","type":"RA","timestamp":"2016-09-01 13:52:56","scheme":"Default Inference","schemeID":"72"},{"nodeID":"197816","text":"Default Transition","type":"TA","timestamp":"2016-09-01 13:52:56","scheme":"Default Transition","schemeID":"82"},{"nodeID":"197817","text":"Arguing","type":"YA","timestamp":"2016-09-01 13:52:56","scheme":"Arguing","schemeID":"80"},{"nodeID":"197818","text":"zaiaza : Fuck it","type":"L","timestamp":"2016-09-01 13:52:56"},{"nodeID":"197819","text":"Asserting","type":"YA","timestamp":"2016-09-01 13:52:56","scheme":"Asserting","schemeID":"74"},{"nodeID":"197820","text":"fuck it","type":"I","timestamp":"2016-09-01 13:52:56"},{"nodeID":"197821","text":"Barbara: zaiaza : Fuck it","type":"L","timestamp":"2016-09-01 13:52:57"},{"nodeID":"197822","text":"zaiaza :  I'm female","type":"L","timestamp":"2016-09-01 13:52:57"},{"nodeID":"197823","text":"Asserting","type":"YA","timestamp":"2016-09-01 13:52:57","scheme":"Asserting","schemeID":"74"},{"nodeID":"197824","text":"I'm female","type":"I","timestamp":"2016-09-01 13:52:57"},{"nodeID":"197825","text":"Barbara: zaiaza :  I'm female","type":"L","timestamp":"2016-09-01 13:52:57"},{"nodeID":"197826","text":"zaiaza : I want Bernie","type":"L","timestamp":"2016-09-01 13:52:57"},{"nodeID":"197827","text":"Asserting","type":"YA","timestamp":"2016-09-01 13:52:57","scheme":"Asserting","schemeID":"74"},{"nodeID":"197828","text":"I want Bernie Sanders","type":"I","timestamp":"2016-09-01 13:52:57"},{"nodeID":"197829","text":"Barbara: zaiaza : I want Bernie","type":"L","timestamp":"2016-09-01 13:52:57"},{"nodeID":"197830","text":"Default Inference","type":"RA","timestamp":"2016-09-01 13:52:57","scheme":"Default Inference","schemeID":"72"},{"nodeID":"197831","text":"Default Transition","type":"TA","timestamp":"2016-09-01 13:52:57","scheme":"Default Transition","schemeID":"82"},{"nodeID":"197832","text":"Arguing","type":"YA","timestamp":"2016-09-01 13:52:58","scheme":"Arguing","schemeID":"80"},{"nodeID":"197833","text":"Default Transition","type":"TA","timestamp":"2016-09-01 13:52:58","scheme":"Default Transition","schemeID":"82"},{"nodeID":"197834","text":"Barbara: MrFordization : They're playing her up","type":"L","timestamp":"2016-09-01 13:52:58"},{"nodeID":"197835","text":"MrFordization : They're playing her up","type":"L","timestamp":"2016-09-01 13:52:58"},{"nodeID":"197836","text":"Asserting","type":"YA","timestamp":"2016-09-01 13:52:58","scheme":"Asserting","schemeID":"74"},{"nodeID":"197837","text":"CNN is playing Hillary Clinton up","type":"I","timestamp":"2016-09-01 13:52:58"},{"nodeID":"197838","text":"Default Rephrase","type":"MA","timestamp":"2016-09-01 13:52:58","scheme":"Default Rephrase","schemeID":"144"},{"nodeID":"197839","text":"Default Transition","type":"TA","timestamp":"2016-09-01 13:52:58","scheme":"Default Transition","schemeID":"82"},{"nodeID":"197840","text":"Restating","type":"YA","timestamp":"2016-09-01 13:52:58","scheme":"Restating","schemeID":"101"},{"nodeID":"197841","text":"MrFordization : she's bought and paid for","type":"L","timestamp":"2016-09-01 13:52:58"},{"nodeID":"197842","text":"Asserting","type":"YA","timestamp":"2016-09-01 13:52:59","scheme":"Asserting","schemeID":"74"},{"nodeID":"197843","text":"Hillary Clinton is bought and paid for","type":"I","timestamp":"2016-09-01 13:52:59"},{"nodeID":"197844","text":"Barbara: MrFordization : she's bought and paid for","type":"L","timestamp":"2016-09-01 13:52:59"},{"nodeID":"197845","text":"Default Inference","type":"RA","timestamp":"2016-09-01 13:52:59","scheme":"Default Inference","schemeID":"72"},{"nodeID":"197846","text":"Default Transition","type":"TA","timestamp":"2016-09-01 13:52:59","scheme":"Default Transition","schemeID":"82"},{"nodeID":"197847","text":"Arguing","type":"YA","timestamp":"2016-09-01 13:52:59","scheme":"Arguing","schemeID":"80"},{"nodeID":"197848","text":"zaiaza : Truuue","type":"L","timestamp":"2016-09-01 13:52:59"},{"nodeID":"197849","text":"Barbara: zaiaza : Truuue","type":"L","timestamp":"2016-09-01 13:52:59"},{"nodeID":"197850","text":"Default Transition","type":"TA","timestamp":"2016-09-01 13:52:59","scheme":"Default Transition","schemeID":"82"},{"nodeID":"197851","text":"Agreeing","type":"YA","timestamp":"2016-09-01 13:52:59","scheme":"Agreeing","schemeID":"77"}],"edges":[{"edgeID":"242179","fromID":"197773","toID":"197774","formEdgeID":null},{"edgeID":"242180","fromID":"197772","toID":"197773","formEdgeID":null},{"edgeID":"242181","fromID":"197777","toID":"197778","formEdgeID":null},{"edgeID":"242182","fromID":"197776","toID":"197777","formEdgeID":null},{"edgeID":"242183","fromID":"197781","toID":"197782","formEdgeID":null},{"edgeID":"242184","fromID":"197780","toID":"197781","formEdgeID":null},{"edgeID":"242185","fromID":"197785","toID":"197786","formEdgeID":null},{"edgeID":"242186","fromID":"197784","toID":"197785","formEdgeID":null},{"edgeID":"242187","fromID":"197786","toID":"197788","formEdgeID":null},{"edgeID":"242188","fromID":"197788","toID":"197782","formEdgeID":null},{"edgeID":"242189","fromID":"197780","toID":"197789","formEdgeID":null},{"edgeID":"242190","fromID":"197789","toID":"197784","formEdgeID":null},{"edgeID":"242191","fromID":"197789","toID":"197790","formEdgeID":null},{"edgeID":"242192","fromID":"197790","toID":"197788","formEdgeID":null},{"edgeID":"242193","fromID":"197778","toID":"197788","formEdgeID":null},{"edgeID":"242194","fromID":"197776","toID":"197789","formEdgeID":null},{"edgeID":"242195","fromID":"197772","toID":"197791","formEdgeID":null},{"edgeID":"242196","fromID":"197791","toID":"197776","formEdgeID":null},{"edgeID":"242197","fromID":"197793","toID":"197792","formEdgeID":null},{"edgeID":"242198","fromID":"197794","toID":"197793","formEdgeID":null},{"edgeID":"242199","fromID":"197784","toID":"197796","formEdgeID":null},{"edgeID":"242200","fromID":"197796","toID":"197794","formEdgeID":null},{"edgeID":"242201","fromID":"197792","toID":"197797","formEdgeID":null},{"edgeID":"242202","fromID":"197797","toID":"197786","formEdgeID":null},{"edgeID":"242203","fromID":"197796","toID":"197798","formEdgeID":null},{"edgeID":"242204","fromID":"197798","toID":"197797","formEdgeID":null},{"edgeID":"242205","fromID":"197800","toID":"197801","formEdgeID":null},{"edgeID":"242206","fromID":"197799","toID":"197800","formEdgeID":null},{"edgeID":"242207","fromID":"197794","toID":"197803","formEdgeID":null},{"edgeID":"242208","fromID":"197803","toID":"197799","formEdgeID":null},{"edgeID":"242209","fromID":"197805","toID":"197806","formEdgeID":null},{"edgeID":"242210","fromID":"197804","toID":"197805","formEdgeID":null},{"edgeID":"242211","fromID":"197806","toID":"197808","formEdgeID":null},{"edgeID":"242212","fromID":"197808","toID":"197792","formEdgeID":null},{"edgeID":"242213","fromID":"197794","toID":"197809","formEdgeID":null},{"edgeID":"242214","fromID":"197809","toID":"197804","formEdgeID":null},{"edgeID":"242215","fromID":"197809","toID":"197810","formEdgeID":null},{"edgeID":"242216","fromID":"197810","toID":"197808","formEdgeID":null},{"edgeID":"242217","fromID":"197812","toID":"197813","formEdgeID":null},{"edgeID":"242218","fromID":"197811","toID":"197812","formEdgeID":null},{"edgeID":"242219","fromID":"197813","toID":"197815","formEdgeID":null},{"edgeID":"242220","fromID":"197815","toID":"197806","formEdgeID":null},{"edgeID":"242221","fromID":"197804","toID":"197816","formEdgeID":null},{"edgeID":"242222","fromID":"197816","toID":"197811","formEdgeID":null},{"edgeID":"242223","fromID":"197816","toID":"197817","formEdgeID":null},{"edgeID":"242224","fromID":"197817","toID":"197815","formEdgeID":null},{"edgeID":"242225","fromID":"197819","toID":"197820","formEdgeID":null},{"edgeID":"242226","fromID":"197818","toID":"197819","formEdgeID":null},{"edgeID":"242227","fromID":"197823","toID":"197824","formEdgeID":null},{"edgeID":"242228","fromID":"197822","toID":"197823","formEdgeID":null},{"edgeID":"242229","fromID":"197827","toID":"197828","formEdgeID":null},{"edgeID":"242230","fromID":"197826","toID":"197827","formEdgeID":null},{"edgeID":"242231","fromID":"197828","toID":"197830","formEdgeID":null},{"edgeID":"242232","fromID":"197830","toID":"197820","formEdgeID":null},{"edgeID":"242233","fromID":"197824","toID":"197830","formEdgeID":null},{"edgeID":"242234","fromID":"197818","toID":"197831","formEdgeID":null},{"edgeID":"242235","fromID":"197831","toID":"197826","formEdgeID":null},{"edgeID":"242236","fromID":"197831","toID":"197822","formEdgeID":null},{"edgeID":"242237","fromID":"197831","toID":"197832","formEdgeID":null},{"edgeID":"242238","fromID":"197832","toID":"197830","formEdgeID":null},{"edgeID":"242239","fromID":"197811","toID":"197833","formEdgeID":null},{"edgeID":"242240","fromID":"197833","toID":"197818","formEdgeID":null},{"edgeID":"242241","fromID":"197836","toID":"197837","formEdgeID":null},{"edgeID":"242242","fromID":"197835","toID":"197836","formEdgeID":null},{"edgeID":"242243","fromID":"197837","toID":"197838","formEdgeID":null},{"edgeID":"242244","fromID":"197838","toID":"197806","formEdgeID":null},{"edgeID":"242245","fromID":"197804","toID":"197839","formEdgeID":null},{"edgeID":"242246","fromID":"197839","toID":"197835","formEdgeID":null},{"edgeID":"242247","fromID":"197839","toID":"197840","formEdgeID":null},{"edgeID":"242248","fromID":"197840","toID":"197838","formEdgeID":null},{"edgeID":"242249","fromID":"197842","toID":"197843","formEdgeID":null},{"edgeID":"242250","fromID":"197841","toID":"197842","formEdgeID":null},{"edgeID":"242251","fromID":"197843","toID":"197845","formEdgeID":null},{"edgeID":"242252","fromID":"197845","toID":"197837","formEdgeID":null},{"edgeID":"242253","fromID":"197835","toID":"197846","formEdgeID":null},{"edgeID":"242254","fromID":"197846","toID":"197841","formEdgeID":null},{"edgeID":"242255","fromID":"197846","toID":"197847","formEdgeID":null},{"edgeID":"242256","fromID":"197847","toID":"197845","formEdgeID":null},{"edgeID":"242257","fromID":"197841","toID":"197850","formEdgeID":null},{"edgeID":"242258","fromID":"197850","toID":"197848","formEdgeID":null},{"edgeID":"242259","fromID":"197850","toID":"197851","formEdgeID":null},{"edgeID":"242260","fromID":"197851","toID":"197843","formEdgeID":null}],"locutions":[{"nodeID":"197794","personID":"2216","timestamp":"2016-09-01 13:53:02","start":null,"end":null,"source":null}]}