{"nodes":[{"nodeID":"202144","text":"fatcIemenza : Didn't expect Bernie to want penalties for Snowden","type":"L","timestamp":"2016-09-24 10:48:37"},{"nodeID":"202145","text":"Asserting","type":"YA","timestamp":"2016-09-24 10:48:37","scheme":"Asserting","schemeID":"74"},{"nodeID":"202146","text":"Bernie Sanders wants penalties for Snowden","type":"I","timestamp":"2016-09-24 10:48:37"},{"nodeID":"202147","text":"Barbara: fatcIemenza : Didn't expect Bernie to want penalties for Snowden","type":"L","timestamp":"2016-09-24 10:48:37"},{"nodeID":"202148","text":"I didn't expect Bernie Sanders to want penalties for Snowden","type":"L","timestamp":"2016-09-24 10:48:37"},{"nodeID":"202149","text":"Asserting","type":"YA","timestamp":"2016-09-24 10:48:37","scheme":"Asserting","schemeID":"74"},{"nodeID":"202150","text":"HeilHilter : probably just so that isn't used to attack him","type":"L","timestamp":"2016-09-24 10:48:37"},{"nodeID":"202151","text":"Asserting","type":"YA","timestamp":"2016-09-24 10:48:38","scheme":"Asserting","schemeID":"74"},{"nodeID":"202152","text":"not wanting penalties for Snowden could be used to attack Bernie Sanders","type":"I","timestamp":"2016-09-24 10:48:38"},{"nodeID":"202153","text":"Barbara: HeilHilter : probably just so that isn't used to attack him","type":"L","timestamp":"2016-09-24 10:48:38"},{"nodeID":"202154","text":"Default Inference","type":"RA","timestamp":"2016-09-24 10:48:38","scheme":"Default Inference","schemeID":"72"},{"nodeID":"202155","text":"Default Transition","type":"TA","timestamp":"2016-09-24 10:48:38","scheme":"Default Transition","schemeID":"82"},{"nodeID":"202156","text":"Arguing","type":"YA","timestamp":"2016-09-24 10:48:38","scheme":"Arguing","schemeID":"80"},{"nodeID":"202157","text":"Canada_girl : Saying anything to get elected eh","type":"L","timestamp":"2016-09-24 10:48:38"},{"nodeID":"202158","text":"Asserting","type":"YA","timestamp":"2016-09-24 10:48:38","scheme":"Asserting","schemeID":"74"},{"nodeID":"202159","text":"Bernie Sanders is saying anything to get elected","type":"I","timestamp":"2016-09-24 10:48:38"},{"nodeID":"202160","text":"Barbara: Canada_girl : Saying anything to get elected eh","type":"L","timestamp":"2016-09-24 10:48:38"},{"nodeID":"202161","text":"Default Inference","type":"RA","timestamp":"2016-09-24 10:48:39","scheme":"Default Inference","schemeID":"72"},{"nodeID":"202162","text":"Default Transition","type":"TA","timestamp":"2016-09-24 10:48:39","scheme":"Default Transition","schemeID":"82"},{"nodeID":"202163","text":"Arguing","type":"YA","timestamp":"2016-09-24 10:48:39","scheme":"Arguing","schemeID":"80"},{"nodeID":"202164","text":"HeilHilter : ever heard of using sound bites against people","type":"L","timestamp":"2016-09-24 10:48:39"},{"nodeID":"202165","text":"Assertive Questioning","type":"YA","timestamp":"2016-09-24 10:48:39","scheme":"AssertiveQuestioning","schemeID":"73"},{"nodeID":"202166","text":"ever heard of using sound bites against people","type":"I","timestamp":"2016-09-24 10:48:39"},{"nodeID":"202167","text":"Barbara: HeilHilter : ever heard of using sound bites against people","type":"L","timestamp":"2016-09-24 10:48:39"},{"nodeID":"202168","text":"Default Conflict","type":"CA","timestamp":"2016-09-24 10:48:40","scheme":"Default Conflict","schemeID":"71"},{"nodeID":"202169","text":"Default Transition","type":"TA","timestamp":"2016-09-24 10:48:40","scheme":"Default Transition","schemeID":"82"},{"nodeID":"202170","text":"Disagreeing","type":"YA","timestamp":"2016-09-24 10:48:40","scheme":"Disagreeing","schemeID":"78"},{"nodeID":"202171","text":"AtomicSteve21 : He can't appear weak","type":"L","timestamp":"2016-09-24 10:48:40"},{"nodeID":"202172","text":"Asserting","type":"YA","timestamp":"2016-09-24 10:48:40","scheme":"Asserting","schemeID":"74"},{"nodeID":"202173","text":"Bernie Sanders can't appear weak","type":"I","timestamp":"2016-09-24 10:48:40"},{"nodeID":"202174","text":"Barbara: AtomicSteve21 : He can't appear weak","type":"L","timestamp":"2016-09-24 10:48:40"},{"nodeID":"202175","text":"AtomicSteve21 : It's possible that was a very calculated response","type":"L","timestamp":"2016-09-24 10:48:40"},{"nodeID":"202176","text":"Asserting","type":"YA","timestamp":"2016-09-24 10:48:40","scheme":"Asserting","schemeID":"74"},{"nodeID":"202177","text":"it's possible that was a very calculated response","type":"I","timestamp":"2016-09-24 10:48:40"},{"nodeID":"202178","text":"Barbara: AtomicSteve21 : It's possible that was a very calculated response","type":"L","timestamp":"2016-09-24 10:48:40"},{"nodeID":"202179","text":"Default Inference","type":"RA","timestamp":"2016-09-24 10:48:40","scheme":"Default Inference","schemeID":"72"},{"nodeID":"202180","text":"Default Transition","type":"TA","timestamp":"2016-09-24 10:48:41","scheme":"Default Transition","schemeID":"82"},{"nodeID":"202181","text":"Arguing","type":"YA","timestamp":"2016-09-24 10:48:41","scheme":"Arguing","schemeID":"80"},{"nodeID":"202182","text":"Default Inference","type":"RA","timestamp":"2016-09-24 10:48:41","scheme":"Default Inference","schemeID":"72"},{"nodeID":"202183","text":"Default Transition","type":"TA","timestamp":"2016-09-24 10:48:41","scheme":"Default Transition","schemeID":"82"},{"nodeID":"202184","text":"Arguing","type":"YA","timestamp":"2016-09-24 10:48:41","scheme":"Arguing","schemeID":"80"},{"nodeID":"202185","text":"Canada_girl : pandering","type":"L","timestamp":"2016-09-24 10:48:41"},{"nodeID":"202186","text":"Assertive Questioning","type":"YA","timestamp":"2016-09-24 10:48:41","scheme":"AssertiveQuestioning","schemeID":"73"},{"nodeID":"202187","text":"Bernie Sanders is pandering","type":"I","timestamp":"2016-09-24 10:48:41"},{"nodeID":"202188","text":"Barbara: Canada_girl : pandering","type":"L","timestamp":"2016-09-24 10:48:41"},{"nodeID":"202189","text":"AtomicSteve21 : Sort of","type":"L","timestamp":"2016-09-24 10:48:41"},{"nodeID":"202190","text":"Barbara: AtomicSteve21 : Sort of","type":"L","timestamp":"2016-09-24 10:48:41"},{"nodeID":"202191","text":"Default Transition","type":"TA","timestamp":"2016-09-24 10:48:42","scheme":"Default Transition","schemeID":"82"},{"nodeID":"202192","text":"Agreeing","type":"YA","timestamp":"2016-09-24 10:48:42","scheme":"Agreeing","schemeID":"77"},{"nodeID":"202193","text":"AtomicSteve21 : he wouldn't be pandering to the audience so much as he would be sending a message to future whistleblowers that they can't just break the law and get off Scott free","type":"L","timestamp":"2016-09-24 10:48:42"},{"nodeID":"202194","text":"Asserting","type":"YA","timestamp":"2016-09-24 10:48:42","scheme":"Asserting","schemeID":"74"},{"nodeID":"202195","text":"Bernie Sanders wouldn't be pandering to the audience so much as he would be sending a message to future whistleblowers that they can't just break the law and get off Scott free","type":"I","timestamp":"2016-09-24 10:48:42"},{"nodeID":"202196","text":"Barbara: AtomicSteve21 : he wouldn't be pandering to the audience so much as he would be sending a message to future whistleblowers that they can't just break the law and get off Scott free","type":"L","timestamp":"2016-09-24 10:48:42"},{"nodeID":"202197","text":"Default Conflict","type":"CA","timestamp":"2016-09-24 10:48:42","scheme":"Default Conflict","schemeID":"71"},{"nodeID":"202198","text":"Default Transition","type":"TA","timestamp":"2016-09-24 10:48:42","scheme":"Default Transition","schemeID":"82"},{"nodeID":"202199","text":"Disagreeing","type":"YA","timestamp":"2016-09-24 10:48:43","scheme":"Disagreeing","schemeID":"78"},{"nodeID":"202200","text":"Default Inference","type":"RA","timestamp":"2016-09-24 10:48:43","scheme":"Default Inference","schemeID":"72"},{"nodeID":"202201","text":"Default Transition","type":"TA","timestamp":"2016-09-24 10:48:43","scheme":"Default Transition","schemeID":"82"},{"nodeID":"202202","text":"Arguing","type":"YA","timestamp":"2016-09-24 10:48:43","scheme":"Arguing","schemeID":"80"},{"nodeID":"202203","text":"AtomicSteve21 : Even if he does support them","type":"L","timestamp":"2016-09-24 10:48:43"},{"nodeID":"202204","text":"Asserting","type":"YA","timestamp":"2016-09-24 10:48:43","scheme":"Asserting","schemeID":"74"},{"nodeID":"202205","text":"even if Bernie Sanders does support whistleblowers","type":"I","timestamp":"2016-09-24 10:48:43"},{"nodeID":"202206","text":"Barbara: AtomicSteve21 : Even if he does support them","type":"L","timestamp":"2016-09-24 10:48:43"},{"nodeID":"202207","text":"Default Transition","type":"TA","timestamp":"2016-09-24 10:48:43","scheme":"Default Transition","schemeID":"82"}],"edges":[{"edgeID":"247058","fromID":"202145","toID":"202146","formEdgeID":null},{"edgeID":"247059","fromID":"202144","toID":"202145","formEdgeID":null},{"edgeID":"247060","fromID":"202144","toID":"202149","formEdgeID":null},{"edgeID":"247061","fromID":"202149","toID":"202148","formEdgeID":null},{"edgeID":"247062","fromID":"202151","toID":"202152","formEdgeID":null},{"edgeID":"247063","fromID":"202150","toID":"202151","formEdgeID":null},{"edgeID":"247064","fromID":"202152","toID":"202154","formEdgeID":null},{"edgeID":"247065","fromID":"202154","toID":"202146","formEdgeID":null},{"edgeID":"247066","fromID":"202144","toID":"202155","formEdgeID":null},{"edgeID":"247067","fromID":"202155","toID":"202150","formEdgeID":null},{"edgeID":"247068","fromID":"202155","toID":"202156","formEdgeID":null},{"edgeID":"247069","fromID":"202156","toID":"202154","formEdgeID":null},{"edgeID":"247070","fromID":"202158","toID":"202159","formEdgeID":null},{"edgeID":"247071","fromID":"202157","toID":"202158","formEdgeID":null},{"edgeID":"247072","fromID":"202146","toID":"202161","formEdgeID":null},{"edgeID":"247073","fromID":"202161","toID":"202159","formEdgeID":null},{"edgeID":"247074","fromID":"202144","toID":"202162","formEdgeID":null},{"edgeID":"247075","fromID":"202162","toID":"202157","formEdgeID":null},{"edgeID":"247076","fromID":"202162","toID":"202163","formEdgeID":null},{"edgeID":"247077","fromID":"202163","toID":"202161","formEdgeID":null},{"edgeID":"247078","fromID":"202165","toID":"202166","formEdgeID":null},{"edgeID":"247079","fromID":"202164","toID":"202165","formEdgeID":null},{"edgeID":"247080","fromID":"202166","toID":"202168","formEdgeID":null},{"edgeID":"247081","fromID":"202168","toID":"202159","formEdgeID":null},{"edgeID":"247082","fromID":"202157","toID":"202169","formEdgeID":null},{"edgeID":"247083","fromID":"202169","toID":"202164","formEdgeID":null},{"edgeID":"247084","fromID":"202169","toID":"202170","formEdgeID":null},{"edgeID":"247085","fromID":"202170","toID":"202168","formEdgeID":null},{"edgeID":"247086","fromID":"202172","toID":"202173","formEdgeID":null},{"edgeID":"247087","fromID":"202171","toID":"202172","formEdgeID":null},{"edgeID":"247088","fromID":"202176","toID":"202177","formEdgeID":null},{"edgeID":"247089","fromID":"202175","toID":"202176","formEdgeID":null},{"edgeID":"247090","fromID":"202173","toID":"202179","formEdgeID":null},{"edgeID":"247091","fromID":"202179","toID":"202177","formEdgeID":null},{"edgeID":"247092","fromID":"202171","toID":"202180","formEdgeID":null},{"edgeID":"247093","fromID":"202180","toID":"202175","formEdgeID":null},{"edgeID":"247094","fromID":"202180","toID":"202181","formEdgeID":null},{"edgeID":"247095","fromID":"202181","toID":"202179","formEdgeID":null},{"edgeID":"247096","fromID":"202177","toID":"202182","formEdgeID":null},{"edgeID":"247097","fromID":"202182","toID":"202146","formEdgeID":null},{"edgeID":"247098","fromID":"202144","toID":"202183","formEdgeID":null},{"edgeID":"247099","fromID":"202183","toID":"202175","formEdgeID":null},{"edgeID":"247100","fromID":"202183","toID":"202184","formEdgeID":null},{"edgeID":"247101","fromID":"202184","toID":"202182","formEdgeID":null},{"edgeID":"247102","fromID":"202186","toID":"202187","formEdgeID":null},{"edgeID":"247103","fromID":"202185","toID":"202186","formEdgeID":null},{"edgeID":"247104","fromID":"202185","toID":"202191","formEdgeID":null},{"edgeID":"247105","fromID":"202191","toID":"202189","formEdgeID":null},{"edgeID":"247106","fromID":"202191","toID":"202192","formEdgeID":null},{"edgeID":"247107","fromID":"202192","toID":"202187","formEdgeID":null},{"edgeID":"247108","fromID":"202194","toID":"202195","formEdgeID":null},{"edgeID":"247109","fromID":"202193","toID":"202194","formEdgeID":null},{"edgeID":"247110","fromID":"202195","toID":"202197","formEdgeID":null},{"edgeID":"247111","fromID":"202197","toID":"202187","formEdgeID":null},{"edgeID":"247112","fromID":"202185","toID":"202198","formEdgeID":null},{"edgeID":"247113","fromID":"202198","toID":"202193","formEdgeID":null},{"edgeID":"247114","fromID":"202198","toID":"202199","formEdgeID":null},{"edgeID":"247115","fromID":"202199","toID":"202197","formEdgeID":null},{"edgeID":"247116","fromID":"202177","toID":"202200","formEdgeID":null},{"edgeID":"247117","fromID":"202200","toID":"202187","formEdgeID":null},{"edgeID":"247118","fromID":"202175","toID":"202201","formEdgeID":null},{"edgeID":"247119","fromID":"202201","toID":"202185","formEdgeID":null},{"edgeID":"247120","fromID":"202201","toID":"202202","formEdgeID":null},{"edgeID":"247121","fromID":"202202","toID":"202200","formEdgeID":null},{"edgeID":"247122","fromID":"202204","toID":"202205","formEdgeID":null},{"edgeID":"247123","fromID":"202203","toID":"202204","formEdgeID":null},{"edgeID":"247124","fromID":"202193","toID":"202207","formEdgeID":null},{"edgeID":"247125","fromID":"202207","toID":"202203","formEdgeID":null}],"locutions":[{"nodeID":"202148","personID":"2336","timestamp":"2016-09-24 10:48:46","start":null,"end":null,"source":null}]}