{"nodes":[{"nodeID":"186089","text":"mitch47 :  Opinions so far on sanders","type":"L","timestamp":"2016-07-30 10:25:16"},{"nodeID":"186090","text":"Pure Questioning","type":"YA","timestamp":"2016-07-30 10:25:16","scheme":"PureQuestioning","schemeID":"91"},{"nodeID":"186091","text":"what are opinions so far on Sanders","type":"I","timestamp":"2016-07-30 10:25:16"},{"nodeID":"186092","text":"Barbara: mitch47 :  Opinions so far on sanders","type":"L","timestamp":"2016-07-30 10:25:16"},{"nodeID":"186093","text":"mitch47 : I like his opinions on mental health care","type":"L","timestamp":"2016-07-30 10:25:16"},{"nodeID":"186094","text":"Asserting","type":"YA","timestamp":"2016-07-30 10:25:16","scheme":"Asserting","schemeID":"74"},{"nodeID":"186095","text":"I like Sanders' opinions on mental health care","type":"I","timestamp":"2016-07-30 10:25:16"},{"nodeID":"186096","text":"Barbara: mitch47 : I like his opinions on mental health care","type":"L","timestamp":"2016-07-30 10:25:17"},{"nodeID":"186097","text":"Default Transition","type":"TA","timestamp":"2016-07-30 10:25:17","scheme":"Default Transition","schemeID":"82"},{"nodeID":"186098","text":"Morokiane : Terrible...then again I'm libertarian...heh","type":"L","timestamp":"2016-07-30 10:25:17"},{"nodeID":"186099","text":"Asserting","type":"YA","timestamp":"2016-07-30 10:25:17","scheme":"Asserting","schemeID":"74"},{"nodeID":"186100","text":"terrible...then again I'm libertarian...heh","type":"I","timestamp":"2016-07-30 10:25:17"},{"nodeID":"186101","text":"Barbara: Morokiane : Terrible...then again I'm libertarian...heh","type":"L","timestamp":"2016-07-30 10:25:17"},{"nodeID":"186102","text":"Default Transition","type":"TA","timestamp":"2016-07-30 10:25:17","scheme":"Default Transition","schemeID":"82"},{"nodeID":"186103","text":"mitch47 : lol my b.uddy came down from that one hard. RIP rand paul.","type":"L","timestamp":"2016-07-30 10:25:17"},{"nodeID":"186104","text":"Asserting","type":"YA","timestamp":"2016-07-30 10:25:17","scheme":"Asserting","schemeID":"74"},{"nodeID":"186105","text":"lol my b.uddy came down from that one hard. RIP rand paul.","type":"I","timestamp":"2016-07-30 10:25:17"},{"nodeID":"186106","text":"Barbara: mitch47 : lol my b.uddy came down from that one hard. RIP rand paul.","type":"L","timestamp":"2016-07-30 10:25:17"},{"nodeID":"186107","text":"Default Transition","type":"TA","timestamp":"2016-07-30 10:25:17","scheme":"Default Transition","schemeID":"82"},{"nodeID":"186108","text":"SlowRolla : I don't think it's going particularly well","type":"L","timestamp":"2016-07-30 10:25:18"},{"nodeID":"186109","text":"Asserting","type":"YA","timestamp":"2016-07-30 10:25:18","scheme":"Asserting","schemeID":"74"},{"nodeID":"186110","text":"I don't think it's going particularly well for Bernie Sanders","type":"I","timestamp":"2016-07-30 10:25:18"},{"nodeID":"186111","text":"Barbara: SlowRolla : I don't think it's going particularly well","type":"L","timestamp":"2016-07-30 10:25:18"},{"nodeID":"186112","text":"SlowRolla : Just have to be honest.","type":"L","timestamp":"2016-07-30 10:25:18"},{"nodeID":"186113","text":"Asserting","type":"YA","timestamp":"2016-07-30 10:25:18","scheme":"Asserting","schemeID":"74"},{"nodeID":"186114","text":"Just have to be honest.","type":"I","timestamp":"2016-07-30 10:25:18"},{"nodeID":"186115","text":"Barbara: SlowRolla : Just have to be honest.","type":"L","timestamp":"2016-07-30 10:25:18"},{"nodeID":"186116","text":"Default Transition","type":"TA","timestamp":"2016-07-30 10:25:18","scheme":"Default Transition","schemeID":"82"},{"nodeID":"186117","text":"Default Transition","type":"TA","timestamp":"2016-07-30 10:25:18","scheme":"Default Transition","schemeID":"82"},{"nodeID":"186118","text":"mitch47 : yah","type":"L","timestamp":"2016-07-30 10:25:18"},{"nodeID":"186119","text":"Barbara: mitch47 : yah,","type":"L","timestamp":"2016-07-30 10:25:18"},{"nodeID":"186120","text":"Default Transition","type":"TA","timestamp":"2016-07-30 10:25:19","scheme":"Default Transition","schemeID":"82"},{"nodeID":"186121","text":"Agreeing","type":"YA","timestamp":"2016-07-30 10:25:19","scheme":"Agreeing","schemeID":"77"},{"nodeID":"186122","text":"mitch47 : I guess there are a lot of questions all about the NRA","type":"L","timestamp":"2016-07-30 10:25:19"},{"nodeID":"186123","text":"Asserting","type":"YA","timestamp":"2016-07-30 10:25:19","scheme":"Asserting","schemeID":"74"},{"nodeID":"186124","text":"I guess there are a lot of questions all about the NRA","type":"I","timestamp":"2016-07-30 10:25:19"},{"nodeID":"186125","text":"Barbara: mitch47 : I guess there are a lot of questions all about the NRA","type":"L","timestamp":"2016-07-30 10:25:19"},{"nodeID":"186126","text":"mitch47 : Not fun stuff","type":"L","timestamp":"2016-07-30 10:25:19"},{"nodeID":"186127","text":"Asserting","type":"YA","timestamp":"2016-07-30 10:25:19","scheme":"Asserting","schemeID":"74"},{"nodeID":"186128","text":"there is no fun stuff","type":"I","timestamp":"2016-07-30 10:25:19"},{"nodeID":"186129","text":"Barbara: mitch47 : Not fun stuff","type":"L","timestamp":"2016-07-30 10:25:19"},{"nodeID":"186130","text":"mitch47 : No gaffs","type":"L","timestamp":"2016-07-30 10:25:19"},{"nodeID":"186131","text":"Asserting","type":"YA","timestamp":"2016-07-30 10:25:19","scheme":"Asserting","schemeID":"74"},{"nodeID":"186132","text":"No gaffs","type":"I","timestamp":"2016-07-30 10:25:20"},{"nodeID":"186133","text":"Barbara: mitch47 : No gaffs","type":"L","timestamp":"2016-07-30 10:25:20"},{"nodeID":"186134","text":"Default Inference","type":"RA","timestamp":"2016-07-30 10:25:20","scheme":"Default Inference","schemeID":"72"},{"nodeID":"186135","text":"Default Transition","type":"TA","timestamp":"2016-07-30 10:25:20","scheme":"Default Transition","schemeID":"82"},{"nodeID":"186136","text":"Arguing","type":"YA","timestamp":"2016-07-30 10:25:20","scheme":"Arguing","schemeID":"80"},{"nodeID":"186137","text":"ThatOldRemusRoad : He hasn't actually answered a single question","type":"L","timestamp":"2016-07-30 10:25:20"},{"nodeID":"186138","text":"Asserting","type":"YA","timestamp":"2016-07-30 10:25:20","scheme":"Asserting","schemeID":"74"},{"nodeID":"186139","text":"Bernie Sanders hasn't actually answered a single question","type":"I","timestamp":"2016-07-30 10:25:20"},{"nodeID":"186140","text":"Barbara: ThatOldRemusRoad : He hasn't actually answered a single question","type":"L","timestamp":"2016-07-30 10:25:20"},{"nodeID":"186141","text":"Default Transition","type":"TA","timestamp":"2016-07-30 10:25:20","scheme":"Default Transition","schemeID":"82"},{"nodeID":"186142","text":"Default Transition","type":"TA","timestamp":"2016-07-30 10:25:20","scheme":"Default Transition","schemeID":"82"},{"nodeID":"186143","text":"mitch47 : you sure?","type":"L","timestamp":"2016-07-30 10:25:21"},{"nodeID":"186144","text":"Pure Challenging","type":"YA","timestamp":"2016-07-30 10:25:21","scheme":"PureChallenging","schemeID":"92"},{"nodeID":"186145","text":"you sure Sanders has not answer single question because xxx","type":"I","timestamp":"2016-07-30 10:25:21"},{"nodeID":"186146","text":"Barbara: mitch47 : you sure?","type":"L","timestamp":"2016-07-30 10:25:21"},{"nodeID":"186147","text":"Default Transition","type":"TA","timestamp":"2016-07-30 10:25:21","scheme":"Default Transition","schemeID":"82"},{"nodeID":"186148","text":"mitch47 : I saw him in Portland","type":"L","timestamp":"2016-07-30 10:25:21"},{"nodeID":"186149","text":"Asserting","type":"YA","timestamp":"2016-07-30 10:25:21","scheme":"Asserting","schemeID":"74"},{"nodeID":"186150","text":"I saw him in Portland","type":"I","timestamp":"2016-07-30 10:25:21"},{"nodeID":"186151","text":"Barbara: mitch47 : I saw him in Portland,","type":"L","timestamp":"2016-07-30 10:25:21"},{"nodeID":"186152","text":"mitch47 : I think he's doing a good job on responding to the situation Milwaukee's recent gun control hearing","type":"L","timestamp":"2016-07-30 10:25:21"},{"nodeID":"186153","text":"Asserting","type":"YA","timestamp":"2016-07-30 10:25:21","scheme":"Asserting","schemeID":"74"},{"nodeID":"186154","text":"Sanders is doing a good job on responding to the situation Milwaukee's recent gun control hearing","type":"I","timestamp":"2016-07-30 10:25:21"},{"nodeID":"186155","text":"Barbara: mitch47 : I think he's doing a good job on responding to the situation Milwaukee's recent gun control hearing","type":"L","timestamp":"2016-07-30 10:25:22"},{"nodeID":"186156","text":"Default Conflict","type":"CA","timestamp":"2016-07-30 10:25:22","scheme":"Default Conflict","schemeID":"71"},{"nodeID":"186157","text":"Default Transition","type":"TA","timestamp":"2016-07-30 10:25:22","scheme":"Default Transition","schemeID":"82"},{"nodeID":"186158","text":"Default Transition","type":"TA","timestamp":"2016-07-30 10:25:22","scheme":"Default Transition","schemeID":"82"},{"nodeID":"186159","text":"Disagreeing","type":"YA","timestamp":"2016-07-30 10:25:22","scheme":"Disagreeing","schemeID":"78"},{"nodeID":"186160","text":"ThatOldRemusRoad : he hasn't answered the actual questions that he's being asked","type":"L","timestamp":"2016-07-30 10:25:22"},{"nodeID":"186161","text":"Asserting","type":"YA","timestamp":"2016-07-30 10:25:22","scheme":"Asserting","schemeID":"74"},{"nodeID":"186162","text":"Sanders hasn't answered the actual questions that he's being asked","type":"I","timestamp":"2016-07-30 10:25:22"},{"nodeID":"186163","text":"Barbara: ThatOldRemusRoad : he hasn't answered the actual questions that he's being asked","type":"L","timestamp":"2016-07-30 10:25:22"},{"nodeID":"186164","text":"Default Rephrase","type":"MA","timestamp":"2016-07-30 10:25:22","scheme":"Default Rephrase","schemeID":"144"},{"nodeID":"186165","text":"Default Transition","type":"TA","timestamp":"2016-07-30 10:25:22","scheme":"Default Transition","schemeID":"82"},{"nodeID":"186166","text":"Restating","type":"YA","timestamp":"2016-07-30 10:25:22","scheme":"Restating","schemeID":"101"},{"nodeID":"186167","text":"ThatOldRemusRoad : He doesn't seem to understand the concept of a debate","type":"L","timestamp":"2016-07-30 10:25:23"},{"nodeID":"186168","text":"Asserting","type":"YA","timestamp":"2016-07-30 10:25:23","scheme":"Asserting","schemeID":"74"},{"nodeID":"186169","text":"Sanders doesn't seem to understand the concept of a debate","type":"I","timestamp":"2016-07-30 10:25:23"},{"nodeID":"186170","text":"Barbara: ThatOldRemusRoad : He doesn't seem to understand the concept of a debate","type":"L","timestamp":"2016-07-30 10:25:23"},{"nodeID":"186171","text":"Default Inference","type":"RA","timestamp":"2016-07-30 10:25:23","scheme":"Default Inference","schemeID":"72"},{"nodeID":"186172","text":"Default Transition","type":"TA","timestamp":"2016-07-30 10:25:23","scheme":"Default Transition","schemeID":"82"},{"nodeID":"186173","text":"Arguing","type":"YA","timestamp":"2016-07-30 10:25:23","scheme":"Arguing","schemeID":"80"},{"nodeID":"186174","text":"sportsfan113 : I like his passion","type":"L","timestamp":"2016-07-30 10:25:23"},{"nodeID":"186175","text":"Asserting","type":"YA","timestamp":"2016-07-30 10:25:23","scheme":"Asserting","schemeID":"74"},{"nodeID":"186176","text":"I like his passion","type":"I","timestamp":"2016-07-30 10:25:23"},{"nodeID":"186177","text":"Barbara: sportsfan113 : I like his passion","type":"L","timestamp":"2016-07-30 10:25:23"},{"nodeID":"186178","text":"sportsfan113 : Hillary seems scripted to me","type":"L","timestamp":"2016-07-30 10:25:24"},{"nodeID":"186179","text":"Asserting","type":"YA","timestamp":"2016-07-30 10:25:24","scheme":"Asserting","schemeID":"74"},{"nodeID":"186180","text":"Hillary Clinton seems scripted to me","type":"I","timestamp":"2016-07-30 10:25:24"},{"nodeID":"186181","text":"Barbara: sportsfan113 : Hillary seems scripted to me","type":"L","timestamp":"2016-07-30 10:25:24"},{"nodeID":"186182","text":"Default Transition","type":"TA","timestamp":"2016-07-30 10:25:24","scheme":"Default Transition","schemeID":"82"},{"nodeID":"186183","text":"Barbara: mitch47 : Yah","type":"L","timestamp":"2016-07-30 10:25:24"},{"nodeID":"186184","text":"Default Transition","type":"TA","timestamp":"2016-07-30 10:25:24","scheme":"Default Transition","schemeID":"82"},{"nodeID":"186185","text":"Agreeing","type":"YA","timestamp":"2016-07-30 10:25:24","scheme":"Agreeing","schemeID":"77"},{"nodeID":"186186","text":"Default Transition","type":"TA","timestamp":"2016-07-30 10:25:24","scheme":"Default Transition","schemeID":"82"},{"nodeID":"186187","text":"mitch47 : she's kinda too old guard for me","type":"L","timestamp":"2016-07-30 10:25:24"},{"nodeID":"186188","text":"Asserting","type":"YA","timestamp":"2016-07-30 10:25:24","scheme":"Asserting","schemeID":"74"},{"nodeID":"186189","text":"Hilary Clinton is kinda too old guard for me","type":"I","timestamp":"2016-07-30 10:25:25"},{"nodeID":"186190","text":"Barbara: mitch47 : she's kinda too old guard for me","type":"L","timestamp":"2016-07-30 10:25:25"},{"nodeID":"186191","text":"Default Rephrase","type":"MA","timestamp":"2016-07-30 10:25:25","scheme":"Default Rephrase","schemeID":"144"},{"nodeID":"186192","text":"Default Transition","type":"TA","timestamp":"2016-07-30 10:25:25","scheme":"Default Transition","schemeID":"82"},{"nodeID":"186193","text":"Restating","type":"YA","timestamp":"2016-07-30 10:25:25","scheme":"Restating","schemeID":"101"},{"nodeID":"186194","text":"Askew123 : Better when he isn't cross-examined...","type":"L","timestamp":"2016-07-30 10:25:25"},{"nodeID":"186195","text":"Asserting","type":"YA","timestamp":"2016-07-30 10:25:25","scheme":"Asserting","schemeID":"74"},{"nodeID":"186196","text":"Better when he isn't cross-examined...","type":"I","timestamp":"2016-07-30 10:25:25"},{"nodeID":"186197","text":"Barbara: Askew123 : Better when he isn't cross-examined...","type":"L","timestamp":"2016-07-30 10:25:25"},{"nodeID":"186198","text":"Default Transition","type":"TA","timestamp":"2016-07-30 10:25:25","scheme":"Default Transition","schemeID":"82"},{"nodeID":"186199","text":"mitch47 :  Bruh!!!! have a little faith fam!","type":"L","timestamp":"2016-07-30 10:25:25"},{"nodeID":"186200","text":"Asserting","type":"YA","timestamp":"2016-07-30 10:25:26","scheme":"Asserting","schemeID":"74"},{"nodeID":"186201","text":"Bruh!!!! have a little faith fam!","type":"I","timestamp":"2016-07-30 10:25:26"},{"nodeID":"186202","text":"Barbara: mitch47 :  Bruh!!!! have a little faith fam!","type":"L","timestamp":"2016-07-30 10:25:26"},{"nodeID":"186203","text":"Default Transition","type":"TA","timestamp":"2016-07-30 10:25:26","scheme":"Default Transition","schemeID":"82"},{"nodeID":"186204","text":"mitch47 : What exactly you mean?","type":"L","timestamp":"2016-07-30 10:25:26"},{"nodeID":"186205","text":"Pure Questioning","type":"YA","timestamp":"2016-07-30 10:25:26","scheme":"PureQuestioning","schemeID":"91"},{"nodeID":"186206","text":"Askew123 means exactly xxx","type":"I","timestamp":"2016-07-30 10:25:26"},{"nodeID":"186207","text":"Barbara: mitch47 : What exactly you mean?","type":"L","timestamp":"2016-07-30 10:25:26"},{"nodeID":"186208","text":"Default Transition","type":"TA","timestamp":"2016-07-30 10:25:26","scheme":"Default Transition","schemeID":"82"}],"edges":[{"edgeID":"227685","fromID":"186090","toID":"186091","formEdgeID":null},{"edgeID":"227686","fromID":"186089","toID":"186090","formEdgeID":null},{"edgeID":"227687","fromID":"186094","toID":"186095","formEdgeID":null},{"edgeID":"227688","fromID":"186093","toID":"186094","formEdgeID":null},{"edgeID":"227689","fromID":"186089","toID":"186097","formEdgeID":null},{"edgeID":"227690","fromID":"186097","toID":"186093","formEdgeID":null},{"edgeID":"227691","fromID":"186099","toID":"186100","formEdgeID":null},{"edgeID":"227692","fromID":"186098","toID":"186099","formEdgeID":null},{"edgeID":"227693","fromID":"186089","toID":"186102","formEdgeID":null},{"edgeID":"227694","fromID":"186102","toID":"186098","formEdgeID":null},{"edgeID":"227695","fromID":"186104","toID":"186105","formEdgeID":null},{"edgeID":"227696","fromID":"186103","toID":"186104","formEdgeID":null},{"edgeID":"227697","fromID":"186098","toID":"186107","formEdgeID":null},{"edgeID":"227698","fromID":"186107","toID":"186103","formEdgeID":null},{"edgeID":"227699","fromID":"186109","toID":"186110","formEdgeID":null},{"edgeID":"227700","fromID":"186108","toID":"186109","formEdgeID":null},{"edgeID":"227701","fromID":"186113","toID":"186114","formEdgeID":null},{"edgeID":"227702","fromID":"186112","toID":"186113","formEdgeID":null},{"edgeID":"227703","fromID":"186089","toID":"186116","formEdgeID":null},{"edgeID":"227704","fromID":"186116","toID":"186108","formEdgeID":null},{"edgeID":"227705","fromID":"186108","toID":"186117","formEdgeID":null},{"edgeID":"227706","fromID":"186117","toID":"186112","formEdgeID":null},{"edgeID":"227707","fromID":"186108","toID":"186120","formEdgeID":null},{"edgeID":"227708","fromID":"186120","toID":"186118","formEdgeID":null},{"edgeID":"227709","fromID":"186120","toID":"186121","formEdgeID":null},{"edgeID":"227710","fromID":"186121","toID":"186110","formEdgeID":null},{"edgeID":"227711","fromID":"186123","toID":"186124","formEdgeID":null},{"edgeID":"227712","fromID":"186122","toID":"186123","formEdgeID":null},{"edgeID":"227713","fromID":"186127","toID":"186128","formEdgeID":null},{"edgeID":"227714","fromID":"186126","toID":"186127","formEdgeID":null},{"edgeID":"227715","fromID":"186131","toID":"186132","formEdgeID":null},{"edgeID":"227716","fromID":"186130","toID":"186131","formEdgeID":null},{"edgeID":"227717","fromID":"186124","toID":"186134","formEdgeID":null},{"edgeID":"227718","fromID":"186134","toID":"186110","formEdgeID":null},{"edgeID":"227719","fromID":"186128","toID":"186134","formEdgeID":null},{"edgeID":"227720","fromID":"186108","toID":"186135","formEdgeID":null},{"edgeID":"227721","fromID":"186135","toID":"186126","formEdgeID":null},{"edgeID":"227722","fromID":"186135","toID":"186122","formEdgeID":null},{"edgeID":"227723","fromID":"186135","toID":"186136","formEdgeID":null},{"edgeID":"227724","fromID":"186136","toID":"186134","formEdgeID":null},{"edgeID":"227725","fromID":"186138","toID":"186139","formEdgeID":null},{"edgeID":"227726","fromID":"186137","toID":"186138","formEdgeID":null},{"edgeID":"227727","fromID":"186126","toID":"186141","formEdgeID":null},{"edgeID":"227728","fromID":"186141","toID":"186130","formEdgeID":null},{"edgeID":"227729","fromID":"186089","toID":"186142","formEdgeID":null},{"edgeID":"227730","fromID":"186142","toID":"186137","formEdgeID":null},{"edgeID":"227731","fromID":"186144","toID":"186145","formEdgeID":null},{"edgeID":"227732","fromID":"186143","toID":"186144","formEdgeID":null},{"edgeID":"227733","fromID":"186137","toID":"186147","formEdgeID":null},{"edgeID":"227734","fromID":"186147","toID":"186143","formEdgeID":null},{"edgeID":"227735","fromID":"186149","toID":"186150","formEdgeID":null},{"edgeID":"227736","fromID":"186148","toID":"186149","formEdgeID":null},{"edgeID":"227737","fromID":"186153","toID":"186154","formEdgeID":null},{"edgeID":"227738","fromID":"186152","toID":"186153","formEdgeID":null},{"edgeID":"227739","fromID":"186154","toID":"186156","formEdgeID":null},{"edgeID":"227740","fromID":"186156","toID":"186139","formEdgeID":null},{"edgeID":"227741","fromID":"186137","toID":"186157","formEdgeID":null},{"edgeID":"227742","fromID":"186157","toID":"186152","formEdgeID":null},{"edgeID":"227743","fromID":"186143","toID":"186158","formEdgeID":null},{"edgeID":"227744","fromID":"186158","toID":"186148","formEdgeID":null},{"edgeID":"227745","fromID":"186157","toID":"186159","formEdgeID":null},{"edgeID":"227746","fromID":"186159","toID":"186156","formEdgeID":null},{"edgeID":"227747","fromID":"186161","toID":"186162","formEdgeID":null},{"edgeID":"227748","fromID":"186160","toID":"186161","formEdgeID":null},{"edgeID":"227749","fromID":"186162","toID":"186164","formEdgeID":null},{"edgeID":"227750","fromID":"186164","toID":"186139","formEdgeID":null},{"edgeID":"227751","fromID":"186137","toID":"186165","formEdgeID":null},{"edgeID":"227752","fromID":"186165","toID":"186160","formEdgeID":null},{"edgeID":"227753","fromID":"186165","toID":"186166","formEdgeID":null},{"edgeID":"227754","fromID":"186166","toID":"186164","formEdgeID":null},{"edgeID":"227755","fromID":"186168","toID":"186169","formEdgeID":null},{"edgeID":"227756","fromID":"186167","toID":"186168","formEdgeID":null},{"edgeID":"227757","fromID":"186169","toID":"186171","formEdgeID":null},{"edgeID":"227758","fromID":"186171","toID":"186162","formEdgeID":null},{"edgeID":"227759","fromID":"186160","toID":"186172","formEdgeID":null},{"edgeID":"227760","fromID":"186172","toID":"186167","formEdgeID":null},{"edgeID":"227761","fromID":"186172","toID":"186173","formEdgeID":null},{"edgeID":"227762","fromID":"186173","toID":"186171","formEdgeID":null},{"edgeID":"227763","fromID":"186175","toID":"186176","formEdgeID":null},{"edgeID":"227764","fromID":"186174","toID":"186175","formEdgeID":null},{"edgeID":"227765","fromID":"186179","toID":"186180","formEdgeID":null},{"edgeID":"227766","fromID":"186178","toID":"186179","formEdgeID":null},{"edgeID":"227767","fromID":"186089","toID":"186182","formEdgeID":null},{"edgeID":"227768","fromID":"186182","toID":"186174","formEdgeID":null},{"edgeID":"227769","fromID":"186178","toID":"186184","formEdgeID":null},{"edgeID":"227770","fromID":"186184","toID":"186118","formEdgeID":null},{"edgeID":"227771","fromID":"186184","toID":"186185","formEdgeID":null},{"edgeID":"227772","fromID":"186185","toID":"186180","formEdgeID":null},{"edgeID":"227773","fromID":"186174","toID":"186186","formEdgeID":null},{"edgeID":"227774","fromID":"186186","toID":"186178","formEdgeID":null},{"edgeID":"227775","fromID":"186188","toID":"186189","formEdgeID":null},{"edgeID":"227776","fromID":"186187","toID":"186188","formEdgeID":null},{"edgeID":"227777","fromID":"186189","toID":"186191","formEdgeID":null},{"edgeID":"227778","fromID":"186191","toID":"186180","formEdgeID":null},{"edgeID":"227779","fromID":"186178","toID":"186192","formEdgeID":null},{"edgeID":"227780","fromID":"186192","toID":"186187","formEdgeID":null},{"edgeID":"227781","fromID":"186192","toID":"186193","formEdgeID":null},{"edgeID":"227782","fromID":"186193","toID":"186191","formEdgeID":null},{"edgeID":"227783","fromID":"186195","toID":"186196","formEdgeID":null},{"edgeID":"227784","fromID":"186194","toID":"186195","formEdgeID":null},{"edgeID":"227785","fromID":"186089","toID":"186198","formEdgeID":null},{"edgeID":"227786","fromID":"186198","toID":"186194","formEdgeID":null},{"edgeID":"227787","fromID":"186200","toID":"186201","formEdgeID":null},{"edgeID":"227788","fromID":"186199","toID":"186200","formEdgeID":null},{"edgeID":"227789","fromID":"186194","toID":"186203","formEdgeID":null},{"edgeID":"227790","fromID":"186203","toID":"186199","formEdgeID":null},{"edgeID":"227791","fromID":"186205","toID":"186206","formEdgeID":null},{"edgeID":"227792","fromID":"186204","toID":"186205","formEdgeID":null},{"edgeID":"227793","fromID":"186199","toID":"186208","formEdgeID":null},{"edgeID":"227794","fromID":"186208","toID":"186204","formEdgeID":null}],"locutions":[]}