{"nodes":[{"nodeID":"201666","text":"DJVT7 : This debate is very one sided","type":"L","timestamp":"2016-09-22 13:15:37"},{"nodeID":"201668","text":"this debate is very one sided","type":"I","timestamp":"2016-09-22 13:15:38"},{"nodeID":"201669","text":"Barbara: DJVT7 : This debate is very one sided","type":"L","timestamp":"2016-09-22 13:15:38"},{"nodeID":"201670","text":"DJVT7 : Bernie\/Hillary and everyone else","type":"L","timestamp":"2016-09-22 13:15:38"},{"nodeID":"201672","text":"the division in the debate is between Bernie Sanders\/Hillary Clinton and everyone else","type":"I","timestamp":"2016-09-22 13:15:38"},{"nodeID":"201673","text":"Barbara: DJVT7 : Bernie\/Hillary and everyone else","type":"L","timestamp":"2016-09-22 13:15:38"},{"nodeID":"201674","text":"DJVT7 : no one else gets that much time to speak","type":"L","timestamp":"2016-09-22 13:15:38"},{"nodeID":"201676","text":"no one else gets that much time to speak as Sanders and Clinton","type":"I","timestamp":"2016-09-22 13:15:38"},{"nodeID":"201677","text":"Barbara: DJVT7 : no one else gets that much time to speak","type":"L","timestamp":"2016-09-22 13:15:38"},{"nodeID":"201678","text":"DJVT7 : it's a bit unfair","type":"L","timestamp":"2016-09-22 13:15:38"},{"nodeID":"201680","text":"the debate is a bit unfair","type":"I","timestamp":"2016-09-22 13:15:39"},{"nodeID":"201681","text":"Barbara: DJVT7 : it's a bit unfair","type":"L","timestamp":"2016-09-22 13:15:39"},{"nodeID":"201691","text":"MiamiFootball : it's pre-decided and based on polling","type":"L","timestamp":"2016-09-22 13:15:40"},{"nodeID":"201693","text":"the debate pre-decided and based on polling","type":"I","timestamp":"2016-09-22 13:15:40"},{"nodeID":"201694","text":"Barbara: MiamiFootball : it's pre-decided and based on polling","type":"L","timestamp":"2016-09-22 13:15:40"},{"nodeID":"201698","text":"DJVT7 : That makes sense","type":"L","timestamp":"2016-09-22 13:15:41"},{"nodeID":"201699","text":"Barbara: DJVT7 : That makes sense","type":"L","timestamp":"2016-09-22 13:15:41"},{"nodeID":"201702","text":"DJVT7 : I honestly haven't heard of the other three candidates before tonight","type":"L","timestamp":"2016-09-22 13:15:41"},{"nodeID":"201704","text":"I honestly haven't heard of the other three candidates before tonight","type":"I","timestamp":"2016-09-22 13:15:41"},{"nodeID":"201705","text":"Barbara: DJVT7 : I honestly haven't heard of the other three candidates before tonight","type":"L","timestamp":"2016-09-22 13:15:41"},{"nodeID":"201706","text":"DJVT7 : I would personally like to hear what the other candidates would like to say","type":"L","timestamp":"2016-09-22 13:15:42"},{"nodeID":"201708","text":"I would personally like to hear what the other candidates would like to say","type":"I","timestamp":"2016-09-22 13:15:42"},{"nodeID":"201709","text":"Barbara: DJVT7 : I would personally like to hear what the other candidates would like to say","type":"L","timestamp":"2016-09-22 13:15:42"},{"nodeID":"201716","text":"Barbara: [deleted] : it's one sided, and only in Hillary's favor","type":"L","timestamp":"2016-09-22 13:15:43"},{"nodeID":"201717","text":"[deleted] : it's one sided","type":"L","timestamp":"2016-09-22 13:15:43"},{"nodeID":"201719","text":"this debate is one sided","type":"I","timestamp":"2016-09-22 13:15:43"},{"nodeID":"201720","text":"Barbara: [deleted] : it's one sided","type":"L","timestamp":"2016-09-22 13:15:43"},{"nodeID":"201724","text":"[deleted] : only in Hillary's favor","type":"L","timestamp":"2016-09-22 13:15:43"},{"nodeID":"201726","text":"the debate is only in Hillary Clinton's favor","type":"I","timestamp":"2016-09-22 13:15:44"},{"nodeID":"201727","text":"Barbara: [deleted] : only in Hillary's favor","type":"L","timestamp":"2016-09-22 13:15:44"},{"nodeID":"201731","text":"[deleted] :  I'm a Bernie fan","type":"L","timestamp":"2016-09-22 13:15:44"},{"nodeID":"201733","text":"I'm a Bernie Sanders fan","type":"I","timestamp":"2016-09-22 13:15:44"},{"nodeID":"201734","text":"Barbara: [deleted] :  I'm a Bernie fan","type":"L","timestamp":"2016-09-22 13:15:44"},{"nodeID":"201736","text":"[deleted] : She's had impeccable speech skills that are going to impress viewers a lot more than Bernie's huge fuck ups and stumbling this whole debate","type":"L","timestamp":"2016-09-22 13:15:45"},{"nodeID":"201739","text":"Barbara: [deleted] : She's had impeccable speech skills that are going to impress viewers a lot more than Bernie's huge fuck ups and stumbling this whole debate","type":"L","timestamp":"2016-09-22 13:15:45"},{"nodeID":"201740","text":"[deleted] : People who were off the wall with Bernie worrying he might be senile are only given fuel to the fire","type":"L","timestamp":"2016-09-22 13:15:45"},{"nodeID":"201742","text":"people who were off the wall with Bernie Sanders worrying he might be senile are only given fuel to the fire","type":"I","timestamp":"2016-09-22 13:15:45"},{"nodeID":"201743","text":"Barbara: [deleted] : People who were off the wall with Bernie worrying he might be senile are only given fuel to the fire","type":"L","timestamp":"2016-09-22 13:15:45"},{"nodeID":"201744","text":"[deleted] : his spacing out and \"ums\"","type":"L","timestamp":"2016-09-22 13:15:45"},{"nodeID":"201746","text":"Bernie Sanders is spacing out and saying \"ums\"","type":"I","timestamp":"2016-09-22 13:15:45"},{"nodeID":"201747","text":"Barbara: [deleted] : his spacing out and \"ums\"","type":"L","timestamp":"2016-09-22 13:15:46"},{"nodeID":"201757","text":"DJVT7 : It really is","type":"L","timestamp":"2016-09-22 13:15:47"},{"nodeID":"201758","text":"Barbara: DJVT7 : It really is","type":"L","timestamp":"2016-09-22 13:15:47"},{"nodeID":"201759","text":"DJVT7 : he is not a good debater","type":"L","timestamp":"2016-09-22 13:15:47"},{"nodeID":"201761","text":"Bernie Sanders is not a good debater","type":"I","timestamp":"2016-09-22 13:15:47"},{"nodeID":"201762","text":"Barbara: DJVT7 : he is not a good debater","type":"L","timestamp":"2016-09-22 13:15:47"},{"nodeID":"201763","text":"DJVT7 : he's making a lot of good points\u00a0 when talking about the issues","type":"L","timestamp":"2016-09-22 13:15:47"},{"nodeID":"201765","text":"Bernie Sanders is making a lot of good points\u00a0 when talking about the issues","type":"I","timestamp":"2016-09-22 13:15:48"},{"nodeID":"201766","text":"Barbara: DJVT7 : he's making a lot of good points\u00a0 when talking about the issues","type":"L","timestamp":"2016-09-22 13:15:48"},{"nodeID":"201772","text":"DJVT7 : I personally do not like Hillary's demeanor","type":"L","timestamp":"2016-09-22 13:15:48"},{"nodeID":"201774","text":"I personally do not like Hillary Clinton's demeanor","type":"I","timestamp":"2016-09-22 13:15:49"},{"nodeID":"201775","text":"Barbara: DJVT7 : I personally do not like Hillary's demeanor","type":"L","timestamp":"2016-09-22 13:15:49"},{"nodeID":"201776","text":"DJVT7 : not agreeing with a lot of her responses and very \"structured and cookie cutter-esque.\"","type":"L","timestamp":"2016-09-22 13:15:49"},{"nodeID":"201778","text":"I am not agreeing with a lot of Hillary Clinton's responses and very \"structured and cookie cutter-esque.\"","type":"I","timestamp":"2016-09-22 13:15:49"},{"nodeID":"201779","text":"Barbara: DJVT7 : not agreeing with a lot of her responses","type":"L","timestamp":"2016-09-22 13:15:49"},{"nodeID":"201780","text":"DJVT7 : She's forming her responses to get the crowd going","type":"L","timestamp":"2016-09-22 13:15:49"},{"nodeID":"201782","text":"Hillary Clinton is forming her responses to get the crowd going","type":"I","timestamp":"2016-09-22 13:15:49"},{"nodeID":"201783","text":"Barbara: DJVT7 : She's forming her responses to get the crowd going","type":"L","timestamp":"2016-09-22 13:15:49"},{"nodeID":"201791","text":"Asserting","type":"YA","timestamp":"2016-09-22 13:19:35","scheme":"Asserting","schemeID":"74"},{"nodeID":"201792","text":"Asserting","type":"YA","timestamp":"2016-09-22 13:19:36","scheme":"Asserting","schemeID":"74"},{"nodeID":"201793","text":"Asserting","type":"YA","timestamp":"2016-09-22 13:19:36","scheme":"Asserting","schemeID":"74"},{"nodeID":"201794","text":"Asserting","type":"YA","timestamp":"2016-09-22 13:19:36","scheme":"Asserting","schemeID":"74"},{"nodeID":"201795","text":"Default Inference","type":"RA","timestamp":"2016-09-22 13:19:36","scheme":"Default Inference","schemeID":"72"},{"nodeID":"201796","text":"Default Transition","type":"TA","timestamp":"2016-09-22 13:19:37","scheme":"Default Transition","schemeID":"82"},{"nodeID":"201797","text":"Arguing","type":"YA","timestamp":"2016-09-22 13:19:37","scheme":"Arguing","schemeID":"80"},{"nodeID":"201798","text":"Default Inference","type":"RA","timestamp":"2016-09-22 13:19:37","scheme":"Default Inference","schemeID":"72"},{"nodeID":"201799","text":"Default Transition","type":"TA","timestamp":"2016-09-22 13:19:37","scheme":"Default Transition","schemeID":"82"},{"nodeID":"201800","text":"Arguing","type":"YA","timestamp":"2016-09-22 13:19:37","scheme":"Arguing","schemeID":"80"},{"nodeID":"201801","text":"Default Inference","type":"RA","timestamp":"2016-09-22 13:19:37","scheme":"Default Inference","schemeID":"72"},{"nodeID":"201802","text":"Default Transition","type":"TA","timestamp":"2016-09-22 13:19:37","scheme":"Default Transition","schemeID":"82"},{"nodeID":"201803","text":"Arguing","type":"YA","timestamp":"2016-09-22 13:19:37","scheme":"Arguing","schemeID":"80"},{"nodeID":"201804","text":"Asserting","type":"YA","timestamp":"2016-09-22 13:19:37","scheme":"Asserting","schemeID":"74"},{"nodeID":"201805","text":"Default Conflict","type":"CA","timestamp":"2016-09-22 13:19:38","scheme":"Default Conflict","schemeID":"71"},{"nodeID":"201806","text":"Default Transition","type":"TA","timestamp":"2016-09-22 13:19:38","scheme":"Default Transition","schemeID":"82"},{"nodeID":"201807","text":"Disagreeing","type":"YA","timestamp":"2016-09-22 13:19:38","scheme":"Disagreeing","schemeID":"78"},{"nodeID":"201808","text":"Default Transition","type":"TA","timestamp":"2016-09-22 13:19:38","scheme":"Default Transition","schemeID":"82"},{"nodeID":"201809","text":"Agreeing","type":"YA","timestamp":"2016-09-22 13:19:38","scheme":"Agreeing","schemeID":"77"},{"nodeID":"201810","text":"Asserting","type":"YA","timestamp":"2016-09-22 13:19:39","scheme":"Asserting","schemeID":"74"},{"nodeID":"201811","text":"Asserting","type":"YA","timestamp":"2016-09-22 13:19:39","scheme":"Asserting","schemeID":"74"},{"nodeID":"201812","text":"Default Inference","type":"RA","timestamp":"2016-09-22 13:19:39","scheme":"Default Inference","schemeID":"72"},{"nodeID":"201813","text":"Default Transition","type":"TA","timestamp":"2016-09-22 13:19:40","scheme":"Default Transition","schemeID":"82"},{"nodeID":"201814","text":"Arguing","type":"YA","timestamp":"2016-09-22 13:19:40","scheme":"Arguing","schemeID":"80"},{"nodeID":"201815","text":"Default Inference","type":"RA","timestamp":"2016-09-22 13:19:40","scheme":"Default Inference","schemeID":"72"},{"nodeID":"201816","text":"Default Transition","type":"TA","timestamp":"2016-09-22 13:19:40","scheme":"Default Transition","schemeID":"82"},{"nodeID":"201817","text":"Arguing","type":"YA","timestamp":"2016-09-22 13:19:40","scheme":"Arguing","schemeID":"80"},{"nodeID":"201818","text":"Asserting","type":"YA","timestamp":"2016-09-22 13:19:40","scheme":"Asserting","schemeID":"74"},{"nodeID":"201819","text":"Default Rephrase","type":"MA","timestamp":"2016-09-22 13:19:40","scheme":"Default Rephrase","schemeID":"144"},{"nodeID":"201820","text":"Default Transition","type":"TA","timestamp":"2016-09-22 13:19:41","scheme":"Default Transition","schemeID":"82"},{"nodeID":"201821","text":"Restating","type":"YA","timestamp":"2016-09-22 13:19:41","scheme":"Restating","schemeID":"101"},{"nodeID":"201822","text":"Asserting","type":"YA","timestamp":"2016-09-22 13:19:41","scheme":"Asserting","schemeID":"74"},{"nodeID":"201823","text":"Default Conflict","type":"CA","timestamp":"2016-09-22 13:19:41","scheme":"Default Conflict","schemeID":"71"},{"nodeID":"201824","text":"Default Transition","type":"TA","timestamp":"2016-09-22 13:19:41","scheme":"Default Transition","schemeID":"82"},{"nodeID":"201825","text":"Disagreeing","type":"YA","timestamp":"2016-09-22 13:19:41","scheme":"Disagreeing","schemeID":"78"},{"nodeID":"201826","text":"Asserting","type":"YA","timestamp":"2016-09-22 13:19:42","scheme":"Asserting","schemeID":"74"},{"nodeID":"201827","text":"Default Transition","type":"TA","timestamp":"2016-09-22 13:19:42","scheme":"Default Transition","schemeID":"82"},{"nodeID":"201828","text":"Asserting","type":"YA","timestamp":"2016-09-22 13:19:42","scheme":"Asserting","schemeID":"74"},{"nodeID":"201829","text":"Hillary Clinton has had impeccable speech skills that are going to impress viewers a lot more than Bernie Sanders' huge fuck ups and stumbling this whole debate","type":"I","timestamp":"2016-09-22 13:19:42"},{"nodeID":"201830","text":"Asserting","type":"YA","timestamp":"2016-09-22 13:19:42","scheme":"Asserting","schemeID":"74"},{"nodeID":"201831","text":"Asserting","type":"YA","timestamp":"2016-09-22 13:19:43","scheme":"Asserting","schemeID":"74"},{"nodeID":"201832","text":"Default Inference","type":"RA","timestamp":"2016-09-22 13:19:43","scheme":"Default Inference","schemeID":"72"},{"nodeID":"201833","text":"Default Transition","type":"TA","timestamp":"2016-09-22 13:19:43","scheme":"Default Transition","schemeID":"82"},{"nodeID":"201834","text":"Arguing","type":"YA","timestamp":"2016-09-22 13:19:43","scheme":"Arguing","schemeID":"80"},{"nodeID":"201835","text":"Default Inference","type":"RA","timestamp":"2016-09-22 13:19:43","scheme":"Default Inference","schemeID":"72"},{"nodeID":"201836","text":"Default Transition","type":"TA","timestamp":"2016-09-22 13:19:43","scheme":"Default Transition","schemeID":"82"},{"nodeID":"201837","text":"Arguing","type":"YA","timestamp":"2016-09-22 13:19:44","scheme":"Arguing","schemeID":"80"},{"nodeID":"201838","text":"Default Inference","type":"RA","timestamp":"2016-09-22 13:19:44","scheme":"Default Inference","schemeID":"72"},{"nodeID":"201839","text":"Default Transition","type":"TA","timestamp":"2016-09-22 13:19:44","scheme":"Default Transition","schemeID":"82"},{"nodeID":"201840","text":"Arguing","type":"YA","timestamp":"2016-09-22 13:19:44","scheme":"Arguing","schemeID":"80"},{"nodeID":"201841","text":"Asserting","type":"YA","timestamp":"2016-09-22 13:19:44","scheme":"Asserting","schemeID":"74"},{"nodeID":"201842","text":"Asserting","type":"YA","timestamp":"2016-09-22 13:19:45","scheme":"Asserting","schemeID":"74"},{"nodeID":"201843","text":"Default Inference","type":"RA","timestamp":"2016-09-22 13:19:45","scheme":"Default Inference","schemeID":"72"},{"nodeID":"201844","text":"Default Transition","type":"TA","timestamp":"2016-09-22 13:19:45","scheme":"Default Transition","schemeID":"82"},{"nodeID":"201845","text":"Arguing","type":"YA","timestamp":"2016-09-22 13:19:45","scheme":"Arguing","schemeID":"80"},{"nodeID":"201846","text":"Default Transition","type":"TA","timestamp":"2016-09-22 13:19:45","scheme":"Default Transition","schemeID":"82"},{"nodeID":"201847","text":"Agreeing","type":"YA","timestamp":"2016-09-22 13:19:45","scheme":"Agreeing","schemeID":"77"},{"nodeID":"201848","text":"Asserting","type":"YA","timestamp":"2016-09-22 13:19:45","scheme":"Asserting","schemeID":"74"},{"nodeID":"201849","text":"Asserting","type":"YA","timestamp":"2016-09-22 13:19:46","scheme":"Asserting","schemeID":"74"},{"nodeID":"201850","text":"Asserting","type":"YA","timestamp":"2016-09-22 13:19:46","scheme":"Asserting","schemeID":"74"},{"nodeID":"201851","text":"Default Inference","type":"RA","timestamp":"2016-09-22 13:19:47","scheme":"Default Inference","schemeID":"72"},{"nodeID":"201852","text":"Default Inference","type":"RA","timestamp":"2016-09-22 13:19:47","scheme":"Default Inference","schemeID":"72"},{"nodeID":"201853","text":"Default Transition","type":"TA","timestamp":"2016-09-22 13:19:47","scheme":"Default Transition","schemeID":"82"},{"nodeID":"201854","text":"Arguing","type":"YA","timestamp":"2016-09-22 13:19:47","scheme":"Arguing","schemeID":"80"},{"nodeID":"201855","text":"Default Transition","type":"TA","timestamp":"2016-09-22 13:19:47","scheme":"Default Transition","schemeID":"82"},{"nodeID":"201856","text":"Arguing","type":"YA","timestamp":"2016-09-22 13:19:47","scheme":"Arguing","schemeID":"80"},{"nodeID":"201857","text":"Default Transition","type":"TA","timestamp":"2016-09-22 13:19:47","scheme":"Default Transition","schemeID":"82"}],"edges":[{"edgeID":"246622","fromID":"201791","toID":"201668","formEdgeID":null},{"edgeID":"246623","fromID":"201666","toID":"201791","formEdgeID":null},{"edgeID":"246624","fromID":"201792","toID":"201672","formEdgeID":null},{"edgeID":"246625","fromID":"201670","toID":"201792","formEdgeID":null},{"edgeID":"246626","fromID":"201793","toID":"201676","formEdgeID":null},{"edgeID":"246627","fromID":"201674","toID":"201793","formEdgeID":null},{"edgeID":"246628","fromID":"201794","toID":"201680","formEdgeID":null},{"edgeID":"246629","fromID":"201678","toID":"201794","formEdgeID":null},{"edgeID":"246630","fromID":"201672","toID":"201795","formEdgeID":null},{"edgeID":"246631","fromID":"201795","toID":"201668","formEdgeID":null},{"edgeID":"246632","fromID":"201666","toID":"201796","formEdgeID":null},{"edgeID":"246633","fromID":"201796","toID":"201670","formEdgeID":null},{"edgeID":"246634","fromID":"201796","toID":"201797","formEdgeID":null},{"edgeID":"246635","fromID":"201797","toID":"201795","formEdgeID":null},{"edgeID":"246636","fromID":"201676","toID":"201798","formEdgeID":null},{"edgeID":"246637","fromID":"201798","toID":"201672","formEdgeID":null},{"edgeID":"246638","fromID":"201670","toID":"201799","formEdgeID":null},{"edgeID":"246639","fromID":"201799","toID":"201674","formEdgeID":null},{"edgeID":"246640","fromID":"201800","toID":"201798","formEdgeID":null},{"edgeID":"246641","fromID":"201799","toID":"201800","formEdgeID":null},{"edgeID":"246642","fromID":"201668","toID":"201801","formEdgeID":null},{"edgeID":"246643","fromID":"201801","toID":"201680","formEdgeID":null},{"edgeID":"246644","fromID":"201666","toID":"201802","formEdgeID":null},{"edgeID":"246645","fromID":"201802","toID":"201678","formEdgeID":null},{"edgeID":"246646","fromID":"201802","toID":"201803","formEdgeID":null},{"edgeID":"246647","fromID":"201803","toID":"201801","formEdgeID":null},{"edgeID":"246648","fromID":"201804","toID":"201693","formEdgeID":null},{"edgeID":"246649","fromID":"201691","toID":"201804","formEdgeID":null},{"edgeID":"246650","fromID":"201693","toID":"201805","formEdgeID":null},{"edgeID":"246651","fromID":"201805","toID":"201680","formEdgeID":null},{"edgeID":"246652","fromID":"201678","toID":"201806","formEdgeID":null},{"edgeID":"246653","fromID":"201806","toID":"201691","formEdgeID":null},{"edgeID":"246654","fromID":"201806","toID":"201807","formEdgeID":null},{"edgeID":"246655","fromID":"201807","toID":"201805","formEdgeID":null},{"edgeID":"246656","fromID":"201691","toID":"201808","formEdgeID":null},{"edgeID":"246657","fromID":"201808","toID":"201698","formEdgeID":null},{"edgeID":"246658","fromID":"201808","toID":"201809","formEdgeID":null},{"edgeID":"246659","fromID":"201809","toID":"201693","formEdgeID":null},{"edgeID":"246660","fromID":"201810","toID":"201704","formEdgeID":null},{"edgeID":"246661","fromID":"201702","toID":"201810","formEdgeID":null},{"edgeID":"246662","fromID":"201811","toID":"201708","formEdgeID":null},{"edgeID":"246663","fromID":"201706","toID":"201811","formEdgeID":null},{"edgeID":"246664","fromID":"201708","toID":"201812","formEdgeID":null},{"edgeID":"246665","fromID":"201812","toID":"201704","formEdgeID":null},{"edgeID":"246666","fromID":"201702","toID":"201813","formEdgeID":null},{"edgeID":"246667","fromID":"201813","toID":"201706","formEdgeID":null},{"edgeID":"246668","fromID":"201813","toID":"201814","formEdgeID":null},{"edgeID":"246669","fromID":"201814","toID":"201812","formEdgeID":null},{"edgeID":"246670","fromID":"201704","toID":"201810","formEdgeID":null},{"edgeID":"246671","fromID":"201704","toID":"201815","formEdgeID":null},{"edgeID":"246672","fromID":"201815","toID":"201680","formEdgeID":null},{"edgeID":"246673","fromID":"201678","toID":"201816","formEdgeID":null},{"edgeID":"246674","fromID":"201816","toID":"201702","formEdgeID":null},{"edgeID":"246675","fromID":"201816","toID":"201817","formEdgeID":null},{"edgeID":"246676","fromID":"201817","toID":"201815","formEdgeID":null},{"edgeID":"246677","fromID":"201818","toID":"201719","formEdgeID":null},{"edgeID":"246678","fromID":"201717","toID":"201818","formEdgeID":null},{"edgeID":"246679","fromID":"201719","toID":"201819","formEdgeID":null},{"edgeID":"246680","fromID":"201819","toID":"201668","formEdgeID":null},{"edgeID":"246681","fromID":"201666","toID":"201820","formEdgeID":null},{"edgeID":"246682","fromID":"201820","toID":"201717","formEdgeID":null},{"edgeID":"246683","fromID":"201820","toID":"201821","formEdgeID":null},{"edgeID":"246684","fromID":"201821","toID":"201819","formEdgeID":null},{"edgeID":"246685","fromID":"201822","toID":"201726","formEdgeID":null},{"edgeID":"246686","fromID":"201724","toID":"201822","formEdgeID":null},{"edgeID":"246687","fromID":"201726","toID":"201823","formEdgeID":null},{"edgeID":"246688","fromID":"201823","toID":"201672","formEdgeID":null},{"edgeID":"246689","fromID":"201670","toID":"201824","formEdgeID":null},{"edgeID":"246690","fromID":"201824","toID":"201724","formEdgeID":null},{"edgeID":"246691","fromID":"201824","toID":"201825","formEdgeID":null},{"edgeID":"246692","fromID":"201825","toID":"201823","formEdgeID":null},{"edgeID":"246693","fromID":"201826","toID":"201733","formEdgeID":null},{"edgeID":"246694","fromID":"201731","toID":"201826","formEdgeID":null},{"edgeID":"246695","fromID":"201706","toID":"201827","formEdgeID":null},{"edgeID":"246696","fromID":"201827","toID":"201731","formEdgeID":null},{"edgeID":"246697","fromID":"201828","toID":"201829","formEdgeID":null},{"edgeID":"246698","fromID":"201736","toID":"201828","formEdgeID":null},{"edgeID":"246699","fromID":"201830","toID":"201742","formEdgeID":null},{"edgeID":"246700","fromID":"201740","toID":"201830","formEdgeID":null},{"edgeID":"246701","fromID":"201831","toID":"201746","formEdgeID":null},{"edgeID":"246702","fromID":"201744","toID":"201831","formEdgeID":null},{"edgeID":"246703","fromID":"201829","toID":"201832","formEdgeID":null},{"edgeID":"246704","fromID":"201832","toID":"201726","formEdgeID":null},{"edgeID":"246705","fromID":"201724","toID":"201833","formEdgeID":null},{"edgeID":"246706","fromID":"201833","toID":"201736","formEdgeID":null},{"edgeID":"246707","fromID":"201833","toID":"201834","formEdgeID":null},{"edgeID":"246708","fromID":"201834","toID":"201832","formEdgeID":null},{"edgeID":"246709","fromID":"201742","toID":"201835","formEdgeID":null},{"edgeID":"246710","fromID":"201835","toID":"201726","formEdgeID":null},{"edgeID":"246711","fromID":"201724","toID":"201836","formEdgeID":null},{"edgeID":"246712","fromID":"201836","toID":"201740","formEdgeID":null},{"edgeID":"246713","fromID":"201836","toID":"201837","formEdgeID":null},{"edgeID":"246714","fromID":"201837","toID":"201835","formEdgeID":null},{"edgeID":"246715","fromID":"201746","toID":"201838","formEdgeID":null},{"edgeID":"246716","fromID":"201838","toID":"201742","formEdgeID":null},{"edgeID":"246717","fromID":"201740","toID":"201839","formEdgeID":null},{"edgeID":"246718","fromID":"201839","toID":"201744","formEdgeID":null},{"edgeID":"246719","fromID":"201839","toID":"201840","formEdgeID":null},{"edgeID":"246720","fromID":"201840","toID":"201838","formEdgeID":null},{"edgeID":"246721","fromID":"201841","toID":"201761","formEdgeID":null},{"edgeID":"246722","fromID":"201759","toID":"201841","formEdgeID":null},{"edgeID":"246723","fromID":"201842","toID":"201765","formEdgeID":null},{"edgeID":"246724","fromID":"201763","toID":"201842","formEdgeID":null},{"edgeID":"246725","fromID":"201761","toID":"201843","formEdgeID":null},{"edgeID":"246726","fromID":"201843","toID":"201726","formEdgeID":null},{"edgeID":"246727","fromID":"201765","toID":"201843","formEdgeID":null},{"edgeID":"246728","fromID":"201724","toID":"201844","formEdgeID":null},{"edgeID":"246729","fromID":"201844","toID":"201763","formEdgeID":null},{"edgeID":"246730","fromID":"201844","toID":"201759","formEdgeID":null},{"edgeID":"246731","fromID":"201844","toID":"201845","formEdgeID":null},{"edgeID":"246732","fromID":"201845","toID":"201843","formEdgeID":null},{"edgeID":"246733","fromID":"201724","toID":"201846","formEdgeID":null},{"edgeID":"246734","fromID":"201846","toID":"201757","formEdgeID":null},{"edgeID":"246735","fromID":"201846","toID":"201847","formEdgeID":null},{"edgeID":"246736","fromID":"201847","toID":"201726","formEdgeID":null},{"edgeID":"246737","fromID":"201848","toID":"201774","formEdgeID":null},{"edgeID":"246738","fromID":"201772","toID":"201848","formEdgeID":null},{"edgeID":"246739","fromID":"201849","toID":"201778","formEdgeID":null},{"edgeID":"246740","fromID":"201776","toID":"201849","formEdgeID":null},{"edgeID":"246741","fromID":"201850","toID":"201782","formEdgeID":null},{"edgeID":"246742","fromID":"201780","toID":"201850","formEdgeID":null},{"edgeID":"246743","fromID":"201782","toID":"201851","formEdgeID":null},{"edgeID":"246744","fromID":"201851","toID":"201774","formEdgeID":null},{"edgeID":"246745","fromID":"201778","toID":"201852","formEdgeID":null},{"edgeID":"246746","fromID":"201852","toID":"201774","formEdgeID":null},{"edgeID":"246747","fromID":"201772","toID":"201853","formEdgeID":null},{"edgeID":"246748","fromID":"201853","toID":"201776","formEdgeID":null},{"edgeID":"246749","fromID":"201853","toID":"201854","formEdgeID":null},{"edgeID":"246750","fromID":"201854","toID":"201852","formEdgeID":null},{"edgeID":"246751","fromID":"201772","toID":"201855","formEdgeID":null},{"edgeID":"246752","fromID":"201855","toID":"201780","formEdgeID":null},{"edgeID":"246753","fromID":"201855","toID":"201856","formEdgeID":null},{"edgeID":"246754","fromID":"201856","toID":"201851","formEdgeID":null},{"edgeID":"246755","fromID":"201763","toID":"201857","formEdgeID":null},{"edgeID":"246756","fromID":"201857","toID":"201772","formEdgeID":null}],"locutions":[]}