{"nodes":[{"nodeID":"186288","text":"woahmate : As someone who's supported Bernie prior, I'm really reevaluating that","type":"L","timestamp":"2016-07-30 11:15:14"},{"nodeID":"186289","text":"Asserting","type":"YA","timestamp":"2016-07-30 11:15:15","scheme":"Asserting","schemeID":"74"},{"nodeID":"186290","text":"woahmate is reevaluating support for Bernie Sanders","type":"I","timestamp":"2016-07-30 11:15:15"},{"nodeID":"186291","text":"Barbara: woahmate : As someone who's supported Bernie prior, I'm really reevaluating that","type":"L","timestamp":"2016-07-30 11:15:15"},{"nodeID":"186292","text":"woahmate : Clinton's views are a lot more nuanced and developed in my opinion","type":"L","timestamp":"2016-07-30 11:15:15"},{"nodeID":"186293","text":"Asserting","type":"YA","timestamp":"2016-07-30 11:15:15","scheme":"Asserting","schemeID":"74"},{"nodeID":"186294","text":"Clinton's views are a lot more nuanced and developed","type":"I","timestamp":"2016-07-30 11:15:15"},{"nodeID":"186295","text":"Barbara: woahmate : Clinton's views are a lot more nuanced and developed in my opinion","type":"L","timestamp":"2016-07-30 11:15:15"},{"nodeID":"186296","text":"Default Inference","type":"RA","timestamp":"2016-07-30 11:15:15","scheme":"Default Inference","schemeID":"72"},{"nodeID":"186297","text":"Default Transition","type":"TA","timestamp":"2016-07-30 11:15:15","scheme":"Default Transition","schemeID":"82"},{"nodeID":"186298","text":"Arguing","type":"YA","timestamp":"2016-07-30 11:15:15","scheme":"Arguing","schemeID":"80"},{"nodeID":"186299","text":"woahmate : You can't attack capitalism as a system, and in the next breath talk about how entrepreneurship is what makes America great","type":"L","timestamp":"2016-07-30 11:15:15"},{"nodeID":"186300","text":"Asserting","type":"YA","timestamp":"2016-07-30 11:15:15","scheme":"Asserting","schemeID":"74"},{"nodeID":"186301","text":"you can't attack capitalism as a system, and in the next breath talk about how entrepreneurship is what makes America great","type":"I","timestamp":"2016-07-30 11:15:16"},{"nodeID":"186302","text":"Barbara: woahmate : You can't attack capitalism as a system, and in the next breath talk about how entrepreneurship is what makes America great","type":"L","timestamp":"2016-07-30 11:15:16"},{"nodeID":"186303","text":"Default Transition","type":"TA","timestamp":"2016-07-30 11:15:16","scheme":"Default Transition","schemeID":"82"},{"nodeID":"186304","text":"Default Inference","type":"RA","timestamp":"2016-07-30 11:15:16","scheme":"Default Inference","schemeID":"72"},{"nodeID":"186305","text":"Arguing","type":"YA","timestamp":"2016-07-30 11:15:16","scheme":"Arguing","schemeID":"80"},{"nodeID":"186306","text":"Clinton's view that sometimes capitalism needs controls in order to deal with inequality were a lot more realistic","type":"I","timestamp":"2016-07-30 11:15:16"},{"nodeID":"186307","text":"Asserting","type":"YA","timestamp":"2016-07-30 11:15:16","scheme":"Asserting","schemeID":"74"},{"nodeID":"186308","text":"woahmate : Clinton's view that sometimes capitalism needs controls in order to deal with inequality were a lot more realistic","type":"L","timestamp":"2016-07-30 11:15:16"},{"nodeID":"186309","text":"Barbara: woahmate : Clinton's view that sometimes capitalism needs controls in order to deal with inequality were a lot more realistic","type":"L","timestamp":"2016-07-30 11:15:16"},{"nodeID":"186310","text":"Default Inference","type":"RA","timestamp":"2016-07-30 11:15:16","scheme":"Default Inference","schemeID":"72"},{"nodeID":"186311","text":"Default Transition","type":"TA","timestamp":"2016-07-30 11:15:16","scheme":"Default Transition","schemeID":"82"},{"nodeID":"186312","text":"Arguing","type":"YA","timestamp":"2016-07-30 11:15:17","scheme":"Arguing","schemeID":"80"},{"nodeID":"186313","text":"woahmate : Also who are the rest of these guys on stage? \/s","type":"L","timestamp":"2016-07-30 11:15:17"},{"nodeID":"186314","text":"Assertive Questioning","type":"YA","timestamp":"2016-07-30 11:15:17","scheme":"AssertiveQuestioning","schemeID":"73"},{"nodeID":"186315","text":"woahmate does not know who are the rest of these guys on stage","type":"I","timestamp":"2016-07-30 11:15:17"},{"nodeID":"186316","text":"Barbara: woahmate : Also who are the rest of these guys on stage? \/s","type":"L","timestamp":"2016-07-30 11:15:17"},{"nodeID":"186317","text":"MostlyPurple :  I agree","type":"L","timestamp":"2016-07-30 11:15:17"},{"nodeID":"186318","text":"Barbara: MostlyPurple :  I agree","type":"L","timestamp":"2016-07-30 11:15:17"},{"nodeID":"186319","text":"Default Transition","type":"TA","timestamp":"2016-07-30 11:15:17","scheme":"Default Transition","schemeID":"82"},{"nodeID":"186320","text":"Agreeing","type":"YA","timestamp":"2016-07-30 11:15:17","scheme":"Agreeing","schemeID":"77"},{"nodeID":"186321","text":"MostlyPurple : I guess the question is whether or not I actually believe that Hillary would do any of that","type":"L","timestamp":"2016-07-30 11:15:17"},{"nodeID":"186322","text":"Asserting","type":"YA","timestamp":"2016-07-30 11:15:17","scheme":"Asserting","schemeID":"74"},{"nodeID":"186323","text":"MostlyPurple does not actually believe that Hillary Clinton would do any of that","type":"I","timestamp":"2016-07-30 11:15:17"},{"nodeID":"186324","text":"Barbara: MostlyPurple : I guess the question is whether or not I actually believe that Hillary would do any of that","type":"L","timestamp":"2016-07-30 11:15:18"},{"nodeID":"186325","text":"Default Conflict","type":"CA","timestamp":"2016-07-30 11:15:18","scheme":"Default Conflict","schemeID":"71"},{"nodeID":"186326","text":"Default Transition","type":"TA","timestamp":"2016-07-30 11:15:18","scheme":"Default Transition","schemeID":"82"},{"nodeID":"186327","text":"Disagreeing","type":"YA","timestamp":"2016-07-30 11:15:18","scheme":"Disagreeing","schemeID":"78"},{"nodeID":"186328","text":"tdlop : I think what she said was more or less what Sanders meant","type":"L","timestamp":"2016-07-30 11:15:18"},{"nodeID":"186329","text":"Asserting","type":"YA","timestamp":"2016-07-30 11:15:18","scheme":"Asserting","schemeID":"74"},{"nodeID":"186330","text":"what Clinton said was more or less what Sanders meant","type":"I","timestamp":"2016-07-30 11:15:18"},{"nodeID":"186331","text":"Barbara: tdlop : I think what she said was more or less what Sanders meant","type":"L","timestamp":"2016-07-30 11:15:18"},{"nodeID":"186332","text":"tdlop : he's doing a really bad job of communicating","type":"L","timestamp":"2016-07-30 11:15:18"},{"nodeID":"186333","text":"Asserting","type":"YA","timestamp":"2016-07-30 11:15:18","scheme":"Asserting","schemeID":"74"},{"nodeID":"186334","text":"Sanders doing a really bad job of communicating","type":"I","timestamp":"2016-07-30 11:15:18"},{"nodeID":"186335","text":"Barbara: tdlop : he's doing a really bad job of communicating","type":"L","timestamp":"2016-07-30 11:15:18"},{"nodeID":"186336","text":"Default Conflict","type":"CA","timestamp":"2016-07-30 11:15:19","scheme":"Default Conflict","schemeID":"71"},{"nodeID":"186337","text":"Default Transition","type":"TA","timestamp":"2016-07-30 11:15:19","scheme":"Default Transition","schemeID":"82"},{"nodeID":"186338","text":"Disagreeing","type":"YA","timestamp":"2016-07-30 11:15:19","scheme":"Disagreeing","schemeID":"78"},{"nodeID":"186339","text":"Default Inference","type":"RA","timestamp":"2016-07-30 11:15:19","scheme":"Default Inference","schemeID":"72"},{"nodeID":"186340","text":"Default Transition","type":"TA","timestamp":"2016-07-30 11:15:19","scheme":"Default Transition","schemeID":"82"},{"nodeID":"186341","text":"Arguing","type":"YA","timestamp":"2016-07-30 11:15:19","scheme":"Arguing","schemeID":"80"},{"nodeID":"186342","text":"tdlop : As a big supporter: he needs to get his shit together very soon or it's over","type":"L","timestamp":"2016-07-30 11:15:19"},{"nodeID":"186343","text":"Asserting","type":"YA","timestamp":"2016-07-30 11:15:19","scheme":"Asserting","schemeID":"74"},{"nodeID":"186344","text":"Sanders needs to get his shit together very soon or it's over","type":"I","timestamp":"2016-07-30 11:15:19"},{"nodeID":"186345","text":"Barbara: tdlop : As a big supporter: he needs to get his shit together very soon or it's over","type":"L","timestamp":"2016-07-30 11:15:19"},{"nodeID":"186346","text":"Default Inference","type":"RA","timestamp":"2016-07-30 11:15:19","scheme":"Default Inference","schemeID":"72"},{"nodeID":"186347","text":"Default Transition","type":"TA","timestamp":"2016-07-30 11:15:20","scheme":"Default Transition","schemeID":"82"},{"nodeID":"186348","text":"Arguing","type":"YA","timestamp":"2016-07-30 11:15:20","scheme":"Arguing","schemeID":"80"},{"nodeID":"186349","text":"Teh_Slayur : He wasn't attacking free enterprise itself","type":"L","timestamp":"2016-07-30 11:15:20"},{"nodeID":"186350","text":"Asserting","type":"YA","timestamp":"2016-07-30 11:15:20","scheme":"Asserting","schemeID":"74"},{"nodeID":"186351","text":"Sanders wasn't attacking free enterprise itself","type":"I","timestamp":"2016-07-30 11:15:20"},{"nodeID":"186352","text":"Barbara: Teh_Slayur : He wasn't attacking free enterprise itself","type":"L","timestamp":"2016-07-30 11:15:20"},{"nodeID":"186353","text":"Bernie : Sanders opposes \"casino capitalism\"","type":"L","timestamp":"2016-07-30 11:15:20"},{"nodeID":"186354","text":"Barbara: Bernie : opposes \"casino capitalism\"","type":"L","timestamp":"2016-07-30 11:15:20"},{"nodeID":"186355","text":"Asserting","type":"YA","timestamp":"2016-07-30 11:15:20","scheme":"Asserting","schemeID":"74"},{"nodeID":"186356","text":"Sanders opposes \"casino capitalism\"","type":"I","timestamp":"2016-07-30 11:15:20"},{"nodeID":"186357","text":"Barbara: Teh_Slayur : Bernie : opposes \"casino capitalism\"","type":"L","timestamp":"2016-07-30 11:15:20"},{"nodeID":"186358","text":"Barbara: tdlop : Bernie : opposes \"casino capitalism\"","type":"L","timestamp":"2016-07-30 11:15:20"},{"nodeID":"186359","text":"Barbara: woahmate :  He said","type":"L","timestamp":"2016-07-30 11:15:21"},{"nodeID":"186360","text":"Teh_Slayur : Bernie : Sanders opposes \"casino capitalism\"","type":"L","timestamp":"2016-07-30 11:15:21"},{"nodeID":"186361","text":"Barbara: Bernie : He said","type":"L","timestamp":"2016-07-30 11:15:21"},{"nodeID":"186362","text":"Asserting","type":"YA","timestamp":"2016-07-30 11:15:21","scheme":"Asserting","schemeID":"74"},{"nodeID":"186363","text":"Default Conflict","type":"CA","timestamp":"2016-07-30 11:15:21","scheme":"Default Conflict","schemeID":"71"},{"nodeID":"186364","text":"Default Transition","type":"TA","timestamp":"2016-07-30 11:15:21","scheme":"Default Transition","schemeID":"82"},{"nodeID":"186365","text":"Disagreeing","type":"YA","timestamp":"2016-07-30 11:15:21","scheme":"Disagreeing","schemeID":"78"},{"nodeID":"186366","text":"Default Transition","type":"TA","timestamp":"2016-07-30 11:15:21","scheme":"Default Transition","schemeID":"82"},{"nodeID":"186367","text":"Teh_Slayur : The social democracies of Europe, which he mentioned, are all capitalist countries, as are all other advanced industrial nations, which he is basing his policies on (universal healthcare, family and medical leave, progressive taxation, etc)","type":"L","timestamp":"2016-07-30 11:15:21"},{"nodeID":"186368","text":"Asserting","type":"YA","timestamp":"2016-07-30 11:15:21","scheme":"Asserting","schemeID":"74"},{"nodeID":"186369","text":"the social democracies of Europe, which he mentioned, are all capitalist countries, as are all other advanced industrial nations, which he is basing his policies on (universal healthcare, family and medical leave, progressive taxation, etc)","type":"I","timestamp":"2016-07-30 11:15:21"},{"nodeID":"186370","text":"Barbara: Teh_Slayur : The social democracies of Europe, which he mentioned, are all capitalist countries, as are all other advanced industrial nations, which he is basing his policies on (universal healthcare, family and medical leave, progressive taxation, etc)","type":"L","timestamp":"2016-07-30 11:15:22"},{"nodeID":"186371","text":"Default Transition","type":"TA","timestamp":"2016-07-30 11:15:22","scheme":"Default Transition","schemeID":"82"},{"nodeID":"186372","text":"Default Inference","type":"RA","timestamp":"2016-07-30 11:15:22","scheme":"Default Inference","schemeID":"72"},{"nodeID":"186373","text":"Arguing","type":"YA","timestamp":"2016-07-30 11:15:22","scheme":"Arguing","schemeID":"80"},{"nodeID":"186374","text":"Default Inference","type":"RA","timestamp":"2016-07-30 11:15:22","scheme":"Default Inference","schemeID":"72"},{"nodeID":"186375","text":"Default Transition","type":"TA","timestamp":"2016-07-30 11:15:22","scheme":"Default Transition","schemeID":"82"},{"nodeID":"186376","text":"Arguing","type":"YA","timestamp":"2016-07-30 11:15:22","scheme":"Arguing","schemeID":"80"}],"edges":[{"edgeID":"227869","fromID":"186289","toID":"186290","formEdgeID":null},{"edgeID":"227870","fromID":"186288","toID":"186289","formEdgeID":null},{"edgeID":"227871","fromID":"186293","toID":"186294","formEdgeID":null},{"edgeID":"227872","fromID":"186292","toID":"186293","formEdgeID":null},{"edgeID":"227873","fromID":"186294","toID":"186296","formEdgeID":null},{"edgeID":"227874","fromID":"186296","toID":"186290","formEdgeID":null},{"edgeID":"227875","fromID":"186288","toID":"186297","formEdgeID":null},{"edgeID":"227876","fromID":"186297","toID":"186292","formEdgeID":null},{"edgeID":"227877","fromID":"186297","toID":"186298","formEdgeID":null},{"edgeID":"227878","fromID":"186298","toID":"186296","formEdgeID":null},{"edgeID":"227879","fromID":"186300","toID":"186301","formEdgeID":null},{"edgeID":"227880","fromID":"186299","toID":"186300","formEdgeID":null},{"edgeID":"227881","fromID":"186288","toID":"186303","formEdgeID":null},{"edgeID":"227882","fromID":"186303","toID":"186299","formEdgeID":null},{"edgeID":"227883","fromID":"186301","toID":"186304","formEdgeID":null},{"edgeID":"227884","fromID":"186304","toID":"186290","formEdgeID":null},{"edgeID":"227885","fromID":"186303","toID":"186305","formEdgeID":null},{"edgeID":"227886","fromID":"186305","toID":"186304","formEdgeID":null},{"edgeID":"227887","fromID":"186307","toID":"186306","formEdgeID":null},{"edgeID":"227888","fromID":"186308","toID":"186307","formEdgeID":null},{"edgeID":"227889","fromID":"186306","toID":"186310","formEdgeID":null},{"edgeID":"227890","fromID":"186310","toID":"186294","formEdgeID":null},{"edgeID":"227891","fromID":"186292","toID":"186311","formEdgeID":null},{"edgeID":"227892","fromID":"186311","toID":"186308","formEdgeID":null},{"edgeID":"227893","fromID":"186311","toID":"186312","formEdgeID":null},{"edgeID":"227894","fromID":"186312","toID":"186310","formEdgeID":null},{"edgeID":"227895","fromID":"186314","toID":"186315","formEdgeID":null},{"edgeID":"227896","fromID":"186313","toID":"186314","formEdgeID":null},{"edgeID":"227897","fromID":"186308","toID":"186319","formEdgeID":null},{"edgeID":"227898","fromID":"186319","toID":"186317","formEdgeID":null},{"edgeID":"227899","fromID":"186319","toID":"186320","formEdgeID":null},{"edgeID":"227900","fromID":"186320","toID":"186306","formEdgeID":null},{"edgeID":"227901","fromID":"186322","toID":"186323","formEdgeID":null},{"edgeID":"227902","fromID":"186321","toID":"186322","formEdgeID":null},{"edgeID":"227903","fromID":"186323","toID":"186325","formEdgeID":null},{"edgeID":"227904","fromID":"186325","toID":"186306","formEdgeID":null},{"edgeID":"227905","fromID":"186308","toID":"186326","formEdgeID":null},{"edgeID":"227906","fromID":"186326","toID":"186321","formEdgeID":null},{"edgeID":"227907","fromID":"186326","toID":"186327","formEdgeID":null},{"edgeID":"227908","fromID":"186327","toID":"186325","formEdgeID":null},{"edgeID":"227909","fromID":"186329","toID":"186330","formEdgeID":null},{"edgeID":"227910","fromID":"186328","toID":"186329","formEdgeID":null},{"edgeID":"227911","fromID":"186333","toID":"186334","formEdgeID":null},{"edgeID":"227912","fromID":"186332","toID":"186333","formEdgeID":null},{"edgeID":"227913","fromID":"186330","toID":"186336","formEdgeID":null},{"edgeID":"227914","fromID":"186336","toID":"186294","formEdgeID":null},{"edgeID":"227915","fromID":"186328","toID":"186337","formEdgeID":null},{"edgeID":"227916","fromID":"186337","toID":"186292","formEdgeID":null},{"edgeID":"227917","fromID":"186337","toID":"186338","formEdgeID":null},{"edgeID":"227918","fromID":"186338","toID":"186336","formEdgeID":null},{"edgeID":"227919","fromID":"186334","toID":"186339","formEdgeID":null},{"edgeID":"227920","fromID":"186339","toID":"186330","formEdgeID":null},{"edgeID":"227921","fromID":"186328","toID":"186340","formEdgeID":null},{"edgeID":"227922","fromID":"186340","toID":"186332","formEdgeID":null},{"edgeID":"227923","fromID":"186340","toID":"186341","formEdgeID":null},{"edgeID":"227924","fromID":"186341","toID":"186339","formEdgeID":null},{"edgeID":"227925","fromID":"186343","toID":"186344","formEdgeID":null},{"edgeID":"227926","fromID":"186342","toID":"186343","formEdgeID":null},{"edgeID":"227927","fromID":"186344","toID":"186346","formEdgeID":null},{"edgeID":"227928","fromID":"186346","toID":"186334","formEdgeID":null},{"edgeID":"227929","fromID":"186332","toID":"186347","formEdgeID":null},{"edgeID":"227930","fromID":"186347","toID":"186342","formEdgeID":null},{"edgeID":"227931","fromID":"186347","toID":"186348","formEdgeID":null},{"edgeID":"227932","fromID":"186348","toID":"186346","formEdgeID":null},{"edgeID":"227933","fromID":"186350","toID":"186351","formEdgeID":null},{"edgeID":"227934","fromID":"186349","toID":"186350","formEdgeID":null},{"edgeID":"227935","fromID":"186355","toID":"186356","formEdgeID":null},{"edgeID":"227936","fromID":"186353","toID":"186355","formEdgeID":null},{"edgeID":"227937","fromID":"186360","toID":"186362","formEdgeID":null},{"edgeID":"227938","fromID":"186362","toID":"186353","formEdgeID":null},{"edgeID":"227939","fromID":"186351","toID":"186363","formEdgeID":null},{"edgeID":"227940","fromID":"186363","toID":"186301","formEdgeID":null},{"edgeID":"227941","fromID":"186299","toID":"186364","formEdgeID":null},{"edgeID":"227942","fromID":"186364","toID":"186349","formEdgeID":null},{"edgeID":"227943","fromID":"186364","toID":"186365","formEdgeID":null},{"edgeID":"227944","fromID":"186365","toID":"186363","formEdgeID":null},{"edgeID":"227945","fromID":"186349","toID":"186366","formEdgeID":null},{"edgeID":"227946","fromID":"186366","toID":"186360","formEdgeID":null},{"edgeID":"227947","fromID":"186368","toID":"186369","formEdgeID":null},{"edgeID":"227948","fromID":"186367","toID":"186368","formEdgeID":null},{"edgeID":"227949","fromID":"186360","toID":"186371","formEdgeID":null},{"edgeID":"227950","fromID":"186371","toID":"186367","formEdgeID":null},{"edgeID":"227951","fromID":"186356","toID":"186372","formEdgeID":null},{"edgeID":"227952","fromID":"186372","toID":"186351","formEdgeID":null},{"edgeID":"227953","fromID":"186366","toID":"186373","formEdgeID":null},{"edgeID":"227954","fromID":"186373","toID":"186372","formEdgeID":null},{"edgeID":"227955","fromID":"186369","toID":"186374","formEdgeID":null},{"edgeID":"227956","fromID":"186374","toID":"186351","formEdgeID":null},{"edgeID":"227957","fromID":"186349","toID":"186375","formEdgeID":null},{"edgeID":"227958","fromID":"186375","toID":"186367","formEdgeID":null},{"edgeID":"227959","fromID":"186375","toID":"186376","formEdgeID":null},{"edgeID":"227960","fromID":"186376","toID":"186374","formEdgeID":null}],"locutions":[{"nodeID":"186308","personID":"1710","timestamp":"2016-07-30 11:15:27","start":null,"end":null,"source":null}]}