{"nodes":[{"nodeID":"188064","text":"elkab0ng : I think Sanders is winning gun owners over","type":"L","timestamp":"2016-08-03 10:39:04"},{"nodeID":"188065","text":"Asserting","type":"YA","timestamp":"2016-08-03 10:39:04","scheme":"Asserting","schemeID":"74"},{"nodeID":"188066","text":"Sanders is winning gun owners over","type":"I","timestamp":"2016-08-03 10:39:04"},{"nodeID":"188067","text":"Barbara: elkab0ng : I think Sanders is winning gun owners over","type":"L","timestamp":"2016-08-03 10:39:04"},{"nodeID":"188068","text":"elkab0ng : No dodges, no excuses","type":"L","timestamp":"2016-08-03 10:39:05"},{"nodeID":"188069","text":"Asserting","type":"YA","timestamp":"2016-08-03 10:39:05","scheme":"Asserting","schemeID":"74"},{"nodeID":"188070","text":"Sanders makes no dodges and no excuses","type":"I","timestamp":"2016-08-03 10:39:05"},{"nodeID":"188071","text":"Barbara: elkab0ng : No dodges, no excuses","type":"L","timestamp":"2016-08-03 10:39:05"},{"nodeID":"188072","text":"elkab0ng : You can disagree with the guy, but he's consistent","type":"L","timestamp":"2016-08-03 10:39:05"},{"nodeID":"188073","text":"Asserting","type":"YA","timestamp":"2016-08-03 10:39:05","scheme":"Asserting","schemeID":"74"},{"nodeID":"188074","text":"Sanders is consistent","type":"I","timestamp":"2016-08-03 10:39:05"},{"nodeID":"188075","text":"Barbara: elkab0ng : You can disagree with the guy, but he's consistent","type":"L","timestamp":"2016-08-03 10:39:05"},{"nodeID":"188076","text":"Default Inference","type":"RA","timestamp":"2016-08-03 10:39:05","scheme":"Default Inference","schemeID":"72"},{"nodeID":"188077","text":"Feral404 : No","type":"L","timestamp":"2016-08-03 10:39:05"},{"nodeID":"188078","text":"Asserting","type":"YA","timestamp":"2016-08-03 10:39:05","scheme":"Asserting","schemeID":"74"},{"nodeID":"188079","text":"Sanders is not winning gun owners over","type":"I","timestamp":"2016-08-03 10:39:06"},{"nodeID":"188080","text":"Barbara: Feral404 : No","type":"L","timestamp":"2016-08-03 10:39:06"},{"nodeID":"188081","text":"Feral404 : He wants to ban the most popular firearms","type":"L","timestamp":"2016-08-03 10:39:06"},{"nodeID":"188082","text":"Asserting","type":"YA","timestamp":"2016-08-03 10:39:06","scheme":"Asserting","schemeID":"74"},{"nodeID":"188083","text":"Sanders wants to ban the most popular firearms","type":"I","timestamp":"2016-08-03 10:39:06"},{"nodeID":"188084","text":"Barbara: Feral404 : He wants to ban the most popular firearms","type":"L","timestamp":"2016-08-03 10:39:06"},{"nodeID":"188085","text":"Feral404 : He would win over gun owners if he would drop his gun control stance","type":"L","timestamp":"2016-08-03 10:39:06"},{"nodeID":"188086","text":"Asserting","type":"YA","timestamp":"2016-08-03 10:39:06","scheme":"Asserting","schemeID":"74"},{"nodeID":"188087","text":"Sanders would win over gun owners if he would drop his gun control stance","type":"I","timestamp":"2016-08-03 10:39:06"},{"nodeID":"188088","text":"Barbara: Feral404 : He would win over gun owners if he would drop his gun control stance","type":"L","timestamp":"2016-08-03 10:39:06"},{"nodeID":"188089","text":"Default Conflict","type":"CA","timestamp":"2016-08-03 10:39:07","scheme":"Default Conflict","schemeID":"71"},{"nodeID":"188090","text":"Default Transition","type":"TA","timestamp":"2016-08-03 10:39:07","scheme":"Default Transition","schemeID":"82"},{"nodeID":"188091","text":"Disagreeing","type":"YA","timestamp":"2016-08-03 10:39:07","scheme":"Disagreeing","schemeID":"78"},{"nodeID":"188092","text":"Default Inference","type":"RA","timestamp":"2016-08-03 10:39:07","scheme":"Default Inference","schemeID":"72"},{"nodeID":"188093","text":"Default Transition","type":"TA","timestamp":"2016-08-03 10:39:07","scheme":"Default Transition","schemeID":"82"},{"nodeID":"188094","text":"Arguing","type":"YA","timestamp":"2016-08-03 10:39:07","scheme":"Arguing","schemeID":"80"},{"nodeID":"188095","text":"Default Transition","type":"TA","timestamp":"2016-08-03 10:39:07","scheme":"Default Transition","schemeID":"82"},{"nodeID":"188096","text":"Arguing","type":"YA","timestamp":"2016-08-03 10:39:07","scheme":"Arguing","schemeID":"80"},{"nodeID":"188097","text":"Feral404 : I love him except for his stance on the AWB","type":"L","timestamp":"2016-08-03 10:39:07"},{"nodeID":"188098","text":"Asserting","type":"YA","timestamp":"2016-08-03 10:39:07","scheme":"Asserting","schemeID":"74"},{"nodeID":"188099","text":"I love Bernie Sanders except for his stance on the Assault Weapons Ban","type":"I","timestamp":"2016-08-03 10:39:07"},{"nodeID":"188100","text":"Barbara: Feral404 : I love him except for his stance on the AWB","type":"L","timestamp":"2016-08-03 10:39:07"},{"nodeID":"188101","text":"Default Transition","type":"TA","timestamp":"2016-08-03 10:39:08","scheme":"Default Transition","schemeID":"82"},{"nodeID":"188102","text":"elkab0ng : \"Well-regulated\" is a thing","type":"L","timestamp":"2016-08-03 10:39:08"},{"nodeID":"188103","text":"Asserting","type":"YA","timestamp":"2016-08-03 10:39:08","scheme":"Asserting","schemeID":"74"},{"nodeID":"188104","text":"\"Well-regulated\" is a thing","type":"I","timestamp":"2016-08-03 10:39:08"},{"nodeID":"188105","text":"Barbara: elkab0ng : \"Well-regulated\" is a thing","type":"L","timestamp":"2016-08-03 10:39:08"},{"nodeID":"188106","text":"elkab0ng : We can debate about what is good regulation and what's bad","type":"L","timestamp":"2016-08-03 10:39:08"},{"nodeID":"188107","text":"Asserting","type":"YA","timestamp":"2016-08-03 10:39:08","scheme":"Asserting","schemeID":"74"},{"nodeID":"188108","text":"we can debate about what is good regulation and what's bad","type":"I","timestamp":"2016-08-03 10:39:08"},{"nodeID":"188109","text":"Barbara: elkab0ng : We can debate about what is good regulation and what's bad","type":"L","timestamp":"2016-08-03 10:39:08"},{"nodeID":"188110","text":"elkab0ng :  of the five candidates, Sanders (at least to my ear) was the only one who didn't seem to be doing verbal gymnastics to avoid some legislative history which contradicts what he's currently advocating","type":"L","timestamp":"2016-08-03 10:39:08"},{"nodeID":"188111","text":"Asserting","type":"YA","timestamp":"2016-08-03 10:39:08","scheme":"Asserting","schemeID":"74"},{"nodeID":"188112","text":"of the five candidates, Sanders  was the only one who didn't seem to be doing verbal gymnastics to avoid some legislative history which contradicts what he's currently advocating","type":"I","timestamp":"2016-08-03 10:39:09"},{"nodeID":"188113","text":"Barbara: elkab0ng :  of the five candidates, Sanders (at least to my ear) was the only one who didn't seem to be doing verbal gymnastics to avoid some legislative history which contradicts what he's currently advocating","type":"L","timestamp":"2016-08-03 10:39:09"},{"nodeID":"188114","text":"elkab0ng : Gun makers are smart","type":"L","timestamp":"2016-08-03 10:39:09"},{"nodeID":"188115","text":"Asserting","type":"YA","timestamp":"2016-08-03 10:39:09","scheme":"Asserting","schemeID":"74"},{"nodeID":"188116","text":"gun makers are smart","type":"I","timestamp":"2016-08-03 10:39:09"},{"nodeID":"188117","text":"Barbara: elkab0ng : Gun makers are smart","type":"L","timestamp":"2016-08-03 10:39:09"},{"nodeID":"188118","text":"elkab0ng : they modified trigger guard designs and stock templates to work within the '94 law","type":"L","timestamp":"2016-08-03 10:39:09"},{"nodeID":"188119","text":"Asserting","type":"YA","timestamp":"2016-08-03 10:39:09","scheme":"Asserting","schemeID":"74"},{"nodeID":"188120","text":"they modified trigger guard designs and stock templates to work within the '94 law","type":"I","timestamp":"2016-08-03 10:39:09"},{"nodeID":"188121","text":"Barbara: elkab0ng : they modified trigger guard designs and stock templates to work within the '94 law","type":"L","timestamp":"2016-08-03 10:39:09"},{"nodeID":"188122","text":"elkab0ng : there has not been a single day that I haven't been able to pick up an AR-15 at a store in the last 30 years (except when they sell out everything at full list because Obama mentioned guns)","type":"L","timestamp":"2016-08-03 10:39:09"},{"nodeID":"188123","text":"Asserting","type":"YA","timestamp":"2016-08-03 10:39:09","scheme":"Asserting","schemeID":"74"},{"nodeID":"188124","text":"there has not been a single day that I haven't been able to pick up an AR-15 at a store in the last 30 years (except when they sell out everything at full list because Obama mentioned guns)","type":"I","timestamp":"2016-08-03 10:39:10"},{"nodeID":"188125","text":"Barbara: elkab0ng : there has not been a single day that I haven't been able to pick up an AR-15 at a store in the last 30 years (except when they sell out everything at full list because Obama mentioned guns)","type":"L","timestamp":"2016-08-03 10:39:10"},{"nodeID":"188126","text":"Default Inference","type":"RA","timestamp":"2016-08-03 10:39:10","scheme":"Default Inference","schemeID":"72"},{"nodeID":"188127","text":"Default Transition","type":"TA","timestamp":"2016-08-03 10:39:10","scheme":"Default Transition","schemeID":"82"},{"nodeID":"188128","text":"Arguing","type":"YA","timestamp":"2016-08-03 10:39:10","scheme":"Arguing","schemeID":"80"},{"nodeID":"188129","text":"Default Inference","type":"RA","timestamp":"2016-08-03 10:39:10","scheme":"Default Inference","schemeID":"72"},{"nodeID":"188130","text":"Default Transition","type":"TA","timestamp":"2016-08-03 10:39:10","scheme":"Default Transition","schemeID":"82"},{"nodeID":"188131","text":"Arguing","type":"YA","timestamp":"2016-08-03 10:39:10","scheme":"Arguing","schemeID":"80"},{"nodeID":"188132","text":"Default Transition","type":"TA","timestamp":"2016-08-03 10:39:10","scheme":"Default Transition","schemeID":"82"},{"nodeID":"188133","text":"Default Transition","type":"TA","timestamp":"2016-08-03 10:39:10","scheme":"Default Transition","schemeID":"82"},{"nodeID":"188134","text":"Default Transition","type":"TA","timestamp":"2016-08-03 10:39:10","scheme":"Default Transition","schemeID":"82"},{"nodeID":"188135","text":"chillbroswagginzz :  Agreed","type":"L","timestamp":"2016-08-03 10:39:11"},{"nodeID":"188136","text":"Barbara: chillbroswagginzz :  Agreed","type":"L","timestamp":"2016-08-03 10:39:11"},{"nodeID":"188137","text":"Default Transition","type":"TA","timestamp":"2016-08-03 10:39:11","scheme":"Default Transition","schemeID":"82"},{"nodeID":"188138","text":"Agreeing","type":"YA","timestamp":"2016-08-03 10:39:11","scheme":"Agreeing","schemeID":"77"},{"nodeID":"188139","text":"chillbroswagginzz : Unfortunately the crowd blew up for Hillary's insane ideas (suing gun companies for the end users actions?) and were silent on Sanders","type":"L","timestamp":"2016-08-03 10:39:11"},{"nodeID":"188140","text":"Asserting","type":"YA","timestamp":"2016-08-03 10:39:11","scheme":"Asserting","schemeID":"74"},{"nodeID":"188141","text":"the crowd blew up for Hillary's insane ideas (suing gun companies for the end users actions?) and were silent on Sanders","type":"I","timestamp":"2016-08-03 10:39:11"},{"nodeID":"188142","text":"Barbara: chillbroswagginzz : Unfortunately the crowd blew up for Hillary's insane ideas (suing gun companies for the end users actions?) and were silent on Sanders","type":"L","timestamp":"2016-08-03 10:39:11"},{"nodeID":"188143","text":"Default Transition","type":"TA","timestamp":"2016-08-03 10:39:11","scheme":"Default Transition","schemeID":"82"},{"nodeID":"188144","text":"elkab0ng :  I honestly wouldn't bet on Sanders taking the nomination","type":"L","timestamp":"2016-08-03 10:39:11"},{"nodeID":"188145","text":"Asserting","type":"YA","timestamp":"2016-08-03 10:39:11","scheme":"Asserting","schemeID":"74"},{"nodeID":"188146","text":"I honestly wouldn't bet on Sanders taking the nomination","type":"I","timestamp":"2016-08-03 10:39:11"},{"nodeID":"188147","text":"Barbara: elkab0ng :  I honestly wouldn't bet on Sanders taking the nomination","type":"L","timestamp":"2016-08-03 10:39:12"},{"nodeID":"188148","text":"elkab0ng : I have to give him points for giving straight answers","type":"L","timestamp":"2016-08-03 10:39:12"},{"nodeID":"188149","text":"Asserting","type":"YA","timestamp":"2016-08-03 10:39:12","scheme":"Asserting","schemeID":"74"},{"nodeID":"188150","text":"I have to give Sanders points for giving straight answers","type":"I","timestamp":"2016-08-03 10:39:12"},{"nodeID":"188151","text":"Barbara: elkab0ng : I have to give him points for giving straight answers","type":"L","timestamp":"2016-08-03 10:39:12"},{"nodeID":"188152","text":"Default Transition","type":"TA","timestamp":"2016-08-03 10:39:12","scheme":"Default Transition","schemeID":"82"},{"nodeID":"188153","text":"Default Transition","type":"TA","timestamp":"2016-08-03 10:39:12","scheme":"Default Transition","schemeID":"82"},{"nodeID":"188154","text":"chillbroswagginzz : Yeah, same","type":"L","timestamp":"2016-08-03 10:39:12"},{"nodeID":"188155","text":"Barbara: chillbroswagginzz : Yeah, same","type":"L","timestamp":"2016-08-03 10:39:12"},{"nodeID":"188156","text":"Default Transition","type":"TA","timestamp":"2016-08-03 10:39:12","scheme":"Default Transition","schemeID":"82"},{"nodeID":"188157","text":"Agreeing","type":"YA","timestamp":"2016-08-03 10:39:12","scheme":"Agreeing","schemeID":"77"},{"nodeID":"188158","text":"chillbroswagginzz : If he was behaving like a proper politician I think he'd be super anti-gun until getting the nomination, then find a middle ground","type":"L","timestamp":"2016-08-03 10:39:13"},{"nodeID":"188159","text":"Asserting","type":"YA","timestamp":"2016-08-03 10:39:13","scheme":"Asserting","schemeID":"74"},{"nodeID":"188160","text":"if Sanders was behaving like a proper politician I think he'd be super anti-gun until getting the nomination, then find a middle ground","type":"I","timestamp":"2016-08-03 10:39:13"},{"nodeID":"188161","text":"Barbara: chillbroswagginzz : If he was behaving like a proper politician I think he'd be super anti-gun until getting the nomination, then find a middle ground","type":"L","timestamp":"2016-08-03 10:39:13"},{"nodeID":"188162","text":"chillbroswagginzz : Straight answers will be his downfall (or one of them)","type":"L","timestamp":"2016-08-03 10:39:13"},{"nodeID":"188163","text":"Asserting","type":"YA","timestamp":"2016-08-03 10:39:13","scheme":"Asserting","schemeID":"74"},{"nodeID":"188164","text":"straight answers will be Sanders' downfall","type":"I","timestamp":"2016-08-03 10:39:13"},{"nodeID":"188165","text":"Barbara: chillbroswagginzz : Straight answers will be his downfall (or one of them)","type":"L","timestamp":"2016-08-03 10:39:13"},{"nodeID":"188166","text":"chillbroswagginzz : Clinton will play it like the politician she is","type":"L","timestamp":"2016-08-03 10:39:13"},{"nodeID":"188167","text":"Asserting","type":"YA","timestamp":"2016-08-03 10:39:13","scheme":"Asserting","schemeID":"74"},{"nodeID":"188168","text":"Clinton will play it like the politician she is","type":"I","timestamp":"2016-08-03 10:39:13"},{"nodeID":"188169","text":"Barbara: chillbroswagginzz : linton will play it like the politician she is","type":"L","timestamp":"2016-08-03 10:39:13"},{"nodeID":"188170","text":"Default Inference","type":"RA","timestamp":"2016-08-03 10:39:14","scheme":"Default Inference","schemeID":"72"},{"nodeID":"188171","text":"Default Transition","type":"TA","timestamp":"2016-08-03 10:39:14","scheme":"Default Transition","schemeID":"82"},{"nodeID":"188172","text":"Arguing","type":"YA","timestamp":"2016-08-03 10:39:14","scheme":"Arguing","schemeID":"80"},{"nodeID":"188173","text":"Default Transition","type":"TA","timestamp":"2016-08-03 10:39:14","scheme":"Default Transition","schemeID":"82"},{"nodeID":"188174","text":"Default Inference","type":"RA","timestamp":"2016-08-03 10:39:14","scheme":"Default Inference","schemeID":"72"},{"nodeID":"188175","text":"Arguing","type":"YA","timestamp":"2016-08-03 10:39:14","scheme":"Arguing","schemeID":"80"},{"nodeID":"188176","text":"Default Transition","type":"TA","timestamp":"2016-08-03 10:39:14","scheme":"Default Transition","schemeID":"82"}],"edges":[{"edgeID":"230434","fromID":"188065","toID":"188066","formEdgeID":null},{"edgeID":"230435","fromID":"188064","toID":"188065","formEdgeID":null},{"edgeID":"230436","fromID":"188069","toID":"188070","formEdgeID":null},{"edgeID":"230437","fromID":"188068","toID":"188069","formEdgeID":null},{"edgeID":"230438","fromID":"188073","toID":"188074","formEdgeID":null},{"edgeID":"230439","fromID":"188072","toID":"188073","formEdgeID":null},{"edgeID":"230440","fromID":"188070","toID":"188076","formEdgeID":null},{"edgeID":"230441","fromID":"188076","toID":"188066","formEdgeID":null},{"edgeID":"230442","fromID":"188078","toID":"188079","formEdgeID":null},{"edgeID":"230443","fromID":"188077","toID":"188078","formEdgeID":null},{"edgeID":"230444","fromID":"188082","toID":"188083","formEdgeID":null},{"edgeID":"230445","fromID":"188081","toID":"188082","formEdgeID":null},{"edgeID":"230446","fromID":"188086","toID":"188087","formEdgeID":null},{"edgeID":"230447","fromID":"188085","toID":"188086","formEdgeID":null},{"edgeID":"230448","fromID":"188079","toID":"188089","formEdgeID":null},{"edgeID":"230449","fromID":"188089","toID":"188066","formEdgeID":null},{"edgeID":"230450","fromID":"188064","toID":"188090","formEdgeID":null},{"edgeID":"230451","fromID":"188090","toID":"188077","formEdgeID":null},{"edgeID":"230452","fromID":"188090","toID":"188091","formEdgeID":null},{"edgeID":"230453","fromID":"188091","toID":"188089","formEdgeID":null},{"edgeID":"230454","fromID":"188083","toID":"188092","formEdgeID":null},{"edgeID":"230455","fromID":"188092","toID":"188079","formEdgeID":null},{"edgeID":"230456","fromID":"188087","toID":"188092","formEdgeID":null},{"edgeID":"230457","fromID":"188077","toID":"188093","formEdgeID":null},{"edgeID":"230458","fromID":"188093","toID":"188085","formEdgeID":null},{"edgeID":"230459","fromID":"188093","toID":"188094","formEdgeID":null},{"edgeID":"230460","fromID":"188094","toID":"188092","formEdgeID":null},{"edgeID":"230461","fromID":"188093","toID":"188081","formEdgeID":null},{"edgeID":"230462","fromID":"188064","toID":"188095","formEdgeID":null},{"edgeID":"230463","fromID":"188095","toID":"188068","formEdgeID":null},{"edgeID":"230464","fromID":"188095","toID":"188096","formEdgeID":null},{"edgeID":"230465","fromID":"188096","toID":"188076","formEdgeID":null},{"edgeID":"230466","fromID":"188098","toID":"188099","formEdgeID":null},{"edgeID":"230467","fromID":"188097","toID":"188098","formEdgeID":null},{"edgeID":"230468","fromID":"188085","toID":"188101","formEdgeID":null},{"edgeID":"230469","fromID":"188101","toID":"188097","formEdgeID":null},{"edgeID":"230470","fromID":"188103","toID":"188104","formEdgeID":null},{"edgeID":"230471","fromID":"188102","toID":"188103","formEdgeID":null},{"edgeID":"230472","fromID":"188107","toID":"188108","formEdgeID":null},{"edgeID":"230473","fromID":"188106","toID":"188107","formEdgeID":null},{"edgeID":"230474","fromID":"188111","toID":"188112","formEdgeID":null},{"edgeID":"230475","fromID":"188110","toID":"188111","formEdgeID":null},{"edgeID":"230476","fromID":"188115","toID":"188116","formEdgeID":null},{"edgeID":"230477","fromID":"188114","toID":"188115","formEdgeID":null},{"edgeID":"230478","fromID":"188119","toID":"188120","formEdgeID":null},{"edgeID":"230479","fromID":"188118","toID":"188119","formEdgeID":null},{"edgeID":"230480","fromID":"188123","toID":"188124","formEdgeID":null},{"edgeID":"230481","fromID":"188122","toID":"188123","formEdgeID":null},{"edgeID":"230482","fromID":"188120","toID":"188126","formEdgeID":null},{"edgeID":"230483","fromID":"188126","toID":"188116","formEdgeID":null},{"edgeID":"230484","fromID":"188124","toID":"188126","formEdgeID":null},{"edgeID":"230485","fromID":"188114","toID":"188127","formEdgeID":null},{"edgeID":"230486","fromID":"188127","toID":"188122","formEdgeID":null},{"edgeID":"230487","fromID":"188127","toID":"188118","formEdgeID":null},{"edgeID":"230488","fromID":"188127","toID":"188128","formEdgeID":null},{"edgeID":"230489","fromID":"188128","toID":"188126","formEdgeID":null},{"edgeID":"230490","fromID":"188116","toID":"188129","formEdgeID":null},{"edgeID":"230491","fromID":"188129","toID":"188104","formEdgeID":null},{"edgeID":"230492","fromID":"188102","toID":"188130","formEdgeID":null},{"edgeID":"230493","fromID":"188130","toID":"188114","formEdgeID":null},{"edgeID":"230494","fromID":"188130","toID":"188131","formEdgeID":null},{"edgeID":"230495","fromID":"188131","toID":"188129","formEdgeID":null},{"edgeID":"230496","fromID":"188106","toID":"188132","formEdgeID":null},{"edgeID":"230497","fromID":"188132","toID":"188110","formEdgeID":null},{"edgeID":"230498","fromID":"188110","toID":"188133","formEdgeID":null},{"edgeID":"230499","fromID":"188133","toID":"188114","formEdgeID":null},{"edgeID":"230500","fromID":"188097","toID":"188134","formEdgeID":null},{"edgeID":"230501","fromID":"188134","toID":"188102","formEdgeID":null},{"edgeID":"230502","fromID":"188095","toID":"188072","formEdgeID":null},{"edgeID":"230503","fromID":"188074","toID":"188076","formEdgeID":null},{"edgeID":"230504","fromID":"188064","toID":"188137","formEdgeID":null},{"edgeID":"230505","fromID":"188137","toID":"188135","formEdgeID":null},{"edgeID":"230506","fromID":"188137","toID":"188138","formEdgeID":null},{"edgeID":"230507","fromID":"188138","toID":"188066","formEdgeID":null},{"edgeID":"230508","fromID":"188140","toID":"188141","formEdgeID":null},{"edgeID":"230509","fromID":"188139","toID":"188140","formEdgeID":null},{"edgeID":"230510","fromID":"188135","toID":"188143","formEdgeID":null},{"edgeID":"230511","fromID":"188143","toID":"188139","formEdgeID":null},{"edgeID":"230512","fromID":"188145","toID":"188146","formEdgeID":null},{"edgeID":"230513","fromID":"188144","toID":"188145","formEdgeID":null},{"edgeID":"230514","fromID":"188149","toID":"188150","formEdgeID":null},{"edgeID":"230515","fromID":"188148","toID":"188149","formEdgeID":null},{"edgeID":"230516","fromID":"188139","toID":"188152","formEdgeID":null},{"edgeID":"230517","fromID":"188152","toID":"188144","formEdgeID":null},{"edgeID":"230518","fromID":"188144","toID":"188153","formEdgeID":null},{"edgeID":"230519","fromID":"188153","toID":"188148","formEdgeID":null},{"edgeID":"230520","fromID":"188148","toID":"188156","formEdgeID":null},{"edgeID":"230521","fromID":"188156","toID":"188154","formEdgeID":null},{"edgeID":"230522","fromID":"188156","toID":"188157","formEdgeID":null},{"edgeID":"230523","fromID":"188157","toID":"188150","formEdgeID":null},{"edgeID":"230524","fromID":"188159","toID":"188160","formEdgeID":null},{"edgeID":"230525","fromID":"188158","toID":"188159","formEdgeID":null},{"edgeID":"230526","fromID":"188163","toID":"188164","formEdgeID":null},{"edgeID":"230527","fromID":"188162","toID":"188163","formEdgeID":null},{"edgeID":"230528","fromID":"188167","toID":"188168","formEdgeID":null},{"edgeID":"230529","fromID":"188166","toID":"188167","formEdgeID":null},{"edgeID":"230530","fromID":"188168","toID":"188170","formEdgeID":null},{"edgeID":"230531","fromID":"188170","toID":"188164","formEdgeID":null},{"edgeID":"230532","fromID":"188162","toID":"188171","formEdgeID":null},{"edgeID":"230533","fromID":"188171","toID":"188166","formEdgeID":null},{"edgeID":"230534","fromID":"188171","toID":"188172","formEdgeID":null},{"edgeID":"230535","fromID":"188172","toID":"188170","formEdgeID":null},{"edgeID":"230536","fromID":"188158","toID":"188173","formEdgeID":null},{"edgeID":"230537","fromID":"188173","toID":"188162","formEdgeID":null},{"edgeID":"230538","fromID":"188160","toID":"188174","formEdgeID":null},{"edgeID":"230539","fromID":"188174","toID":"188164","formEdgeID":null},{"edgeID":"230540","fromID":"188173","toID":"188175","formEdgeID":null},{"edgeID":"230541","fromID":"188175","toID":"188174","formEdgeID":null},{"edgeID":"230542","fromID":"188154","toID":"188176","formEdgeID":null},{"edgeID":"230543","fromID":"188176","toID":"188158","formEdgeID":null}],"locutions":[]}