{"nodes":[{"nodeID":"203763","text":"TheFaceo : Bernie starts every answer the same way","type":"L","timestamp":"2016-09-29 17:14:07"},{"nodeID":"203764","text":"Asserting","type":"YA","timestamp":"2016-09-29 17:14:07","scheme":"Asserting","schemeID":"74"},{"nodeID":"203765","text":"SANDERS starts every answer the same way","type":"I","timestamp":"2016-09-29 17:14:07"},{"nodeID":"203766","text":"Barbara: TheFaceo : Bernie starts every answer the same way","type":"L","timestamp":"2016-09-29 17:14:07"},{"nodeID":"203767","text":"Barbara: adamdevigili : Let us understand what we're talking about","type":"L","timestamp":"2016-09-29 17:14:07"},{"nodeID":"203768","text":"Let us understand what we're talking about","type":"I","timestamp":"2016-09-29 17:14:07"},{"nodeID":"203769","text":"Asserting","type":"YA","timestamp":"2016-09-29 17:14:07","scheme":"Asserting","schemeID":"74"},{"nodeID":"203770","text":"SANDERES : Let us understand what we're talking about","type":"L","timestamp":"2016-09-29 17:14:07"},{"nodeID":"203771","text":"Barbara: SANDERES : Let us understand what we're talking about","type":"L","timestamp":"2016-09-29 17:14:07"},{"nodeID":"203772","text":"Asserting","type":"YA","timestamp":"2016-09-29 17:14:08","scheme":"Asserting","schemeID":"74"},{"nodeID":"203773","text":"adamdevigili : SANDERES : Let us understand what we're talking about","type":"L","timestamp":"2016-09-29 17:14:08"},{"nodeID":"203774","text":"Barbara: adamdevigili : SANDERES : Let us understand what we're talking about","type":"L","timestamp":"2016-09-29 17:14:08"},{"nodeID":"203775","text":"what SANDERS says doesn't sound like a bad opening","type":"I","timestamp":"2016-09-29 17:14:08"},{"nodeID":"203776","text":"Assertive Questioning","type":"YA","timestamp":"2016-09-29 17:14:08","scheme":"AssertiveQuestioning","schemeID":"73"},{"nodeID":"203777","text":"adamdevigili : doesn't sound like a bad opening does it","type":"L","timestamp":"2016-09-29 17:14:08"},{"nodeID":"203778","text":"Barbara: adamdevigili : doesn't sound like a bad opening does it","type":"L","timestamp":"2016-09-29 17:14:08"},{"nodeID":"203779","text":"Well, I will say this","type":"I","timestamp":"2016-09-29 17:14:08"},{"nodeID":"203780","text":"Asserting","type":"YA","timestamp":"2016-09-29 17:14:08","scheme":"Asserting","schemeID":"74"},{"nodeID":"203781","text":"kghyr8 : Well, I will say this","type":"L","timestamp":"2016-09-29 17:14:08"},{"nodeID":"203782","text":"Barbara: kghyr8 : Well, I will say this","type":"L","timestamp":"2016-09-29 17:14:08"},{"nodeID":"203783","text":"BourneWarrior : I'll say this","type":"L","timestamp":"2016-09-29 17:14:08"},{"nodeID":"203784","text":"Barbara: BourneWarrior : I'll say this","type":"L","timestamp":"2016-09-29 17:14:09"},{"nodeID":"203785","text":"Default Conflict","type":"CA","timestamp":"2016-09-29 17:14:09","scheme":"Default Conflict","schemeID":"71"},{"nodeID":"203786","text":"Default Transition","type":"TA","timestamp":"2016-09-29 17:14:09","scheme":"Default Transition","schemeID":"82"},{"nodeID":"203787","text":"Disagreeing","type":"YA","timestamp":"2016-09-29 17:14:09","scheme":"Disagreeing","schemeID":"78"},{"nodeID":"203788","text":"Default Transition","type":"TA","timestamp":"2016-09-29 17:14:09","scheme":"Default Transition","schemeID":"82"},{"nodeID":"203789","text":"Default Transition","type":"TA","timestamp":"2016-09-29 17:14:09","scheme":"Default Transition","schemeID":"82"},{"nodeID":"203790","text":"Default Transition","type":"TA","timestamp":"2016-09-29 17:14:09","scheme":"Default Transition","schemeID":"82"},{"nodeID":"203791","text":"Asserting","type":"YA","timestamp":"2016-09-29 17:14:09","scheme":"Asserting","schemeID":"74"},{"nodeID":"203792","text":"antihexe : his entire premise is that these problems are caused by rampant corporatism","type":"L","timestamp":"2016-09-29 17:14:10"},{"nodeID":"203793","text":"Assertive Questioning","type":"YA","timestamp":"2016-09-29 17:14:10","scheme":"AssertiveQuestioning","schemeID":"73"},{"nodeID":"203794","text":"SANDERS' entire premise is that these problems are caused by rampant corporatism","type":"I","timestamp":"2016-09-29 17:14:10"},{"nodeID":"203795","text":"Barbara: antihexe : his entire premise is that these problems are caused by rampant corporatism","type":"L","timestamp":"2016-09-29 17:14:10"},{"nodeID":"203796","text":"Randosity42 : first he raises his speaking hands","type":"L","timestamp":"2016-09-29 17:14:10"},{"nodeID":"203797","text":"Asserting","type":"YA","timestamp":"2016-09-29 17:14:10","scheme":"Asserting","schemeID":"74"},{"nodeID":"203798","text":"first SANDERS raises his speaking hands","type":"I","timestamp":"2016-09-29 17:14:10"},{"nodeID":"203799","text":"Barbara: Randosity42 : first he raises his speaking hands","type":"L","timestamp":"2016-09-29 17:14:10"},{"nodeID":"203800","text":"Default Transition","type":"TA","timestamp":"2016-09-29 17:14:10","scheme":"Default Transition","schemeID":"82"},{"nodeID":"203801","text":"Default Transition","type":"TA","timestamp":"2016-09-29 17:14:11","scheme":"Default Transition","schemeID":"82"},{"nodeID":"203802","text":"Barbara: 8494 : the middle class is struggling in this country and the rich are getting richer, we need to take action on","type":"L","timestamp":"2016-09-29 17:14:11"},{"nodeID":"203803","text":"Barbara: SANDERES : the middle class is struggling in this country and the rich are getting richer, we need to take action on","type":"L","timestamp":"2016-09-29 17:14:11"},{"nodeID":"203804","text":"Barbara: 8494 : SANDERES : the middle class is struggling in this country and the rich are getting richer, we need to take action on","type":"L","timestamp":"2016-09-29 17:14:11"},{"nodeID":"203805","text":"the middle class is struggling in this country and the rich are getting richer, we need to take action on","type":"I","timestamp":"2016-09-29 17:14:11"},{"nodeID":"203806","text":"Asserting","type":"YA","timestamp":"2016-09-29 17:14:11","scheme":"Asserting","schemeID":"74"},{"nodeID":"203807","text":"SANDERES : the middle class is struggling in this country and the rich are getting richer, we need to take action on","type":"L","timestamp":"2016-09-29 17:14:11"},{"nodeID":"203808","text":"Asserting","type":"YA","timestamp":"2016-09-29 17:14:11","scheme":"Asserting","schemeID":"74"},{"nodeID":"203809","text":"8494 : SANDERES : the middle class is struggling in this country and the rich are getting richer, we need to take action on","type":"L","timestamp":"2016-09-29 17:14:11"},{"nodeID":"203810","text":"Default Transition","type":"TA","timestamp":"2016-09-29 17:14:12","scheme":"Default Transition","schemeID":"82"},{"nodeID":"203811","text":"No, I meant like \"now I'll tell you (5 second pause)\", \"here's the point (3 second pause)\" I'm a Sanders supporter, it's just funny","type":"I","timestamp":"2016-09-29 17:14:12"},{"nodeID":"203812","text":"Asserting","type":"YA","timestamp":"2016-09-29 17:14:12","scheme":"Asserting","schemeID":"74"},{"nodeID":"203813","text":"TheFaceo : No, I meant like \"now I'll tell you (5 second pause)\", \"here's the point (3 second pause)\" I'm a Sanders supporter, it's just funny","type":"L","timestamp":"2016-09-29 17:14:12"},{"nodeID":"203814","text":"Barbara: TheFaceo : No, I meant like \"now I'll tell you (5 second pause)\", \"here's the point (3 second pause)\" I'm a Sanders supporter, it's just funny","type":"L","timestamp":"2016-09-29 17:14:12"},{"nodeID":"203815","text":"Default Transition","type":"TA","timestamp":"2016-09-29 17:14:12","scheme":"Default Transition","schemeID":"82"},{"nodeID":"203816","text":"Default Rephrase","type":"MA","timestamp":"2016-09-29 17:14:12","scheme":"Default Rephrase","schemeID":"144"},{"nodeID":"203817","text":"Restating","type":"YA","timestamp":"2016-09-29 17:14:12","scheme":"Restating","schemeID":"101"},{"nodeID":"203818","text":"SANDERS is trying to stick to his main points","type":"I","timestamp":"2016-09-29 17:14:12"},{"nodeID":"203819","text":"Asserting","type":"YA","timestamp":"2016-09-29 17:14:12","scheme":"Asserting","schemeID":"74"},{"nodeID":"203820","text":"ElderScrolls : He's trying to stick to his main points","type":"L","timestamp":"2016-09-29 17:14:13"},{"nodeID":"203821","text":"Barbara: ElderScrolls : He's trying to stick to his main points","type":"L","timestamp":"2016-09-29 17:14:13"},{"nodeID":"203822","text":"ElderScrolls : it's making him seem like he can't focus on the question in front of him","type":"L","timestamp":"2016-09-29 17:14:13"},{"nodeID":"203823","text":"Asserting","type":"YA","timestamp":"2016-09-29 17:14:13","scheme":"Asserting","schemeID":"74"},{"nodeID":"203824","text":"it's making SANDERS seem like he can't focus on the question in front of him","type":"I","timestamp":"2016-09-29 17:14:13"},{"nodeID":"203825","text":"Barbara: ElderScrolls : it's making him seem like he can't focus on the question in front of him","type":"L","timestamp":"2016-09-29 17:14:13"},{"nodeID":"203826","text":"Default Transition","type":"TA","timestamp":"2016-09-29 17:14:13","scheme":"Default Transition","schemeID":"82"},{"nodeID":"203827","text":"Default Transition","type":"TA","timestamp":"2016-09-29 17:14:13","scheme":"Default Transition","schemeID":"82"},{"nodeID":"203828","text":"kwiqsilvr : It's like watching a snowball of frustration and old age roll down a hill","type":"L","timestamp":"2016-09-29 17:14:13"},{"nodeID":"203829","text":"Asserting","type":"YA","timestamp":"2016-09-29 17:14:13","scheme":"Asserting","schemeID":"74"},{"nodeID":"203830","text":"it's like watching a snowball of frustration and old age roll down a hill","type":"I","timestamp":"2016-09-29 17:14:13"},{"nodeID":"203831","text":"Barbara: kwiqsilvr : It's like watching a snowball of frustration and old age roll down a hill","type":"L","timestamp":"2016-09-29 17:14:14"},{"nodeID":"203832","text":"Default Transition","type":"TA","timestamp":"2016-09-29 17:14:14","scheme":"Default Transition","schemeID":"82"},{"nodeID":"203833","text":"theghostecho : It gives him a second to think","type":"L","timestamp":"2016-09-29 17:14:14"},{"nodeID":"203834","text":"Asserting","type":"YA","timestamp":"2016-09-29 17:14:14","scheme":"Asserting","schemeID":"74"},{"nodeID":"203835","text":"it gives SANDERS a second to think","type":"I","timestamp":"2016-09-29 17:14:14"},{"nodeID":"203836","text":"Barbara: theghostecho : It gives him a second to think","type":"L","timestamp":"2016-09-29 17:14:14"},{"nodeID":"203837","text":"Default Transition","type":"TA","timestamp":"2016-09-29 17:14:14","scheme":"Default Transition","schemeID":"82"},{"nodeID":"203838","text":"CaptainBrysO :  He needs like 5 - 10 sec to get fired up","type":"L","timestamp":"2016-09-29 17:14:14"},{"nodeID":"203839","text":"Asserting","type":"YA","timestamp":"2016-09-29 17:14:14","scheme":"Asserting","schemeID":"74"},{"nodeID":"203840","text":"SANDERS needs like 5 - 10 sec to get fired up","type":"I","timestamp":"2016-09-29 17:14:15"},{"nodeID":"203841","text":"Barbara: CaptainBrysO :  He needs like 5 - 10 sec to get fired up","type":"L","timestamp":"2016-09-29 17:14:15"},{"nodeID":"203842","text":"CaptainBrysO : It buys him time","type":"L","timestamp":"2016-09-29 17:14:15"},{"nodeID":"203843","text":"Asserting","type":"YA","timestamp":"2016-09-29 17:14:15","scheme":"Asserting","schemeID":"74"},{"nodeID":"203844","text":"it buys SANDERS time","type":"I","timestamp":"2016-09-29 17:14:15"},{"nodeID":"203845","text":"Barbara: CaptainBrysO : It buys him time","type":"L","timestamp":"2016-09-29 17:14:15"},{"nodeID":"203846","text":"MrFordization : By thinking","type":"L","timestamp":"2016-09-29 17:14:15"},{"nodeID":"203847","text":"Asserting","type":"YA","timestamp":"2016-09-29 17:14:16","scheme":"Asserting","schemeID":"74"},{"nodeID":"203848","text":"SANDERS starts every answer by thinking","type":"I","timestamp":"2016-09-29 17:14:16"},{"nodeID":"203849","text":"Barbara: MrFordization : By thinking","type":"L","timestamp":"2016-09-29 17:14:16"},{"nodeID":"203850","text":"Default Inference","type":"RA","timestamp":"2016-09-29 17:14:16","scheme":"Default Inference","schemeID":"72"},{"nodeID":"203851","text":"Default Transition","type":"TA","timestamp":"2016-09-29 17:14:16","scheme":"Default Transition","schemeID":"82"},{"nodeID":"203852","text":"Arguing","type":"YA","timestamp":"2016-09-29 17:14:16","scheme":"Arguing","schemeID":"80"},{"nodeID":"203853","text":"Default Transition","type":"TA","timestamp":"2016-09-29 17:14:16","scheme":"Default Transition","schemeID":"82"},{"nodeID":"203854","text":"Default Transition","type":"TA","timestamp":"2016-09-29 17:14:16","scheme":"Default Transition","schemeID":"82"},{"nodeID":"203855","text":"Default Transition","type":"TA","timestamp":"2016-09-29 17:14:16","scheme":"Default Transition","schemeID":"82"}],"edges":[{"edgeID":"248748","fromID":"203764","toID":"203765","formEdgeID":null},{"edgeID":"248749","fromID":"203763","toID":"203764","formEdgeID":null},{"edgeID":"248750","fromID":"203769","toID":"203768","formEdgeID":null},{"edgeID":"248751","fromID":"203770","toID":"203769","formEdgeID":null},{"edgeID":"248752","fromID":"203772","toID":"203770","formEdgeID":null},{"edgeID":"248753","fromID":"203773","toID":"203772","formEdgeID":null},{"edgeID":"248754","fromID":"203776","toID":"203775","formEdgeID":null},{"edgeID":"248755","fromID":"203777","toID":"203776","formEdgeID":null},{"edgeID":"248756","fromID":"203780","toID":"203779","formEdgeID":null},{"edgeID":"248757","fromID":"203781","toID":"203780","formEdgeID":null},{"edgeID":"248758","fromID":"203775","toID":"203785","formEdgeID":null},{"edgeID":"248759","fromID":"203785","toID":"203765","formEdgeID":null},{"edgeID":"248760","fromID":"203763","toID":"203786","formEdgeID":null},{"edgeID":"248761","fromID":"203786","toID":"203777","formEdgeID":null},{"edgeID":"248762","fromID":"203786","toID":"203787","formEdgeID":null},{"edgeID":"248763","fromID":"203787","toID":"203785","formEdgeID":null},{"edgeID":"248764","fromID":"203763","toID":"203788","formEdgeID":null},{"edgeID":"248765","fromID":"203788","toID":"203773","formEdgeID":null},{"edgeID":"248766","fromID":"203763","toID":"203789","formEdgeID":null},{"edgeID":"248767","fromID":"203789","toID":"203781","formEdgeID":null},{"edgeID":"248768","fromID":"203781","toID":"203790","formEdgeID":null},{"edgeID":"248769","fromID":"203790","toID":"203783","formEdgeID":null},{"edgeID":"248770","fromID":"203790","toID":"203791","formEdgeID":null},{"edgeID":"248771","fromID":"203791","toID":"203779","formEdgeID":null},{"edgeID":"248772","fromID":"203793","toID":"203794","formEdgeID":null},{"edgeID":"248773","fromID":"203792","toID":"203793","formEdgeID":null},{"edgeID":"248774","fromID":"203797","toID":"203798","formEdgeID":null},{"edgeID":"248775","fromID":"203796","toID":"203797","formEdgeID":null},{"edgeID":"248776","fromID":"203763","toID":"203800","formEdgeID":null},{"edgeID":"248777","fromID":"203800","toID":"203792","formEdgeID":null},{"edgeID":"248778","fromID":"203763","toID":"203801","formEdgeID":null},{"edgeID":"248779","fromID":"203801","toID":"203796","formEdgeID":null},{"edgeID":"248780","fromID":"203806","toID":"203805","formEdgeID":null},{"edgeID":"248781","fromID":"203807","toID":"203806","formEdgeID":null},{"edgeID":"248782","fromID":"203808","toID":"203807","formEdgeID":null},{"edgeID":"248783","fromID":"203809","toID":"203808","formEdgeID":null},{"edgeID":"248784","fromID":"203763","toID":"203810","formEdgeID":null},{"edgeID":"248785","fromID":"203810","toID":"203809","formEdgeID":null},{"edgeID":"248786","fromID":"203812","toID":"203811","formEdgeID":null},{"edgeID":"248787","fromID":"203813","toID":"203812","formEdgeID":null},{"edgeID":"248788","fromID":"203763","toID":"203815","formEdgeID":null},{"edgeID":"248789","fromID":"203815","toID":"203813","formEdgeID":null},{"edgeID":"248790","fromID":"203811","toID":"203816","formEdgeID":null},{"edgeID":"248791","fromID":"203816","toID":"203765","formEdgeID":null},{"edgeID":"248792","fromID":"203815","toID":"203817","formEdgeID":null},{"edgeID":"248793","fromID":"203817","toID":"203816","formEdgeID":null},{"edgeID":"248794","fromID":"203819","toID":"203818","formEdgeID":null},{"edgeID":"248795","fromID":"203820","toID":"203819","formEdgeID":null},{"edgeID":"248796","fromID":"203823","toID":"203824","formEdgeID":null},{"edgeID":"248797","fromID":"203822","toID":"203823","formEdgeID":null},{"edgeID":"248798","fromID":"203763","toID":"203826","formEdgeID":null},{"edgeID":"248799","fromID":"203826","toID":"203820","formEdgeID":null},{"edgeID":"248800","fromID":"203820","toID":"203827","formEdgeID":null},{"edgeID":"248801","fromID":"203827","toID":"203822","formEdgeID":null},{"edgeID":"248802","fromID":"203829","toID":"203830","formEdgeID":null},{"edgeID":"248803","fromID":"203828","toID":"203829","formEdgeID":null},{"edgeID":"248804","fromID":"203763","toID":"203832","formEdgeID":null},{"edgeID":"248805","fromID":"203832","toID":"203828","formEdgeID":null},{"edgeID":"248806","fromID":"203834","toID":"203835","formEdgeID":null},{"edgeID":"248807","fromID":"203833","toID":"203834","formEdgeID":null},{"edgeID":"248808","fromID":"203763","toID":"203837","formEdgeID":null},{"edgeID":"248809","fromID":"203837","toID":"203833","formEdgeID":null},{"edgeID":"248810","fromID":"203839","toID":"203840","formEdgeID":null},{"edgeID":"248811","fromID":"203838","toID":"203839","formEdgeID":null},{"edgeID":"248812","fromID":"203843","toID":"203844","formEdgeID":null},{"edgeID":"248813","fromID":"203842","toID":"203843","formEdgeID":null},{"edgeID":"248814","fromID":"203847","toID":"203848","formEdgeID":null},{"edgeID":"248815","fromID":"203846","toID":"203847","formEdgeID":null},{"edgeID":"248816","fromID":"203840","toID":"203850","formEdgeID":null},{"edgeID":"248817","fromID":"203850","toID":"203844","formEdgeID":null},{"edgeID":"248818","fromID":"203838","toID":"203851","formEdgeID":null},{"edgeID":"248819","fromID":"203851","toID":"203842","formEdgeID":null},{"edgeID":"248820","fromID":"203851","toID":"203852","formEdgeID":null},{"edgeID":"248821","fromID":"203852","toID":"203850","formEdgeID":null},{"edgeID":"248822","fromID":"203763","toID":"203853","formEdgeID":null},{"edgeID":"248823","fromID":"203853","toID":"203838","formEdgeID":null},{"edgeID":"248824","fromID":"203763","toID":"203854","formEdgeID":null},{"edgeID":"248825","fromID":"203854","toID":"203846","formEdgeID":null},{"edgeID":"248826","fromID":"203792","toID":"203855","formEdgeID":null},{"edgeID":"248827","fromID":"203855","toID":"203796","formEdgeID":null}],"locutions":[{"nodeID":"203770","personID":"1851","timestamp":"2016-09-29 17:14:20","start":null,"end":null,"source":null},{"nodeID":"203773","personID":"2400","timestamp":"2016-09-29 17:14:20","start":null,"end":null,"source":null},{"nodeID":"203777","personID":"2400","timestamp":"2016-09-29 17:14:20","start":null,"end":null,"source":null},{"nodeID":"203781","personID":"2402","timestamp":"2016-09-29 17:14:20","start":null,"end":null,"source":null},{"nodeID":"203783","personID":"2403","timestamp":"2016-09-29 17:14:20","start":null,"end":null,"source":null},{"nodeID":"203807","personID":"1851","timestamp":"2016-09-29 17:14:20","start":null,"end":null,"source":null},{"nodeID":"203809","personID":"2405","timestamp":"2016-09-29 17:14:20","start":null,"end":null,"source":null},{"nodeID":"203813","personID":"2399","timestamp":"2016-09-29 17:14:20","start":null,"end":null,"source":null},{"nodeID":"203820","personID":"2406","timestamp":"2016-09-29 17:14:20","start":null,"end":null,"source":null}]}