{"nodes":[{"nodeID":"189868","text":"Barbara: lupe2012 : ELI5: Syria is a quagmire in a quagmire","type":"L","timestamp":"2016-08-05 12:04:19"},{"nodeID":"189869","text":"BenDes1313 : t is a disaster of a country in a disaster of a region and we should spare ourselves the trouble of getting sucked in and wasting time and resources on something we cannot fix","type":"L","timestamp":"2016-08-05 12:04:20"},{"nodeID":"189870","text":"Asserting","type":"YA","timestamp":"2016-08-05 12:04:20","scheme":"Asserting","schemeID":"74"},{"nodeID":"189871","text":"it is a disaster of a country in a disaster of a region and we should spare ourselves the trouble of getting sucked in and wasting time and resources on something we cannot fix","type":"I","timestamp":"2016-08-05 12:04:20"},{"nodeID":"189872","text":"Barbara: BenDes1313 : t is a disaster of a country in a disaster of a region and we should spare ourselves the trouble of getting sucked in and wasting time and resources on something we cannot fix","type":"L","timestamp":"2016-08-05 12:04:20"},{"nodeID":"189873","text":"mjj1492 : Iraq within Iraq","type":"L","timestamp":"2016-08-05 12:04:20"},{"nodeID":"189874","text":"Asserting","type":"YA","timestamp":"2016-08-05 12:04:20","scheme":"Asserting","schemeID":"74"},{"nodeID":"189875","text":"Iraq within Iraq","type":"I","timestamp":"2016-08-05 12:04:20"},{"nodeID":"189876","text":"Barbara: mjj1492 : Iraq within Iraq","type":"L","timestamp":"2016-08-05 12:04:20"},{"nodeID":"189877","text":"Talcove : Giggidy","type":"L","timestamp":"2016-08-05 12:04:20"},{"nodeID":"189878","text":"Asserting","type":"YA","timestamp":"2016-08-05 12:04:20","scheme":"Asserting","schemeID":"74"},{"nodeID":"189879","text":"Giggidy","type":"I","timestamp":"2016-08-05 12:04:20"},{"nodeID":"189880","text":"Barbara: Talcove : Giggidy","type":"L","timestamp":"2016-08-05 12:04:21"},{"nodeID":"189881","text":"Originally the conflict in Syria was the Assad regime verse rebels looking to overthrow him. This was original quagmire.","type":"L","timestamp":"2016-08-05 12:04:21"},{"nodeID":"189882","text":"indie90 : Add in ISIS verse and you basically create a three way fight between assad forces the rebels and isis and then you also get other states invovled and you have your quagmire within a quagmire.","type":"L","timestamp":"2016-08-05 12:04:21"},{"nodeID":"189883","text":"Asserting","type":"YA","timestamp":"2016-08-05 12:04:21","scheme":"Asserting","schemeID":"74"},{"nodeID":"189884","text":"add in ISIS verse and you basically create a three way fight between assad forces the rebels and isis and then you also get other states invovled and you have your quagmire within a quagmire.","type":"I","timestamp":"2016-08-05 12:04:21"},{"nodeID":"189885","text":"Barbara: indie90 : Add in ISIS verse and you basically create a three way fight between assad forces the rebels and isis and then you also get other states invovled and you have your quagmire within a quagmire.","type":"L","timestamp":"2016-08-05 12:04:21"},{"nodeID":"189886","text":"indie90 : Originally the conflict in Syria was the Assad regime verse rebels looking to overthrow him. This was original quagmire.","type":"L","timestamp":"2016-08-05 12:04:21"},{"nodeID":"189887","text":"Asserting","type":"YA","timestamp":"2016-08-05 12:04:21","scheme":"Asserting","schemeID":"74"},{"nodeID":"189888","text":"Barbara: indie90 : ndie90","type":"L","timestamp":"2016-08-05 12:04:21"},{"nodeID":"189889","text":"Barbara: Bernie : lupe2012 : ELI5: Syria is a quagmire in a quagmire","type":"L","timestamp":"2016-08-05 12:04:21"},{"nodeID":"189890","text":"Barbara: Bernie : Syria is a quagmire in a quagmire","type":"L","timestamp":"2016-08-05 12:04:21"},{"nodeID":"189891","text":"Barbara: lupe2012 : Bernie : Syria is a quagmire in a quagmire","type":"L","timestamp":"2016-08-05 12:04:22"},{"nodeID":"189892","text":"Barbara: lupe2012 : I","type":"L","timestamp":"2016-08-05 12:04:22"},{"nodeID":"189893","text":"lupe2012 : ELI5: Syria is a quagmire in a quagmire","type":"L","timestamp":"2016-08-05 12:04:22"},{"nodeID":"189894","text":"Pure Questioning","type":"YA","timestamp":"2016-08-05 12:04:22","scheme":"PureQuestioning","schemeID":"91"},{"nodeID":"189895","text":"please explain this to me like I'm five: Syria is a quagmire in a quagmire","type":"I","timestamp":"2016-08-05 12:04:22"},{"nodeID":"189896","text":"Default Transition","type":"TA","timestamp":"2016-08-05 12:04:22","scheme":"Default Transition","schemeID":"82"},{"nodeID":"189897","text":"Default Rephrase","type":"MA","timestamp":"2016-08-05 12:04:22","scheme":"Default Rephrase","schemeID":"144"},{"nodeID":"189898","text":"Default Illocuting","type":"YA","timestamp":"2016-08-05 12:04:22","scheme":"Default Illocuting","schemeID":"168"},{"nodeID":"189899","text":"Default Transition","type":"TA","timestamp":"2016-08-05 12:04:22","scheme":"Default Transition","schemeID":"82"},{"nodeID":"189900","text":"Default Rephrase","type":"MA","timestamp":"2016-08-05 12:04:22","scheme":"Default Rephrase","schemeID":"144"},{"nodeID":"189901","text":"Default Illocuting","type":"YA","timestamp":"2016-08-05 12:04:22","scheme":"Default Illocuting","schemeID":"168"},{"nodeID":"189902","text":"Default Transition","type":"TA","timestamp":"2016-08-05 12:04:23","scheme":"Default Transition","schemeID":"82"},{"nodeID":"189903","text":"Default Transition","type":"TA","timestamp":"2016-08-05 12:04:23","scheme":"Default Transition","schemeID":"82"},{"nodeID":"189904","text":"Default Rephrase","type":"MA","timestamp":"2016-08-05 12:04:23","scheme":"Default Rephrase","schemeID":"144"},{"nodeID":"189905","text":"Default Illocuting","type":"YA","timestamp":"2016-08-05 12:04:23","scheme":"Default Illocuting","schemeID":"168"}],"edges":[{"edgeID":"232798","fromID":"189870","toID":"189871","formEdgeID":null},{"edgeID":"232799","fromID":"189869","toID":"189870","formEdgeID":null},{"edgeID":"232800","fromID":"189874","toID":"189875","formEdgeID":null},{"edgeID":"232801","fromID":"189873","toID":"189874","formEdgeID":null},{"edgeID":"232802","fromID":"189878","toID":"189879","formEdgeID":null},{"edgeID":"232803","fromID":"189877","toID":"189878","formEdgeID":null},{"edgeID":"232804","fromID":"189883","toID":"189884","formEdgeID":null},{"edgeID":"232805","fromID":"189882","toID":"189883","formEdgeID":null},{"edgeID":"232806","fromID":"189887","toID":"189881","formEdgeID":null},{"edgeID":"232807","fromID":"189886","toID":"189887","formEdgeID":null},{"edgeID":"232808","fromID":"189894","toID":"189895","formEdgeID":null},{"edgeID":"232809","fromID":"189893","toID":"189894","formEdgeID":null},{"edgeID":"232810","fromID":"189893","toID":"189896","formEdgeID":null},{"edgeID":"232811","fromID":"189896","toID":"189869","formEdgeID":null},{"edgeID":"232812","fromID":"189871","toID":"189897","formEdgeID":null},{"edgeID":"232813","fromID":"189897","toID":"189895","formEdgeID":null},{"edgeID":"232814","fromID":"189896","toID":"189898","formEdgeID":null},{"edgeID":"232815","fromID":"189898","toID":"189897","formEdgeID":null},{"edgeID":"232816","fromID":"189893","toID":"189899","formEdgeID":null},{"edgeID":"232817","fromID":"189899","toID":"189873","formEdgeID":null},{"edgeID":"232818","fromID":"189875","toID":"189900","formEdgeID":null},{"edgeID":"232819","fromID":"189900","toID":"189895","formEdgeID":null},{"edgeID":"232820","fromID":"189899","toID":"189901","formEdgeID":null},{"edgeID":"232821","fromID":"189901","toID":"189900","formEdgeID":null},{"edgeID":"232822","fromID":"189893","toID":"189902","formEdgeID":null},{"edgeID":"232823","fromID":"189902","toID":"189877","formEdgeID":null},{"edgeID":"232824","fromID":"189893","toID":"189903","formEdgeID":null},{"edgeID":"232825","fromID":"189903","toID":"189886","formEdgeID":null},{"edgeID":"232826","fromID":"189903","toID":"189882","formEdgeID":null},{"edgeID":"232827","fromID":"189881","toID":"189904","formEdgeID":null},{"edgeID":"232828","fromID":"189904","toID":"189895","formEdgeID":null},{"edgeID":"232829","fromID":"189884","toID":"189904","formEdgeID":null},{"edgeID":"232830","fromID":"189903","toID":"189905","formEdgeID":null},{"edgeID":"232831","fromID":"189905","toID":"189904","formEdgeID":null}],"locutions":[]}