{"nodes":[{"nodeID":"196813","text":"Emerica : Please someone tell me I'm wrong","type":"L","timestamp":"2002-01-01 14:54:47"},{"nodeID":"196815","text":"please someone tell me I'm wrong","type":"I","timestamp":"2002-01-01 14:54:50"},{"nodeID":"196816","text":"Barbara: Emerica : Please someone tell me I'm wrong","type":"L","timestamp":"2002-01-01 14:54:50"},{"nodeID":"196817","text":"Emerica : Take the people who are Bernie supporters, some jump to Webb","type":"L","timestamp":"2002-01-01 14:54:51"},{"nodeID":"196819","text":"people who are Bernie supporters, some jump to Webb","type":"I","timestamp":"2002-01-01 14:54:52"},{"nodeID":"196820","text":"Barbara: Emerica : Take the people who are Bernie supporters, some jump to Webb","type":"L","timestamp":"2002-01-01 14:54:52"},{"nodeID":"196821","text":"Emerica : he's killing it","type":"L","timestamp":"2002-01-01 14:55:00"},{"nodeID":"196823","text":"Webb is killing it","type":"I","timestamp":"2002-01-01 14:55:01"},{"nodeID":"196824","text":"Barbara: Emerica : he's killing it","type":"L","timestamp":"2002-01-01 14:55:01"},{"nodeID":"196829","text":"Emerica : Hillary supporters stay","type":"L","timestamp":"2002-01-01 14:55:13"},{"nodeID":"196831","text":"Hillary Clinton supporters stay","type":"I","timestamp":"2002-01-01 14:55:13"},{"nodeID":"196832","text":"Barbara: Emerica : Hillary supporters stay","type":"L","timestamp":"2002-01-01 14:55:13"},{"nodeID":"196833","text":"Emerica : she ends up ahead","type":"L","timestamp":"2002-01-01 14:55:13"},{"nodeID":"196835","text":"Hilary Clinton ends up ahead","type":"I","timestamp":"2002-01-01 14:55:23"},{"nodeID":"196836","text":"Barbara: Emerica : she ends up ahead","type":"L","timestamp":"2002-01-01 14:55:24"},{"nodeID":"196837","text":"Emerica : split votes on Bernie and Webb","type":"L","timestamp":"2002-01-01 14:55:24"},{"nodeID":"196839","text":"votes are splitted on Bernie Sanders and Webb","type":"I","timestamp":"2002-01-01 14:55:25"},{"nodeID":"196840","text":"Barbara: Emerica : split votes on Bernie and Webb","type":"L","timestamp":"2002-01-01 14:55:25"},{"nodeID":"196847","text":"Barbara: Alienm00se : there is a three way tie","type":"L","timestamp":"2002-01-01 14:55:36"},{"nodeID":"196848","text":"Sanders has some good points","type":"L","timestamp":"2002-01-01 14:55:36"},{"nodeID":"196849","text":"berlinbrown : there is a three way tie","type":"L","timestamp":"2002-01-01 14:55:43"},{"nodeID":"196851","text":"there is a three way tie","type":"I","timestamp":"2002-01-01 14:55:47"},{"nodeID":"196852","text":"Barbara: berlinbrown : there is a three way tie","type":"L","timestamp":"2002-01-01 14:55:47"},{"nodeID":"196854","text":"berlinbrown : his delivery is not solid","type":"L","timestamp":"2002-01-01 14:55:48"},{"nodeID":"196856","text":"Sanders delivery is not solid","type":"I","timestamp":"2002-01-01 14:55:58"},{"nodeID":"196857","text":"Barbara: berlinbrown : his delivery is not solid","type":"L","timestamp":"2002-01-01 14:55:58"},{"nodeID":"196858","text":"berlinbrown : Sanders has some good points","type":"L","timestamp":"2002-01-01 14:55:58"},{"nodeID":"196860","text":"Barbara: berlinbrown : Sanders has some good points","type":"L","timestamp":"2002-01-01 14:55:59"},{"nodeID":"196861","text":"berlinbrown : Clinton has pretty good delivery","type":"L","timestamp":"2002-01-01 14:56:09"},{"nodeID":"196863","text":"Clinton has pretty good delivery","type":"I","timestamp":"2002-01-01 14:56:09"},{"nodeID":"196864","text":"Barbara: berlinbrown : Clinton has pretty good delivery","type":"L","timestamp":"2002-01-01 14:56:10"},{"nodeID":"196868","text":"Alienm00se : You are wrong","type":"L","timestamp":"2002-01-01 14:56:21"},{"nodeID":"196870","text":"You are wrong","type":"I","timestamp":"2002-01-01 14:56:22"},{"nodeID":"196871","text":"Barbara: Alienm00se : You are wrong","type":"L","timestamp":"2002-01-01 14:56:31"},{"nodeID":"196875","text":"Alienm00se : Webb is as far right as you can go as a democrat","type":"L","timestamp":"2002-01-01 14:56:37"},{"nodeID":"196877","text":"Webb is as far right as you can go as a democrat","type":"I","timestamp":"2002-01-01 14:56:48"},{"nodeID":"196878","text":"Barbara: Alienm00se : Webb is as far right as you can go as a democrat","type":"L","timestamp":"2002-01-01 14:56:57"},{"nodeID":"196879","text":"Alienm00se : Bernie is as far left as the party allows","type":"L","timestamp":"2002-01-01 14:57:01"},{"nodeID":"196881","text":"Bernie Sanders is as far left as the party allows","type":"I","timestamp":"2002-01-01 14:57:17"},{"nodeID":"196882","text":"Barbara: Alienm00se : Bernie is as far left as the party allows","type":"L","timestamp":"2002-01-01 14:57:18"},{"nodeID":"196903","text":"Asserting","type":"YA","timestamp":"2002-01-01 15:04:05","scheme":"Asserting","schemeID":"74"},{"nodeID":"196906","text":"Asserting","type":"YA","timestamp":"2002-01-01 15:04:06","scheme":"Asserting","schemeID":"74"},{"nodeID":"196908","text":"Asserting","type":"YA","timestamp":"2002-01-01 15:04:19","scheme":"Asserting","schemeID":"74"},{"nodeID":"196910","text":"Default Inference","type":"RA","timestamp":"2002-01-01 15:04:33","scheme":"Default Inference","schemeID":"72"},{"nodeID":"196911","text":"Default Transition","type":"TA","timestamp":"2002-01-01 15:04:33","scheme":"Default Transition","schemeID":"82"},{"nodeID":"196912","text":"Arguing","type":"YA","timestamp":"2002-01-01 15:04:45","scheme":"Arguing","schemeID":"80"},{"nodeID":"196914","text":"Default Transition","type":"TA","timestamp":"2002-01-01 15:04:45","scheme":"Default Transition","schemeID":"82"},{"nodeID":"196917","text":"Asserting","type":"YA","timestamp":"2002-01-01 15:04:46","scheme":"Asserting","schemeID":"74"},{"nodeID":"196920","text":"Asserting","type":"YA","timestamp":"2002-01-01 15:04:58","scheme":"Asserting","schemeID":"74"},{"nodeID":"196923","text":"Asserting","type":"YA","timestamp":"2002-01-01 15:04:58","scheme":"Asserting","schemeID":"74"},{"nodeID":"196925","text":"Default Inference","type":"RA","timestamp":"2002-01-01 15:04:59","scheme":"Default Inference","schemeID":"72"},{"nodeID":"196926","text":"Default Transition","type":"TA","timestamp":"2002-01-01 15:04:59","scheme":"Default Transition","schemeID":"82"},{"nodeID":"196927","text":"Arguing","type":"YA","timestamp":"2002-01-01 15:04:59","scheme":"Arguing","schemeID":"80"},{"nodeID":"196928","text":"Default Inference","type":"RA","timestamp":"2002-01-01 15:04:59","scheme":"Default Inference","schemeID":"72"},{"nodeID":"196929","text":"Default Transition","type":"TA","timestamp":"2002-01-01 15:04:59","scheme":"Default Transition","schemeID":"82"},{"nodeID":"196930","text":"Arguing","type":"YA","timestamp":"2002-01-01 15:04:59","scheme":"Arguing","schemeID":"80"},{"nodeID":"196932","text":"Asserting","type":"YA","timestamp":"2002-01-01 15:04:59","scheme":"Asserting","schemeID":"74"},{"nodeID":"196934","text":"Default Transition","type":"TA","timestamp":"2002-01-01 15:05:00","scheme":"Default Transition","schemeID":"82"},{"nodeID":"196936","text":"Asserting","type":"YA","timestamp":"2002-01-01 15:05:00","scheme":"Asserting","schemeID":"74"},{"nodeID":"196938","text":"calantus : it depends on how many, Bernie might drop and endorse Webb or vice versa","type":"L","timestamp":"2002-01-01 15:05:00"},{"nodeID":"196940","text":"Well, it depends on how many, Bernie might drop and endorse Webb or vice versa","type":"I","timestamp":"2002-01-01 15:05:00"},{"nodeID":"196941","text":"Barbara: calantus : Well, it depends on how many, Bernie might drop and endorse Webb or vice versa","type":"L","timestamp":"2002-01-01 15:05:00"},{"nodeID":"196942","text":"Asserting","type":"YA","timestamp":"2002-01-01 15:05:00","scheme":"Asserting","schemeID":"74"},{"nodeID":"196944","text":"MR_TELEVOID : You're wrong","type":"L","timestamp":"2002-01-01 15:05:01"},{"nodeID":"196946","text":"You're wrong","type":"I","timestamp":"2002-01-01 15:05:01"},{"nodeID":"196947","text":"Barbara: MR_TELEVOID : You're wrong","type":"L","timestamp":"2002-01-01 15:05:01"},{"nodeID":"196950","text":"Asserting","type":"YA","timestamp":"2002-01-01 15:05:01","scheme":"Asserting","schemeID":"74"},{"nodeID":"196952","text":"MR_TELEVOID : Jim Webb isn't killing it, at least not in any way that would impress Bernie supporters","type":"L","timestamp":"2002-01-01 15:05:01"},{"nodeID":"196954","text":"Jim Webb isn't killing it, at least not in any way that would impress Bernie supporters","type":"I","timestamp":"2002-01-01 15:05:01"},{"nodeID":"196955","text":"Barbara: MR_TELEVOID : Jim Webb isn't killing it, at least not in any way that would impress Bernie supporters","type":"L","timestamp":"2002-01-01 15:05:01"},{"nodeID":"196957","text":"Default Inference","type":"RA","timestamp":"2002-01-01 15:05:02","scheme":"Default Inference","schemeID":"72"},{"nodeID":"196959","text":"Default Transition","type":"TA","timestamp":"2002-01-01 15:05:02","scheme":"Default Transition","schemeID":"82"},{"nodeID":"196961","text":"Arguing","type":"YA","timestamp":"2002-01-01 15:05:02","scheme":"Arguing","schemeID":"80"},{"nodeID":"196962","text":"Asserting","type":"YA","timestamp":"2002-01-01 15:05:02","scheme":"Asserting","schemeID":"74"},{"nodeID":"196963","text":"Default Conflict","type":"CA","timestamp":"2002-01-01 15:05:03","scheme":"Default Conflict","schemeID":"71"},{"nodeID":"196964","text":"Default Transition","type":"TA","timestamp":"2002-01-01 15:05:03","scheme":"Default Transition","schemeID":"82"},{"nodeID":"196965","text":"Disagreeing","type":"YA","timestamp":"2002-01-01 15:05:03","scheme":"Disagreeing","schemeID":"78"},{"nodeID":"196966","text":"Asserting","type":"YA","timestamp":"2002-01-01 15:05:03","scheme":"Asserting","schemeID":"74"},{"nodeID":"196967","text":"Asserting","type":"YA","timestamp":"2002-01-01 15:05:04","scheme":"Asserting","schemeID":"74"},{"nodeID":"196968","text":"Default Transition","type":"TA","timestamp":"2002-01-01 15:05:05","scheme":"Default Transition","schemeID":"82"},{"nodeID":"196969","text":"Default Inference","type":"RA","timestamp":"2002-01-01 15:05:05","scheme":"Default Inference","schemeID":"72"},{"nodeID":"196970","text":"Arguing","type":"YA","timestamp":"2002-01-01 15:05:05","scheme":"Arguing","schemeID":"80"},{"nodeID":"196971","text":"Asserting","type":"YA","timestamp":"2002-01-01 15:05:05","scheme":"Asserting","schemeID":"74"},{"nodeID":"196972","text":"Default Transition","type":"TA","timestamp":"2002-01-01 15:05:06","scheme":"Default Transition","schemeID":"82"},{"nodeID":"196973","text":"Asserting","type":"YA","timestamp":"2002-01-01 15:05:06","scheme":"Asserting","schemeID":"74"},{"nodeID":"196974","text":"Default Conflict","type":"CA","timestamp":"2002-01-01 15:05:06","scheme":"Default Conflict","schemeID":"71"},{"nodeID":"196975","text":"Default Transition","type":"TA","timestamp":"2002-01-01 15:05:06","scheme":"Default Transition","schemeID":"82"},{"nodeID":"196976","text":"Disagreeing","type":"YA","timestamp":"2002-01-01 15:05:07","scheme":"Disagreeing","schemeID":"78"},{"nodeID":"196977","text":"Asserting","type":"YA","timestamp":"2002-01-01 15:05:07","scheme":"Asserting","schemeID":"74"},{"nodeID":"196978","text":"Default Inference","type":"RA","timestamp":"2002-01-01 15:05:07","scheme":"Default Inference","schemeID":"72"},{"nodeID":"196979","text":"Default Transition","type":"TA","timestamp":"2002-01-01 15:05:07","scheme":"Default Transition","schemeID":"82"},{"nodeID":"196980","text":"Arguing","type":"YA","timestamp":"2002-01-01 15:05:07","scheme":"Arguing","schemeID":"80"}],"edges":[{"edgeID":"241296","fromID":"196903","toID":"196815","formEdgeID":null},{"edgeID":"241297","fromID":"196813","toID":"196903","formEdgeID":null},{"edgeID":"241298","fromID":"196906","toID":"196819","formEdgeID":null},{"edgeID":"241299","fromID":"196817","toID":"196906","formEdgeID":null},{"edgeID":"241300","fromID":"196908","toID":"196823","formEdgeID":null},{"edgeID":"241301","fromID":"196821","toID":"196908","formEdgeID":null},{"edgeID":"241302","fromID":"196823","toID":"196910","formEdgeID":null},{"edgeID":"241303","fromID":"196910","toID":"196819","formEdgeID":null},{"edgeID":"241304","fromID":"196817","toID":"196911","formEdgeID":null},{"edgeID":"241305","fromID":"196911","toID":"196821","formEdgeID":null},{"edgeID":"241306","fromID":"196911","toID":"196912","formEdgeID":null},{"edgeID":"241307","fromID":"196912","toID":"196910","formEdgeID":null},{"edgeID":"241308","fromID":"196813","toID":"196914","formEdgeID":null},{"edgeID":"241309","fromID":"196914","toID":"196817","formEdgeID":null},{"edgeID":"241310","fromID":"196917","toID":"196831","formEdgeID":null},{"edgeID":"241311","fromID":"196829","toID":"196917","formEdgeID":null},{"edgeID":"241312","fromID":"196920","toID":"196835","formEdgeID":null},{"edgeID":"241313","fromID":"196833","toID":"196920","formEdgeID":null},{"edgeID":"241314","fromID":"196923","toID":"196839","formEdgeID":null},{"edgeID":"241315","fromID":"196837","toID":"196923","formEdgeID":null},{"edgeID":"241316","fromID":"196839","toID":"196925","formEdgeID":null},{"edgeID":"241317","fromID":"196925","toID":"196835","formEdgeID":null},{"edgeID":"241318","fromID":"196833","toID":"196926","formEdgeID":null},{"edgeID":"241319","fromID":"196926","toID":"196837","formEdgeID":null},{"edgeID":"241320","fromID":"196926","toID":"196927","formEdgeID":null},{"edgeID":"241321","fromID":"196927","toID":"196925","formEdgeID":null},{"edgeID":"241322","fromID":"196819","toID":"196928","formEdgeID":null},{"edgeID":"241323","fromID":"196928","toID":"196839","formEdgeID":null},{"edgeID":"241324","fromID":"196831","toID":"196928","formEdgeID":null},{"edgeID":"241325","fromID":"196817","toID":"196929","formEdgeID":null},{"edgeID":"241326","fromID":"196929","toID":"196837","formEdgeID":null},{"edgeID":"241327","fromID":"196929","toID":"196829","formEdgeID":null},{"edgeID":"241328","fromID":"196929","toID":"196930","formEdgeID":null},{"edgeID":"241329","fromID":"196930","toID":"196928","formEdgeID":null},{"edgeID":"241330","fromID":"196932","toID":"196851","formEdgeID":null},{"edgeID":"241331","fromID":"196849","toID":"196932","formEdgeID":null},{"edgeID":"241332","fromID":"196813","toID":"196934","formEdgeID":null},{"edgeID":"241333","fromID":"196934","toID":"196849","formEdgeID":null},{"edgeID":"241334","fromID":"196936","toID":"196856","formEdgeID":null},{"edgeID":"241335","fromID":"196854","toID":"196936","formEdgeID":null},{"edgeID":"241336","fromID":"196942","toID":"196848","formEdgeID":null},{"edgeID":"241337","fromID":"196858","toID":"196942","formEdgeID":null},{"edgeID":"241338","fromID":"196950","toID":"196863","formEdgeID":null},{"edgeID":"241339","fromID":"196861","toID":"196950","formEdgeID":null},{"edgeID":"241340","fromID":"196863","toID":"196957","formEdgeID":null},{"edgeID":"241341","fromID":"196957","toID":"196851","formEdgeID":null},{"edgeID":"241342","fromID":"196856","toID":"196957","formEdgeID":null},{"edgeID":"241343","fromID":"196848","toID":"196957","formEdgeID":null},{"edgeID":"241344","fromID":"196849","toID":"196959","formEdgeID":null},{"edgeID":"241345","fromID":"196959","toID":"196861","formEdgeID":null},{"edgeID":"241346","fromID":"196959","toID":"196858","formEdgeID":null},{"edgeID":"241347","fromID":"196959","toID":"196854","formEdgeID":null},{"edgeID":"241348","fromID":"196959","toID":"196961","formEdgeID":null},{"edgeID":"241349","fromID":"196961","toID":"196957","formEdgeID":null},{"edgeID":"241350","fromID":"196962","toID":"196870","formEdgeID":null},{"edgeID":"241351","fromID":"196868","toID":"196962","formEdgeID":null},{"edgeID":"241352","fromID":"196870","toID":"196963","formEdgeID":null},{"edgeID":"241353","fromID":"196963","toID":"196819","formEdgeID":null},{"edgeID":"241354","fromID":"196817","toID":"196964","formEdgeID":null},{"edgeID":"241355","fromID":"196964","toID":"196868","formEdgeID":null},{"edgeID":"241356","fromID":"196964","toID":"196965","formEdgeID":null},{"edgeID":"241357","fromID":"196965","toID":"196963","formEdgeID":null},{"edgeID":"241358","fromID":"196966","toID":"196877","formEdgeID":null},{"edgeID":"241359","fromID":"196875","toID":"196966","formEdgeID":null},{"edgeID":"241360","fromID":"196967","toID":"196881","formEdgeID":null},{"edgeID":"241361","fromID":"196879","toID":"196967","formEdgeID":null},{"edgeID":"241362","fromID":"196868","toID":"196968","formEdgeID":null},{"edgeID":"241363","fromID":"196968","toID":"196879","formEdgeID":null},{"edgeID":"241364","fromID":"196968","toID":"196875","formEdgeID":null},{"edgeID":"241365","fromID":"196881","toID":"196969","formEdgeID":null},{"edgeID":"241366","fromID":"196969","toID":"196870","formEdgeID":null},{"edgeID":"241367","fromID":"196877","toID":"196969","formEdgeID":null},{"edgeID":"241368","fromID":"196968","toID":"196970","formEdgeID":null},{"edgeID":"241369","fromID":"196970","toID":"196969","formEdgeID":null},{"edgeID":"241370","fromID":"196971","toID":"196940","formEdgeID":null},{"edgeID":"241371","fromID":"196938","toID":"196971","formEdgeID":null},{"edgeID":"241372","fromID":"196817","toID":"196972","formEdgeID":null},{"edgeID":"241373","fromID":"196972","toID":"196938","formEdgeID":null},{"edgeID":"241374","fromID":"196973","toID":"196946","formEdgeID":null},{"edgeID":"241375","fromID":"196944","toID":"196973","formEdgeID":null},{"edgeID":"241376","fromID":"196946","toID":"196974","formEdgeID":null},{"edgeID":"241377","fromID":"196974","toID":"196823","formEdgeID":null},{"edgeID":"241378","fromID":"196821","toID":"196975","formEdgeID":null},{"edgeID":"241379","fromID":"196975","toID":"196944","formEdgeID":null},{"edgeID":"241380","fromID":"196975","toID":"196976","formEdgeID":null},{"edgeID":"241381","fromID":"196976","toID":"196974","formEdgeID":null},{"edgeID":"241382","fromID":"196977","toID":"196954","formEdgeID":null},{"edgeID":"241383","fromID":"196952","toID":"196977","formEdgeID":null},{"edgeID":"241384","fromID":"196954","toID":"196978","formEdgeID":null},{"edgeID":"241385","fromID":"196978","toID":"196946","formEdgeID":null},{"edgeID":"241386","fromID":"196944","toID":"196979","formEdgeID":null},{"edgeID":"241387","fromID":"196979","toID":"196952","formEdgeID":null},{"edgeID":"241388","fromID":"196979","toID":"196980","formEdgeID":null},{"edgeID":"241389","fromID":"196980","toID":"196978","formEdgeID":null}],"locutions":[]}