{"nodes":[{"nodeID":"183280","text":"xixoxixa : Sanders isn't answering this question","type":"L","timestamp":"2016-07-18 15:28:57"},{"nodeID":"183282","text":"Sanders isn't answering this question","type":"I","timestamp":"2016-07-18 15:28:57"},{"nodeID":"183283","text":"Barbara: xixoxixa : Sanders isn't answering this question","type":"L","timestamp":"2016-07-18 15:28:57"},{"nodeID":"183284","text":"SixBiscuit : He's not.","type":"L","timestamp":"2016-07-18 15:28:58"},{"nodeID":"183285","text":"Barbara: SixBiscuit : He's not.","type":"L","timestamp":"2016-07-18 15:28:58"},{"nodeID":"183288","text":"SixBiscuit : I have no idea why he wanted to tie himself so much to the democratic socialist label.","type":"L","timestamp":"2016-07-18 15:28:58"},{"nodeID":"183290","text":"I have no idea why Sanders wanted to tie himself so much to the democratic socialist label","type":"I","timestamp":"2016-07-18 15:28:58"},{"nodeID":"183291","text":"Barbara: SixBiscuit : I have no idea why he wanted to tie himself so much to the democratic socialist label.","type":"L","timestamp":"2016-07-18 15:28:58"},{"nodeID":"183292","text":"SixBiscuit : Clinton has identified herself as a progressive","type":"L","timestamp":"2016-07-18 15:28:58"},{"nodeID":"183294","text":"Clinton has identified herself as a progressive","type":"I","timestamp":"2016-07-18 15:28:58"},{"nodeID":"183295","text":"Barbara: SixBiscuit : Clinton has identified herself as a progressive","type":"L","timestamp":"2016-07-18 15:28:58"},{"nodeID":"183296","text":"SixBiscuit : Sanders has identified himself as a socialist.","type":"L","timestamp":"2016-07-18 15:28:58"},{"nodeID":"183298","text":"Sanders has identified himself as a socialist","type":"I","timestamp":"2016-07-18 15:28:59"},{"nodeID":"183299","text":"Barbara: SixBiscuit : Sanders has identified himself as a socialist.","type":"L","timestamp":"2016-07-18 15:28:59"},{"nodeID":"183300","text":"SixBiscuit : It's poison for him","type":"L","timestamp":"2016-07-18 15:28:59"},{"nodeID":"183302","text":"identifying himself as a socialist is poison for Sanders","type":"I","timestamp":"2016-07-18 15:28:59"},{"nodeID":"183303","text":"Barbara: SixBiscuit : It's poison for him","type":"L","timestamp":"2016-07-18 15:28:59"},{"nodeID":"183311","text":"Vankraken : The term socialist has been demonized so heavily in US politics from the Cold War era.","type":"L","timestamp":"2016-07-18 15:29:00"},{"nodeID":"183313","text":"the term socialist has been demonized so heavily in US politics from the Cold War era","type":"I","timestamp":"2016-07-18 15:29:00"},{"nodeID":"183314","text":"Barbara: Vankraken : The term socialist has been demonized so heavily in US politics from the Cold War era.","type":"L","timestamp":"2016-07-18 15:29:00"},{"nodeID":"183315","text":"Vankraken : The US is hardly a pure capitalist nation and yet the term socialist makes Americans think it's just a step away from everyone waiting in line for bread rations.","type":"L","timestamp":"2016-07-18 15:29:00"},{"nodeID":"183317","text":"the US is hardly a pure capitalist nation and yet the term socialist makes Americans think it's just a step away from everyone waiting in line for bread rations","type":"I","timestamp":"2016-07-18 15:29:00"},{"nodeID":"183318","text":"Barbara: Vankraken : The US is hardly a pure capitalist nation and yet the term socialist makes Americans think it's just a step away from everyone waiting in line for bread rations.","type":"L","timestamp":"2016-07-18 15:29:00"},{"nodeID":"183320","text":"SixBiscuit : Exactly.","type":"L","timestamp":"2016-07-18 15:29:01"},{"nodeID":"183321","text":"Barbara: SixBiscuit : Exactly.","type":"L","timestamp":"2016-07-18 15:29:01"},{"nodeID":"183324","text":"So don't try and get cute about it.","type":"L","timestamp":"2016-07-18 15:29:01"},{"nodeID":"183325","text":"SixBiscuit : don't try and get cute about it.","type":"L","timestamp":"2016-07-18 15:29:01"},{"nodeID":"183327","text":"don't try and get cute about the term \"socialist\"","type":"I","timestamp":"2016-07-18 15:29:01"},{"nodeID":"183328","text":"Barbara: SixBiscuit : don't try and get cute about it.","type":"L","timestamp":"2016-07-18 15:29:01"},{"nodeID":"183332","text":"bourne2011 : He avoided that question like the plague.","type":"L","timestamp":"2016-07-18 15:29:02"},{"nodeID":"183334","text":"Sanders avoided the question about socialism like the plague","type":"I","timestamp":"2016-07-18 15:29:02"},{"nodeID":"183335","text":"Barbara: bourne2011 : He avoided that question like the plague.","type":"L","timestamp":"2016-07-18 15:29:02"},{"nodeID":"183336","text":"It's empty labeling.","type":"L","timestamp":"2016-07-18 15:29:02"},{"nodeID":"183337","text":"identifying someone as a socialist is empty labeling","type":"I","timestamp":"2016-07-18 15:29:02"},{"nodeID":"183339","text":"Teh_Slayur :  It's empty labeling","type":"L","timestamp":"2016-07-18 15:29:02"},{"nodeID":"183340","text":"Barbara: Teh_Slayur :  It's empty labeling","type":"L","timestamp":"2016-07-18 15:29:02"},{"nodeID":"183341","text":"Sanders responded with actual explanation rather than a simple \"yes\" or \"no\"","type":"I","timestamp":"2016-07-18 15:29:02"},{"nodeID":"183343","text":"Teh_Slayur : That's why he responded with actual explanation rather than a simple \"yes\" or \"no.\" \"","type":"L","timestamp":"2016-07-18 15:29:02"},{"nodeID":"183344","text":"Barbara: Teh_Slayur : hat's why he responded with actual explanation rather than a simple \"yes\" or \"no.\" \"","type":"L","timestamp":"2016-07-18 15:29:03"},{"nodeID":"183348","text":"Teh_Slayur : \"Socialism\" means very different things depending on context","type":"L","timestamp":"2016-07-18 15:29:03"},{"nodeID":"183350","text":"\"Socialism\" means very different things depending on context","type":"I","timestamp":"2016-07-18 15:29:03"},{"nodeID":"183351","text":"Barbara: Teh_Slayur : Socialism\" means very different things depending on context.","type":"L","timestamp":"2016-07-18 15:29:03"},{"nodeID":"183352","text":"Teh_Slayur : Sanders makes it clear he's referring to capitalism with progressive policies (like all other advanced nations, or \"major countries\" as he called them).","type":"L","timestamp":"2016-07-18 15:29:03"},{"nodeID":"183354","text":"Sanders makes it clear he's referring to capitalism with progressive policies (like all other advanced nations, or \"major countries\" as he called them)","type":"I","timestamp":"2016-07-18 15:29:03"},{"nodeID":"183355","text":"Barbara: Teh_Slayur : Sanders makes it clear he's referring to capitalism with progressive policies (like all other advanced nations, or \"major countries\" as he called them).","type":"L","timestamp":"2016-07-18 15:29:03"},{"nodeID":"183364","text":"Bigtuna546 : He isn't answering any question.","type":"L","timestamp":"2016-07-18 15:29:04"},{"nodeID":"183366","text":"Sanders isn't answering any question","type":"I","timestamp":"2016-07-18 15:29:04"},{"nodeID":"183367","text":"Barbara: Bigtuna546 : He isn't answering any question.","type":"L","timestamp":"2016-07-18 15:29:05"},{"nodeID":"183369","text":"Bigtuna546 : He sounds like a broken record every time he speaks.","type":"L","timestamp":"2016-07-18 15:29:05"},{"nodeID":"183371","text":"Sanders sounds like a broken record every time he speaks","type":"I","timestamp":"2016-07-18 15:29:05"},{"nodeID":"183372","text":"Barbara: Bigtuna546 : He sounds like a broken record every time he speaks.","type":"L","timestamp":"2016-07-18 15:29:05"},{"nodeID":"183373","text":"Bigtuna546 :  I feel like these debates are going to expose the lack of substance in his campaign.","type":"L","timestamp":"2016-07-18 15:29:05"},{"nodeID":"183375","text":"these debates are going to expose the lack of substance in Sanders' campaign","type":"I","timestamp":"2016-07-18 15:29:05"},{"nodeID":"183376","text":"Barbara: Bigtuna546 :  I feel like these debates are going to expose the lack of substance in his campaign.","type":"L","timestamp":"2016-07-18 15:29:05"},{"nodeID":"183380","text":"ryanwhodat : A lot of people in denial here","type":"L","timestamp":"2016-07-18 15:29:06"},{"nodeID":"183382","text":"a lot of people in denial here","type":"I","timestamp":"2016-07-18 15:29:06"},{"nodeID":"183383","text":"Barbara: ryanwhodat : A lot of people in denial here","type":"L","timestamp":"2016-07-18 15:29:06"},{"nodeID":"183384","text":"ryanwhodat : that's the honest truth","type":"L","timestamp":"2016-07-18 15:29:06"},{"nodeID":"183385","text":"Barbara: ryanwhodat : that's the honest truth.","type":"L","timestamp":"2016-07-18 15:29:06"},{"nodeID":"183389","text":"SlowMotionSprint : How is there a lack of substance in his campaign?","type":"L","timestamp":"2016-07-18 15:29:06"},{"nodeID":"183391","text":"there is not a lack of substance in Sanders campaign","type":"I","timestamp":"2016-07-18 15:29:07"},{"nodeID":"183392","text":"Barbara: SlowMotionSprint : How is there a lack of substance in his campaign?","type":"L","timestamp":"2016-07-18 15:29:07"},{"nodeID":"194894","text":"Asserting","type":"YA","timestamp":"2016-08-17 14:11:03","scheme":"Asserting","schemeID":"74"},{"nodeID":"194895","text":"Default Transition","type":"TA","timestamp":"2016-08-17 14:11:04","scheme":"Default Transition","schemeID":"82"},{"nodeID":"194896","text":"Agreeing","type":"YA","timestamp":"2016-08-17 14:11:04","scheme":"Agreeing","schemeID":"77"},{"nodeID":"194897","text":"Asserting","type":"YA","timestamp":"2016-08-17 14:11:04","scheme":"Asserting","schemeID":"74"},{"nodeID":"194898","text":"Asserting","type":"YA","timestamp":"2016-08-17 14:11:04","scheme":"Asserting","schemeID":"74"},{"nodeID":"194899","text":"Asserting","type":"YA","timestamp":"2016-08-17 14:11:05","scheme":"Asserting","schemeID":"74"},{"nodeID":"194900","text":"Asserting","type":"YA","timestamp":"2016-08-17 14:11:05","scheme":"Asserting","schemeID":"74"},{"nodeID":"194901","text":"Default Inference","type":"RA","timestamp":"2016-08-17 14:11:05","scheme":"Default Inference","schemeID":"72"},{"nodeID":"194902","text":"Default Transition","type":"TA","timestamp":"2016-08-17 14:11:06","scheme":"Default Transition","schemeID":"82"},{"nodeID":"194903","text":"Arguing","type":"YA","timestamp":"2016-08-17 14:11:06","scheme":"Arguing","schemeID":"80"},{"nodeID":"194904","text":"Default Inference","type":"RA","timestamp":"2016-08-17 14:11:06","scheme":"Default Inference","schemeID":"72"},{"nodeID":"194905","text":"Default Transition","type":"TA","timestamp":"2016-08-17 14:11:06","scheme":"Default Transition","schemeID":"82"},{"nodeID":"194906","text":"Default Transition","type":"TA","timestamp":"2016-08-17 14:11:06","scheme":"Default Transition","schemeID":"82"},{"nodeID":"194907","text":"Arguing","type":"YA","timestamp":"2016-08-17 14:11:06","scheme":"Arguing","schemeID":"80"},{"nodeID":"194908","text":"Asserting","type":"YA","timestamp":"2016-08-17 14:11:06","scheme":"Asserting","schemeID":"74"},{"nodeID":"194909","text":"Asserting","type":"YA","timestamp":"2016-08-17 14:11:07","scheme":"Asserting","schemeID":"74"},{"nodeID":"194910","text":"Default Transition","type":"TA","timestamp":"2016-08-17 14:11:07","scheme":"Default Transition","schemeID":"82"},{"nodeID":"194911","text":"Default Transition","type":"TA","timestamp":"2016-08-17 14:11:07","scheme":"Default Transition","schemeID":"82"},{"nodeID":"194912","text":"Agreeing","type":"YA","timestamp":"2016-08-17 14:11:07","scheme":"Agreeing","schemeID":"77"},{"nodeID":"194913","text":"Asserting","type":"YA","timestamp":"2016-08-17 14:11:07","scheme":"Asserting","schemeID":"74"},{"nodeID":"194914","text":"Default Inference","type":"RA","timestamp":"2016-08-17 14:11:08","scheme":"Default Inference","schemeID":"72"},{"nodeID":"194915","text":"Default Transition","type":"TA","timestamp":"2016-08-17 14:11:08","scheme":"Default Transition","schemeID":"82"},{"nodeID":"194916","text":"Arguing","type":"YA","timestamp":"2016-08-17 14:11:08","scheme":"Arguing","schemeID":"80"},{"nodeID":"194917","text":"Asserting","type":"YA","timestamp":"2016-08-17 14:11:08","scheme":"Asserting","schemeID":"74"},{"nodeID":"194918","text":"Asserting","type":"YA","timestamp":"2016-08-17 14:11:08","scheme":"Asserting","schemeID":"74"},{"nodeID":"194919","text":"Asserting","type":"YA","timestamp":"2016-08-17 14:11:09","scheme":"Asserting","schemeID":"74"},{"nodeID":"194920","text":"Default Inference","type":"RA","timestamp":"2016-08-17 14:11:09","scheme":"Default Inference","schemeID":"72"},{"nodeID":"194921","text":"Default Transition","type":"TA","timestamp":"2016-08-17 14:11:09","scheme":"Default Transition","schemeID":"82"},{"nodeID":"194922","text":"Arguing","type":"YA","timestamp":"2016-08-17 14:11:09","scheme":"Arguing","schemeID":"80"},{"nodeID":"194923","text":"Asserting","type":"YA","timestamp":"2016-08-17 14:11:10","scheme":"Asserting","schemeID":"74"},{"nodeID":"194924","text":"Asserting","type":"YA","timestamp":"2016-08-17 14:11:10","scheme":"Asserting","schemeID":"74"},{"nodeID":"194925","text":"Default Inference","type":"RA","timestamp":"2016-08-17 14:11:10","scheme":"Default Inference","schemeID":"72"},{"nodeID":"194926","text":"Default Transition","type":"TA","timestamp":"2016-08-17 14:11:10","scheme":"Default Transition","schemeID":"82"},{"nodeID":"194927","text":"Arguing","type":"YA","timestamp":"2016-08-17 14:11:10","scheme":"Arguing","schemeID":"80"},{"nodeID":"194928","text":"Default Transition","type":"TA","timestamp":"2016-08-17 14:11:10","scheme":"Default Transition","schemeID":"82"},{"nodeID":"194929","text":"Default Conflict","type":"CA","timestamp":"2016-08-17 14:11:11","scheme":"Default Conflict","schemeID":"71"},{"nodeID":"194930","text":"Default Transition","type":"TA","timestamp":"2016-08-17 14:11:11","scheme":"Default Transition","schemeID":"82"},{"nodeID":"194931","text":"Disagreeing","type":"YA","timestamp":"2016-08-17 14:11:11","scheme":"Disagreeing","schemeID":"78"},{"nodeID":"194932","text":"Default Transition","type":"TA","timestamp":"2016-08-17 14:11:11","scheme":"Default Transition","schemeID":"82"},{"nodeID":"194933","text":"Asserting","type":"YA","timestamp":"2016-08-17 14:11:11","scheme":"Asserting","schemeID":"74"},{"nodeID":"194934","text":"Default Transition","type":"TA","timestamp":"2016-08-17 14:11:11","scheme":"Default Transition","schemeID":"82"},{"nodeID":"194935","text":"Asserting","type":"YA","timestamp":"2016-08-17 14:11:11","scheme":"Asserting","schemeID":"74"},{"nodeID":"194936","text":"Asserting","type":"YA","timestamp":"2016-08-17 14:11:12","scheme":"Asserting","schemeID":"74"},{"nodeID":"194937","text":"Default Inference","type":"RA","timestamp":"2016-08-17 14:11:12","scheme":"Default Inference","schemeID":"72"},{"nodeID":"194938","text":"Default Transition","type":"TA","timestamp":"2016-08-17 14:11:12","scheme":"Default Transition","schemeID":"82"},{"nodeID":"194939","text":"Arguing","type":"YA","timestamp":"2016-08-17 14:11:12","scheme":"Arguing","schemeID":"80"},{"nodeID":"194940","text":"Asserting","type":"YA","timestamp":"2016-08-17 14:11:12","scheme":"Asserting","schemeID":"74"},{"nodeID":"194941","text":"Default Transition","type":"TA","timestamp":"2016-08-17 14:11:13","scheme":"Default Transition","schemeID":"82"},{"nodeID":"194942","text":"Default Transition","type":"TA","timestamp":"2016-08-17 14:11:13","scheme":"Default Transition","schemeID":"82"},{"nodeID":"194943","text":"Agreeing","type":"YA","timestamp":"2016-08-17 14:11:13","scheme":"Agreeing","schemeID":"77"},{"nodeID":"194944","text":"Assertive Challenging","type":"YA","timestamp":"2016-08-17 14:11:13","scheme":"AssertiveChallenging","schemeID":"87"},{"nodeID":"194945","text":"Default Transition","type":"TA","timestamp":"2016-08-17 14:11:13","scheme":"Default Transition","schemeID":"82"},{"nodeID":"194946","text":"Default Conflict","type":"CA","timestamp":"2016-08-17 14:11:14","scheme":"Default Conflict","schemeID":"71"},{"nodeID":"194947","text":"Disagreeing","type":"YA","timestamp":"2016-08-17 14:11:14","scheme":"Disagreeing","schemeID":"78"}],"edges":[{"edgeID":"238324","fromID":"194894","toID":"183282","formEdgeID":null},{"edgeID":"238325","fromID":"183280","toID":"194894","formEdgeID":null},{"edgeID":"238326","fromID":"183280","toID":"194895","formEdgeID":null},{"edgeID":"238327","fromID":"194895","toID":"183284","formEdgeID":null},{"edgeID":"238328","fromID":"194895","toID":"194896","formEdgeID":null},{"edgeID":"238329","fromID":"194896","toID":"183282","formEdgeID":null},{"edgeID":"238330","fromID":"194897","toID":"183290","formEdgeID":null},{"edgeID":"238331","fromID":"183288","toID":"194897","formEdgeID":null},{"edgeID":"238332","fromID":"194898","toID":"183294","formEdgeID":null},{"edgeID":"238333","fromID":"183292","toID":"194898","formEdgeID":null},{"edgeID":"238334","fromID":"194899","toID":"183298","formEdgeID":null},{"edgeID":"238335","fromID":"183296","toID":"194899","formEdgeID":null},{"edgeID":"238336","fromID":"194900","toID":"183302","formEdgeID":null},{"edgeID":"238337","fromID":"183300","toID":"194900","formEdgeID":null},{"edgeID":"238338","fromID":"183298","toID":"194901","formEdgeID":null},{"edgeID":"238339","fromID":"194901","toID":"183302","formEdgeID":null},{"edgeID":"238340","fromID":"183294","toID":"194901","formEdgeID":null},{"edgeID":"238341","fromID":"183292","toID":"194902","formEdgeID":null},{"edgeID":"238342","fromID":"194902","toID":"183300","formEdgeID":null},{"edgeID":"238343","fromID":"183296","toID":"194902","formEdgeID":null},{"edgeID":"238344","fromID":"194902","toID":"194903","formEdgeID":null},{"edgeID":"238345","fromID":"194903","toID":"194901","formEdgeID":null},{"edgeID":"238346","fromID":"183302","toID":"194904","formEdgeID":null},{"edgeID":"238347","fromID":"194904","toID":"183290","formEdgeID":null},{"edgeID":"238348","fromID":"183288","toID":"194905","formEdgeID":null},{"edgeID":"238349","fromID":"194905","toID":"183300","formEdgeID":null},{"edgeID":"238350","fromID":"183284","toID":"194906","formEdgeID":null},{"edgeID":"238351","fromID":"194906","toID":"183288","formEdgeID":null},{"edgeID":"238352","fromID":"194905","toID":"194907","formEdgeID":null},{"edgeID":"238353","fromID":"194907","toID":"194904","formEdgeID":null},{"edgeID":"238354","fromID":"194908","toID":"183313","formEdgeID":null},{"edgeID":"238355","fromID":"183311","toID":"194908","formEdgeID":null},{"edgeID":"238356","fromID":"194909","toID":"183317","formEdgeID":null},{"edgeID":"238357","fromID":"183315","toID":"194909","formEdgeID":null},{"edgeID":"238358","fromID":"183300","toID":"194910","formEdgeID":null},{"edgeID":"238359","fromID":"194910","toID":"183311","formEdgeID":null},{"edgeID":"238360","fromID":"183315","toID":"194911","formEdgeID":null},{"edgeID":"238361","fromID":"194911","toID":"183320","formEdgeID":null},{"edgeID":"238362","fromID":"194911","toID":"194912","formEdgeID":null},{"edgeID":"238363","fromID":"194912","toID":"183317","formEdgeID":null},{"edgeID":"238364","fromID":"194913","toID":"183327","formEdgeID":null},{"edgeID":"238365","fromID":"183325","toID":"194913","formEdgeID":null},{"edgeID":"238366","fromID":"183313","toID":"194914","formEdgeID":null},{"edgeID":"238367","fromID":"194914","toID":"183327","formEdgeID":null},{"edgeID":"238368","fromID":"183317","toID":"194914","formEdgeID":null},{"edgeID":"238369","fromID":"183311","toID":"194915","formEdgeID":null},{"edgeID":"238370","fromID":"194915","toID":"183325","formEdgeID":null},{"edgeID":"238371","fromID":"183315","toID":"194915","formEdgeID":null},{"edgeID":"238372","fromID":"194915","toID":"194916","formEdgeID":null},{"edgeID":"238373","fromID":"194916","toID":"194914","formEdgeID":null},{"edgeID":"238374","fromID":"194917","toID":"183334","formEdgeID":null},{"edgeID":"238375","fromID":"183332","toID":"194917","formEdgeID":null},{"edgeID":"238376","fromID":"194918","toID":"183337","formEdgeID":null},{"edgeID":"238377","fromID":"183339","toID":"194918","formEdgeID":null},{"edgeID":"238378","fromID":"194919","toID":"183341","formEdgeID":null},{"edgeID":"238379","fromID":"183343","toID":"194919","formEdgeID":null},{"edgeID":"238380","fromID":"183337","toID":"194920","formEdgeID":null},{"edgeID":"238381","fromID":"194920","toID":"183341","formEdgeID":null},{"edgeID":"238382","fromID":"183339","toID":"194921","formEdgeID":null},{"edgeID":"238383","fromID":"194921","toID":"183343","formEdgeID":null},{"edgeID":"238384","fromID":"194921","toID":"194922","formEdgeID":null},{"edgeID":"238385","fromID":"194922","toID":"194920","formEdgeID":null},{"edgeID":"238386","fromID":"194923","toID":"183350","formEdgeID":null},{"edgeID":"238387","fromID":"183348","toID":"194923","formEdgeID":null},{"edgeID":"238388","fromID":"194924","toID":"183354","formEdgeID":null},{"edgeID":"238389","fromID":"183352","toID":"194924","formEdgeID":null},{"edgeID":"238390","fromID":"183350","toID":"194925","formEdgeID":null},{"edgeID":"238391","fromID":"194925","toID":"183341","formEdgeID":null},{"edgeID":"238392","fromID":"183343","toID":"194926","formEdgeID":null},{"edgeID":"238393","fromID":"194926","toID":"183348","formEdgeID":null},{"edgeID":"238394","fromID":"194926","toID":"194927","formEdgeID":null},{"edgeID":"238395","fromID":"194927","toID":"194925","formEdgeID":null},{"edgeID":"238396","fromID":"183348","toID":"194928","formEdgeID":null},{"edgeID":"238397","fromID":"194928","toID":"183352","formEdgeID":null},{"edgeID":"238398","fromID":"183341","toID":"194929","formEdgeID":null},{"edgeID":"238399","fromID":"194929","toID":"183334","formEdgeID":null},{"edgeID":"238400","fromID":"183332","toID":"194930","formEdgeID":null},{"edgeID":"238401","fromID":"194930","toID":"183343","formEdgeID":null},{"edgeID":"238402","fromID":"194930","toID":"194931","formEdgeID":null},{"edgeID":"238403","fromID":"194931","toID":"194929","formEdgeID":null},{"edgeID":"238404","fromID":"183280","toID":"194932","formEdgeID":null},{"edgeID":"238405","fromID":"194932","toID":"183332","formEdgeID":null},{"edgeID":"238406","fromID":"194933","toID":"183366","formEdgeID":null},{"edgeID":"238407","fromID":"183364","toID":"194933","formEdgeID":null},{"edgeID":"238408","fromID":"183280","toID":"194934","formEdgeID":null},{"edgeID":"238409","fromID":"194934","toID":"183364","formEdgeID":null},{"edgeID":"238410","fromID":"194935","toID":"183371","formEdgeID":null},{"edgeID":"238411","fromID":"183369","toID":"194935","formEdgeID":null},{"edgeID":"238412","fromID":"194936","toID":"183375","formEdgeID":null},{"edgeID":"238413","fromID":"183373","toID":"194936","formEdgeID":null},{"edgeID":"238414","fromID":"183371","toID":"194937","formEdgeID":null},{"edgeID":"238415","fromID":"194937","toID":"183375","formEdgeID":null},{"edgeID":"238416","fromID":"183366","toID":"194937","formEdgeID":null},{"edgeID":"238417","fromID":"183364","toID":"194938","formEdgeID":null},{"edgeID":"238418","fromID":"194938","toID":"183373","formEdgeID":null},{"edgeID":"238419","fromID":"194938","toID":"183369","formEdgeID":null},{"edgeID":"238420","fromID":"194938","toID":"194939","formEdgeID":null},{"edgeID":"238421","fromID":"194939","toID":"194937","formEdgeID":null},{"edgeID":"238422","fromID":"194940","toID":"183382","formEdgeID":null},{"edgeID":"238423","fromID":"183380","toID":"194940","formEdgeID":null},{"edgeID":"238424","fromID":"183373","toID":"194941","formEdgeID":null},{"edgeID":"238425","fromID":"194941","toID":"183380","formEdgeID":null},{"edgeID":"238426","fromID":"183373","toID":"194942","formEdgeID":null},{"edgeID":"238427","fromID":"194942","toID":"183384","formEdgeID":null},{"edgeID":"238428","fromID":"194942","toID":"194943","formEdgeID":null},{"edgeID":"238429","fromID":"194943","toID":"183375","formEdgeID":null},{"edgeID":"238430","fromID":"194944","toID":"183391","formEdgeID":null},{"edgeID":"238431","fromID":"183389","toID":"194944","formEdgeID":null},{"edgeID":"238432","fromID":"183373","toID":"194945","formEdgeID":null},{"edgeID":"238433","fromID":"194945","toID":"183389","formEdgeID":null},{"edgeID":"238434","fromID":"183391","toID":"194946","formEdgeID":null},{"edgeID":"238435","fromID":"194946","toID":"183375","formEdgeID":null},{"edgeID":"238436","fromID":"194945","toID":"194947","formEdgeID":null},{"edgeID":"238437","fromID":"194947","toID":"194946","formEdgeID":null}],"locutions":[{"nodeID":"183339","personID":"1661","timestamp":"2016-07-18 15:29:11","start":null,"end":null,"source":null},{"nodeID":"183343","personID":"1661","timestamp":"2016-07-18 15:29:11","start":null,"end":null,"source":null},{"nodeID":"183339","personID":"1661","timestamp":"2016-08-17 14:11:18","start":null,"end":null,"source":null},{"nodeID":"183343","personID":"1661","timestamp":"2016-08-17 14:11:18","start":null,"end":null,"source":null}]}