{"nodes":[{"nodeID":"199243","text":"NiceBasement : \"As President, I promise I will give people a fair fucking amount of time to speak\" -Jim Webb","type":"L","timestamp":"2016-09-16 11:40:15"},{"nodeID":"199244","text":"Asserting","type":"YA","timestamp":"2016-09-16 11:40:16","scheme":"Asserting","schemeID":"74"},{"nodeID":"199245","text":"\"As President, I promise I will give people a fair fucking amount of time to speak\" -Jim Webb","type":"I","timestamp":"2016-09-16 11:40:16"},{"nodeID":"199246","text":"Barbara: NiceBasement : \"As President, I promise I will give people a fair fucking amount of time to speak\" -Jim Webb","type":"L","timestamp":"2016-09-16 11:40:16"},{"nodeID":"199247","text":"WordRick : Right","type":"L","timestamp":"2016-09-16 11:40:16"},{"nodeID":"199248","text":"Barbara: WordRick : Right?","type":"L","timestamp":"2016-09-16 11:40:16"},{"nodeID":"199249","text":"Default Transition","type":"TA","timestamp":"2016-09-16 11:40:16","scheme":"Default Transition","schemeID":"82"},{"nodeID":"199250","text":"Agreeing","type":"YA","timestamp":"2016-09-16 11:40:16","scheme":"Agreeing","schemeID":"77"},{"nodeID":"199251","text":"WordRick : I like what I'm hearing from him","type":"L","timestamp":"2016-09-16 11:40:16"},{"nodeID":"199252","text":"Asserting","type":"YA","timestamp":"2016-09-16 11:40:16","scheme":"Asserting","schemeID":"74"},{"nodeID":"199253","text":"I like what I'm hearing from Webb","type":"I","timestamp":"2016-09-16 11:40:16"},{"nodeID":"199254","text":"Barbara: WordRick : I like what I'm hearing from him","type":"L","timestamp":"2016-09-16 11:40:16"},{"nodeID":"199255","text":"WordRick : stop complaining about the time","type":"L","timestamp":"2016-09-16 11:40:17"},{"nodeID":"199256","text":"Asserting","type":"YA","timestamp":"2016-09-16 11:40:17","scheme":"Asserting","schemeID":"74"},{"nodeID":"199257","text":"Webb should stop complaining about the time","type":"I","timestamp":"2016-09-16 11:40:17"},{"nodeID":"199258","text":"Barbara: WordRick : stop complaining about the time","type":"L","timestamp":"2016-09-16 11:40:17"},{"nodeID":"199259","text":"cormamin101 : Yeah","type":"L","timestamp":"2016-09-16 11:40:17"},{"nodeID":"199260","text":"Barbara: cormamin101 : Yeah","type":"L","timestamp":"2016-09-16 11:40:17"},{"nodeID":"199261","text":"Default Transition","type":"TA","timestamp":"2016-09-16 11:40:17","scheme":"Default Transition","schemeID":"82"},{"nodeID":"199262","text":"Agreeing","type":"YA","timestamp":"2016-09-16 11:40:17","scheme":"Agreeing","schemeID":"77"},{"nodeID":"199263","text":"cormamin101 : I have liked most of what he's said","type":"L","timestamp":"2016-09-16 11:40:17"},{"nodeID":"199264","text":"Asserting","type":"YA","timestamp":"2016-09-16 11:40:17","scheme":"Asserting","schemeID":"74"},{"nodeID":"199265","text":"I have liked most of what Webb has said","type":"I","timestamp":"2016-09-16 11:40:17"},{"nodeID":"199266","text":"Barbara: cormamin101 : I have liked most of what he's said","type":"L","timestamp":"2016-09-16 11:40:17"},{"nodeID":"199267","text":"cormamin101 : That has just kept annoying me","type":"L","timestamp":"2016-09-16 11:40:18"},{"nodeID":"199268","text":"Asserting","type":"YA","timestamp":"2016-09-16 11:40:18","scheme":"Asserting","schemeID":"74"},{"nodeID":"199269","text":"menioning time by Webb has just kept annoying me","type":"I","timestamp":"2016-09-16 11:40:18"},{"nodeID":"199270","text":"Barbara: cormamin101 : That has just kept annoying me","type":"L","timestamp":"2016-09-16 11:40:18"},{"nodeID":"199271","text":"mfball : the time wasn't divided all that equally","type":"L","timestamp":"2016-09-16 11:40:18"},{"nodeID":"199272","text":"Asserting","type":"YA","timestamp":"2016-09-16 11:40:18","scheme":"Asserting","schemeID":"74"},{"nodeID":"199273","text":"the time wasn't divided all that equally","type":"I","timestamp":"2016-09-16 11:40:18"},{"nodeID":"199274","text":"Barbara: mfball : I did think the time wasn't divided all that equally","type":"L","timestamp":"2016-09-16 11:40:18"},{"nodeID":"199275","text":"mfball : bitching about it definitely didn't help him","type":"L","timestamp":"2016-09-16 11:40:18"},{"nodeID":"199276","text":"Asserting","type":"YA","timestamp":"2016-09-16 11:40:18","scheme":"Asserting","schemeID":"74"},{"nodeID":"199277","text":"bitching about how the time was divided definitely didn't help Webb","type":"I","timestamp":"2016-09-16 11:40:18"},{"nodeID":"199278","text":"Barbara: mfball : bitching about it definitely didn't help him","type":"L","timestamp":"2016-09-16 11:40:18"},{"nodeID":"199279","text":"Default Transition","type":"TA","timestamp":"2016-09-16 11:40:19","scheme":"Default Transition","schemeID":"82"},{"nodeID":"199280","text":"Default Inference","type":"RA","timestamp":"2016-09-16 11:40:19","scheme":"Default Inference","schemeID":"72"},{"nodeID":"199281","text":"Default Transition","type":"TA","timestamp":"2016-09-16 11:40:19","scheme":"Default Transition","schemeID":"82"},{"nodeID":"199282","text":"Arguing","type":"YA","timestamp":"2016-09-16 11:40:19","scheme":"Arguing","schemeID":"80"},{"nodeID":"199283","text":"Default Rephrase","type":"MA","timestamp":"2016-09-16 11:40:19","scheme":"Default Rephrase","schemeID":"144"},{"nodeID":"199284","text":"Default Transition","type":"TA","timestamp":"2016-09-16 11:40:19","scheme":"Default Transition","schemeID":"82"},{"nodeID":"199285","text":"Restating","type":"YA","timestamp":"2016-09-16 11:40:19","scheme":"Restating","schemeID":"101"},{"nodeID":"199286","text":"Default Transition","type":"TA","timestamp":"2016-09-16 11:40:19","scheme":"Default Transition","schemeID":"82"},{"nodeID":"199287","text":"Default Inference","type":"RA","timestamp":"2016-09-16 11:40:19","scheme":"Default Inference","schemeID":"72"},{"nodeID":"199288","text":"Default Transition","type":"TA","timestamp":"2016-09-16 11:40:19","scheme":"Default Transition","schemeID":"82"},{"nodeID":"199289","text":"Arguing","type":"YA","timestamp":"2016-09-16 11:40:19","scheme":"Arguing","schemeID":"80"},{"nodeID":"199290","text":"WordRick : It wasn't","type":"L","timestamp":"2016-09-16 11:40:20"},{"nodeID":"199291","text":"Barbara: WordRick : It wasn't","type":"L","timestamp":"2016-09-16 11:40:20"},{"nodeID":"199292","text":"Default Transition","type":"TA","timestamp":"2016-09-16 11:40:20","scheme":"Default Transition","schemeID":"82"},{"nodeID":"199293","text":"Agreeing","type":"YA","timestamp":"2016-09-16 11:40:20","scheme":"Agreeing","schemeID":"77"},{"nodeID":"199294","text":"WordRick : it never is","type":"L","timestamp":"2016-09-16 11:40:20"},{"nodeID":"199295","text":"Asserting","type":"YA","timestamp":"2016-09-16 11:40:20","scheme":"Asserting","schemeID":"74"},{"nodeID":"199296","text":"the time is never divided equally","type":"I","timestamp":"2016-09-16 11:40:20"},{"nodeID":"199297","text":"Barbara: WordRick : it never is","type":"L","timestamp":"2016-09-16 11:40:20"},{"nodeID":"199298","text":"Default Inference","type":"RA","timestamp":"2016-09-16 11:40:20","scheme":"Default Inference","schemeID":"72"},{"nodeID":"199299","text":"Default Transition","type":"TA","timestamp":"2016-09-16 11:40:20","scheme":"Default Transition","schemeID":"82"},{"nodeID":"199300","text":"Arguing","type":"YA","timestamp":"2016-09-16 11:40:20","scheme":"Arguing","schemeID":"80"},{"nodeID":"199301","text":"secretcurse : we should hear more from the candidates that are polling higher","type":"L","timestamp":"2016-09-16 11:40:21"},{"nodeID":"199302","text":"Asserting","type":"YA","timestamp":"2016-09-16 11:40:21","scheme":"Asserting","schemeID":"74"},{"nodeID":"199303","text":"we should hear more from the candidates that are polling higher","type":"I","timestamp":"2016-09-16 11:40:21"},{"nodeID":"199304","text":"Barbara: secretcurse : we should hear more from the candidates that are polling higher","type":"L","timestamp":"2016-09-16 11:40:21"},{"nodeID":"199305","text":"Default Conflict","type":"CA","timestamp":"2016-09-16 11:40:21","scheme":"Default Conflict","schemeID":"71"},{"nodeID":"199306","text":"Default Transition","type":"TA","timestamp":"2016-09-16 11:40:21","scheme":"Default Transition","schemeID":"82"},{"nodeID":"199307","text":"Disagreeing","type":"YA","timestamp":"2016-09-16 11:40:21","scheme":"Disagreeing","schemeID":"78"},{"nodeID":"199308","text":"secretcurse : Not in the sense that each candidate gets time based solely on their polling numbers","type":"L","timestamp":"2016-09-16 11:40:21"},{"nodeID":"199309","text":"Asserting","type":"YA","timestamp":"2016-09-16 11:40:21","scheme":"Asserting","schemeID":"74"},{"nodeID":"199310","text":"not in the sense that each candidate gets time based solely on their polling numbers","type":"I","timestamp":"2016-09-16 11:40:22"},{"nodeID":"199311","text":"Barbara: secretcurse : Not in the sense that each candidate gets time based solely on their polling numbers","type":"L","timestamp":"2016-09-16 11:40:22"},{"nodeID":"199312","text":"secretcurse : hearing more from Hilary and Bernie than the other three tonight is completely understandable","type":"L","timestamp":"2016-09-16 11:40:22"},{"nodeID":"199313","text":"Asserting","type":"YA","timestamp":"2016-09-16 11:40:22","scheme":"Asserting","schemeID":"74"},{"nodeID":"199314","text":"hearing more from Hilary Clinton and Bernie Sanders than the other three tonight is completely understandable","type":"I","timestamp":"2016-09-16 11:40:22"},{"nodeID":"199315","text":"Barbara: secretcurse : hearing more from Hilary and Bernie than the other three tonight is completely understandable","type":"L","timestamp":"2016-09-16 11:40:22"},{"nodeID":"199316","text":"secretcurse : If you're only polling at 1% you don't deserve as much air time as someone polling over 20%","type":"L","timestamp":"2016-09-16 11:40:22"},{"nodeID":"199317","text":"Asserting","type":"YA","timestamp":"2016-09-16 11:40:22","scheme":"Asserting","schemeID":"74"},{"nodeID":"199318","text":"if you're only polling at 1% you don't deserve as much air time as someone polling over 20%","type":"I","timestamp":"2016-09-16 11:40:22"},{"nodeID":"199319","text":"Barbara: secretcurse : If you're only polling at 1% you don't deserve as much air time as someone polling over 20%","type":"L","timestamp":"2016-09-16 11:40:22"},{"nodeID":"199320","text":"Default Inference","type":"RA","timestamp":"2016-09-16 11:40:22","scheme":"Default Inference","schemeID":"72"},{"nodeID":"199321","text":"Default Inference","type":"RA","timestamp":"2016-09-16 11:40:23","scheme":"Default Inference","schemeID":"72"},{"nodeID":"199322","text":"Default Transition","type":"TA","timestamp":"2016-09-16 11:40:23","scheme":"Default Transition","schemeID":"82"},{"nodeID":"199323","text":"Arguing","type":"YA","timestamp":"2016-09-16 11:40:23","scheme":"Arguing","schemeID":"80"},{"nodeID":"199324","text":"Default Transition","type":"TA","timestamp":"2016-09-16 11:40:23","scheme":"Default Transition","schemeID":"82"},{"nodeID":"199325","text":"Arguing","type":"YA","timestamp":"2016-09-16 11:40:23","scheme":"Arguing","schemeID":"80"},{"nodeID":"199326","text":"Default Transition","type":"TA","timestamp":"2016-09-16 11:40:23","scheme":"Default Transition","schemeID":"82"},{"nodeID":"199327","text":"hearing more from the candidates that are polling higher goes against the democratic process","type":"I","timestamp":"2016-09-16 11:40:23"},{"nodeID":"199328","text":"Asserting","type":"YA","timestamp":"2016-09-16 11:40:23","scheme":"Asserting","schemeID":"74"},{"nodeID":"199329","text":"KSKaleido : That kinda goes against the democratic process","type":"L","timestamp":"2016-09-16 11:40:23"},{"nodeID":"199330","text":"Barbara: KSKaleido : That kinda goes against the democratic process","type":"L","timestamp":"2016-09-16 11:40:23"},{"nodeID":"199331","text":"Default Conflict","type":"CA","timestamp":"2016-09-16 11:40:23","scheme":"Default Conflict","schemeID":"71"},{"nodeID":"199332","text":"Default Transition","type":"TA","timestamp":"2016-09-16 11:40:24","scheme":"Default Transition","schemeID":"82"},{"nodeID":"199333","text":"Disagreeing","type":"YA","timestamp":"2016-09-16 11:40:24","scheme":"Disagreeing","schemeID":"78"},{"nodeID":"199334","text":"everyone should have the same amount of time to fairly expouse their views, regardless of how popular they are","type":"I","timestamp":"2016-09-16 11:40:24"},{"nodeID":"199335","text":"Asserting","type":"YA","timestamp":"2016-09-16 11:40:24","scheme":"Asserting","schemeID":"74"},{"nodeID":"199336","text":"KSKaleido : Everyone should have the same amount of time to fairly expouse their views, regardless of how popular they are","type":"L","timestamp":"2016-09-16 11:40:24"},{"nodeID":"199337","text":"Barbara: KSKaleido : Everyone should have the same amount of time to fairly expouse their views, regardless of how popular they are","type":"L","timestamp":"2016-09-16 11:40:24"},{"nodeID":"199338","text":"Default Inference","type":"RA","timestamp":"2016-09-16 11:40:24","scheme":"Default Inference","schemeID":"72"},{"nodeID":"199339","text":"Default Transition","type":"TA","timestamp":"2016-09-16 11:40:24","scheme":"Default Transition","schemeID":"82"},{"nodeID":"199340","text":"Arguing","type":"YA","timestamp":"2016-09-16 11:40:24","scheme":"Arguing","schemeID":"80"},{"nodeID":"199341","text":"Barbara: secretcurse : Everyone should be allowed to express themselves in public places freely, but a cable news network isn't a public place","type":"L","timestamp":"2016-09-16 11:40:24"},{"nodeID":"199342","text":"Barbara: secretcurse : Everyone should be allowed to express themselves in public places freely","type":"L","timestamp":"2016-09-16 11:40:25"},{"nodeID":"199343","text":"Barbara: secretcurse :  a cable news network isn't a public place","type":"L","timestamp":"2016-09-16 11:40:25"},{"nodeID":"199344","text":"secretcurse : Don't hold your breath for the Green Party Presidential Debate on any of our major news networks","type":"L","timestamp":"2016-09-16 11:40:25"},{"nodeID":"199345","text":"Asserting","type":"YA","timestamp":"2016-09-16 11:40:25","scheme":"Asserting","schemeID":"74"},{"nodeID":"199346","text":"don't hold your breath for the Green Party Presidential Debate on any of our major news networks","type":"I","timestamp":"2016-09-16 11:40:25"},{"nodeID":"199347","text":"Barbara: secretcurse : Don't hold your breath for the Green Party Presidential Debate on any of our major news networks","type":"L","timestamp":"2016-09-16 11:40:25"},{"nodeID":"199348","text":"secretcurse : a person that wants to run on the Green Party (or any other party) ticket absolutely has that right and should be able to express their views in public","type":"L","timestamp":"2016-09-16 11:40:25"},{"nodeID":"199349","text":"Asserting","type":"YA","timestamp":"2016-09-16 11:40:25","scheme":"Asserting","schemeID":"74"},{"nodeID":"199350","text":"that a person that wants to run on the Green Party (or any other party) ticket absolutely has that right and should be able to express their views in public","type":"I","timestamp":"2016-09-16 11:40:25"},{"nodeID":"199351","text":"Barbara: secretcurse : I think that a person that wants to run on the Green Party (or any other party) ticket absolutely has that right and should be able to express their views in public","type":"L","timestamp":"2016-09-16 11:40:25"},{"nodeID":"199352","text":"secretcurse : there's no obligation to give them equal time on privately owned networks compared to the Democratic or Republican candidates that actually have a shot at winning the election","type":"L","timestamp":"2016-09-16 11:40:25"},{"nodeID":"199353","text":"Asserting","type":"YA","timestamp":"2016-09-16 11:40:26","scheme":"Asserting","schemeID":"74"},{"nodeID":"199354","text":"there's no obligation to give the Green Party equal time on privately owned networks compared to the Democratic or Republican candidates that actually have a shot at winning the election","type":"I","timestamp":"2016-09-16 11:40:26"},{"nodeID":"199355","text":"Barbara: secretcurse : there's no obligation to give them equal time on privately owned networks compared to the Democratic or Republican candidates that actually have a shot at winning the election","type":"L","timestamp":"2016-09-16 11:40:26"},{"nodeID":"199356","text":"secretcurse : Clinton is extremely likely to win the Democratic nomination","type":"L","timestamp":"2016-09-16 11:40:26"},{"nodeID":"199357","text":"Asserting","type":"YA","timestamp":"2016-09-16 11:40:26","scheme":"Asserting","schemeID":"74"},{"nodeID":"199358","text":"Clinton is extremely likely to win the Democratic nomination","type":"I","timestamp":"2016-09-16 11:40:26"},{"nodeID":"199359","text":"Barbara: secretcurse : Clinton is extremely likely to win the Democratic nomination","type":"L","timestamp":"2016-09-16 11:40:26"},{"nodeID":"199360","text":"secretcurse : Sanders has a shot at beating her","type":"L","timestamp":"2016-09-16 11:40:26"},{"nodeID":"199361","text":"Asserting","type":"YA","timestamp":"2016-09-16 11:40:26","scheme":"Asserting","schemeID":"74"},{"nodeID":"199362","text":"Sanders has a shot at beating Clinton","type":"I","timestamp":"2016-09-16 11:40:26"},{"nodeID":"199363","text":"Barbara: secretcurse : Sanders has a shot at beating her","type":"L","timestamp":"2016-09-16 11:40:27"},{"nodeID":"199364","text":"secretcurse : O'Malley, Webb, and Chafee are all sideshow candidates in the primary","type":"L","timestamp":"2016-09-16 11:40:27"},{"nodeID":"199365","text":"Asserting","type":"YA","timestamp":"2016-09-16 11:40:27","scheme":"Asserting","schemeID":"74"},{"nodeID":"199366","text":"O'Malley, Webb, and Chafee are all sideshow candidates in the primary","type":"I","timestamp":"2016-09-16 11:40:27"},{"nodeID":"199367","text":"Barbara: secretcurse : O'Malley, Webb, and Chafee are all sideshow candidates in the primary","type":"L","timestamp":"2016-09-16 11:40:27"},{"nodeID":"199368","text":"secretcurse : just like the nominees from the Green, Libertarian, and Communist parties will be in the general election","type":"L","timestamp":"2016-09-16 11:40:27"},{"nodeID":"199369","text":"Asserting","type":"YA","timestamp":"2016-09-16 11:40:27","scheme":"Asserting","schemeID":"74"},{"nodeID":"199370","text":"just like the nominees from the Green, Libertarian, and Communist parties will be in the general election","type":"I","timestamp":"2016-09-16 11:40:27"},{"nodeID":"199371","text":"Barbara: secretcurse : just like the nominees from the Green, Libertarian, and Communist parties will be in the general election","type":"L","timestamp":"2016-09-16 11:40:27"},{"nodeID":"199372","text":"secretcurse : Everyone should be allowed to express themselves in public places freely, but a cable news network isn't a public place","type":"L","timestamp":"2016-09-16 11:40:27"},{"nodeID":"199373","text":"Asserting","type":"YA","timestamp":"2016-09-16 11:40:27","scheme":"Asserting","schemeID":"74"},{"nodeID":"199374","text":"everyone should be allowed to express themselves in public places freely, but a cable news network isn't a public place","type":"I","timestamp":"2016-09-16 11:40:28"},{"nodeID":"199375","text":"Default Conflict","type":"CA","timestamp":"2016-09-16 11:40:28","scheme":"Default Conflict","schemeID":"71"},{"nodeID":"199376","text":"Default Transition","type":"TA","timestamp":"2016-09-16 11:40:28","scheme":"Default Transition","schemeID":"82"},{"nodeID":"199377","text":"Disagreeing","type":"YA","timestamp":"2016-09-16 11:40:28","scheme":"Disagreeing","schemeID":"78"},{"nodeID":"199378","text":"Example","type":"RA","timestamp":"2016-09-16 11:40:28","scheme":"Example","schemeID":"14"},{"nodeID":"199379","text":"Default Transition","type":"TA","timestamp":"2016-09-16 11:40:28","scheme":"Default Transition","schemeID":"82"},{"nodeID":"199380","text":"Arguing","type":"YA","timestamp":"2016-09-16 11:40:28","scheme":"Arguing","schemeID":"80"},{"nodeID":"199381","text":"Default Inference","type":"RA","timestamp":"2016-09-16 11:40:28","scheme":"Default Inference","schemeID":"72"},{"nodeID":"199382","text":"Default Transition","type":"TA","timestamp":"2016-09-16 11:40:28","scheme":"Default Transition","schemeID":"82"},{"nodeID":"199383","text":"Arguing","type":"YA","timestamp":"2016-09-16 11:40:28","scheme":"Arguing","schemeID":"80"},{"nodeID":"199384","text":"Default Inference","type":"RA","timestamp":"2016-09-16 11:40:29","scheme":"Default Inference","schemeID":"72"},{"nodeID":"199385","text":"Default Transition","type":"TA","timestamp":"2016-09-16 11:40:29","scheme":"Default Transition","schemeID":"82"},{"nodeID":"199386","text":"Arguing","type":"YA","timestamp":"2016-09-16 11:40:29","scheme":"Arguing","schemeID":"80"},{"nodeID":"199387","text":"KSKaleido :  I get what you're saying","type":"L","timestamp":"2016-09-16 11:40:29"},{"nodeID":"199388","text":"Asserting","type":"YA","timestamp":"2016-09-16 11:40:29","scheme":"Asserting","schemeID":"74"},{"nodeID":"199389","text":"I get what you're saying","type":"I","timestamp":"2016-09-16 11:40:29"},{"nodeID":"199390","text":"Barbara: KSKaleido :  get what you're saying","type":"L","timestamp":"2016-09-16 11:40:29"},{"nodeID":"199391","text":"KSKaleido : at the very least for the first debate I'd like to see everyone get a fair shot at expressing themselve","type":"L","timestamp":"2016-09-16 11:40:29"},{"nodeID":"199392","text":"Asserting","type":"YA","timestamp":"2016-09-16 11:40:29","scheme":"Asserting","schemeID":"74"},{"nodeID":"199393","text":"at the very least for the first debate I'd like to see everyone get a fair shot at expressing themselve","type":"I","timestamp":"2016-09-16 11:40:29"},{"nodeID":"199394","text":"Barbara: KSKaleido : at the very least for the first debate I'd like to see everyone get a fair shot at expressing themselve","type":"L","timestamp":"2016-09-16 11:40:29"},{"nodeID":"199395","text":"KSKaleido : most people aren't going to follow every single person campaigning (or even watch the debates, but I digress)","type":"L","timestamp":"2016-09-16 11:40:30"},{"nodeID":"199396","text":"Asserting","type":"YA","timestamp":"2016-09-16 11:40:30","scheme":"Asserting","schemeID":"74"},{"nodeID":"199397","text":"most people aren't going to follow every single person campaigning (or even watch the debates, but I digress)","type":"I","timestamp":"2016-09-16 11:40:30"},{"nodeID":"199398","text":"Barbara: KSKaleido : most people aren't going to follow every single person campaigning (or even watch the debates, but I digress)","type":"L","timestamp":"2016-09-16 11:40:30"},{"nodeID":"199399","text":"KSKaleido :  I'd be nice to give everyone a fair shot on the only platform that gives them more exposure","type":"L","timestamp":"2016-09-16 11:40:30"},{"nodeID":"199400","text":"Asserting","type":"YA","timestamp":"2016-09-16 11:40:30","scheme":"Asserting","schemeID":"74"},{"nodeID":"199401","text":"it would be nice to give everyone a fair shot on the only platform that gives them more exposure","type":"I","timestamp":"2016-09-16 11:40:30"},{"nodeID":"199402","text":"Barbara: KSKaleido :  I'd be nice to give everyone a fair shot on the only platform that gives them more exposure","type":"L","timestamp":"2016-09-16 11:40:30"},{"nodeID":"199403","text":"Default Inference","type":"RA","timestamp":"2016-09-16 11:40:30","scheme":"Default Inference","schemeID":"72"},{"nodeID":"199404","text":"Default Transition","type":"TA","timestamp":"2016-09-16 11:40:30","scheme":"Default Transition","schemeID":"82"},{"nodeID":"199405","text":"Arguing","type":"YA","timestamp":"2016-09-16 11:40:30","scheme":"Arguing","schemeID":"80"},{"nodeID":"199406","text":"KSKaleido : If their poll numbers don't move or get worse from there, then you can talk about trimming their time","type":"L","timestamp":"2016-09-16 11:40:31"},{"nodeID":"199407","text":"Asserting","type":"YA","timestamp":"2016-09-16 11:40:31","scheme":"Asserting","schemeID":"74"},{"nodeID":"199408","text":"if candidate's poll numbers don't move or get worse from there, then you can talk about trimming their time","type":"I","timestamp":"2016-09-16 11:40:31"},{"nodeID":"199409","text":"Barbara: KSKaleido : If their poll numbers don't move or get worse from there, then you can talk about trimming their time","type":"L","timestamp":"2016-09-16 11:40:31"},{"nodeID":"199410","text":"Default Transition","type":"TA","timestamp":"2016-09-16 11:40:31","scheme":"Default Transition","schemeID":"82"},{"nodeID":"199411","text":"Default Inference","type":"RA","timestamp":"2016-09-16 11:40:31","scheme":"Default Inference","schemeID":"72"},{"nodeID":"199412","text":"Default Transition","type":"TA","timestamp":"2016-09-16 11:40:31","scheme":"Default Transition","schemeID":"82"},{"nodeID":"199413","text":"Arguing","type":"YA","timestamp":"2016-09-16 11:40:31","scheme":"Arguing","schemeID":"80"},{"nodeID":"199414","text":"Default Transition","type":"TA","timestamp":"2016-09-16 11:40:31","scheme":"Default Transition","schemeID":"82"},{"nodeID":"199415","text":"Default Conflict","type":"CA","timestamp":"2016-09-16 11:40:31","scheme":"Default Conflict","schemeID":"71"},{"nodeID":"199416","text":"Default Transition","type":"TA","timestamp":"2016-09-16 11:40:31","scheme":"Default Transition","schemeID":"82"},{"nodeID":"199417","text":"Disagreeing","type":"YA","timestamp":"2016-09-16 11:40:32","scheme":"Disagreeing","schemeID":"78"},{"nodeID":"199418","text":"secretcurse : The first debate was already limited to five people","type":"L","timestamp":"2016-09-16 11:40:32"},{"nodeID":"199419","text":"Asserting","type":"YA","timestamp":"2016-09-16 11:40:32","scheme":"Asserting","schemeID":"74"},{"nodeID":"199420","text":"the first debate was already limited to five people","type":"I","timestamp":"2016-09-16 11:40:32"},{"nodeID":"199421","text":"Barbara: secretcurse : The first debate was already limited to five people","type":"L","timestamp":"2016-09-16 11:40:32"},{"nodeID":"199422","text":"secretcurse : According to the FEC","type":"L","timestamp":"2016-09-16 11:40:32"},{"nodeID":"199423","text":"Asserting","type":"YA","timestamp":"2016-09-16 11:40:32","scheme":"Asserting","schemeID":"74"},{"nodeID":"199424","text":"according to the Federal Election Commision","type":"I","timestamp":"2016-09-16 11:40:32"},{"nodeID":"199425","text":"Barbara: secretcurse : According to the FEC","type":"L","timestamp":"2016-09-16 11:40:32"},{"nodeID":"199426","text":"secretcurse : 171 people have officially declared their candidacy for the Democratic Party nomination with the FEC (sort by party to see the 171 people a bit easier)","type":"L","timestamp":"2016-09-16 11:40:33"},{"nodeID":"199427","text":"Asserting","type":"YA","timestamp":"2016-09-16 11:40:33","scheme":"Asserting","schemeID":"74"},{"nodeID":"199428","text":"171 people have officially declared their candidacy for the Democratic Party nomination with the FEC (sort by party to see the 171 people a bit easier)","type":"I","timestamp":"2016-09-16 11:40:33"},{"nodeID":"199429","text":"Barbara: secretcurse : 171 people have officially declared their candidacy for the Democratic Party nomination with the FEC (sort by party to see the 171 people a bit easier)","type":"L","timestamp":"2016-09-16 11:40:33"},{"nodeID":"199430","text":"Argument From Authority","type":"RA","timestamp":"2016-09-16 11:40:33","scheme":"ArgumentFromAuthority","schemeID":"160"},{"nodeID":"199431","text":"secretcurse : Do you think every single one of the 171 people that have filed the paperwork with the FEC declaring their candidacy deserves their fair shot at expressing themselves at the first debate","type":"L","timestamp":"2016-09-16 11:40:33"},{"nodeID":"199432","text":"Rhetorical Questioning","type":"YA","timestamp":"2016-09-16 11:40:33","scheme":"RhetoricalQuestioning","schemeID":"85"},{"nodeID":"199433","text":"it is not the case that every single one of the 171 people that have filed the paperwork with the FEC declaring their candidacy deserves their fair shot at expressing themselves at the first debate","type":"I","timestamp":"2016-09-16 11:40:33"},{"nodeID":"199434","text":"Barbara: secretcurse : Do you think every single one of the 171 people that have filed the paperwork with the FEC declaring their candidacy deserves their fair shot at expressing themselves at the first debate","type":"L","timestamp":"2016-09-16 11:40:33"},{"nodeID":"199435","text":"Default Inference","type":"RA","timestamp":"2016-09-16 11:40:33","scheme":"Default Inference","schemeID":"72"},{"nodeID":"199436","text":"Default Transition","type":"TA","timestamp":"2016-09-16 11:40:33","scheme":"Default Transition","schemeID":"82"},{"nodeID":"199437","text":"Arguing","type":"YA","timestamp":"2016-09-16 11:40:34","scheme":"Arguing","schemeID":"80"},{"nodeID":"199438","text":"Default Transition","type":"TA","timestamp":"2016-09-16 11:40:34","scheme":"Default Transition","schemeID":"82"},{"nodeID":"199439","text":"Arguing","type":"YA","timestamp":"2016-09-16 11:40:34","scheme":"Arguing","schemeID":"80"},{"nodeID":"199440","text":"Default Conflict","type":"CA","timestamp":"2016-09-16 11:40:34","scheme":"Default Conflict","schemeID":"71"},{"nodeID":"199441","text":"Default Transition","type":"TA","timestamp":"2016-09-16 11:40:34","scheme":"Default Transition","schemeID":"82"},{"nodeID":"199442","text":"Disagreeing","type":"YA","timestamp":"2016-09-16 11:40:34","scheme":"Disagreeing","schemeID":"78"},{"nodeID":"199443","text":"KSKaleido :  Wow, you went way past my point, dude","type":"L","timestamp":"2016-09-16 11:40:34"},{"nodeID":"199444","text":"Asserting","type":"YA","timestamp":"2016-09-16 11:40:34","scheme":"Asserting","schemeID":"74"},{"nodeID":"199445","text":"you went way past my point, dude","type":"I","timestamp":"2016-09-16 11:40:34"},{"nodeID":"199446","text":"Barbara: KSKaleido :  Wow, you went way past my point, dude","type":"L","timestamp":"2016-09-16 11:40:34"},{"nodeID":"199447","text":"KSKaleido : It's fine to pick the top hanful of people who actually have a serious campaign, funding, support, even register on a poll, etc","type":"L","timestamp":"2016-09-16 11:40:34"},{"nodeID":"199448","text":"Asserting","type":"YA","timestamp":"2016-09-16 11:40:35","scheme":"Asserting","schemeID":"74"},{"nodeID":"199449","text":"it's fine to pick the top handful of people who actually have a serious campaign, funding, support, even register on a poll, etc","type":"I","timestamp":"2016-09-16 11:40:35"},{"nodeID":"199450","text":"Barbara: KSKaleido : It's fine to pick the top hanful of people who actually have a serious campaign, funding, support, even register on a poll, etc","type":"L","timestamp":"2016-09-16 11:40:35"},{"nodeID":"199451","text":"Default Conflict","type":"CA","timestamp":"2016-09-16 11:40:35","scheme":"Default Conflict","schemeID":"71"},{"nodeID":"199452","text":"Default Transition","type":"TA","timestamp":"2016-09-16 11:40:35","scheme":"Default Transition","schemeID":"82"},{"nodeID":"199453","text":"Disagreeing","type":"YA","timestamp":"2016-09-16 11:40:35","scheme":"Disagreeing","schemeID":"78"},{"nodeID":"199454","text":"Default Inference","type":"RA","timestamp":"2016-09-16 11:40:35","scheme":"Default Inference","schemeID":"72"},{"nodeID":"199455","text":"KSKaleido : That has nothing to do with giving them a fair shot to debate their \u00a0points \u00a0in a timely manner","type":"L","timestamp":"2016-09-16 11:40:35"},{"nodeID":"199456","text":"Asserting","type":"YA","timestamp":"2016-09-16 11:40:35","scheme":"Asserting","schemeID":"74"},{"nodeID":"199457","text":"that has nothing to do with giving them a fair shot to debate their \u00a0points \u00a0in a timely manner","type":"I","timestamp":"2016-09-16 11:40:35"},{"nodeID":"199458","text":"Barbara: KSKaleido : That has nothing to do with giving them a fair shot to debate their \u00a0points \u00a0in a timely manner","type":"L","timestamp":"2016-09-16 11:40:35"},{"nodeID":"199459","text":"Default Transition","type":"TA","timestamp":"2016-09-16 11:40:36","scheme":"Default Transition","schemeID":"82"},{"nodeID":"199460","text":"Arguing","type":"YA","timestamp":"2016-09-16 11:40:36","scheme":"Arguing","schemeID":"80"},{"nodeID":"199461","text":"I kind of feel the opposite","type":"L","timestamp":"2016-09-16 11:40:36"},{"nodeID":"199462","text":"mfball :I kind of feel the opposite","type":"L","timestamp":"2016-09-16 11:40:36"},{"nodeID":"199463","text":"Asserting","type":"YA","timestamp":"2016-09-16 11:40:36","scheme":"Asserting","schemeID":"74"},{"nodeID":"199464","text":"it is not the case that we should hear more from the candidates that are polling higher","type":"I","timestamp":"2016-09-16 11:40:36"},{"nodeID":"199465","text":"Barbara: mfball : mfball","type":"L","timestamp":"2016-09-16 11:40:36"},{"nodeID":"199466","text":"Default Conflict","type":"CA","timestamp":"2016-09-16 11:40:36","scheme":"Default Conflict","schemeID":"71"},{"nodeID":"199467","text":"Default Transition","type":"TA","timestamp":"2016-09-16 11:40:36","scheme":"Default Transition","schemeID":"82"},{"nodeID":"199468","text":"Disagreeing","type":"YA","timestamp":"2016-09-16 11:40:36","scheme":"Disagreeing","schemeID":"78"},{"nodeID":"199469","text":"mfball : I already know what Bernie and Hillary think about most of the issues","type":"L","timestamp":"2016-09-16 11:40:36"},{"nodeID":"199470","text":"Asserting","type":"YA","timestamp":"2016-09-16 11:40:37","scheme":"Asserting","schemeID":"74"},{"nodeID":"199471","text":"I already know what Bernie Sanders  and Hillary Clinton think about most of the issues","type":"I","timestamp":"2016-09-16 11:40:37"},{"nodeID":"199472","text":"Barbara: mfball : I already know what Bernie and Hillary think about most of the issues","type":"L","timestamp":"2016-09-16 11:40:37"},{"nodeID":"199473","text":"mfball : they've been getting all of the news coverage up to this point, to such an extreme that I can barely tell the other three guys apart on sight","type":"L","timestamp":"2016-09-16 11:40:37"},{"nodeID":"199474","text":"Asserting","type":"YA","timestamp":"2016-09-16 11:40:37","scheme":"Asserting","schemeID":"74"},{"nodeID":"199475","text":"Bernie Sanders and Hillary Clinton have been getting all of the news coverage up to this point, to such an extreme that I can barely tell the other three guys apart on sight","type":"I","timestamp":"2016-09-16 11:40:37"},{"nodeID":"199476","text":"Barbara: mfball : they've been getting all of the news coverage up to this point, to such an extreme that I can barely tell the other three guys apart on sight","type":"L","timestamp":"2016-09-16 11:40:37"},{"nodeID":"199477","text":"Default Inference","type":"RA","timestamp":"2016-09-16 11:40:37","scheme":"Default Inference","schemeID":"72"},{"nodeID":"199478","text":"Default Transition","type":"TA","timestamp":"2016-09-16 11:40:37","scheme":"Default Transition","schemeID":"82"},{"nodeID":"199479","text":"Arguing","type":"YA","timestamp":"2016-09-16 11:40:37","scheme":"Arguing","schemeID":"80"},{"nodeID":"199480","text":"mfball : it would be more productive to give the less known candidates a chance to get their platform out there","type":"L","timestamp":"2016-09-16 11:40:37"},{"nodeID":"199481","text":"Asserting","type":"YA","timestamp":"2016-09-16 11:40:38","scheme":"Asserting","schemeID":"74"},{"nodeID":"199482","text":"it would be more productive to give the less known candidates a chance to get their platform out there","type":"I","timestamp":"2016-09-16 11:40:38"},{"nodeID":"199483","text":"Barbara: mfball : it would be more productive to give the less known candidates a chance to get their platform out there","type":"L","timestamp":"2016-09-16 11:40:38"},{"nodeID":"199484","text":"Default Inference","type":"RA","timestamp":"2016-09-16 11:40:38","scheme":"Default Inference","schemeID":"72"},{"nodeID":"199485","text":"Default Transition","type":"TA","timestamp":"2016-09-16 11:40:38","scheme":"Default Transition","schemeID":"82"},{"nodeID":"199486","text":"Arguing","type":"YA","timestamp":"2016-09-16 11:40:38","scheme":"Arguing","schemeID":"80"},{"nodeID":"199487","text":"mfball : it might change people's minds about the ones polling higher","type":"L","timestamp":"2016-09-16 11:40:38"},{"nodeID":"199488","text":"Asserting","type":"YA","timestamp":"2016-09-16 11:40:38","scheme":"Asserting","schemeID":"74"},{"nodeID":"199489","text":"it might change people's minds about the ones polling higher","type":"I","timestamp":"2016-09-16 11:40:38"},{"nodeID":"199490","text":"Barbara: mfball : it might change people's minds about the ones polling higher","type":"L","timestamp":"2016-09-16 11:40:39"},{"nodeID":"199491","text":"Default Inference","type":"RA","timestamp":"2016-09-16 11:40:39","scheme":"Default Inference","schemeID":"72"},{"nodeID":"199492","text":"Default Transition","type":"TA","timestamp":"2016-09-16 11:40:39","scheme":"Default Transition","schemeID":"82"},{"nodeID":"199493","text":"Arguing","type":"YA","timestamp":"2016-09-16 11:40:39","scheme":"Arguing","schemeID":"80"},{"nodeID":"199494","text":"Default Inference","type":"RA","timestamp":"2016-09-16 11:40:39","scheme":"Default Inference","schemeID":"72"},{"nodeID":"199495","text":"Default Transition","type":"TA","timestamp":"2016-09-16 11:40:39","scheme":"Default Transition","schemeID":"82"},{"nodeID":"199496","text":"Arguing","type":"YA","timestamp":"2016-09-16 11:40:39","scheme":"Arguing","schemeID":"80"},{"nodeID":"199497","text":"mfball : Visibility and recognition are half the battle","type":"L","timestamp":"2016-09-16 11:40:39"},{"nodeID":"199498","text":"Asserting","type":"YA","timestamp":"2016-09-16 11:40:39","scheme":"Asserting","schemeID":"74"},{"nodeID":"199499","text":"visibility and recognition are half the battle","type":"I","timestamp":"2016-09-16 11:40:39"},{"nodeID":"199500","text":"Barbara: mfball : Visibility and recognition are half the battle","type":"L","timestamp":"2016-09-16 11:40:39"},{"nodeID":"199501","text":"mfball : it doesn't seem fair to funnel all of the attention to the candidates who are already on top","type":"L","timestamp":"2016-09-16 11:40:39"},{"nodeID":"199502","text":"Asserting","type":"YA","timestamp":"2016-09-16 11:40:40","scheme":"Asserting","schemeID":"74"},{"nodeID":"199503","text":"it doesn't seem fair to funnel all of the attention to the candidates who are already on top","type":"I","timestamp":"2016-09-16 11:40:40"},{"nodeID":"199504","text":"Barbara: mfball : it doesn't seem fair to funnel all of the attention to the candidates who are already on top","type":"L","timestamp":"2016-09-16 11:40:40"},{"nodeID":"199505","text":"Default Inference","type":"RA","timestamp":"2016-09-16 11:40:40","scheme":"Default Inference","schemeID":"72"},{"nodeID":"199506","text":"Default Transition","type":"TA","timestamp":"2016-09-16 11:40:40","scheme":"Default Transition","schemeID":"82"},{"nodeID":"199507","text":"Arguing","type":"YA","timestamp":"2016-09-16 11:40:40","scheme":"Arguing","schemeID":"80"},{"nodeID":"199508","text":"mfball : letting the other guys into the discussion more could actually have an impact on the race","type":"L","timestamp":"2016-09-16 11:40:40"},{"nodeID":"199509","text":"Asserting","type":"YA","timestamp":"2016-09-16 11:40:40","scheme":"Asserting","schemeID":"74"},{"nodeID":"199510","text":"letting the other guys into the discussion more could actually have an impact on the race","type":"I","timestamp":"2016-09-16 11:40:40"},{"nodeID":"199511","text":"Barbara: mfball : letting the other guys into the discussion more could actually have an impact on the race","type":"L","timestamp":"2016-09-16 11:40:40"},{"nodeID":"199512","text":"Default Inference","type":"RA","timestamp":"2016-09-16 11:40:41","scheme":"Default Inference","schemeID":"72"},{"nodeID":"199513","text":"Default Transition","type":"TA","timestamp":"2016-09-16 11:40:41","scheme":"Default Transition","schemeID":"82"},{"nodeID":"199514","text":"Arguing","type":"YA","timestamp":"2016-09-16 11:40:41","scheme":"Arguing","schemeID":"80"},{"nodeID":"199515","text":"mfball : the media wanted to let it happen","type":"L","timestamp":"2016-09-16 11:40:41"},{"nodeID":"199516","text":"Asserting","type":"YA","timestamp":"2016-09-16 11:40:41","scheme":"Asserting","schemeID":"74"},{"nodeID":"199517","text":"the media does not want to let it happen","type":"I","timestamp":"2016-09-16 11:40:41"},{"nodeID":"199518","text":"Barbara: mfball : the media wanted to let it happen","type":"L","timestamp":"2016-09-16 11:40:41"},{"nodeID":"199519","text":"Default Transition","type":"TA","timestamp":"2016-09-16 11:40:41","scheme":"Default Transition","schemeID":"82"},{"nodeID":"199520","text":"Default Inference","type":"RA","timestamp":"2016-09-16 11:40:41","scheme":"Default Inference","schemeID":"72"},{"nodeID":"199521","text":"Default Transition","type":"TA","timestamp":"2016-09-16 11:40:41","scheme":"Default Transition","schemeID":"82"},{"nodeID":"199522","text":"Arguing","type":"YA","timestamp":"2016-09-16 11:40:41","scheme":"Arguing","schemeID":"80"},{"nodeID":"199523","text":"secretcurse : 171 people have filed paperwork with the FEC to run for the Democratic nomination","type":"L","timestamp":"2016-09-16 11:40:41"},{"nodeID":"199524","text":"Asserting","type":"YA","timestamp":"2016-09-16 11:40:42","scheme":"Asserting","schemeID":"74"},{"nodeID":"199525","text":"171 people have filed paperwork with the FEC to run for the Democratic nomination","type":"I","timestamp":"2016-09-16 11:40:42"},{"nodeID":"199526","text":"Barbara: secretcurse : 171 people have filed paperwork with the FEC to run for the Democratic nomination","type":"L","timestamp":"2016-09-16 11:40:42"},{"nodeID":"199527","text":"secretcurse : Should we hear equally from all 171 of those candidates during the first Democratic debate","type":"L","timestamp":"2016-09-16 11:40:42"},{"nodeID":"199528","text":"Rhetorical Questioning","type":"YA","timestamp":"2016-09-16 11:40:42","scheme":"RhetoricalQuestioning","schemeID":"85"},{"nodeID":"199529","text":"we should not hear equally from all 171 of those candidates during the first Democratic debate","type":"I","timestamp":"2016-09-16 11:40:42"},{"nodeID":"199530","text":"Barbara: secretcurse : Should we hear equally from all 171 of those candidates during the first Democratic debate","type":"L","timestamp":"2016-09-16 11:40:42"},{"nodeID":"199531","text":"secretcurse : should we focus on the ones that have an actual shot at winning the nomination","type":"L","timestamp":"2016-09-16 11:40:42"},{"nodeID":"199532","text":"Rhetorical Questioning","type":"YA","timestamp":"2016-09-16 11:40:42","scheme":"RhetoricalQuestioning","schemeID":"85"},{"nodeID":"199533","text":"we should focus on the candidates that have an actual shot at winning the nomination","type":"I","timestamp":"2016-09-16 11:40:42"},{"nodeID":"199534","text":"Barbara: secretcurse : should we focus on the ones that have an actual shot at winning the nomination","type":"L","timestamp":"2016-09-16 11:40:42"},{"nodeID":"199535","text":"secretcurse : The only people that are going to remember that Chafee, O'Malley, or Webb ran for the nomination in a few years will be people brushing up on Jeopardy knowledge","type":"L","timestamp":"2016-09-16 11:40:42"},{"nodeID":"199536","text":"Asserting","type":"YA","timestamp":"2016-09-16 11:40:43","scheme":"Asserting","schemeID":"74"},{"nodeID":"199537","text":"the only people that are going to remember that Chafee, O'Malley, or Webb ran for the nomination in a few years will be people brushing up on Jeopardy knowledge","type":"I","timestamp":"2016-09-16 11:40:43"},{"nodeID":"199538","text":"Barbara: secretcurse : The only people that are going to remember that Chafee, O'Malley, or Webb ran for the nomination in a few years will be people brushing up on Jeopardy knowledge","type":"L","timestamp":"2016-09-16 11:40:43"},{"nodeID":"199539","text":"secretcurse : They are sideshow candidates","type":"L","timestamp":"2016-09-16 11:40:43"},{"nodeID":"199540","text":"Asserting","type":"YA","timestamp":"2016-09-16 11:40:43","scheme":"Asserting","schemeID":"74"},{"nodeID":"199541","text":"Chafee, O'Malley, Webb are sideshow candidates","type":"I","timestamp":"2016-09-16 11:40:43"},{"nodeID":"199542","text":"Barbara: secretcurse : They are sideshow candidates","type":"L","timestamp":"2016-09-16 11:40:43"},{"nodeID":"199543","text":"secretcurse : their ideas and opinions simply don't matter","type":"L","timestamp":"2016-09-16 11:40:43"},{"nodeID":"199544","text":"Asserting","type":"YA","timestamp":"2016-09-16 11:40:43","scheme":"Asserting","schemeID":"74"},{"nodeID":"199545","text":"Chafee, O'Malley, Webb ideas and opinions simply don't matter","type":"I","timestamp":"2016-09-16 11:40:43"},{"nodeID":"199546","text":"Barbara: secretcurse : their ideas and opinions simply don't matter","type":"L","timestamp":"2016-09-16 11:40:43"},{"nodeID":"199547","text":"Default Inference","type":"RA","timestamp":"2016-09-16 11:40:44","scheme":"Default Inference","schemeID":"72"},{"nodeID":"199548","text":"Default Transition","type":"TA","timestamp":"2016-09-16 11:40:44","scheme":"Default Transition","schemeID":"82"},{"nodeID":"199549","text":"Arguing","type":"YA","timestamp":"2016-09-16 11:40:44","scheme":"Arguing","schemeID":"80"},{"nodeID":"199550","text":"Default Inference","type":"RA","timestamp":"2016-09-16 11:40:44","scheme":"Default Inference","schemeID":"72"},{"nodeID":"199551","text":"Default Transition","type":"TA","timestamp":"2016-09-16 11:40:44","scheme":"Default Transition","schemeID":"82"},{"nodeID":"199552","text":"Arguing","type":"YA","timestamp":"2016-09-16 11:40:44","scheme":"Arguing","schemeID":"80"},{"nodeID":"199553","text":"Default Inference","type":"RA","timestamp":"2016-09-16 11:40:44","scheme":"Default Inference","schemeID":"72"},{"nodeID":"199554","text":"Default Transition","type":"TA","timestamp":"2016-09-16 11:40:44","scheme":"Default Transition","schemeID":"82"},{"nodeID":"199555","text":"Arguing","type":"YA","timestamp":"2016-09-16 11:40:44","scheme":"Arguing","schemeID":"80"},{"nodeID":"199556","text":"Default Inference","type":"RA","timestamp":"2016-09-16 11:40:44","scheme":"Default Inference","schemeID":"72"},{"nodeID":"199557","text":"Default Transition","type":"TA","timestamp":"2016-09-16 11:40:45","scheme":"Default Transition","schemeID":"82"},{"nodeID":"199558","text":"Arguing","type":"YA","timestamp":"2016-09-16 11:40:45","scheme":"Arguing","schemeID":"80"},{"nodeID":"199559","text":"Default Conflict","type":"CA","timestamp":"2016-09-16 11:40:45","scheme":"Default Conflict","schemeID":"71"},{"nodeID":"199560","text":"Default Transition","type":"TA","timestamp":"2016-09-16 11:40:45","scheme":"Default Transition","schemeID":"82"},{"nodeID":"199561","text":"Disagreeing","type":"YA","timestamp":"2016-09-16 11:40:45","scheme":"Disagreeing","schemeID":"78"},{"nodeID":"199562","text":"mfball : we listen to the top five Democrats","type":"L","timestamp":"2016-09-16 11:40:45"},{"nodeID":"199563","text":"Asserting","type":"YA","timestamp":"2016-09-16 11:40:45","scheme":"Asserting","schemeID":"74"},{"nodeID":"199564","text":"we should listen to the top five Democrats","type":"I","timestamp":"2016-09-16 11:40:45"},{"nodeID":"199565","text":"Barbara: mfball : we listen to the top five Democrats","type":"L","timestamp":"2016-09-16 11:40:45"},{"nodeID":"199566","text":"Default Conflict","type":"CA","timestamp":"2016-09-16 11:40:45","scheme":"Default Conflict","schemeID":"71"},{"nodeID":"199567","text":"Default Transition","type":"TA","timestamp":"2016-09-16 11:40:45","scheme":"Default Transition","schemeID":"82"},{"nodeID":"199568","text":"Disagreeing","type":"YA","timestamp":"2016-09-16 11:40:46","scheme":"Disagreeing","schemeID":"78"},{"nodeID":"199569","text":"mfball : the Republicans had the top eleven or so in their debate","type":"L","timestamp":"2016-09-16 11:40:46"},{"nodeID":"199570","text":"Asserting","type":"YA","timestamp":"2016-09-16 11:40:46","scheme":"Asserting","schemeID":"74"},{"nodeID":"199571","text":"the Republicans had the top eleven or so in their debate","type":"I","timestamp":"2016-09-16 11:40:46"},{"nodeID":"199572","text":"Barbara: mfball : the Republicans had the top eleven or so in their debate","type":"L","timestamp":"2016-09-16 11:40:46"},{"nodeID":"199573","text":"Default Inference","type":"RA","timestamp":"2016-09-16 11:40:46","scheme":"Default Inference","schemeID":"72"},{"nodeID":"199574","text":"Default Transition","type":"TA","timestamp":"2016-09-16 11:40:46","scheme":"Default Transition","schemeID":"82"},{"nodeID":"199575","text":"Arguing","type":"YA","timestamp":"2016-09-16 11:40:46","scheme":"Arguing","schemeID":"80"},{"nodeID":"199576","text":"mfball : Chafee seemed like a trainwreck in the debate","type":"L","timestamp":"2016-09-16 11:40:46"},{"nodeID":"199577","text":"Asserting","type":"YA","timestamp":"2016-09-16 11:40:46","scheme":"Asserting","schemeID":"74"},{"nodeID":"199578","text":"Chafee seemed like a trainwreck in the debate","type":"I","timestamp":"2016-09-16 11:40:46"},{"nodeID":"199579","text":"Barbara: mfball : Chafee seemed like a trainwreck in the debate","type":"L","timestamp":"2016-09-16 11:40:46"},{"nodeID":"199580","text":"mfball : O'Malley did alright","type":"L","timestamp":"2016-09-16 11:40:47"},{"nodeID":"199581","text":"Asserting","type":"YA","timestamp":"2016-09-16 11:40:47","scheme":"Asserting","schemeID":"74"},{"nodeID":"199582","text":"O'Malley did alright","type":"I","timestamp":"2016-09-16 11:40:47"},{"nodeID":"199583","text":"Barbara: mfball : O'Malley did alright","type":"L","timestamp":"2016-09-16 11:40:47"},{"nodeID":"199584","text":"mfball : You might be right about his chances at getting the nomination","type":"L","timestamp":"2016-09-16 11:40:47"},{"nodeID":"199585","text":"Asserting","type":"YA","timestamp":"2016-09-16 11:40:47","scheme":"Asserting","schemeID":"74"},{"nodeID":"199586","text":"you might be right about his chances at getting the nomination","type":"I","timestamp":"2016-09-16 11:40:47"},{"nodeID":"199587","text":"Barbara: mfball : You might be right about his chances at getting the nomination","type":"L","timestamp":"2016-09-16 11:40:47"},{"nodeID":"199588","text":"mfball : some candidates' chances could be influenced greatly by the amount of media coverage they're getting","type":"L","timestamp":"2016-09-16 11:40:47"},{"nodeID":"199589","text":"Asserting","type":"YA","timestamp":"2016-09-16 11:40:47","scheme":"Asserting","schemeID":"74"},{"nodeID":"199590","text":"some candidates' chances could be influenced greatly by the amount of media coverage they're getting","type":"I","timestamp":"2016-09-16 11:40:47"},{"nodeID":"199591","text":"Barbara: mfball : some candidates' chances could be influenced greatly by the amount of media coverage they're getting","type":"L","timestamp":"2016-09-16 11:40:48"},{"nodeID":"199592","text":"mfball : People were swearing up and down that Bernie didn't have a shot","type":"L","timestamp":"2016-09-16 11:40:48"},{"nodeID":"199593","text":"Asserting","type":"YA","timestamp":"2016-09-16 11:40:48","scheme":"Asserting","schemeID":"74"},{"nodeID":"199594","text":"people were swearing up and down that Bernie Sanders didn't have a shot","type":"I","timestamp":"2016-09-16 11:40:48"},{"nodeID":"199595","text":"Barbara: mfball : People were swearing up and down that Bernie didn't have a shot","type":"L","timestamp":"2016-09-16 11:40:48"},{"nodeID":"199596","text":"mfball : no one had ever heard of him","type":"L","timestamp":"2016-09-16 11:40:48"},{"nodeID":"199597","text":"Asserting","type":"YA","timestamp":"2016-09-16 11:40:48","scheme":"Asserting","schemeID":"74"},{"nodeID":"199598","text":"no one had ever heard of Sanders","type":"I","timestamp":"2016-09-16 11:40:48"},{"nodeID":"199599","text":"Barbara: mfball : no one had ever heard of him","type":"L","timestamp":"2016-09-16 11:40:48"},{"nodeID":"199600","text":"mfball : Hillary was the only one getting airtime","type":"L","timestamp":"2016-09-16 11:40:48"},{"nodeID":"199601","text":"Asserting","type":"YA","timestamp":"2016-09-16 11:40:48","scheme":"Asserting","schemeID":"74"},{"nodeID":"199602","text":"Hillary was the only one getting airtime","type":"I","timestamp":"2016-09-16 11:40:48"},{"nodeID":"199603","text":"Barbara: mfball : Hillary was the only one getting airtime","type":"L","timestamp":"2016-09-16 11:40:49"},{"nodeID":"199604","text":"Default Inference","type":"RA","timestamp":"2016-09-16 11:40:49","scheme":"Default Inference","schemeID":"72"},{"nodeID":"199605","text":"Default Transition","type":"TA","timestamp":"2016-09-16 11:40:49","scheme":"Default Transition","schemeID":"82"},{"nodeID":"199606","text":"Arguing","type":"YA","timestamp":"2016-09-16 11:40:49","scheme":"Arguing","schemeID":"80"},{"nodeID":"199607","text":"Example","type":"RA","timestamp":"2016-09-16 11:40:49","scheme":"Example","schemeID":"14"},{"nodeID":"199608","text":"Default Transition","type":"TA","timestamp":"2016-09-16 11:40:49","scheme":"Default Transition","schemeID":"82"},{"nodeID":"199609","text":"Arguing","type":"YA","timestamp":"2016-09-16 11:40:49","scheme":"Arguing","schemeID":"80"},{"nodeID":"199610","text":"mfball : now he's getting a lot of attention","type":"L","timestamp":"2016-09-16 11:40:49"},{"nodeID":"199611","text":"Asserting","type":"YA","timestamp":"2016-09-16 11:40:49","scheme":"Asserting","schemeID":"74"},{"nodeID":"199612","text":"now Bernie Sanders is getting a lot of attention","type":"I","timestamp":"2016-09-16 11:40:49"},{"nodeID":"199613","text":"Barbara: mfball : now he's getting a lot of attention","type":"L","timestamp":"2016-09-16 11:40:50"},{"nodeID":"199614","text":"mfball :  he's a competitive candidate","type":"L","timestamp":"2016-09-16 11:40:50"},{"nodeID":"199615","text":"Asserting","type":"YA","timestamp":"2016-09-16 11:40:50","scheme":"Asserting","schemeID":"74"},{"nodeID":"199616","text":"now Bernie Sanders is a competitive candidate","type":"I","timestamp":"2016-09-16 11:40:50"},{"nodeID":"199617","text":"Barbara: mfball :  he's a competitive candidate","type":"L","timestamp":"2016-09-16 11:40:50"},{"nodeID":"199618","text":"Default Inference","type":"RA","timestamp":"2016-09-16 11:40:50","scheme":"Default Inference","schemeID":"72"},{"nodeID":"199619","text":"Default Transition","type":"TA","timestamp":"2016-09-16 11:40:50","scheme":"Default Transition","schemeID":"82"},{"nodeID":"199620","text":"Arguing","type":"YA","timestamp":"2016-09-16 11:40:50","scheme":"Arguing","schemeID":"80"},{"nodeID":"199621","text":"Default Inference","type":"RA","timestamp":"2016-09-16 11:40:50","scheme":"Default Inference","schemeID":"72"},{"nodeID":"199622","text":"Default Transition","type":"TA","timestamp":"2016-09-16 11:40:50","scheme":"Default Transition","schemeID":"82"},{"nodeID":"199623","text":"Arguing","type":"YA","timestamp":"2016-09-16 11:40:50","scheme":"Arguing","schemeID":"80"},{"nodeID":"199624","text":"Default Transition","type":"TA","timestamp":"2016-09-16 11:40:51","scheme":"Default Transition","schemeID":"82"},{"nodeID":"199625","text":"mfball :  I don't know a lot about O'Malley","type":"L","timestamp":"2016-09-16 11:40:51"},{"nodeID":"199626","text":"Asserting","type":"YA","timestamp":"2016-09-16 11:40:51","scheme":"Asserting","schemeID":"74"},{"nodeID":"199627","text":"I don't know a lot about O'Malley","type":"I","timestamp":"2016-09-16 11:40:51"},{"nodeID":"199628","text":"Barbara: mfball :  I don't know a lot about O'Malley","type":"L","timestamp":"2016-09-16 11:40:51"},{"nodeID":"199629","text":"mfball : nobody's been talking about him or interviewing him","type":"L","timestamp":"2016-09-16 11:40:51"},{"nodeID":"199630","text":"Asserting","type":"YA","timestamp":"2016-09-16 11:40:51","scheme":"Asserting","schemeID":"74"},{"nodeID":"199631","text":"nobody's been talking about him or interviewing him","type":"I","timestamp":"2016-09-16 11:40:51"},{"nodeID":"199632","text":"Barbara: mfball : nobody's been talking about him or interviewing him","type":"L","timestamp":"2016-09-16 11:40:51"},{"nodeID":"199633","text":"Default Inference","type":"RA","timestamp":"2016-09-16 11:40:51","scheme":"Default Inference","schemeID":"72"},{"nodeID":"199634","text":"Default Transition","type":"TA","timestamp":"2016-09-16 11:40:51","scheme":"Default Transition","schemeID":"82"},{"nodeID":"199635","text":"Arguing","type":"YA","timestamp":"2016-09-16 11:40:52","scheme":"Arguing","schemeID":"80"},{"nodeID":"199636","text":"mfball : I don't think he came off as a \"sideshow\" candidate in the debate","type":"L","timestamp":"2016-09-16 11:40:52"},{"nodeID":"199637","text":"Asserting","type":"YA","timestamp":"2016-09-16 11:40:52","scheme":"Asserting","schemeID":"74"},{"nodeID":"199638","text":"O'Malley did not came off as a \"sideshow\" candidate in the debate","type":"I","timestamp":"2016-09-16 11:40:52"},{"nodeID":"199639","text":"Barbara: mfball : I don't think he came off as a \"sideshow\" candidate in the debate","type":"L","timestamp":"2016-09-16 11:40:52"},{"nodeID":"199640","text":"mfball : If he started getting more attention, I imagine he could probably pull numbers at least as good as the lowest of the Republicans that are still being talked about","type":"L","timestamp":"2016-09-16 11:40:52"},{"nodeID":"199641","text":"Asserting","type":"YA","timestamp":"2016-09-16 11:40:52","scheme":"Asserting","schemeID":"74"},{"nodeID":"199642","text":"if O'Malley started getting more attention, I imagine he could probably pull numbers at least as good as the lowest of the Republicans that are still being talked about","type":"I","timestamp":"2016-09-16 11:40:52"},{"nodeID":"199643","text":"Barbara: mfball : If he started getting more attention, I imagine he could probably pull numbers at least as good as the lowest of the Republicans that are still being talked about","type":"L","timestamp":"2016-09-16 11:40:52"},{"nodeID":"199644","text":"Default Inference","type":"RA","timestamp":"2016-09-16 11:40:52","scheme":"Default Inference","schemeID":"72"},{"nodeID":"199645","text":"Default Transition","type":"TA","timestamp":"2016-09-16 11:40:52","scheme":"Default Transition","schemeID":"82"},{"nodeID":"199646","text":"Arguing","type":"YA","timestamp":"2016-09-16 11:40:52","scheme":"Arguing","schemeID":"80"},{"nodeID":"199647","text":"Default Conflict","type":"CA","timestamp":"2016-09-16 11:40:53","scheme":"Default Conflict","schemeID":"71"},{"nodeID":"199648","text":"Default Transition","type":"TA","timestamp":"2016-09-16 11:40:53","scheme":"Default Transition","schemeID":"82"},{"nodeID":"199649","text":"Disagreeing","type":"YA","timestamp":"2016-09-16 11:40:53","scheme":"Disagreeing","schemeID":"78"},{"nodeID":"199650","text":"Default Transition","type":"TA","timestamp":"2016-09-16 11:40:53","scheme":"Default Transition","schemeID":"82"},{"nodeID":"199651","text":"Example","type":"RA","timestamp":"2016-09-16 11:40:53","scheme":"Example","schemeID":"14"},{"nodeID":"199652","text":"Default Transition","type":"TA","timestamp":"2016-09-16 11:40:53","scheme":"Default Transition","schemeID":"82"},{"nodeID":"199653","text":"Arguing","type":"YA","timestamp":"2016-09-16 11:40:53","scheme":"Arguing","schemeID":"80"}],"edges":[{"edgeID":"243837","fromID":"199244","toID":"199245","formEdgeID":null},{"edgeID":"243838","fromID":"199243","toID":"199244","formEdgeID":null},{"edgeID":"243839","fromID":"199243","toID":"199249","formEdgeID":null},{"edgeID":"243840","fromID":"199249","toID":"199247","formEdgeID":null},{"edgeID":"243841","fromID":"199249","toID":"199250","formEdgeID":null},{"edgeID":"243842","fromID":"199250","toID":"199245","formEdgeID":null},{"edgeID":"243843","fromID":"199252","toID":"199253","formEdgeID":null},{"edgeID":"243844","fromID":"199251","toID":"199252","formEdgeID":null},{"edgeID":"243845","fromID":"199256","toID":"199257","formEdgeID":null},{"edgeID":"243846","fromID":"199255","toID":"199256","formEdgeID":null},{"edgeID":"243847","fromID":"199255","toID":"199261","formEdgeID":null},{"edgeID":"243848","fromID":"199261","toID":"199259","formEdgeID":null},{"edgeID":"243849","fromID":"199261","toID":"199262","formEdgeID":null},{"edgeID":"243850","fromID":"199262","toID":"199257","formEdgeID":null},{"edgeID":"243851","fromID":"199264","toID":"199265","formEdgeID":null},{"edgeID":"243852","fromID":"199263","toID":"199264","formEdgeID":null},{"edgeID":"243853","fromID":"199268","toID":"199269","formEdgeID":null},{"edgeID":"243854","fromID":"199267","toID":"199268","formEdgeID":null},{"edgeID":"243855","fromID":"199272","toID":"199273","formEdgeID":null},{"edgeID":"243856","fromID":"199271","toID":"199272","formEdgeID":null},{"edgeID":"243857","fromID":"199276","toID":"199277","formEdgeID":null},{"edgeID":"243858","fromID":"199275","toID":"199276","formEdgeID":null},{"edgeID":"243859","fromID":"199247","toID":"199279","formEdgeID":null},{"edgeID":"243860","fromID":"199279","toID":"199251","formEdgeID":null},{"edgeID":"243861","fromID":"199269","toID":"199280","formEdgeID":null},{"edgeID":"243862","fromID":"199280","toID":"199257","formEdgeID":null},{"edgeID":"243863","fromID":"199255","toID":"199281","formEdgeID":null},{"edgeID":"243864","fromID":"199281","toID":"199267","formEdgeID":null},{"edgeID":"243865","fromID":"199281","toID":"199282","formEdgeID":null},{"edgeID":"243866","fromID":"199282","toID":"199280","formEdgeID":null},{"edgeID":"243867","fromID":"199265","toID":"199283","formEdgeID":null},{"edgeID":"243868","fromID":"199283","toID":"199253","formEdgeID":null},{"edgeID":"243869","fromID":"199251","toID":"199284","formEdgeID":null},{"edgeID":"243870","fromID":"199284","toID":"199263","formEdgeID":null},{"edgeID":"243871","fromID":"199284","toID":"199285","formEdgeID":null},{"edgeID":"243872","fromID":"199285","toID":"199283","formEdgeID":null},{"edgeID":"243873","fromID":"199267","toID":"199286","formEdgeID":null},{"edgeID":"243874","fromID":"199286","toID":"199271","formEdgeID":null},{"edgeID":"243875","fromID":"199277","toID":"199287","formEdgeID":null},{"edgeID":"243876","fromID":"199287","toID":"199257","formEdgeID":null},{"edgeID":"243877","fromID":"199271","toID":"199288","formEdgeID":null},{"edgeID":"243878","fromID":"199288","toID":"199275","formEdgeID":null},{"edgeID":"243879","fromID":"199288","toID":"199289","formEdgeID":null},{"edgeID":"243880","fromID":"199289","toID":"199287","formEdgeID":null},{"edgeID":"243881","fromID":"199271","toID":"199292","formEdgeID":null},{"edgeID":"243882","fromID":"199292","toID":"199290","formEdgeID":null},{"edgeID":"243883","fromID":"199292","toID":"199293","formEdgeID":null},{"edgeID":"243884","fromID":"199293","toID":"199273","formEdgeID":null},{"edgeID":"243885","fromID":"199295","toID":"199296","formEdgeID":null},{"edgeID":"243886","fromID":"199294","toID":"199295","formEdgeID":null},{"edgeID":"243887","fromID":"199296","toID":"199298","formEdgeID":null},{"edgeID":"243888","fromID":"199298","toID":"199273","formEdgeID":null},{"edgeID":"243889","fromID":"199271","toID":"199299","formEdgeID":null},{"edgeID":"243890","fromID":"199299","toID":"199294","formEdgeID":null},{"edgeID":"243891","fromID":"199299","toID":"199300","formEdgeID":null},{"edgeID":"243892","fromID":"199300","toID":"199298","formEdgeID":null},{"edgeID":"243893","fromID":"199302","toID":"199303","formEdgeID":null},{"edgeID":"243894","fromID":"199301","toID":"199302","formEdgeID":null},{"edgeID":"243895","fromID":"199303","toID":"199305","formEdgeID":null},{"edgeID":"243896","fromID":"199305","toID":"199296","formEdgeID":null},{"edgeID":"243897","fromID":"199294","toID":"199306","formEdgeID":null},{"edgeID":"243898","fromID":"199306","toID":"199301","formEdgeID":null},{"edgeID":"243899","fromID":"199306","toID":"199307","formEdgeID":null},{"edgeID":"243900","fromID":"199307","toID":"199305","formEdgeID":null},{"edgeID":"243901","fromID":"199309","toID":"199310","formEdgeID":null},{"edgeID":"243902","fromID":"199308","toID":"199309","formEdgeID":null},{"edgeID":"243903","fromID":"199313","toID":"199314","formEdgeID":null},{"edgeID":"243904","fromID":"199312","toID":"199313","formEdgeID":null},{"edgeID":"243905","fromID":"199317","toID":"199318","formEdgeID":null},{"edgeID":"243906","fromID":"199316","toID":"199317","formEdgeID":null},{"edgeID":"243907","fromID":"199318","toID":"199320","formEdgeID":null},{"edgeID":"243908","fromID":"199320","toID":"199303","formEdgeID":null},{"edgeID":"243909","fromID":"199303","toID":"199321","formEdgeID":null},{"edgeID":"243910","fromID":"199321","toID":"199314","formEdgeID":null},{"edgeID":"243911","fromID":"199316","toID":"199322","formEdgeID":null},{"edgeID":"243912","fromID":"199322","toID":"199301","formEdgeID":null},{"edgeID":"243913","fromID":"199322","toID":"199323","formEdgeID":null},{"edgeID":"243914","fromID":"199323","toID":"199320","formEdgeID":null},{"edgeID":"243915","fromID":"199301","toID":"199324","formEdgeID":null},{"edgeID":"243916","fromID":"199324","toID":"199312","formEdgeID":null},{"edgeID":"243917","fromID":"199324","toID":"199325","formEdgeID":null},{"edgeID":"243918","fromID":"199325","toID":"199321","formEdgeID":null},{"edgeID":"243919","fromID":"199301","toID":"199326","formEdgeID":null},{"edgeID":"243920","fromID":"199326","toID":"199308","formEdgeID":null},{"edgeID":"243921","fromID":"199328","toID":"199327","formEdgeID":null},{"edgeID":"243922","fromID":"199329","toID":"199328","formEdgeID":null},{"edgeID":"243923","fromID":"199327","toID":"199331","formEdgeID":null},{"edgeID":"243924","fromID":"199331","toID":"199303","formEdgeID":null},{"edgeID":"243925","fromID":"199301","toID":"199332","formEdgeID":null},{"edgeID":"243926","fromID":"199332","toID":"199329","formEdgeID":null},{"edgeID":"243927","fromID":"199332","toID":"199333","formEdgeID":null},{"edgeID":"243928","fromID":"199333","toID":"199331","formEdgeID":null},{"edgeID":"243929","fromID":"199335","toID":"199334","formEdgeID":null},{"edgeID":"243930","fromID":"199336","toID":"199335","formEdgeID":null},{"edgeID":"243931","fromID":"199334","toID":"199338","formEdgeID":null},{"edgeID":"243932","fromID":"199338","toID":"199327","formEdgeID":null},{"edgeID":"243933","fromID":"199329","toID":"199339","formEdgeID":null},{"edgeID":"243934","fromID":"199339","toID":"199336","formEdgeID":null},{"edgeID":"243935","fromID":"199339","toID":"199340","formEdgeID":null},{"edgeID":"243936","fromID":"199340","toID":"199338","formEdgeID":null},{"edgeID":"243937","fromID":"199345","toID":"199346","formEdgeID":null},{"edgeID":"243938","fromID":"199344","toID":"199345","formEdgeID":null},{"edgeID":"243939","fromID":"199349","toID":"199350","formEdgeID":null},{"edgeID":"243940","fromID":"199348","toID":"199349","formEdgeID":null},{"edgeID":"243941","fromID":"199353","toID":"199354","formEdgeID":null},{"edgeID":"243942","fromID":"199352","toID":"199353","formEdgeID":null},{"edgeID":"243943","fromID":"199357","toID":"199358","formEdgeID":null},{"edgeID":"243944","fromID":"199356","toID":"199357","formEdgeID":null},{"edgeID":"243945","fromID":"199361","toID":"199362","formEdgeID":null},{"edgeID":"243946","fromID":"199360","toID":"199361","formEdgeID":null},{"edgeID":"243947","fromID":"199365","toID":"199366","formEdgeID":null},{"edgeID":"243948","fromID":"199364","toID":"199365","formEdgeID":null},{"edgeID":"243949","fromID":"199369","toID":"199370","formEdgeID":null},{"edgeID":"243950","fromID":"199368","toID":"199369","formEdgeID":null},{"edgeID":"243951","fromID":"199373","toID":"199374","formEdgeID":null},{"edgeID":"243952","fromID":"199372","toID":"199373","formEdgeID":null},{"edgeID":"243953","fromID":"199374","toID":"199375","formEdgeID":null},{"edgeID":"243954","fromID":"199375","toID":"199334","formEdgeID":null},{"edgeID":"243955","fromID":"199336","toID":"199376","formEdgeID":null},{"edgeID":"243956","fromID":"199376","toID":"199372","formEdgeID":null},{"edgeID":"243957","fromID":"199376","toID":"199377","formEdgeID":null},{"edgeID":"243958","fromID":"199377","toID":"199375","formEdgeID":null},{"edgeID":"243959","fromID":"199346","toID":"199378","formEdgeID":null},{"edgeID":"243960","fromID":"199378","toID":"199374","formEdgeID":null},{"edgeID":"243961","fromID":"199372","toID":"199379","formEdgeID":null},{"edgeID":"243962","fromID":"199379","toID":"199344","formEdgeID":null},{"edgeID":"243963","fromID":"199379","toID":"199380","formEdgeID":null},{"edgeID":"243964","fromID":"199380","toID":"199378","formEdgeID":null},{"edgeID":"243965","fromID":"199350","toID":"199381","formEdgeID":null},{"edgeID":"243966","fromID":"199381","toID":"199346","formEdgeID":null},{"edgeID":"243967","fromID":"199354","toID":"199381","formEdgeID":null},{"edgeID":"243968","fromID":"199344","toID":"199382","formEdgeID":null},{"edgeID":"243969","fromID":"199382","toID":"199352","formEdgeID":null},{"edgeID":"243970","fromID":"199382","toID":"199348","formEdgeID":null},{"edgeID":"243971","fromID":"199382","toID":"199383","formEdgeID":null},{"edgeID":"243972","fromID":"199383","toID":"199381","formEdgeID":null},{"edgeID":"243973","fromID":"199358","toID":"199384","formEdgeID":null},{"edgeID":"243974","fromID":"199384","toID":"199354","formEdgeID":null},{"edgeID":"243975","fromID":"199362","toID":"199384","formEdgeID":null},{"edgeID":"243976","fromID":"199366","toID":"199384","formEdgeID":null},{"edgeID":"243977","fromID":"199370","toID":"199384","formEdgeID":null},{"edgeID":"243978","fromID":"199352","toID":"199385","formEdgeID":null},{"edgeID":"243979","fromID":"199385","toID":"199368","formEdgeID":null},{"edgeID":"243980","fromID":"199385","toID":"199356","formEdgeID":null},{"edgeID":"243981","fromID":"199385","toID":"199360","formEdgeID":null},{"edgeID":"243982","fromID":"199385","toID":"199364","formEdgeID":null},{"edgeID":"243983","fromID":"199385","toID":"199386","formEdgeID":null},{"edgeID":"243984","fromID":"199386","toID":"199384","formEdgeID":null},{"edgeID":"243985","fromID":"199388","toID":"199389","formEdgeID":null},{"edgeID":"243986","fromID":"199387","toID":"199388","formEdgeID":null},{"edgeID":"243987","fromID":"199392","toID":"199393","formEdgeID":null},{"edgeID":"243988","fromID":"199391","toID":"199392","formEdgeID":null},{"edgeID":"243989","fromID":"199396","toID":"199397","formEdgeID":null},{"edgeID":"243990","fromID":"199395","toID":"199396","formEdgeID":null},{"edgeID":"243991","fromID":"199400","toID":"199401","formEdgeID":null},{"edgeID":"243992","fromID":"199399","toID":"199400","formEdgeID":null},{"edgeID":"243993","fromID":"199397","toID":"199403","formEdgeID":null},{"edgeID":"243994","fromID":"199403","toID":"199401","formEdgeID":null},{"edgeID":"243995","fromID":"199399","toID":"199404","formEdgeID":null},{"edgeID":"243996","fromID":"199404","toID":"199395","formEdgeID":null},{"edgeID":"243997","fromID":"199404","toID":"199405","formEdgeID":null},{"edgeID":"243998","fromID":"199405","toID":"199403","formEdgeID":null},{"edgeID":"243999","fromID":"199407","toID":"199408","formEdgeID":null},{"edgeID":"244000","fromID":"199406","toID":"199407","formEdgeID":null},{"edgeID":"244001","fromID":"199399","toID":"199410","formEdgeID":null},{"edgeID":"244002","fromID":"199410","toID":"199406","formEdgeID":null},{"edgeID":"244003","fromID":"199401","toID":"199411","formEdgeID":null},{"edgeID":"244004","fromID":"199411","toID":"199393","formEdgeID":null},{"edgeID":"244005","fromID":"199391","toID":"199412","formEdgeID":null},{"edgeID":"244006","fromID":"199412","toID":"199399","formEdgeID":null},{"edgeID":"244007","fromID":"199412","toID":"199413","formEdgeID":null},{"edgeID":"244008","fromID":"199413","toID":"199411","formEdgeID":null},{"edgeID":"244009","fromID":"199368","toID":"199414","formEdgeID":null},{"edgeID":"244010","fromID":"199414","toID":"199387","formEdgeID":null},{"edgeID":"244011","fromID":"199393","toID":"199415","formEdgeID":null},{"edgeID":"244012","fromID":"199415","toID":"199374","formEdgeID":null},{"edgeID":"244013","fromID":"199372","toID":"199416","formEdgeID":null},{"edgeID":"244014","fromID":"199416","toID":"199391","formEdgeID":null},{"edgeID":"244015","fromID":"199416","toID":"199417","formEdgeID":null},{"edgeID":"244016","fromID":"199417","toID":"199415","formEdgeID":null},{"edgeID":"244017","fromID":"199419","toID":"199420","formEdgeID":null},{"edgeID":"244018","fromID":"199418","toID":"199419","formEdgeID":null},{"edgeID":"244019","fromID":"199423","toID":"199424","formEdgeID":null},{"edgeID":"244020","fromID":"199422","toID":"199423","formEdgeID":null},{"edgeID":"244021","fromID":"199427","toID":"199428","formEdgeID":null},{"edgeID":"244022","fromID":"199426","toID":"199427","formEdgeID":null},{"edgeID":"244023","fromID":"199428","toID":"199430","formEdgeID":null},{"edgeID":"244024","fromID":"199430","toID":"199420","formEdgeID":null},{"edgeID":"244025","fromID":"199424","toID":"199430","formEdgeID":null},{"edgeID":"244026","fromID":"199432","toID":"199433","formEdgeID":null},{"edgeID":"244027","fromID":"199431","toID":"199432","formEdgeID":null},{"edgeID":"244028","fromID":"199433","toID":"199435","formEdgeID":null},{"edgeID":"244029","fromID":"199435","toID":"199420","formEdgeID":null},{"edgeID":"244030","fromID":"199426","toID":"199436","formEdgeID":null},{"edgeID":"244031","fromID":"199436","toID":"199418","formEdgeID":null},{"edgeID":"244032","fromID":"199422","toID":"199436","formEdgeID":null},{"edgeID":"244033","fromID":"199436","toID":"199437","formEdgeID":null},{"edgeID":"244034","fromID":"199437","toID":"199430","formEdgeID":null},{"edgeID":"244035","fromID":"199418","toID":"199438","formEdgeID":null},{"edgeID":"244036","fromID":"199438","toID":"199431","formEdgeID":null},{"edgeID":"244037","fromID":"199438","toID":"199439","formEdgeID":null},{"edgeID":"244038","fromID":"199439","toID":"199435","formEdgeID":null},{"edgeID":"244039","fromID":"199420","toID":"199440","formEdgeID":null},{"edgeID":"244040","fromID":"199440","toID":"199393","formEdgeID":null},{"edgeID":"244041","fromID":"199391","toID":"199441","formEdgeID":null},{"edgeID":"244042","fromID":"199441","toID":"199418","formEdgeID":null},{"edgeID":"244043","fromID":"199441","toID":"199442","formEdgeID":null},{"edgeID":"244044","fromID":"199442","toID":"199440","formEdgeID":null},{"edgeID":"244045","fromID":"199444","toID":"199445","formEdgeID":null},{"edgeID":"244046","fromID":"199443","toID":"199444","formEdgeID":null},{"edgeID":"244047","fromID":"199448","toID":"199449","formEdgeID":null},{"edgeID":"244048","fromID":"199447","toID":"199448","formEdgeID":null},{"edgeID":"244049","fromID":"199445","toID":"199451","formEdgeID":null},{"edgeID":"244050","fromID":"199451","toID":"199433","formEdgeID":null},{"edgeID":"244051","fromID":"199431","toID":"199452","formEdgeID":null},{"edgeID":"244052","fromID":"199452","toID":"199443","formEdgeID":null},{"edgeID":"244053","fromID":"199452","toID":"199453","formEdgeID":null},{"edgeID":"244054","fromID":"199453","toID":"199451","formEdgeID":null},{"edgeID":"244055","fromID":"199449","toID":"199454","formEdgeID":null},{"edgeID":"244056","fromID":"199454","toID":"199445","formEdgeID":null},{"edgeID":"244057","fromID":"199456","toID":"199457","formEdgeID":null},{"edgeID":"244058","fromID":"199455","toID":"199456","formEdgeID":null},{"edgeID":"244059","fromID":"199457","toID":"199454","formEdgeID":null},{"edgeID":"244060","fromID":"199443","toID":"199459","formEdgeID":null},{"edgeID":"244061","fromID":"199459","toID":"199455","formEdgeID":null},{"edgeID":"244062","fromID":"199459","toID":"199447","formEdgeID":null},{"edgeID":"244063","fromID":"199459","toID":"199460","formEdgeID":null},{"edgeID":"244064","fromID":"199460","toID":"199454","formEdgeID":null},{"edgeID":"244065","fromID":"199463","toID":"199464","formEdgeID":null},{"edgeID":"244066","fromID":"199462","toID":"199463","formEdgeID":null},{"edgeID":"244067","fromID":"199464","toID":"199466","formEdgeID":null},{"edgeID":"244068","fromID":"199466","toID":"199303","formEdgeID":null},{"edgeID":"244069","fromID":"199301","toID":"199467","formEdgeID":null},{"edgeID":"244070","fromID":"199467","toID":"199462","formEdgeID":null},{"edgeID":"244071","fromID":"199467","toID":"199468","formEdgeID":null},{"edgeID":"244072","fromID":"199468","toID":"199466","formEdgeID":null},{"edgeID":"244073","fromID":"199470","toID":"199471","formEdgeID":null},{"edgeID":"244074","fromID":"199469","toID":"199470","formEdgeID":null},{"edgeID":"244075","fromID":"199474","toID":"199475","formEdgeID":null},{"edgeID":"244076","fromID":"199473","toID":"199474","formEdgeID":null},{"edgeID":"244077","fromID":"199475","toID":"199477","formEdgeID":null},{"edgeID":"244078","fromID":"199477","toID":"199471","formEdgeID":null},{"edgeID":"244079","fromID":"199469","toID":"199478","formEdgeID":null},{"edgeID":"244080","fromID":"199478","toID":"199473","formEdgeID":null},{"edgeID":"244081","fromID":"199478","toID":"199479","formEdgeID":null},{"edgeID":"244082","fromID":"199479","toID":"199477","formEdgeID":null},{"edgeID":"244083","fromID":"199481","toID":"199482","formEdgeID":null},{"edgeID":"244084","fromID":"199480","toID":"199481","formEdgeID":null},{"edgeID":"244085","fromID":"199471","toID":"199484","formEdgeID":null},{"edgeID":"244086","fromID":"199484","toID":"199482","formEdgeID":null},{"edgeID":"244087","fromID":"199469","toID":"199485","formEdgeID":null},{"edgeID":"244088","fromID":"199485","toID":"199480","formEdgeID":null},{"edgeID":"244089","fromID":"199485","toID":"199486","formEdgeID":null},{"edgeID":"244090","fromID":"199486","toID":"199484","formEdgeID":null},{"edgeID":"244091","fromID":"199488","toID":"199489","formEdgeID":null},{"edgeID":"244092","fromID":"199487","toID":"199488","formEdgeID":null},{"edgeID":"244093","fromID":"199489","toID":"199491","formEdgeID":null},{"edgeID":"244094","fromID":"199491","toID":"199482","formEdgeID":null},{"edgeID":"244095","fromID":"199480","toID":"199492","formEdgeID":null},{"edgeID":"244096","fromID":"199492","toID":"199487","formEdgeID":null},{"edgeID":"244097","fromID":"199492","toID":"199493","formEdgeID":null},{"edgeID":"244098","fromID":"199493","toID":"199491","formEdgeID":null},{"edgeID":"244099","fromID":"199482","toID":"199494","formEdgeID":null},{"edgeID":"244100","fromID":"199494","toID":"199464","formEdgeID":null},{"edgeID":"244101","fromID":"199462","toID":"199495","formEdgeID":null},{"edgeID":"244102","fromID":"199495","toID":"199480","formEdgeID":null},{"edgeID":"244103","fromID":"199495","toID":"199496","formEdgeID":null},{"edgeID":"244104","fromID":"199496","toID":"199494","formEdgeID":null},{"edgeID":"244105","fromID":"199498","toID":"199499","formEdgeID":null},{"edgeID":"244106","fromID":"199497","toID":"199498","formEdgeID":null},{"edgeID":"244107","fromID":"199502","toID":"199503","formEdgeID":null},{"edgeID":"244108","fromID":"199501","toID":"199502","formEdgeID":null},{"edgeID":"244109","fromID":"199499","toID":"199505","formEdgeID":null},{"edgeID":"244110","fromID":"199505","toID":"199503","formEdgeID":null},{"edgeID":"244111","fromID":"199497","toID":"199506","formEdgeID":null},{"edgeID":"244112","fromID":"199506","toID":"199501","formEdgeID":null},{"edgeID":"244113","fromID":"199506","toID":"199507","formEdgeID":null},{"edgeID":"244114","fromID":"199507","toID":"199505","formEdgeID":null},{"edgeID":"244115","fromID":"199509","toID":"199510","formEdgeID":null},{"edgeID":"244116","fromID":"199508","toID":"199509","formEdgeID":null},{"edgeID":"244117","fromID":"199510","toID":"199512","formEdgeID":null},{"edgeID":"244118","fromID":"199512","toID":"199503","formEdgeID":null},{"edgeID":"244119","fromID":"199501","toID":"199513","formEdgeID":null},{"edgeID":"244120","fromID":"199513","toID":"199508","formEdgeID":null},{"edgeID":"244121","fromID":"199513","toID":"199514","formEdgeID":null},{"edgeID":"244122","fromID":"199514","toID":"199512","formEdgeID":null},{"edgeID":"244123","fromID":"199516","toID":"199517","formEdgeID":null},{"edgeID":"244124","fromID":"199515","toID":"199516","formEdgeID":null},{"edgeID":"244125","fromID":"199508","toID":"199519","formEdgeID":null},{"edgeID":"244126","fromID":"199519","toID":"199515","formEdgeID":null},{"edgeID":"244127","fromID":"199503","toID":"199520","formEdgeID":null},{"edgeID":"244128","fromID":"199520","toID":"199464","formEdgeID":null},{"edgeID":"244129","fromID":"199462","toID":"199521","formEdgeID":null},{"edgeID":"244130","fromID":"199521","toID":"199501","formEdgeID":null},{"edgeID":"244131","fromID":"199521","toID":"199522","formEdgeID":null},{"edgeID":"244132","fromID":"199522","toID":"199520","formEdgeID":null},{"edgeID":"244133","fromID":"199524","toID":"199525","formEdgeID":null},{"edgeID":"244134","fromID":"199523","toID":"199524","formEdgeID":null},{"edgeID":"244135","fromID":"199528","toID":"199529","formEdgeID":null},{"edgeID":"244136","fromID":"199527","toID":"199528","formEdgeID":null},{"edgeID":"244137","fromID":"199532","toID":"199533","formEdgeID":null},{"edgeID":"244138","fromID":"199531","toID":"199532","formEdgeID":null},{"edgeID":"244139","fromID":"199536","toID":"199537","formEdgeID":null},{"edgeID":"244140","fromID":"199535","toID":"199536","formEdgeID":null},{"edgeID":"244141","fromID":"199540","toID":"199541","formEdgeID":null},{"edgeID":"244142","fromID":"199539","toID":"199540","formEdgeID":null},{"edgeID":"244143","fromID":"199544","toID":"199545","formEdgeID":null},{"edgeID":"244144","fromID":"199543","toID":"199544","formEdgeID":null},{"edgeID":"244145","fromID":"199541","toID":"199547","formEdgeID":null},{"edgeID":"244146","fromID":"199547","toID":"199545","formEdgeID":null},{"edgeID":"244147","fromID":"199539","toID":"199548","formEdgeID":null},{"edgeID":"244148","fromID":"199548","toID":"199543","formEdgeID":null},{"edgeID":"244149","fromID":"199548","toID":"199549","formEdgeID":null},{"edgeID":"244150","fromID":"199549","toID":"199547","formEdgeID":null},{"edgeID":"244151","fromID":"199537","toID":"199550","formEdgeID":null},{"edgeID":"244152","fromID":"199550","toID":"199541","formEdgeID":null},{"edgeID":"244153","fromID":"199535","toID":"199551","formEdgeID":null},{"edgeID":"244154","fromID":"199551","toID":"199539","formEdgeID":null},{"edgeID":"244155","fromID":"199551","toID":"199552","formEdgeID":null},{"edgeID":"244156","fromID":"199552","toID":"199550","formEdgeID":null},{"edgeID":"244157","fromID":"199533","toID":"199553","formEdgeID":null},{"edgeID":"244158","fromID":"199553","toID":"199529","formEdgeID":null},{"edgeID":"244159","fromID":"199525","toID":"199553","formEdgeID":null},{"edgeID":"244160","fromID":"199523","toID":"199554","formEdgeID":null},{"edgeID":"244161","fromID":"199554","toID":"199527","formEdgeID":null},{"edgeID":"244162","fromID":"199531","toID":"199554","formEdgeID":null},{"edgeID":"244163","fromID":"199554","toID":"199555","formEdgeID":null},{"edgeID":"244164","fromID":"199555","toID":"199553","formEdgeID":null},{"edgeID":"244165","fromID":"199545","toID":"199556","formEdgeID":null},{"edgeID":"244166","fromID":"199556","toID":"199533","formEdgeID":null},{"edgeID":"244167","fromID":"199531","toID":"199557","formEdgeID":null},{"edgeID":"244168","fromID":"199557","toID":"199543","formEdgeID":null},{"edgeID":"244169","fromID":"199557","toID":"199558","formEdgeID":null},{"edgeID":"244170","fromID":"199558","toID":"199556","formEdgeID":null},{"edgeID":"244171","fromID":"199529","toID":"199528","formEdgeID":null},{"edgeID":"244172","fromID":"199529","toID":"199559","formEdgeID":null},{"edgeID":"244173","fromID":"199559","toID":"199510","formEdgeID":null},{"edgeID":"244174","fromID":"199527","toID":"199560","formEdgeID":null},{"edgeID":"244175","fromID":"199560","toID":"199508","formEdgeID":null},{"edgeID":"244176","fromID":"199560","toID":"199561","formEdgeID":null},{"edgeID":"244177","fromID":"199561","toID":"199559","formEdgeID":null},{"edgeID":"244178","fromID":"199563","toID":"199564","formEdgeID":null},{"edgeID":"244179","fromID":"199562","toID":"199563","formEdgeID":null},{"edgeID":"244180","fromID":"199564","toID":"199566","formEdgeID":null},{"edgeID":"244181","fromID":"199566","toID":"199529","formEdgeID":null},{"edgeID":"244182","fromID":"199527","toID":"199567","formEdgeID":null},{"edgeID":"244183","fromID":"199567","toID":"199562","formEdgeID":null},{"edgeID":"244184","fromID":"199567","toID":"199568","formEdgeID":null},{"edgeID":"244185","fromID":"199568","toID":"199566","formEdgeID":null},{"edgeID":"244186","fromID":"199570","toID":"199571","formEdgeID":null},{"edgeID":"244187","fromID":"199569","toID":"199570","formEdgeID":null},{"edgeID":"244188","fromID":"199571","toID":"199573","formEdgeID":null},{"edgeID":"244189","fromID":"199573","toID":"199564","formEdgeID":null},{"edgeID":"244190","fromID":"199562","toID":"199574","formEdgeID":null},{"edgeID":"244191","fromID":"199574","toID":"199569","formEdgeID":null},{"edgeID":"244192","fromID":"199574","toID":"199575","formEdgeID":null},{"edgeID":"244193","fromID":"199575","toID":"199573","formEdgeID":null},{"edgeID":"244194","fromID":"199577","toID":"199578","formEdgeID":null},{"edgeID":"244195","fromID":"199576","toID":"199577","formEdgeID":null},{"edgeID":"244196","fromID":"199581","toID":"199582","formEdgeID":null},{"edgeID":"244197","fromID":"199580","toID":"199581","formEdgeID":null},{"edgeID":"244198","fromID":"199585","toID":"199586","formEdgeID":null},{"edgeID":"244199","fromID":"199584","toID":"199585","formEdgeID":null},{"edgeID":"244200","fromID":"199589","toID":"199590","formEdgeID":null},{"edgeID":"244201","fromID":"199588","toID":"199589","formEdgeID":null},{"edgeID":"244202","fromID":"199593","toID":"199594","formEdgeID":null},{"edgeID":"244203","fromID":"199592","toID":"199593","formEdgeID":null},{"edgeID":"244204","fromID":"199597","toID":"199598","formEdgeID":null},{"edgeID":"244205","fromID":"199596","toID":"199597","formEdgeID":null},{"edgeID":"244206","fromID":"199601","toID":"199602","formEdgeID":null},{"edgeID":"244207","fromID":"199600","toID":"199601","formEdgeID":null},{"edgeID":"244208","fromID":"199602","toID":"199604","formEdgeID":null},{"edgeID":"244209","fromID":"199604","toID":"199594","formEdgeID":null},{"edgeID":"244210","fromID":"199598","toID":"199604","formEdgeID":null},{"edgeID":"244211","fromID":"199592","toID":"199605","formEdgeID":null},{"edgeID":"244212","fromID":"199605","toID":"199600","formEdgeID":null},{"edgeID":"244213","fromID":"199605","toID":"199606","formEdgeID":null},{"edgeID":"244214","fromID":"199606","toID":"199604","formEdgeID":null},{"edgeID":"244215","fromID":"199594","toID":"199607","formEdgeID":null},{"edgeID":"244216","fromID":"199607","toID":"199590","formEdgeID":null},{"edgeID":"244217","fromID":"199588","toID":"199608","formEdgeID":null},{"edgeID":"244218","fromID":"199608","toID":"199592","formEdgeID":null},{"edgeID":"244219","fromID":"199608","toID":"199609","formEdgeID":null},{"edgeID":"244220","fromID":"199609","toID":"199607","formEdgeID":null},{"edgeID":"244221","fromID":"199611","toID":"199612","formEdgeID":null},{"edgeID":"244222","fromID":"199610","toID":"199611","formEdgeID":null},{"edgeID":"244223","fromID":"199615","toID":"199616","formEdgeID":null},{"edgeID":"244224","fromID":"199614","toID":"199615","formEdgeID":null},{"edgeID":"244225","fromID":"199616","toID":"199607","formEdgeID":null},{"edgeID":"244226","fromID":"199612","toID":"199607","formEdgeID":null},{"edgeID":"244227","fromID":"199608","toID":"199614","formEdgeID":null},{"edgeID":"244228","fromID":"199608","toID":"199610","formEdgeID":null},{"edgeID":"244229","fromID":"199590","toID":"199618","formEdgeID":null},{"edgeID":"244230","fromID":"199618","toID":"199564","formEdgeID":null},{"edgeID":"244231","fromID":"199588","toID":"199619","formEdgeID":null},{"edgeID":"244232","fromID":"199619","toID":"199562","formEdgeID":null},{"edgeID":"244233","fromID":"199619","toID":"199620","formEdgeID":null},{"edgeID":"244234","fromID":"199620","toID":"199618","formEdgeID":null},{"edgeID":"244235","fromID":"199582","toID":"199621","formEdgeID":null},{"edgeID":"244236","fromID":"199621","toID":"199564","formEdgeID":null},{"edgeID":"244237","fromID":"199562","toID":"199622","formEdgeID":null},{"edgeID":"244238","fromID":"199622","toID":"199580","formEdgeID":null},{"edgeID":"244239","fromID":"199622","toID":"199623","formEdgeID":null},{"edgeID":"244240","fromID":"199623","toID":"199621","formEdgeID":null},{"edgeID":"244241","fromID":"199580","toID":"199624","formEdgeID":null},{"edgeID":"244242","fromID":"199624","toID":"199584","formEdgeID":null},{"edgeID":"244243","fromID":"199626","toID":"199627","formEdgeID":null},{"edgeID":"244244","fromID":"199625","toID":"199626","formEdgeID":null},{"edgeID":"244245","fromID":"199630","toID":"199631","formEdgeID":null},{"edgeID":"244246","fromID":"199629","toID":"199630","formEdgeID":null},{"edgeID":"244247","fromID":"199631","toID":"199633","formEdgeID":null},{"edgeID":"244248","fromID":"199633","toID":"199627","formEdgeID":null},{"edgeID":"244249","fromID":"199625","toID":"199634","formEdgeID":null},{"edgeID":"244250","fromID":"199634","toID":"199629","formEdgeID":null},{"edgeID":"244251","fromID":"199634","toID":"199635","formEdgeID":null},{"edgeID":"244252","fromID":"199635","toID":"199633","formEdgeID":null},{"edgeID":"244253","fromID":"199637","toID":"199638","formEdgeID":null},{"edgeID":"244254","fromID":"199636","toID":"199637","formEdgeID":null},{"edgeID":"244255","fromID":"199641","toID":"199642","formEdgeID":null},{"edgeID":"244256","fromID":"199640","toID":"199641","formEdgeID":null},{"edgeID":"244257","fromID":"199638","toID":"199644","formEdgeID":null},{"edgeID":"244258","fromID":"199644","toID":"199642","formEdgeID":null},{"edgeID":"244259","fromID":"199636","toID":"199645","formEdgeID":null},{"edgeID":"244260","fromID":"199645","toID":"199640","formEdgeID":null},{"edgeID":"244261","fromID":"199645","toID":"199646","formEdgeID":null},{"edgeID":"244262","fromID":"199646","toID":"199644","formEdgeID":null},{"edgeID":"244263","fromID":"199638","toID":"199647","formEdgeID":null},{"edgeID":"244264","fromID":"199647","toID":"199541","formEdgeID":null},{"edgeID":"244265","fromID":"199539","toID":"199648","formEdgeID":null},{"edgeID":"244266","fromID":"199648","toID":"199636","formEdgeID":null},{"edgeID":"244267","fromID":"199648","toID":"199649","formEdgeID":null},{"edgeID":"244268","fromID":"199649","toID":"199647","formEdgeID":null},{"edgeID":"244269","fromID":"199614","toID":"199650","formEdgeID":null},{"edgeID":"244270","fromID":"199650","toID":"199625","formEdgeID":null},{"edgeID":"244271","fromID":"199642","toID":"199651","formEdgeID":null},{"edgeID":"244272","fromID":"199651","toID":"199590","formEdgeID":null},{"edgeID":"244273","fromID":"199652","toID":"199640","formEdgeID":null},{"edgeID":"244274","fromID":"199588","toID":"199652","formEdgeID":null},{"edgeID":"244275","fromID":"199652","toID":"199653","formEdgeID":null},{"edgeID":"244276","fromID":"199653","toID":"199651","formEdgeID":null}],"locutions":[{"nodeID":"199290","personID":"2251","timestamp":"2016-09-16 11:41:11","start":null,"end":null,"source":null},{"nodeID":"199329","personID":"2255","timestamp":"2016-09-16 11:41:11","start":null,"end":null,"source":null},{"nodeID":"199336","personID":"2255","timestamp":"2016-09-16 11:41:11","start":null,"end":null,"source":null}]}