{"nodes":[{"nodeID":"195638","text":"Hyperdrunk : Was Bernie zoning out","type":"L","timestamp":"2016-08-22 10:13:04"},{"nodeID":"195639","text":"Assertive Questioning","type":"YA","timestamp":"2016-08-22 10:13:04","scheme":"AssertiveQuestioning","schemeID":"73"},{"nodeID":"195640","text":"Bernie Sanders was zoning out","type":"I","timestamp":"2016-08-22 10:13:04"},{"nodeID":"195641","text":"Barbara: Hyperdrunk : Was Bernie zoning out","type":"L","timestamp":"2016-08-22 10:13:04"},{"nodeID":"195642","text":"BenDes1313 : Seriously this guy isn't fit to be president","type":"L","timestamp":"2016-08-22 10:13:04"},{"nodeID":"195643","text":"Asserting","type":"YA","timestamp":"2016-08-22 10:13:04","scheme":"Asserting","schemeID":"74"},{"nodeID":"195644","text":"Bernie Sanders isn't fit to be president","type":"I","timestamp":"2016-08-22 10:13:04"},{"nodeID":"195645","text":"Barbara: BenDes1313 : Seriously this guy isn't fit to be president","type":"L","timestamp":"2016-08-22 10:13:04"},{"nodeID":"195646","text":"NsRhea : Not listening to his tangent","type":"L","timestamp":"2016-08-22 10:13:05"},{"nodeID":"195647","text":"Asserting","type":"YA","timestamp":"2016-08-22 10:13:05","scheme":"Asserting","schemeID":"74"},{"nodeID":"195648","text":"Bernie Sanders is not listening to his tangent","type":"I","timestamp":"2016-08-22 10:13:05"},{"nodeID":"195649","text":"Barbara: NsRhea : Not listening to his tangent","type":"L","timestamp":"2016-08-22 10:13:05"},{"nodeID":"195650","text":"aznsk8s87 : Senior moment","type":"L","timestamp":"2016-08-22 10:13:05"},{"nodeID":"195651","text":"Asserting","type":"YA","timestamp":"2016-08-22 10:13:05","scheme":"Asserting","schemeID":"74"},{"nodeID":"195652","text":"senior moment","type":"I","timestamp":"2016-08-22 10:13:05"},{"nodeID":"195653","text":"Barbara: aznsk8s87 : Senior moment","type":"L","timestamp":"2016-08-22 10:13:05"},{"nodeID":"195654","text":"Skyrmir : Yeah","type":"L","timestamp":"2016-08-22 10:13:05"},{"nodeID":"195655","text":"Barbara: Skyrmir : Yeah","type":"L","timestamp":"2016-08-22 10:13:05"},{"nodeID":"195656","text":"Agreeing","type":"YA","timestamp":"2016-08-22 10:13:05","scheme":"Agreeing","schemeID":"77"},{"nodeID":"195657","text":"Default Transition","type":"TA","timestamp":"2016-08-22 10:13:05","scheme":"Default Transition","schemeID":"82"},{"nodeID":"195658","text":"Skyrmir : Bern didn't handle that toss well at all","type":"L","timestamp":"2016-08-22 10:13:06"},{"nodeID":"195659","text":"Asserting","type":"YA","timestamp":"2016-08-22 10:13:06","scheme":"Asserting","schemeID":"74"},{"nodeID":"195660","text":"Bernie Sanders didn't handle that toss well at all","type":"I","timestamp":"2016-08-22 10:13:06"},{"nodeID":"195661","text":"Barbara: Skyrmir : Bern didn't handle that toss well at all","type":"L","timestamp":"2016-08-22 10:13:06"},{"nodeID":"195662","text":"Default Transition","type":"TA","timestamp":"2016-08-22 10:13:06","scheme":"Default Transition","schemeID":"82"},{"nodeID":"195663","text":"Default Inference","type":"RA","timestamp":"2016-08-22 10:13:06","scheme":"Default Inference","schemeID":"72"},{"nodeID":"195664","text":"Default Transition","type":"TA","timestamp":"2016-08-22 10:13:06","scheme":"Default Transition","schemeID":"82"},{"nodeID":"195665","text":"Arguing","type":"YA","timestamp":"2016-08-22 10:13:06","scheme":"Arguing","schemeID":"80"},{"nodeID":"195666","text":"Default Transition","type":"TA","timestamp":"2016-08-22 10:13:06","scheme":"Default Transition","schemeID":"82"},{"nodeID":"195667","text":"Default Transition","type":"TA","timestamp":"2016-08-22 10:13:06","scheme":"Default Transition","schemeID":"82"}],"edges":[{"edgeID":"239793","fromID":"195639","toID":"195640","formEdgeID":null},{"edgeID":"239794","fromID":"195638","toID":"195639","formEdgeID":null},{"edgeID":"239795","fromID":"195643","toID":"195644","formEdgeID":null},{"edgeID":"239796","fromID":"195642","toID":"195643","formEdgeID":null},{"edgeID":"239797","fromID":"195647","toID":"195648","formEdgeID":null},{"edgeID":"239798","fromID":"195646","toID":"195647","formEdgeID":null},{"edgeID":"239799","fromID":"195651","toID":"195652","formEdgeID":null},{"edgeID":"239800","fromID":"195650","toID":"195651","formEdgeID":null},{"edgeID":"239801","fromID":"195654","toID":"195656","formEdgeID":null},{"edgeID":"239802","fromID":"195656","toID":"195640","formEdgeID":null},{"edgeID":"239803","fromID":"195638","toID":"195657","formEdgeID":null},{"edgeID":"239804","fromID":"195657","toID":"195654","formEdgeID":null},{"edgeID":"239805","fromID":"195659","toID":"195660","formEdgeID":null},{"edgeID":"239806","fromID":"195658","toID":"195659","formEdgeID":null},{"edgeID":"239807","fromID":"195654","toID":"195662","formEdgeID":null},{"edgeID":"239808","fromID":"195662","toID":"195658","formEdgeID":null},{"edgeID":"239809","fromID":"195640","toID":"195663","formEdgeID":null},{"edgeID":"239810","fromID":"195663","toID":"195644","formEdgeID":null},{"edgeID":"239811","fromID":"195638","toID":"195664","formEdgeID":null},{"edgeID":"239812","fromID":"195664","toID":"195642","formEdgeID":null},{"edgeID":"239813","fromID":"195664","toID":"195665","formEdgeID":null},{"edgeID":"239814","fromID":"195665","toID":"195663","formEdgeID":null},{"edgeID":"239815","fromID":"195642","toID":"195666","formEdgeID":null},{"edgeID":"239816","fromID":"195666","toID":"195646","formEdgeID":null},{"edgeID":"239817","fromID":"195646","toID":"195667","formEdgeID":null},{"edgeID":"239818","fromID":"195667","toID":"195650","formEdgeID":null}],"locutions":[]}