{"nodes":[{"nodeID":"188177","text":"[deleted] : \"Bernie's gonna destroy Clinton in the   debates\" - \/r\/politics","type":"L","timestamp":"2016-08-03 12:21:50"},{"nodeID":"188179","text":"Reddit users of \/r\/politics were wrong in claiming that Bernie Sanders is going to destroy Clinton in the  debates","type":"I","timestamp":"2016-08-03 12:21:50"},{"nodeID":"188180","text":"Barbara: [deleted] : \"Bernie's gonna destroy Clinton in the   debates\" - \/r\/politics","type":"L","timestamp":"2016-08-03 12:21:50"},{"nodeID":"188181","text":"Barbara: [deleted] : Yeah","type":"L","timestamp":"2016-08-03 12:21:50"},{"nodeID":"188182","text":"anyhistoricalfigure : Yeah","type":"L","timestamp":"2016-08-03 12:21:50"},{"nodeID":"188183","text":"Barbara: anyhistoricalfigure : Yeah","type":"L","timestamp":"2016-08-03 12:21:50"},{"nodeID":"188186","text":"anyhistoricalfigure : Imo he's losing this one right now","type":"L","timestamp":"2016-08-03 12:21:50"},{"nodeID":"188188","text":"Bernie Sanders is losing this debate right now","type":"I","timestamp":"2016-08-03 12:21:51"},{"nodeID":"188189","text":"Barbara: anyhistoricalfigure : Imo he's losing this one right now","type":"L","timestamp":"2016-08-03 12:21:51"},{"nodeID":"188193","text":"Zeno84 :  Can we search for this line on reddit, and call out all the users who said this?","type":"L","timestamp":"2016-08-03 12:21:51"},{"nodeID":"188195","text":"we should search for this line on reddit, and call out all the users who said this","type":"I","timestamp":"2016-08-03 12:21:51"},{"nodeID":"188196","text":"Barbara: Zeno84 :  Can we search for this line on reddit, and call out all the users who said this?","type":"L","timestamp":"2016-08-03 12:21:51"},{"nodeID":"188197","text":"Zeno84 : Because I saw it A LOT","type":"L","timestamp":"2016-08-03 12:21:51"},{"nodeID":"188199","text":"I saw this line a lot","type":"I","timestamp":"2016-08-03 12:21:52"},{"nodeID":"188200","text":"Barbara: Zeno84 : Because I saw it A LOT","type":"L","timestamp":"2016-08-03 12:21:52"},{"nodeID":"188205","text":"Bigtuna546 : Top kek","type":"L","timestamp":"2016-08-03 12:21:52"},{"nodeID":"188207","text":"Top kek","type":"I","timestamp":"2016-08-03 12:21:52"},{"nodeID":"188208","text":"Barbara: Bigtuna546 : Top kek","type":"L","timestamp":"2016-08-03 12:21:52"},{"nodeID":"188210","text":"holyfruits : Hillary wiping the floor with everyone right now","type":"L","timestamp":"2016-08-03 12:21:53"},{"nodeID":"188212","text":"Hillary Clinton is wiping the floor with everyone right now","type":"I","timestamp":"2016-08-03 12:21:53"},{"nodeID":"188213","text":"Barbara: holyfruits : Hillary wiping the floor with everyone right now","type":"L","timestamp":"2016-08-03 12:21:53"},{"nodeID":"188217","text":"jikls : Sure as fuck isn't happening yet","type":"L","timestamp":"2016-08-03 12:21:53"},{"nodeID":"188219","text":"Sure as fuck isn't happening yet","type":"I","timestamp":"2016-08-03 12:21:53"},{"nodeID":"188220","text":"Barbara: jikls : Sure as fuck isn't happening yet","type":"L","timestamp":"2016-08-03 12:21:53"},{"nodeID":"188222","text":"sweetmatter : PREACH","type":"L","timestamp":"2016-08-03 12:21:54"},{"nodeID":"188223","text":"Barbara: sweetmatter : PREACH","type":"L","timestamp":"2016-08-03 12:21:54"},{"nodeID":"188224","text":"sweetmatter : This was consistently maintained by \/r\/reddit yet it did not happen","type":"L","timestamp":"2016-08-03 12:21:54"},{"nodeID":"188226","text":"assumption of Bernie Sanders winning the debate was consistently maintained by \/r\/reddit yet it did not happen","type":"I","timestamp":"2016-08-03 12:21:54"},{"nodeID":"188227","text":"Barbara: sweetmatter : This was consistently maintained by \/r\/reddit yet it did not happen","type":"L","timestamp":"2016-08-03 12:21:54"},{"nodeID":"188228","text":"sweetmatter : Bernie Sanders absolved Hillary of these made-up boogeywoman scandals reddit has been obsessed with","type":"L","timestamp":"2016-08-03 12:21:54"},{"nodeID":"188230","text":"Bernie Sanders absolved Hillary of these made-up boogeywoman scandals reddit has been obsessed with","type":"I","timestamp":"2016-08-03 12:21:54"},{"nodeID":"188231","text":"Barbara: sweetmatter : Bernie Sanders absolved Hillary of these made-up boogeywoman scandals reddit has been obsessed with","type":"L","timestamp":"2016-08-03 12:21:54"},{"nodeID":"188232","text":"sweetmatter : Hillary was logical, concise, and summative","type":"L","timestamp":"2016-08-03 12:21:54"},{"nodeID":"188234","text":"Hillary Clinton was logical, concise, and summative","type":"I","timestamp":"2016-08-03 12:21:55"},{"nodeID":"188235","text":"Barbara: sweetmatter : Hillary was logical, concise, and summative","type":"L","timestamp":"2016-08-03 12:21:55"},{"nodeID":"188236","text":"sweetmatter :  Bernie Samders had trouble answering a lot of questions directly","type":"L","timestamp":"2016-08-03 12:21:55"},{"nodeID":"188238","text":"Bernie Samders had trouble answering a lot of questions directly","type":"I","timestamp":"2016-08-03 12:21:55"},{"nodeID":"188239","text":"Barbara: sweetmatter :  Bernie Samders had trouble answering a lot of questions directly","type":"L","timestamp":"2016-08-03 12:21:55"},{"nodeID":"188240","text":"sweetmatter : kept relying on soundbytes about income inequality which he had difficulty reciting tonight","type":"L","timestamp":"2016-08-03 12:21:55"},{"nodeID":"188242","text":"Bernie Sanders kept relying on soundbytes about income inequality which he had difficulty reciting tonight","type":"I","timestamp":"2016-08-03 12:21:55"},{"nodeID":"188243","text":"Barbara: sweetmatter : kept relying on soundbytes about income inequality which he had difficulty reciting tonight","type":"L","timestamp":"2016-08-03 12:21:55"},{"nodeID":"188252","text":"Asserting","type":"YA","timestamp":"2016-08-03 12:24:29","scheme":"Asserting","schemeID":"74"},{"nodeID":"188253","text":"Default Transition","type":"TA","timestamp":"2016-08-03 12:24:30","scheme":"Default Transition","schemeID":"82"},{"nodeID":"188254","text":"Agreeing","type":"YA","timestamp":"2016-08-03 12:24:30","scheme":"Agreeing","schemeID":"77"},{"nodeID":"188255","text":"Asserting","type":"YA","timestamp":"2016-08-03 12:24:30","scheme":"Asserting","schemeID":"74"},{"nodeID":"188256","text":"Default Transition","type":"TA","timestamp":"2016-08-03 12:24:30","scheme":"Default Transition","schemeID":"82"},{"nodeID":"188257","text":"Default Inference","type":"RA","timestamp":"2016-08-03 12:24:30","scheme":"Default Inference","schemeID":"72"},{"nodeID":"188258","text":"Arguing","type":"YA","timestamp":"2016-08-03 12:24:30","scheme":"Arguing","schemeID":"80"},{"nodeID":"188259","text":"Assertive Questioning","type":"YA","timestamp":"2016-08-03 12:24:30","scheme":"AssertiveQuestioning","schemeID":"73"},{"nodeID":"188260","text":"Asserting","type":"YA","timestamp":"2016-08-03 12:24:31","scheme":"Asserting","schemeID":"74"},{"nodeID":"188261","text":"Default Inference","type":"RA","timestamp":"2016-08-03 12:24:31","scheme":"Default Inference","schemeID":"72"},{"nodeID":"188262","text":"Default Transition","type":"TA","timestamp":"2016-08-03 12:24:31","scheme":"Default Transition","schemeID":"82"},{"nodeID":"188263","text":"Arguing","type":"YA","timestamp":"2016-08-03 12:24:31","scheme":"Arguing","schemeID":"80"},{"nodeID":"188264","text":"Default Transition","type":"TA","timestamp":"2016-08-03 12:24:32","scheme":"Default Transition","schemeID":"82"},{"nodeID":"188265","text":"Asserting","type":"YA","timestamp":"2016-08-03 12:24:32","scheme":"Asserting","schemeID":"74"},{"nodeID":"188266","text":"Default Transition","type":"TA","timestamp":"2016-08-03 12:24:32","scheme":"Default Transition","schemeID":"82"},{"nodeID":"188267","text":"Asserting","type":"YA","timestamp":"2016-08-03 12:24:32","scheme":"Asserting","schemeID":"74"},{"nodeID":"188268","text":"Default Inference","type":"RA","timestamp":"2016-08-03 12:24:32","scheme":"Default Inference","schemeID":"72"},{"nodeID":"188269","text":"Default Transition","type":"TA","timestamp":"2016-08-03 12:24:32","scheme":"Default Transition","schemeID":"82"},{"nodeID":"188270","text":"Arguing","type":"YA","timestamp":"2016-08-03 12:24:33","scheme":"Arguing","schemeID":"80"},{"nodeID":"188271","text":"Asserting","type":"YA","timestamp":"2016-08-03 12:24:33","scheme":"Asserting","schemeID":"74"},{"nodeID":"188272","text":"Default Transition","type":"TA","timestamp":"2016-08-03 12:24:33","scheme":"Default Transition","schemeID":"82"},{"nodeID":"188273","text":"Asserting","type":"YA","timestamp":"2016-08-03 12:24:33","scheme":"Asserting","schemeID":"74"},{"nodeID":"188274","text":"Asserting","type":"YA","timestamp":"2016-08-03 12:24:34","scheme":"Asserting","schemeID":"74"},{"nodeID":"188275","text":"Asserting","type":"YA","timestamp":"2016-08-03 12:24:34","scheme":"Asserting","schemeID":"74"},{"nodeID":"188276","text":"Asserting","type":"YA","timestamp":"2016-08-03 12:24:34","scheme":"Asserting","schemeID":"74"},{"nodeID":"188277","text":"Asserting","type":"YA","timestamp":"2016-08-03 12:24:35","scheme":"Asserting","schemeID":"74"},{"nodeID":"188278","text":"Default Inference","type":"RA","timestamp":"2016-08-03 12:24:35","scheme":"Default Inference","schemeID":"72"},{"nodeID":"188279","text":"Default Transition","type":"TA","timestamp":"2016-08-03 12:24:35","scheme":"Default Transition","schemeID":"82"},{"nodeID":"188280","text":"Arguing","type":"YA","timestamp":"2016-08-03 12:24:35","scheme":"Arguing","schemeID":"80"},{"nodeID":"188281","text":"Default Rephrase","type":"MA","timestamp":"2016-08-03 12:24:35","scheme":"Default Rephrase","schemeID":"144"},{"nodeID":"188282","text":"Default Transition","type":"TA","timestamp":"2016-08-03 12:24:35","scheme":"Default Transition","schemeID":"82"},{"nodeID":"188283","text":"Restating","type":"YA","timestamp":"2016-08-03 12:24:35","scheme":"Restating","schemeID":"101"},{"nodeID":"188284","text":"Default Transition","type":"TA","timestamp":"2016-08-03 12:24:36","scheme":"Default Transition","schemeID":"82"},{"nodeID":"188285","text":"Agreeing","type":"YA","timestamp":"2016-08-03 12:24:36","scheme":"Agreeing","schemeID":"77"}],"edges":[{"edgeID":"230618","fromID":"188252","toID":"188179","formEdgeID":null},{"edgeID":"230619","fromID":"188177","toID":"188252","formEdgeID":null},{"edgeID":"230620","fromID":"188177","toID":"188253","formEdgeID":null},{"edgeID":"230621","fromID":"188253","toID":"188182","formEdgeID":null},{"edgeID":"230622","fromID":"188253","toID":"188254","formEdgeID":null},{"edgeID":"230623","fromID":"188254","toID":"188179","formEdgeID":null},{"edgeID":"230624","fromID":"188255","toID":"188188","formEdgeID":null},{"edgeID":"230625","fromID":"188186","toID":"188255","formEdgeID":null},{"edgeID":"230626","fromID":"188177","toID":"188256","formEdgeID":null},{"edgeID":"230627","fromID":"188256","toID":"188186","formEdgeID":null},{"edgeID":"230628","fromID":"188188","toID":"188257","formEdgeID":null},{"edgeID":"230629","fromID":"188257","toID":"188179","formEdgeID":null},{"edgeID":"230630","fromID":"188256","toID":"188258","formEdgeID":null},{"edgeID":"230631","fromID":"188258","toID":"188257","formEdgeID":null},{"edgeID":"230632","fromID":"188259","toID":"188195","formEdgeID":null},{"edgeID":"230633","fromID":"188193","toID":"188259","formEdgeID":null},{"edgeID":"230634","fromID":"188260","toID":"188199","formEdgeID":null},{"edgeID":"230635","fromID":"188197","toID":"188260","formEdgeID":null},{"edgeID":"230636","fromID":"188199","toID":"188261","formEdgeID":null},{"edgeID":"230637","fromID":"188261","toID":"188195","formEdgeID":null},{"edgeID":"230638","fromID":"188193","toID":"188262","formEdgeID":null},{"edgeID":"230639","fromID":"188262","toID":"188197","formEdgeID":null},{"edgeID":"230640","fromID":"188262","toID":"188263","formEdgeID":null},{"edgeID":"230641","fromID":"188263","toID":"188261","formEdgeID":null},{"edgeID":"230642","fromID":"188177","toID":"188264","formEdgeID":null},{"edgeID":"230643","fromID":"188264","toID":"188193","formEdgeID":null},{"edgeID":"230644","fromID":"188265","toID":"188207","formEdgeID":null},{"edgeID":"230645","fromID":"188205","toID":"188265","formEdgeID":null},{"edgeID":"230646","fromID":"188177","toID":"188266","formEdgeID":null},{"edgeID":"230647","fromID":"188266","toID":"188205","formEdgeID":null},{"edgeID":"230648","fromID":"188267","toID":"188212","formEdgeID":null},{"edgeID":"230649","fromID":"188210","toID":"188267","formEdgeID":null},{"edgeID":"230650","fromID":"188212","toID":"188268","formEdgeID":null},{"edgeID":"230651","fromID":"188268","toID":"188179","formEdgeID":null},{"edgeID":"230652","fromID":"188177","toID":"188269","formEdgeID":null},{"edgeID":"230653","fromID":"188269","toID":"188210","formEdgeID":null},{"edgeID":"230654","fromID":"188269","toID":"188270","formEdgeID":null},{"edgeID":"230655","fromID":"188270","toID":"188268","formEdgeID":null},{"edgeID":"230656","fromID":"188271","toID":"188219","formEdgeID":null},{"edgeID":"230657","fromID":"188217","toID":"188271","formEdgeID":null},{"edgeID":"230658","fromID":"188177","toID":"188272","formEdgeID":null},{"edgeID":"230659","fromID":"188272","toID":"188217","formEdgeID":null},{"edgeID":"230660","fromID":"188273","toID":"188226","formEdgeID":null},{"edgeID":"230661","fromID":"188224","toID":"188273","formEdgeID":null},{"edgeID":"230662","fromID":"188274","toID":"188230","formEdgeID":null},{"edgeID":"230663","fromID":"188228","toID":"188274","formEdgeID":null},{"edgeID":"230664","fromID":"188275","toID":"188234","formEdgeID":null},{"edgeID":"230665","fromID":"188232","toID":"188275","formEdgeID":null},{"edgeID":"230666","fromID":"188276","toID":"188238","formEdgeID":null},{"edgeID":"230667","fromID":"188236","toID":"188276","formEdgeID":null},{"edgeID":"230668","fromID":"188277","toID":"188242","formEdgeID":null},{"edgeID":"230669","fromID":"188240","toID":"188277","formEdgeID":null},{"edgeID":"230670","fromID":"188242","toID":"188278","formEdgeID":null},{"edgeID":"230671","fromID":"188278","toID":"188226","formEdgeID":null},{"edgeID":"230672","fromID":"188238","toID":"188278","formEdgeID":null},{"edgeID":"230673","fromID":"188234","toID":"188278","formEdgeID":null},{"edgeID":"230674","fromID":"188230","toID":"188278","formEdgeID":null},{"edgeID":"230675","fromID":"188224","toID":"188279","formEdgeID":null},{"edgeID":"230676","fromID":"188279","toID":"188240","formEdgeID":null},{"edgeID":"230677","fromID":"188279","toID":"188236","formEdgeID":null},{"edgeID":"230678","fromID":"188279","toID":"188232","formEdgeID":null},{"edgeID":"230679","fromID":"188279","toID":"188228","formEdgeID":null},{"edgeID":"230680","fromID":"188279","toID":"188280","formEdgeID":null},{"edgeID":"230681","fromID":"188280","toID":"188278","formEdgeID":null},{"edgeID":"230682","fromID":"188226","toID":"188281","formEdgeID":null},{"edgeID":"230683","fromID":"188281","toID":"188179","formEdgeID":null},{"edgeID":"230684","fromID":"188177","toID":"188282","formEdgeID":null},{"edgeID":"230685","fromID":"188282","toID":"188224","formEdgeID":null},{"edgeID":"230686","fromID":"188282","toID":"188283","formEdgeID":null},{"edgeID":"230687","fromID":"188283","toID":"188281","formEdgeID":null},{"edgeID":"230688","fromID":"188177","toID":"188284","formEdgeID":null},{"edgeID":"230689","fromID":"188284","toID":"188222","formEdgeID":null},{"edgeID":"230690","fromID":"188284","toID":"188285","formEdgeID":null},{"edgeID":"230691","fromID":"188285","toID":"188179","formEdgeID":null}],"locutions":[]}