{"nodes":[{"nodeID":"189906","text":"PolishMusic : I'm not watching the debate, is Bernie really doing that \"bad\" as the comments suggest?","type":"L","timestamp":"2016-08-05 15:17:02"},{"nodeID":"189907","text":"Assertive Questioning","type":"YA","timestamp":"2016-08-05 15:17:03","scheme":"AssertiveQuestioning","schemeID":"73"},{"nodeID":"189908","text":"Bernie Sanders is really doing that \"bad\" as the comments suggest","type":"I","timestamp":"2016-08-05 15:17:03"},{"nodeID":"189909","text":"Barbara: PolishMusic : I'm not watching the debate, is Bernie really doing that \"bad\" as the comments suggest?","type":"L","timestamp":"2016-08-05 15:17:03"},{"nodeID":"189910","text":"slambient : No","type":"L","timestamp":"2016-08-05 15:17:03"},{"nodeID":"189911","text":"Asserting","type":"YA","timestamp":"2016-08-05 15:17:03","scheme":"Asserting","schemeID":"74"},{"nodeID":"189912","text":"Bernie Sanders is not really doing that \"bad\" as the comments suggest","type":"I","timestamp":"2016-08-05 15:17:03"},{"nodeID":"189913","text":"Barbara: slambient : No","type":"L","timestamp":"2016-08-05 15:17:03"},{"nodeID":"189914","text":"Default Conflict","type":"CA","timestamp":"2016-08-05 15:17:03","scheme":"Default Conflict","schemeID":"71"},{"nodeID":"189915","text":"Default Transition","type":"TA","timestamp":"2016-08-05 15:17:03","scheme":"Default Transition","schemeID":"82"},{"nodeID":"189916","text":"Default Illocuting","type":"YA","timestamp":"2016-08-05 15:17:03","scheme":"Default Illocuting","schemeID":"168"},{"nodeID":"189917","text":"AtomicSteve21 : There's a youtube livestream that you can find on \/r\/politics","type":"L","timestamp":"2016-08-05 15:17:03"},{"nodeID":"189918","text":"Asserting","type":"YA","timestamp":"2016-08-05 15:17:04","scheme":"Asserting","schemeID":"74"},{"nodeID":"189919","text":"there's a youtube livestream that you can find on \/r\/politics","type":"I","timestamp":"2016-08-05 15:17:04"},{"nodeID":"189920","text":"Barbara: AtomicSteve21 : There's a youtube livestream that you can find on \/r\/politics","type":"L","timestamp":"2016-08-05 15:17:04"},{"nodeID":"189921","text":"Default Transition","type":"TA","timestamp":"2016-08-05 15:17:04","scheme":"Default Transition","schemeID":"82"},{"nodeID":"189922","text":"AtomicSteve21 : yes","type":"L","timestamp":"2016-08-05 15:17:04"},{"nodeID":"189923","text":"Barbara: AtomicSteve21 : yes","type":"L","timestamp":"2016-08-05 15:17:04"},{"nodeID":"189924","text":"Default Transition","type":"TA","timestamp":"2016-08-05 15:17:04","scheme":"Default Transition","schemeID":"82"},{"nodeID":"189925","text":"Agreeing","type":"YA","timestamp":"2016-08-05 15:17:04","scheme":"Agreeing","schemeID":"77"},{"nodeID":"189926","text":"AtomicSteve21 : he's not doing great","type":"L","timestamp":"2016-08-05 15:17:04"},{"nodeID":"189927","text":"Asserting","type":"YA","timestamp":"2016-08-05 15:17:04","scheme":"Asserting","schemeID":"74"},{"nodeID":"189928","text":"Bernie Sanders is not doing great","type":"I","timestamp":"2016-08-05 15:17:04"},{"nodeID":"189929","text":"Barbara: AtomicSteve21 : he's not doing great","type":"L","timestamp":"2016-08-05 15:17:04"},{"nodeID":"189930","text":"Default Transition","type":"TA","timestamp":"2016-08-05 15:17:05","scheme":"Default Transition","schemeID":"82"},{"nodeID":"189931","text":"Default Rephrase","type":"MA","timestamp":"2016-08-05 15:17:05","scheme":"Default Rephrase","schemeID":"144"},{"nodeID":"189932","text":"Restating","type":"YA","timestamp":"2016-08-05 15:17:05","scheme":"Restating","schemeID":"101"},{"nodeID":"189933","text":"CunderscoreF : It just seems like everyone is going straight for him with all of their answers","type":"L","timestamp":"2016-08-05 15:17:05"},{"nodeID":"189934","text":"Asserting","type":"YA","timestamp":"2016-08-05 15:17:05","scheme":"Asserting","schemeID":"74"},{"nodeID":"189935","text":"everyone is going straight for Bernie Sanders with all of their answers","type":"I","timestamp":"2016-08-05 15:17:05"},{"nodeID":"189936","text":"Barbara: CunderscoreF : It just seems like everyone is going straight for him with all of their answers","type":"L","timestamp":"2016-08-05 15:17:05"},{"nodeID":"189937","text":"PolishMusic : He isn't really the typical \"I'ma attack you and yell over you\" politician","type":"L","timestamp":"2016-08-05 15:17:05"},{"nodeID":"189938","text":"Asserting","type":"YA","timestamp":"2016-08-05 15:17:05","scheme":"Asserting","schemeID":"74"},{"nodeID":"189939","text":"Bernie Sanders isn't really the typical \"I'ma attack you and yell over you\" politician","type":"I","timestamp":"2016-08-05 15:17:05"},{"nodeID":"189940","text":"Barbara: PolishMusic : He isn't really the typical \"I'ma attack you and yell over you\" politician","type":"L","timestamp":"2016-08-05 15:17:05"},{"nodeID":"189941","text":"Default Transition","type":"TA","timestamp":"2016-08-05 15:17:06","scheme":"Default Transition","schemeID":"82"},{"nodeID":"189942","text":"PolishMusic : I would almost expect him to seem a bit subdued compared to the others","type":"L","timestamp":"2016-08-05 15:17:06"},{"nodeID":"189943","text":"Asserting","type":"YA","timestamp":"2016-08-05 15:17:06","scheme":"Asserting","schemeID":"74"},{"nodeID":"189944","text":"I would almost expect Bernie Sanders to seem a bit subdued compared to the others","type":"I","timestamp":"2016-08-05 15:17:06"},{"nodeID":"189945","text":"Barbara: PolishMusic : I would almost expect him to seem a bit subdued compared to the others","type":"L","timestamp":"2016-08-05 15:17:06"},{"nodeID":"189946","text":"Default Inference","type":"RA","timestamp":"2016-08-05 15:17:06","scheme":"Default Inference","schemeID":"72"},{"nodeID":"189947","text":"Default Transition","type":"TA","timestamp":"2016-08-05 15:17:06","scheme":"Default Transition","schemeID":"82"},{"nodeID":"189948","text":"Arguing","type":"YA","timestamp":"2016-08-05 15:17:06","scheme":"Arguing","schemeID":"80"},{"nodeID":"189949","text":"CunderscoreF : Very true","type":"L","timestamp":"2016-08-05 15:17:06"},{"nodeID":"189950","text":"Barbara: CunderscoreF : Very true","type":"L","timestamp":"2016-08-05 15:17:06"},{"nodeID":"189951","text":"Default Transition","type":"TA","timestamp":"2016-08-05 15:17:06","scheme":"Default Transition","schemeID":"82"},{"nodeID":"189952","text":"Agreeing","type":"YA","timestamp":"2016-08-05 15:17:07","scheme":"Agreeing","schemeID":"77"},{"nodeID":"189953","text":"CunderscoreF : the others are trying to play off of that to get shots in when they know he really wont come right back at them","type":"L","timestamp":"2016-08-05 15:17:07"},{"nodeID":"189954","text":"Asserting","type":"YA","timestamp":"2016-08-05 15:17:07","scheme":"Asserting","schemeID":"74"},{"nodeID":"189955","text":"the others are trying to play off of that to get shots in when they know Bernie Sanders really wont come right back at them","type":"I","timestamp":"2016-08-05 15:17:07"},{"nodeID":"189956","text":"Barbara: CunderscoreF : the others are trying to play off of that to get shots in when they know he really wont come right back at them","type":"L","timestamp":"2016-08-05 15:17:07"},{"nodeID":"189957","text":"Default Inference","type":"RA","timestamp":"2016-08-05 15:17:07","scheme":"Default Inference","schemeID":"72"},{"nodeID":"189958","text":"Default Transition","type":"TA","timestamp":"2016-08-05 15:17:07","scheme":"Default Transition","schemeID":"82"},{"nodeID":"189959","text":"Asserting","type":"YA","timestamp":"2016-08-05 15:17:07","scheme":"Asserting","schemeID":"74"},{"nodeID":"189960","text":"reddenblack : He's the clear \"Star\" of the show","type":"L","timestamp":"2016-08-05 15:17:07"},{"nodeID":"189961","text":"Asserting","type":"YA","timestamp":"2016-08-05 15:17:07","scheme":"Asserting","schemeID":"74"},{"nodeID":"189962","text":"Bernie Sanders is the clear \"Star\" of the show","type":"I","timestamp":"2016-08-05 15:17:07"},{"nodeID":"189963","text":"Barbara: reddenblack : He's the clear \"Star\" of the show","type":"L","timestamp":"2016-08-05 15:17:08"},{"nodeID":"189964","text":"reddenblack : Some people may like him some may hate","type":"L","timestamp":"2016-08-05 15:17:08"},{"nodeID":"189965","text":"Asserting","type":"YA","timestamp":"2016-08-05 15:17:08","scheme":"Asserting","schemeID":"74"},{"nodeID":"189966","text":"some people may like him some may hate","type":"I","timestamp":"2016-08-05 15:17:08"},{"nodeID":"189967","text":"Barbara: reddenblack : Some people may like him some may hate","type":"L","timestamp":"2016-08-05 15:17:08"},{"nodeID":"189968","text":"reddenblack : he's drawing the most attention","type":"L","timestamp":"2016-08-05 15:17:08"},{"nodeID":"189969","text":"Asserting","type":"YA","timestamp":"2016-08-05 15:17:08","scheme":"Asserting","schemeID":"74"},{"nodeID":"189970","text":"Bernie Sanders is drawing the most attention","type":"I","timestamp":"2016-08-05 15:17:08"},{"nodeID":"189971","text":"Barbara: reddenblack : he's drawing the most attention","type":"L","timestamp":"2016-08-05 15:17:08"},{"nodeID":"189972","text":"Default Transition","type":"TA","timestamp":"2016-08-05 15:17:08","scheme":"Default Transition","schemeID":"82"},{"nodeID":"189973","text":"Default Transition","type":"TA","timestamp":"2016-08-05 15:17:08","scheme":"Default Transition","schemeID":"82"},{"nodeID":"189974","text":"Default Inference","type":"RA","timestamp":"2016-08-05 15:17:09","scheme":"Default Inference","schemeID":"72"},{"nodeID":"189975","text":"Arguing","type":"YA","timestamp":"2016-08-05 15:17:09","scheme":"Arguing","schemeID":"80"},{"nodeID":"189976","text":"Default Conflict","type":"CA","timestamp":"2016-08-05 15:17:09","scheme":"Default Conflict","schemeID":"71"},{"nodeID":"189977","text":"Default Transition","type":"TA","timestamp":"2016-08-05 15:17:09","scheme":"Default Transition","schemeID":"82"},{"nodeID":"189978","text":"Disagreeing","type":"YA","timestamp":"2016-08-05 15:17:09","scheme":"Disagreeing","schemeID":"78"},{"nodeID":"189979","text":"Kevenomous : He got mad. :c","type":"L","timestamp":"2016-08-05 15:17:09"},{"nodeID":"189980","text":"Asserting","type":"YA","timestamp":"2016-08-05 15:17:09","scheme":"Asserting","schemeID":"74"},{"nodeID":"189981","text":"Bernie Sanders got mad. :c","type":"I","timestamp":"2016-08-05 15:17:09"},{"nodeID":"189982","text":"Barbara: Kevenomous : He got mad. :c","type":"L","timestamp":"2016-08-05 15:17:09"},{"nodeID":"189983","text":"Default Transition","type":"TA","timestamp":"2016-08-05 15:17:09","scheme":"Default Transition","schemeID":"82"},{"nodeID":"189984","text":"comcasttown : It's not real pretty for him tonight","type":"L","timestamp":"2016-08-05 15:17:09"},{"nodeID":"189985","text":"Asserting","type":"YA","timestamp":"2016-08-05 15:17:10","scheme":"Asserting","schemeID":"74"},{"nodeID":"189986","text":"it's not real pretty for him tonight","type":"I","timestamp":"2016-08-05 15:17:10"},{"nodeID":"189987","text":"Barbara: comcasttown : It's not real pretty for him tonight","type":"L","timestamp":"2016-08-05 15:17:10"},{"nodeID":"189988","text":"Default Transition","type":"TA","timestamp":"2016-08-05 15:17:10","scheme":"Default Transition","schemeID":"82"},{"nodeID":"189989","text":"Default Rephrase","type":"MA","timestamp":"2016-08-05 15:17:10","scheme":"Default Rephrase","schemeID":"144"},{"nodeID":"189990","text":"Restating","type":"YA","timestamp":"2016-08-05 15:17:10","scheme":"Restating","schemeID":"101"},{"nodeID":"189991","text":"comcasttown : expectations were so high","type":"L","timestamp":"2016-08-05 15:17:10"},{"nodeID":"189992","text":"Asserting","type":"YA","timestamp":"2016-08-05 15:17:10","scheme":"Asserting","schemeID":"74"},{"nodeID":"189993","text":"expectations were so high","type":"I","timestamp":"2016-08-05 15:17:10"},{"nodeID":"189994","text":"Barbara: comcasttown : expectations were so high","type":"L","timestamp":"2016-08-05 15:17:10"},{"nodeID":"189995","text":"comcasttown : he's not in the top three so far tonight","type":"L","timestamp":"2016-08-05 15:17:10"},{"nodeID":"189996","text":"Asserting","type":"YA","timestamp":"2016-08-05 15:17:11","scheme":"Asserting","schemeID":"74"},{"nodeID":"189997","text":"Bernie Sanders is not in the top three so far tonight","type":"I","timestamp":"2016-08-05 15:17:11"},{"nodeID":"189998","text":"Barbara: comcasttown : he's not in the top three so far tonight","type":"L","timestamp":"2016-08-05 15:17:11"},{"nodeID":"189999","text":"Default Inference","type":"RA","timestamp":"2016-08-05 15:17:11","scheme":"Default Inference","schemeID":"72"},{"nodeID":"190000","text":"Default Transition","type":"TA","timestamp":"2016-08-05 15:17:11","scheme":"Default Transition","schemeID":"82"},{"nodeID":"190001","text":"Arguing","type":"YA","timestamp":"2016-08-05 15:17:11","scheme":"Arguing","schemeID":"80"},{"nodeID":"190002","text":"jonsccr7 : Clinton and O'Malley are actively going against him","type":"L","timestamp":"2016-08-05 15:17:11"},{"nodeID":"190003","text":"Asserting","type":"YA","timestamp":"2016-08-05 15:17:11","scheme":"Asserting","schemeID":"74"},{"nodeID":"190004","text":"Clinton and O'Malley are actively going against Bernie Sanders","type":"I","timestamp":"2016-08-05 15:17:11"},{"nodeID":"190005","text":"Barbara: jonsccr7 : Clinton and O'Malley are actively going against him","type":"L","timestamp":"2016-08-05 15:17:11"},{"nodeID":"190006","text":"jonsccr7 : he's on the defensive a lot","type":"L","timestamp":"2016-08-05 15:17:11"},{"nodeID":"190007","text":"Asserting","type":"YA","timestamp":"2016-08-05 15:17:12","scheme":"Asserting","schemeID":"74"},{"nodeID":"190008","text":"Bernie Sanders is on the defensive a lot","type":"I","timestamp":"2016-08-05 15:17:12"},{"nodeID":"190009","text":"Barbara: jonsccr7 : e's on the defensive a lot","type":"L","timestamp":"2016-08-05 15:17:12"},{"nodeID":"190010","text":"jonsccr7 : he's backing up his defense with solid points","type":"L","timestamp":"2016-08-05 15:17:12"},{"nodeID":"190011","text":"Asserting","type":"YA","timestamp":"2016-08-05 15:17:12","scheme":"Asserting","schemeID":"74"},{"nodeID":"190012","text":"Bernie Sanders is backing up his defense with solid points","type":"I","timestamp":"2016-08-05 15:17:12"},{"nodeID":"190013","text":"Barbara: jonsccr7 : he's backing up his defense with solid points","type":"L","timestamp":"2016-08-05 15:17:12"},{"nodeID":"190014","text":"Default Inference","type":"RA","timestamp":"2016-08-05 15:17:12","scheme":"Default Inference","schemeID":"72"},{"nodeID":"190015","text":"Default Transition","type":"TA","timestamp":"2016-08-05 15:17:12","scheme":"Default Transition","schemeID":"82"},{"nodeID":"190016","text":"Arguing","type":"YA","timestamp":"2016-08-05 15:17:12","scheme":"Arguing","schemeID":"80"},{"nodeID":"190017","text":"Default Inference","type":"RA","timestamp":"2016-08-05 15:17:12","scheme":"Default Inference","schemeID":"72"},{"nodeID":"190018","text":"Default Conflict","type":"CA","timestamp":"2016-08-05 15:17:13","scheme":"Default Conflict","schemeID":"71"},{"nodeID":"190019","text":"Default Transition","type":"TA","timestamp":"2016-08-05 15:17:13","scheme":"Default Transition","schemeID":"82"},{"nodeID":"190020","text":"Disagreeing","type":"YA","timestamp":"2016-08-05 15:17:13","scheme":"Disagreeing","schemeID":"78"},{"nodeID":"190021","text":"MattJames : Hilary came prepared","type":"L","timestamp":"2016-08-05 15:17:13"},{"nodeID":"190022","text":"Asserting","type":"YA","timestamp":"2016-08-05 15:17:13","scheme":"Asserting","schemeID":"74"},{"nodeID":"190023","text":"Hilary came prepared","type":"I","timestamp":"2016-08-05 15:17:13"},{"nodeID":"190024","text":"Barbara: MattJames : Hilary came prepared","type":"L","timestamp":"2016-08-05 15:17:13"},{"nodeID":"190025","text":"MattJames : Bernie will be reaching anyone he hasn't yet reached tonight","type":"L","timestamp":"2016-08-05 15:17:13"},{"nodeID":"190026","text":"Asserting","type":"YA","timestamp":"2016-08-05 15:17:13","scheme":"Asserting","schemeID":"74"},{"nodeID":"190027","text":"Bernie Sanders will not be reaching anyone he hasn't yet reached tonight","type":"I","timestamp":"2016-08-05 15:17:13"},{"nodeID":"190028","text":"Barbara: MattJames : Bernie will be reaching anyone he hasn't yet reached tonight","type":"L","timestamp":"2016-08-05 15:17:13"},{"nodeID":"190029","text":"Default Transition","type":"TA","timestamp":"2016-08-05 15:17:13","scheme":"Default Transition","schemeID":"82"},{"nodeID":"190030","text":"Default Transition","type":"TA","timestamp":"2016-08-05 15:17:14","scheme":"Default Transition","schemeID":"82"},{"nodeID":"190031","text":"nosebleedexpress : Nope","type":"L","timestamp":"2016-08-05 15:17:14"},{"nodeID":"190032","text":"Asserting","type":"YA","timestamp":"2016-08-05 15:17:14","scheme":"Asserting","schemeID":"74"},{"nodeID":"190033","text":"Barbara: nosebleedexpress : Nope","type":"L","timestamp":"2016-08-05 15:17:14"},{"nodeID":"190034","text":"Default Conflict","type":"CA","timestamp":"2016-08-05 15:17:14","scheme":"Default Conflict","schemeID":"71"},{"nodeID":"190035","text":"Default Transition","type":"TA","timestamp":"2016-08-05 15:17:14","scheme":"Default Transition","schemeID":"82"},{"nodeID":"190036","text":"Disagreeing","type":"YA","timestamp":"2016-08-05 15:17:14","scheme":"Disagreeing","schemeID":"78"},{"nodeID":"190037","text":"Anachronym : He's not doing very well tbh","type":"L","timestamp":"2016-08-05 15:17:14"},{"nodeID":"190038","text":"Asserting","type":"YA","timestamp":"2016-08-05 15:17:14","scheme":"Asserting","schemeID":"74"},{"nodeID":"190039","text":"Bernie Sanders is not doing very well","type":"I","timestamp":"2016-08-05 15:17:14"},{"nodeID":"190040","text":"Barbara: Anachronym : He's not doing very well tbh","type":"L","timestamp":"2016-08-05 15:17:15"},{"nodeID":"190041","text":"Default Transition","type":"TA","timestamp":"2016-08-05 15:17:15","scheme":"Default Transition","schemeID":"82"},{"nodeID":"190042","text":"Default Rephrase","type":"MA","timestamp":"2016-08-05 15:17:15","scheme":"Default Rephrase","schemeID":"144"},{"nodeID":"190043","text":"Restating","type":"YA","timestamp":"2016-08-05 15:17:15","scheme":"Restating","schemeID":"101"},{"nodeID":"190044","text":"Anachronym : Anderson Cooper and all of the candidates are kind of going after him","type":"L","timestamp":"2016-08-05 15:17:15"},{"nodeID":"190045","text":"Asserting","type":"YA","timestamp":"2016-08-05 15:17:15","scheme":"Asserting","schemeID":"74"},{"nodeID":"190046","text":"Anderson Cooper and all of the candidates are kind of going after Bernie Sanders","type":"I","timestamp":"2016-08-05 15:17:15"},{"nodeID":"190047","text":"Barbara: Anachronym : Anderson Cooper and all of the candidates are kind of going after him","type":"L","timestamp":"2016-08-05 15:17:15"},{"nodeID":"190048","text":"Default Inference","type":"RA","timestamp":"2016-08-05 15:17:15","scheme":"Default Inference","schemeID":"72"},{"nodeID":"190049","text":"Default Transition","type":"TA","timestamp":"2016-08-05 15:17:15","scheme":"Default Transition","schemeID":"82"},{"nodeID":"190050","text":"Arguing","type":"YA","timestamp":"2016-08-05 15:17:15","scheme":"Arguing","schemeID":"80"},{"nodeID":"190051","text":"eaglessoar : Most people are attacking him","type":"L","timestamp":"2016-08-05 15:17:16"},{"nodeID":"190052","text":"Asserting","type":"YA","timestamp":"2016-08-05 15:17:16","scheme":"Asserting","schemeID":"74"},{"nodeID":"190053","text":"most people are attacking Bernie Sanders","type":"I","timestamp":"2016-08-05 15:17:16"},{"nodeID":"190054","text":"Barbara: eaglessoar : Most people are attacking him","type":"L","timestamp":"2016-08-05 15:17:16"},{"nodeID":"190055","text":"he's not attacking back","type":"L","timestamp":"2016-08-05 15:17:16"},{"nodeID":"190056","text":"eaglessoar : he's not attacking back","type":"L","timestamp":"2016-08-05 15:17:16"},{"nodeID":"190057","text":"Asserting","type":"YA","timestamp":"2016-08-05 15:17:16","scheme":"Asserting","schemeID":"74"},{"nodeID":"190058","text":"Bernie Sanders is not attacking back","type":"I","timestamp":"2016-08-05 15:17:16"},{"nodeID":"190059","text":"Barbara: eaglessoar : eaglessoar","type":"L","timestamp":"2016-08-05 15:17:16"},{"nodeID":"190060","text":"eaglessoar : in not attacking back he's not responding to their criticism","type":"L","timestamp":"2016-08-05 15:17:16"},{"nodeID":"190061","text":"Asserting","type":"YA","timestamp":"2016-08-05 15:17:16","scheme":"Asserting","schemeID":"74"},{"nodeID":"190062","text":"in not attacking back Bernie Sanders is not responding to other candidates' criticism","type":"I","timestamp":"2016-08-05 15:17:17"},{"nodeID":"190063","text":"Barbara: eaglessoar : in not attacking back he's not responding to their criticism","type":"L","timestamp":"2016-08-05 15:17:17"},{"nodeID":"190064","text":"eaglessoar : he's stick to the issues and talking points","type":"L","timestamp":"2016-08-05 15:17:17"},{"nodeID":"190065","text":"Asserting","type":"YA","timestamp":"2016-08-05 15:17:17","scheme":"Asserting","schemeID":"74"},{"nodeID":"190066","text":"Bernie Sanders sticks to the issues and talking points","type":"I","timestamp":"2016-08-05 15:17:17"},{"nodeID":"190067","text":"Barbara: eaglessoar : he's stick to the issues and talking points","type":"L","timestamp":"2016-08-05 15:17:17"},{"nodeID":"190068","text":"Default Inference","type":"RA","timestamp":"2016-08-05 15:17:17","scheme":"Default Inference","schemeID":"72"},{"nodeID":"190069","text":"Default Transition","type":"TA","timestamp":"2016-08-05 15:17:17","scheme":"Default Transition","schemeID":"82"},{"nodeID":"190070","text":"Arguing","type":"YA","timestamp":"2016-08-05 15:17:17","scheme":"Arguing","schemeID":"80"},{"nodeID":"190071","text":"Default Conflict","type":"CA","timestamp":"2016-08-05 15:17:17","scheme":"Default Conflict","schemeID":"71"},{"nodeID":"190072","text":"Default Transition","type":"TA","timestamp":"2016-08-05 15:17:17","scheme":"Default Transition","schemeID":"82"},{"nodeID":"190073","text":"Disagreeing","type":"YA","timestamp":"2016-08-05 15:17:18","scheme":"Disagreeing","schemeID":"78"},{"nodeID":"190074","text":"Default Transition","type":"TA","timestamp":"2016-08-05 15:17:18","scheme":"Default Transition","schemeID":"82"},{"nodeID":"190075","text":"Default Inference","type":"RA","timestamp":"2016-08-05 15:17:18","scheme":"Default Inference","schemeID":"72"},{"nodeID":"190076","text":"Arguing","type":"YA","timestamp":"2016-08-05 15:17:18","scheme":"Arguing","schemeID":"80"},{"nodeID":"190077","text":"xxFrodoSwagginsxx : Not at all","type":"L","timestamp":"2016-08-05 15:17:18"},{"nodeID":"190078","text":"Asserting","type":"YA","timestamp":"2016-08-05 15:17:18","scheme":"Asserting","schemeID":"74"},{"nodeID":"190079","text":"not at all is Bernie Sanders really doing that \"bad\" as the comments suggest","type":"I","timestamp":"2016-08-05 15:17:18"},{"nodeID":"190080","text":"Barbara: xxFrodoSwagginsxx : Not at all","type":"L","timestamp":"2016-08-05 15:17:18"},{"nodeID":"190081","text":"Default Transition","type":"TA","timestamp":"2016-08-05 15:17:18","scheme":"Default Transition","schemeID":"82"},{"nodeID":"190082","text":"Default Conflict","type":"CA","timestamp":"2016-08-05 15:17:18","scheme":"Default Conflict","schemeID":"71"},{"nodeID":"190083","text":"Disagreeing","type":"YA","timestamp":"2016-08-05 15:17:18","scheme":"Disagreeing","schemeID":"78"},{"nodeID":"190084","text":"xxFrodoSwagginsxx : Just people being contrarians","type":"L","timestamp":"2016-08-05 15:17:18"},{"nodeID":"190085","text":"Asserting","type":"YA","timestamp":"2016-08-05 15:17:19","scheme":"Asserting","schemeID":"74"},{"nodeID":"190086","text":"people posting comments are contrarians","type":"I","timestamp":"2016-08-05 15:17:19"},{"nodeID":"190087","text":"Barbara: xxFrodoSwagginsxx : Just people being contrarians","type":"L","timestamp":"2016-08-05 15:17:19"},{"nodeID":"190088","text":"Default Inference","type":"RA","timestamp":"2016-08-05 15:17:19","scheme":"Default Inference","schemeID":"72"},{"nodeID":"190089","text":"Default Transition","type":"TA","timestamp":"2016-08-05 15:17:19","scheme":"Default Transition","schemeID":"82"},{"nodeID":"190090","text":"Arguing","type":"YA","timestamp":"2016-08-05 15:17:19","scheme":"Arguing","schemeID":"80"},{"nodeID":"190091","text":"xxFrodoSwagginsxx : they feel the need to be edgy and go against the \"circlejerk\"","type":"L","timestamp":"2016-08-05 15:17:19"},{"nodeID":"190092","text":"Asserting","type":"YA","timestamp":"2016-08-05 15:17:19","scheme":"Asserting","schemeID":"74"},{"nodeID":"190093","text":"people posting comments feel the need to be edgy and go against the \"circlejerk\"","type":"I","timestamp":"2016-08-05 15:17:19"},{"nodeID":"190094","text":"Barbara: xxFrodoSwagginsxx : they feel the need to be edgy and go against the \"circlejerk\"","type":"L","timestamp":"2016-08-05 15:17:19"},{"nodeID":"190095","text":"Default Inference","type":"RA","timestamp":"2016-08-05 15:17:20","scheme":"Default Inference","schemeID":"72"},{"nodeID":"190096","text":"Default Transition","type":"TA","timestamp":"2016-08-05 15:17:20","scheme":"Default Transition","schemeID":"82"},{"nodeID":"190097","text":"Arguing","type":"YA","timestamp":"2016-08-05 15:17:20","scheme":"Arguing","schemeID":"80"},{"nodeID":"190098","text":"xxFrodoSwagginsxx : fuck I hate this site sometimes","type":"L","timestamp":"2016-08-05 15:17:20"},{"nodeID":"190099","text":"Asserting","type":"YA","timestamp":"2016-08-05 15:17:20","scheme":"Asserting","schemeID":"74"},{"nodeID":"190100","text":"fuck I hate this site sometimes","type":"I","timestamp":"2016-08-05 15:17:20"},{"nodeID":"190101","text":"Barbara: xxFrodoSwagginsxx : uck I hate this site sometimes","type":"L","timestamp":"2016-08-05 15:17:20"},{"nodeID":"190102","text":"Default Transition","type":"TA","timestamp":"2016-08-05 15:17:20","scheme":"Default Transition","schemeID":"82"},{"nodeID":"190103","text":"liamliam1234liam : His refusal to condense his thoughts into basic statements is hurting him","type":"L","timestamp":"2016-08-05 15:17:20"},{"nodeID":"190104","text":"Asserting","type":"YA","timestamp":"2016-08-05 15:17:20","scheme":"Asserting","schemeID":"74"},{"nodeID":"190105","text":"Bernie Sanders' refusal to condense his thoughts into basic statements is hurting him","type":"I","timestamp":"2016-08-05 15:17:20"},{"nodeID":"190106","text":"Barbara: liamliam1234liam : His refusal to condense his thoughts into basic statements is hurting him","type":"L","timestamp":"2016-08-05 15:17:20"},{"nodeID":"190107","text":"Default Inference","type":"RA","timestamp":"2016-08-05 15:17:21","scheme":"Default Inference","schemeID":"72"},{"nodeID":"190108","text":"Default Transition","type":"TA","timestamp":"2016-08-05 15:17:21","scheme":"Default Transition","schemeID":"82"},{"nodeID":"190109","text":"Arguing","type":"YA","timestamp":"2016-08-05 15:17:21","scheme":"Arguing","schemeID":"80"},{"nodeID":"190110","text":"liamliam1234liam : He cannot respond to criticisms quickly enough","type":"L","timestamp":"2016-08-05 15:17:21"},{"nodeID":"190111","text":"Asserting","type":"YA","timestamp":"2016-08-05 15:17:21","scheme":"Asserting","schemeID":"74"},{"nodeID":"190112","text":"Bernie Sanders cannot respond to criticisms quickly enough","type":"I","timestamp":"2016-08-05 15:17:21"},{"nodeID":"190113","text":"Barbara: liamliam1234liam : He cannot respond to criticisms quickly enough","type":"L","timestamp":"2016-08-05 15:17:21"},{"nodeID":"190114","text":"liamliam1234liam : all of his answers are focused on nuance","type":"L","timestamp":"2016-08-05 15:17:21"},{"nodeID":"190115","text":"Asserting","type":"YA","timestamp":"2016-08-05 15:17:21","scheme":"Asserting","schemeID":"74"},{"nodeID":"190116","text":"all of Bernie Sanders' answers are focused on nuance","type":"I","timestamp":"2016-08-05 15:17:21"},{"nodeID":"190117","text":"Barbara: liamliam1234liam : all of his answers are focused on nuance","type":"L","timestamp":"2016-08-05 15:17:21"},{"nodeID":"190118","text":"liamliam1234liam :  the others are succeeding by   sacrificing full accuracy for mass appeal","type":"L","timestamp":"2016-08-05 15:17:22"},{"nodeID":"190119","text":"Asserting","type":"YA","timestamp":"2016-08-05 15:17:22","scheme":"Asserting","schemeID":"74"},{"nodeID":"190120","text":"the other candidates are succeeding by   sacrificing full accuracy for mass appeal","type":"I","timestamp":"2016-08-05 15:17:22"},{"nodeID":"190121","text":"Barbara: liamliam1234liam :  the others are succeeding by   sacrificing full accuracy for mass appeal","type":"L","timestamp":"2016-08-05 15:17:22"},{"nodeID":"190122","text":"Default Inference","type":"RA","timestamp":"2016-08-05 15:17:22","scheme":"Default Inference","schemeID":"72"},{"nodeID":"190123","text":"Default Inference","type":"RA","timestamp":"2016-08-05 15:17:22","scheme":"Default Inference","schemeID":"72"},{"nodeID":"190124","text":"Default Transition","type":"TA","timestamp":"2016-08-05 15:17:22","scheme":"Default Transition","schemeID":"82"},{"nodeID":"190125","text":"Arguing","type":"YA","timestamp":"2016-08-05 15:17:22","scheme":"Arguing","schemeID":"80"},{"nodeID":"190126","text":"Default Transition","type":"TA","timestamp":"2016-08-05 15:17:22","scheme":"Default Transition","schemeID":"82"},{"nodeID":"190127","text":"Arguing","type":"YA","timestamp":"2016-08-05 15:17:22","scheme":"Arguing","schemeID":"80"},{"nodeID":"190128","text":"PolishMusic : That's kinda what I guessed","type":"L","timestamp":"2016-08-05 15:17:22"},{"nodeID":"190129","text":"Asserting","type":"YA","timestamp":"2016-08-05 15:17:23","scheme":"Asserting","schemeID":"74"},{"nodeID":"190130","text":"Bernie Sanders' is not doing well and he refuses to condense his thoughts into basic statements","type":"I","timestamp":"2016-08-05 15:17:23"},{"nodeID":"190131","text":"Barbara: PolishMusic : That's kinda what I guessed","type":"L","timestamp":"2016-08-05 15:17:23"},{"nodeID":"190132","text":"PolishMusic : Bernie does incredibly well as an orator","type":"L","timestamp":"2016-08-05 15:17:23"},{"nodeID":"190133","text":"Asserting","type":"YA","timestamp":"2016-08-05 15:17:23","scheme":"Asserting","schemeID":"74"},{"nodeID":"190134","text":"Bernie Sanders does incredibly well as an orator","type":"I","timestamp":"2016-08-05 15:17:23"},{"nodeID":"190135","text":"Barbara: PolishMusic : Bernie does incredibly well as an orator","type":"L","timestamp":"2016-08-05 15:17:23"},{"nodeID":"190136","text":"PolishMusic : his Liberty University speech was incredible","type":"L","timestamp":"2016-08-05 15:17:23"},{"nodeID":"190137","text":"Asserting","type":"YA","timestamp":"2016-08-05 15:17:23","scheme":"Asserting","schemeID":"74"},{"nodeID":"190138","text":"Bernie Sanders' Liberty University speech was incredible","type":"I","timestamp":"2016-08-05 15:17:23"},{"nodeID":"190139","text":"Barbara: PolishMusic : his Liberty University speech was incredible","type":"L","timestamp":"2016-08-05 15:17:23"},{"nodeID":"190140","text":"Default Inference","type":"RA","timestamp":"2016-08-05 15:17:24","scheme":"Default Inference","schemeID":"72"},{"nodeID":"190141","text":"Default Transition","type":"TA","timestamp":"2016-08-05 15:17:24","scheme":"Default Transition","schemeID":"82"},{"nodeID":"190142","text":"Arguing","type":"YA","timestamp":"2016-08-05 15:17:24","scheme":"Arguing","schemeID":"80"},{"nodeID":"190143","text":"PolishMusic : these debates are so... made-for-TV-ratings","type":"L","timestamp":"2016-08-05 15:17:24"},{"nodeID":"190144","text":"Asserting","type":"YA","timestamp":"2016-08-05 15:17:24","scheme":"Asserting","schemeID":"74"},{"nodeID":"190145","text":"these debates are so  made-for-TV-ratings","type":"I","timestamp":"2016-08-05 15:17:24"},{"nodeID":"190146","text":"Barbara: PolishMusic : these debates are so... made-for-TV-ratings","type":"L","timestamp":"2016-08-05 15:17:24"},{"nodeID":"190147","text":"PolishMusic : Quick quips and condensed twitter-like blanket statements rather than just soaking up thoughts into a sponge","type":"L","timestamp":"2016-08-05 15:17:24"},{"nodeID":"190148","text":"Asserting","type":"YA","timestamp":"2016-08-05 15:17:24","scheme":"Asserting","schemeID":"74"},{"nodeID":"190149","text":"what counts in the TV debates is quick quips and condensed twitter-like blanket statements rather than just soaking up thoughts into a sponge","type":"I","timestamp":"2016-08-05 15:17:24"},{"nodeID":"190150","text":"Barbara: PolishMusic : Quick quips and condensed twitter-like blanket statements rather than just soaking up thoughts into a sponge","type":"L","timestamp":"2016-08-05 15:17:24"},{"nodeID":"190151","text":"Default Inference","type":"RA","timestamp":"2016-08-05 15:17:25","scheme":"Default Inference","schemeID":"72"},{"nodeID":"190152","text":"Default Transition","type":"TA","timestamp":"2016-08-05 15:17:25","scheme":"Default Transition","schemeID":"82"},{"nodeID":"190153","text":"Arguing","type":"YA","timestamp":"2016-08-05 15:17:25","scheme":"Arguing","schemeID":"80"},{"nodeID":"190154","text":"Default Rephrase","type":"MA","timestamp":"2016-08-05 15:17:25","scheme":"Default Rephrase","schemeID":"144"},{"nodeID":"190155","text":"Default Transition","type":"TA","timestamp":"2016-08-05 15:17:25","scheme":"Default Transition","schemeID":"82"},{"nodeID":"190156","text":"Restating","type":"YA","timestamp":"2016-08-05 15:17:25","scheme":"Restating","schemeID":"101"},{"nodeID":"190157","text":"Default Inference","type":"RA","timestamp":"2016-08-05 15:17:25","scheme":"Default Inference","schemeID":"72"},{"nodeID":"190158","text":"Default Transition","type":"TA","timestamp":"2016-08-05 15:17:25","scheme":"Default Transition","schemeID":"82"},{"nodeID":"190159","text":"Arguing","type":"YA","timestamp":"2016-08-05 15:17:25","scheme":"Arguing","schemeID":"80"}],"edges":[{"edgeID":"232832","fromID":"189907","toID":"189908","formEdgeID":null},{"edgeID":"232833","fromID":"189906","toID":"189907","formEdgeID":null},{"edgeID":"232834","fromID":"189911","toID":"189912","formEdgeID":null},{"edgeID":"232835","fromID":"189910","toID":"189911","formEdgeID":null},{"edgeID":"232836","fromID":"189912","toID":"189914","formEdgeID":null},{"edgeID":"232837","fromID":"189914","toID":"189908","formEdgeID":null},{"edgeID":"232838","fromID":"189906","toID":"189915","formEdgeID":null},{"edgeID":"232839","fromID":"189915","toID":"189910","formEdgeID":null},{"edgeID":"232840","fromID":"189915","toID":"189916","formEdgeID":null},{"edgeID":"232841","fromID":"189916","toID":"189914","formEdgeID":null},{"edgeID":"232842","fromID":"189918","toID":"189919","formEdgeID":null},{"edgeID":"232843","fromID":"189917","toID":"189918","formEdgeID":null},{"edgeID":"232844","fromID":"189906","toID":"189921","formEdgeID":null},{"edgeID":"232845","fromID":"189921","toID":"189917","formEdgeID":null},{"edgeID":"232846","fromID":"189906","toID":"189924","formEdgeID":null},{"edgeID":"232847","fromID":"189924","toID":"189922","formEdgeID":null},{"edgeID":"232848","fromID":"189924","toID":"189925","formEdgeID":null},{"edgeID":"232849","fromID":"189925","toID":"189908","formEdgeID":null},{"edgeID":"232850","fromID":"189927","toID":"189928","formEdgeID":null},{"edgeID":"232851","fromID":"189926","toID":"189927","formEdgeID":null},{"edgeID":"232852","fromID":"189906","toID":"189930","formEdgeID":null},{"edgeID":"232853","fromID":"189930","toID":"189926","formEdgeID":null},{"edgeID":"232854","fromID":"189928","toID":"189931","formEdgeID":null},{"edgeID":"232855","fromID":"189931","toID":"189908","formEdgeID":null},{"edgeID":"232856","fromID":"189930","toID":"189932","formEdgeID":null},{"edgeID":"232857","fromID":"189932","toID":"189931","formEdgeID":null},{"edgeID":"232858","fromID":"189934","toID":"189935","formEdgeID":null},{"edgeID":"232859","fromID":"189933","toID":"189934","formEdgeID":null},{"edgeID":"232860","fromID":"189938","toID":"189939","formEdgeID":null},{"edgeID":"232861","fromID":"189937","toID":"189938","formEdgeID":null},{"edgeID":"232862","fromID":"189906","toID":"189941","formEdgeID":null},{"edgeID":"232863","fromID":"189941","toID":"189937","formEdgeID":null},{"edgeID":"232864","fromID":"189943","toID":"189944","formEdgeID":null},{"edgeID":"232865","fromID":"189942","toID":"189943","formEdgeID":null},{"edgeID":"232866","fromID":"189939","toID":"189946","formEdgeID":null},{"edgeID":"232867","fromID":"189946","toID":"189944","formEdgeID":null},{"edgeID":"232868","fromID":"189937","toID":"189947","formEdgeID":null},{"edgeID":"232869","fromID":"189947","toID":"189942","formEdgeID":null},{"edgeID":"232870","fromID":"189947","toID":"189948","formEdgeID":null},{"edgeID":"232871","fromID":"189948","toID":"189946","formEdgeID":null},{"edgeID":"232872","fromID":"189937","toID":"189951","formEdgeID":null},{"edgeID":"232873","fromID":"189951","toID":"189949","formEdgeID":null},{"edgeID":"232874","fromID":"189951","toID":"189952","formEdgeID":null},{"edgeID":"232875","fromID":"189952","toID":"189939","formEdgeID":null},{"edgeID":"232876","fromID":"189954","toID":"189955","formEdgeID":null},{"edgeID":"232877","fromID":"189953","toID":"189954","formEdgeID":null},{"edgeID":"232878","fromID":"189939","toID":"189957","formEdgeID":null},{"edgeID":"232879","fromID":"189957","toID":"189955","formEdgeID":null},{"edgeID":"232880","fromID":"189937","toID":"189958","formEdgeID":null},{"edgeID":"232881","fromID":"189958","toID":"189953","formEdgeID":null},{"edgeID":"232882","fromID":"189958","toID":"189959","formEdgeID":null},{"edgeID":"232883","fromID":"189959","toID":"189957","formEdgeID":null},{"edgeID":"232884","fromID":"189961","toID":"189962","formEdgeID":null},{"edgeID":"232885","fromID":"189960","toID":"189961","formEdgeID":null},{"edgeID":"232886","fromID":"189965","toID":"189966","formEdgeID":null},{"edgeID":"232887","fromID":"189964","toID":"189965","formEdgeID":null},{"edgeID":"232888","fromID":"189969","toID":"189970","formEdgeID":null},{"edgeID":"232889","fromID":"189968","toID":"189969","formEdgeID":null},{"edgeID":"232890","fromID":"189960","toID":"189972","formEdgeID":null},{"edgeID":"232891","fromID":"189972","toID":"189968","formEdgeID":null},{"edgeID":"232892","fromID":"189960","toID":"189973","formEdgeID":null},{"edgeID":"232893","fromID":"189973","toID":"189964","formEdgeID":null},{"edgeID":"232894","fromID":"189970","toID":"189974","formEdgeID":null},{"edgeID":"232895","fromID":"189974","toID":"189962","formEdgeID":null},{"edgeID":"232896","fromID":"189972","toID":"189975","formEdgeID":null},{"edgeID":"232897","fromID":"189975","toID":"189974","formEdgeID":null},{"edgeID":"232898","fromID":"189962","toID":"189976","formEdgeID":null},{"edgeID":"232899","fromID":"189976","toID":"189908","formEdgeID":null},{"edgeID":"232900","fromID":"189906","toID":"189977","formEdgeID":null},{"edgeID":"232901","fromID":"189977","toID":"189960","formEdgeID":null},{"edgeID":"232902","fromID":"189977","toID":"189978","formEdgeID":null},{"edgeID":"232903","fromID":"189978","toID":"189976","formEdgeID":null},{"edgeID":"232904","fromID":"189980","toID":"189981","formEdgeID":null},{"edgeID":"232905","fromID":"189979","toID":"189980","formEdgeID":null},{"edgeID":"232906","fromID":"189906","toID":"189983","formEdgeID":null},{"edgeID":"232907","fromID":"189983","toID":"189979","formEdgeID":null},{"edgeID":"232908","fromID":"189985","toID":"189986","formEdgeID":null},{"edgeID":"232909","fromID":"189984","toID":"189985","formEdgeID":null},{"edgeID":"232910","fromID":"189906","toID":"189988","formEdgeID":null},{"edgeID":"232911","fromID":"189988","toID":"189984","formEdgeID":null},{"edgeID":"232912","fromID":"189986","toID":"189989","formEdgeID":null},{"edgeID":"232913","fromID":"189989","toID":"189908","formEdgeID":null},{"edgeID":"232914","fromID":"189988","toID":"189990","formEdgeID":null},{"edgeID":"232915","fromID":"189990","toID":"189989","formEdgeID":null},{"edgeID":"232916","fromID":"189992","toID":"189993","formEdgeID":null},{"edgeID":"232917","fromID":"189991","toID":"189992","formEdgeID":null},{"edgeID":"232918","fromID":"189996","toID":"189997","formEdgeID":null},{"edgeID":"232919","fromID":"189995","toID":"189996","formEdgeID":null},{"edgeID":"232920","fromID":"189993","toID":"189999","formEdgeID":null},{"edgeID":"232921","fromID":"189999","toID":"189986","formEdgeID":null},{"edgeID":"232922","fromID":"189997","toID":"189999","formEdgeID":null},{"edgeID":"232923","fromID":"189984","toID":"190000","formEdgeID":null},{"edgeID":"232924","fromID":"190000","toID":"189995","formEdgeID":null},{"edgeID":"232925","fromID":"190000","toID":"189991","formEdgeID":null},{"edgeID":"232926","fromID":"190000","toID":"190001","formEdgeID":null},{"edgeID":"232927","fromID":"190001","toID":"189999","formEdgeID":null},{"edgeID":"232928","fromID":"190003","toID":"190004","formEdgeID":null},{"edgeID":"232929","fromID":"190002","toID":"190003","formEdgeID":null},{"edgeID":"232930","fromID":"190007","toID":"190008","formEdgeID":null},{"edgeID":"232931","fromID":"190006","toID":"190007","formEdgeID":null},{"edgeID":"232932","fromID":"190011","toID":"190012","formEdgeID":null},{"edgeID":"232933","fromID":"190010","toID":"190011","formEdgeID":null},{"edgeID":"232934","fromID":"190004","toID":"190014","formEdgeID":null},{"edgeID":"232935","fromID":"190014","toID":"190008","formEdgeID":null},{"edgeID":"232936","fromID":"190002","toID":"190015","formEdgeID":null},{"edgeID":"232937","fromID":"190015","toID":"190006","formEdgeID":null},{"edgeID":"232938","fromID":"190015","toID":"190016","formEdgeID":null},{"edgeID":"232939","fromID":"190016","toID":"190014","formEdgeID":null},{"edgeID":"232940","fromID":"190015","toID":"190010","formEdgeID":null},{"edgeID":"232941","fromID":"190014","toID":"190017","formEdgeID":null},{"edgeID":"232942","fromID":"190017","toID":"190012","formEdgeID":null},{"edgeID":"232943","fromID":"190012","toID":"190018","formEdgeID":null},{"edgeID":"232944","fromID":"190018","toID":"189908","formEdgeID":null},{"edgeID":"232945","fromID":"189906","toID":"190019","formEdgeID":null},{"edgeID":"232946","fromID":"190019","toID":"190010","formEdgeID":null},{"edgeID":"232947","fromID":"190019","toID":"190020","formEdgeID":null},{"edgeID":"232948","fromID":"190020","toID":"190018","formEdgeID":null},{"edgeID":"232949","fromID":"190022","toID":"190023","formEdgeID":null},{"edgeID":"232950","fromID":"190021","toID":"190022","formEdgeID":null},{"edgeID":"232951","fromID":"190026","toID":"190027","formEdgeID":null},{"edgeID":"232952","fromID":"190025","toID":"190026","formEdgeID":null},{"edgeID":"232953","fromID":"189906","toID":"190029","formEdgeID":null},{"edgeID":"232954","fromID":"190029","toID":"190021","formEdgeID":null},{"edgeID":"232955","fromID":"190021","toID":"190030","formEdgeID":null},{"edgeID":"232956","fromID":"190030","toID":"190025","formEdgeID":null},{"edgeID":"232957","fromID":"190032","toID":"189912","formEdgeID":null},{"edgeID":"232958","fromID":"190031","toID":"190032","formEdgeID":null},{"edgeID":"232959","fromID":"189912","toID":"190034","formEdgeID":null},{"edgeID":"232960","fromID":"190034","toID":"189908","formEdgeID":null},{"edgeID":"232961","fromID":"189906","toID":"190035","formEdgeID":null},{"edgeID":"232962","fromID":"190035","toID":"190031","formEdgeID":null},{"edgeID":"232963","fromID":"190035","toID":"190036","formEdgeID":null},{"edgeID":"232964","fromID":"190036","toID":"190034","formEdgeID":null},{"edgeID":"232965","fromID":"190038","toID":"190039","formEdgeID":null},{"edgeID":"232966","fromID":"190037","toID":"190038","formEdgeID":null},{"edgeID":"232967","fromID":"189906","toID":"190041","formEdgeID":null},{"edgeID":"232968","fromID":"190041","toID":"190037","formEdgeID":null},{"edgeID":"232969","fromID":"190039","toID":"190042","formEdgeID":null},{"edgeID":"232970","fromID":"190042","toID":"189908","formEdgeID":null},{"edgeID":"232971","fromID":"190041","toID":"190043","formEdgeID":null},{"edgeID":"232972","fromID":"190043","toID":"190042","formEdgeID":null},{"edgeID":"232973","fromID":"190045","toID":"190046","formEdgeID":null},{"edgeID":"232974","fromID":"190044","toID":"190045","formEdgeID":null},{"edgeID":"232975","fromID":"190046","toID":"190048","formEdgeID":null},{"edgeID":"232976","fromID":"190048","toID":"190039","formEdgeID":null},{"edgeID":"232977","fromID":"190037","toID":"190049","formEdgeID":null},{"edgeID":"232978","fromID":"190049","toID":"190044","formEdgeID":null},{"edgeID":"232979","fromID":"190049","toID":"190050","formEdgeID":null},{"edgeID":"232980","fromID":"190050","toID":"190048","formEdgeID":null},{"edgeID":"232981","fromID":"190052","toID":"190053","formEdgeID":null},{"edgeID":"232982","fromID":"190051","toID":"190052","formEdgeID":null},{"edgeID":"232983","fromID":"190057","toID":"190058","formEdgeID":null},{"edgeID":"232984","fromID":"190056","toID":"190057","formEdgeID":null},{"edgeID":"232985","fromID":"190061","toID":"190062","formEdgeID":null},{"edgeID":"232986","fromID":"190060","toID":"190061","formEdgeID":null},{"edgeID":"232987","fromID":"190065","toID":"190066","formEdgeID":null},{"edgeID":"232988","fromID":"190064","toID":"190065","formEdgeID":null},{"edgeID":"232989","fromID":"190058","toID":"190068","formEdgeID":null},{"edgeID":"232990","fromID":"190068","toID":"190062","formEdgeID":null},{"edgeID":"232991","fromID":"190053","toID":"190068","formEdgeID":null},{"edgeID":"232992","fromID":"190051","toID":"190069","formEdgeID":null},{"edgeID":"232993","fromID":"190069","toID":"190060","formEdgeID":null},{"edgeID":"232994","fromID":"190069","toID":"190056","formEdgeID":null},{"edgeID":"232995","fromID":"190069","toID":"190070","formEdgeID":null},{"edgeID":"232996","fromID":"190070","toID":"190068","formEdgeID":null},{"edgeID":"232997","fromID":"190062","toID":"190071","formEdgeID":null},{"edgeID":"232998","fromID":"190071","toID":"189908","formEdgeID":null},{"edgeID":"232999","fromID":"189906","toID":"190072","formEdgeID":null},{"edgeID":"233000","fromID":"190072","toID":"190060","formEdgeID":null},{"edgeID":"233001","fromID":"190072","toID":"190073","formEdgeID":null},{"edgeID":"233002","fromID":"190073","toID":"190071","formEdgeID":null},{"edgeID":"233003","fromID":"189906","toID":"190074","formEdgeID":null},{"edgeID":"233004","fromID":"190074","toID":"190064","formEdgeID":null},{"edgeID":"233005","fromID":"190066","toID":"190075","formEdgeID":null},{"edgeID":"233006","fromID":"190075","toID":"189908","formEdgeID":null},{"edgeID":"233007","fromID":"190074","toID":"190076","formEdgeID":null},{"edgeID":"233008","fromID":"190076","toID":"190075","formEdgeID":null},{"edgeID":"233009","fromID":"190078","toID":"190079","formEdgeID":null},{"edgeID":"233010","fromID":"190077","toID":"190078","formEdgeID":null},{"edgeID":"233011","fromID":"189906","toID":"190081","formEdgeID":null},{"edgeID":"233012","fromID":"190081","toID":"190077","formEdgeID":null},{"edgeID":"233013","fromID":"190079","toID":"190082","formEdgeID":null},{"edgeID":"233014","fromID":"190082","toID":"189908","formEdgeID":null},{"edgeID":"233015","fromID":"190081","toID":"190083","formEdgeID":null},{"edgeID":"233016","fromID":"190083","toID":"190082","formEdgeID":null},{"edgeID":"233017","fromID":"190085","toID":"190086","formEdgeID":null},{"edgeID":"233018","fromID":"190084","toID":"190085","formEdgeID":null},{"edgeID":"233019","fromID":"190086","toID":"190088","formEdgeID":null},{"edgeID":"233020","fromID":"190088","toID":"190079","formEdgeID":null},{"edgeID":"233021","fromID":"190077","toID":"190089","formEdgeID":null},{"edgeID":"233022","fromID":"190089","toID":"190084","formEdgeID":null},{"edgeID":"233023","fromID":"190089","toID":"190090","formEdgeID":null},{"edgeID":"233024","fromID":"190090","toID":"190088","formEdgeID":null},{"edgeID":"233025","fromID":"190092","toID":"190093","formEdgeID":null},{"edgeID":"233026","fromID":"190091","toID":"190092","formEdgeID":null},{"edgeID":"233027","fromID":"190093","toID":"190095","formEdgeID":null},{"edgeID":"233028","fromID":"190095","toID":"190086","formEdgeID":null},{"edgeID":"233029","fromID":"190084","toID":"190096","formEdgeID":null},{"edgeID":"233030","fromID":"190096","toID":"190091","formEdgeID":null},{"edgeID":"233031","fromID":"190096","toID":"190097","formEdgeID":null},{"edgeID":"233032","fromID":"190097","toID":"190095","formEdgeID":null},{"edgeID":"233033","fromID":"190099","toID":"190100","formEdgeID":null},{"edgeID":"233034","fromID":"190098","toID":"190099","formEdgeID":null},{"edgeID":"233035","fromID":"190091","toID":"190102","formEdgeID":null},{"edgeID":"233036","fromID":"190102","toID":"190098","formEdgeID":null},{"edgeID":"233037","fromID":"190104","toID":"190105","formEdgeID":null},{"edgeID":"233038","fromID":"190103","toID":"190104","formEdgeID":null},{"edgeID":"233039","fromID":"190105","toID":"190107","formEdgeID":null},{"edgeID":"233040","fromID":"190107","toID":"189908","formEdgeID":null},{"edgeID":"233041","fromID":"189906","toID":"190108","formEdgeID":null},{"edgeID":"233042","fromID":"190108","toID":"190103","formEdgeID":null},{"edgeID":"233043","fromID":"190108","toID":"190109","formEdgeID":null},{"edgeID":"233044","fromID":"190109","toID":"190107","formEdgeID":null},{"edgeID":"233045","fromID":"190111","toID":"190112","formEdgeID":null},{"edgeID":"233046","fromID":"190110","toID":"190111","formEdgeID":null},{"edgeID":"233047","fromID":"190115","toID":"190116","formEdgeID":null},{"edgeID":"233048","fromID":"190114","toID":"190115","formEdgeID":null},{"edgeID":"233049","fromID":"190119","toID":"190120","formEdgeID":null},{"edgeID":"233050","fromID":"190118","toID":"190119","formEdgeID":null},{"edgeID":"233051","fromID":"190112","toID":"190122","formEdgeID":null},{"edgeID":"233052","fromID":"190122","toID":"190105","formEdgeID":null},{"edgeID":"233053","fromID":"190120","toID":"190123","formEdgeID":null},{"edgeID":"233054","fromID":"190123","toID":"190105","formEdgeID":null},{"edgeID":"233055","fromID":"190116","toID":"190123","formEdgeID":null},{"edgeID":"233056","fromID":"190103","toID":"190124","formEdgeID":null},{"edgeID":"233057","fromID":"190124","toID":"190110","formEdgeID":null},{"edgeID":"233058","fromID":"190124","toID":"190125","formEdgeID":null},{"edgeID":"233059","fromID":"190125","toID":"190122","formEdgeID":null},{"edgeID":"233060","fromID":"190103","toID":"190126","formEdgeID":null},{"edgeID":"233061","fromID":"190126","toID":"190118","formEdgeID":null},{"edgeID":"233062","fromID":"190126","toID":"190114","formEdgeID":null},{"edgeID":"233063","fromID":"190126","toID":"190127","formEdgeID":null},{"edgeID":"233064","fromID":"190127","toID":"190123","formEdgeID":null},{"edgeID":"233065","fromID":"190129","toID":"190130","formEdgeID":null},{"edgeID":"233066","fromID":"190128","toID":"190129","formEdgeID":null},{"edgeID":"233067","fromID":"190133","toID":"190134","formEdgeID":null},{"edgeID":"233068","fromID":"190132","toID":"190133","formEdgeID":null},{"edgeID":"233069","fromID":"190137","toID":"190138","formEdgeID":null},{"edgeID":"233070","fromID":"190136","toID":"190137","formEdgeID":null},{"edgeID":"233071","fromID":"190138","toID":"190140","formEdgeID":null},{"edgeID":"233072","fromID":"190140","toID":"190134","formEdgeID":null},{"edgeID":"233073","fromID":"190132","toID":"190141","formEdgeID":null},{"edgeID":"233074","fromID":"190141","toID":"190136","formEdgeID":null},{"edgeID":"233075","fromID":"190141","toID":"190142","formEdgeID":null},{"edgeID":"233076","fromID":"190142","toID":"190140","formEdgeID":null},{"edgeID":"233077","fromID":"190144","toID":"190145","formEdgeID":null},{"edgeID":"233078","fromID":"190143","toID":"190144","formEdgeID":null},{"edgeID":"233079","fromID":"190148","toID":"190149","formEdgeID":null},{"edgeID":"233080","fromID":"190147","toID":"190148","formEdgeID":null},{"edgeID":"233081","fromID":"190149","toID":"190151","formEdgeID":null},{"edgeID":"233082","fromID":"190151","toID":"190145","formEdgeID":null},{"edgeID":"233083","fromID":"190143","toID":"190152","formEdgeID":null},{"edgeID":"233084","fromID":"190152","toID":"190147","formEdgeID":null},{"edgeID":"233085","fromID":"190152","toID":"190153","formEdgeID":null},{"edgeID":"233086","fromID":"190153","toID":"190151","formEdgeID":null},{"edgeID":"233087","fromID":"190130","toID":"190154","formEdgeID":null},{"edgeID":"233088","fromID":"190154","toID":"190105","formEdgeID":null},{"edgeID":"233089","fromID":"190103","toID":"190155","formEdgeID":null},{"edgeID":"233090","fromID":"190155","toID":"190128","formEdgeID":null},{"edgeID":"233091","fromID":"190155","toID":"190156","formEdgeID":null},{"edgeID":"233092","fromID":"190156","toID":"190154","formEdgeID":null},{"edgeID":"233093","fromID":"190134","toID":"190157","formEdgeID":null},{"edgeID":"233094","fromID":"190157","toID":"190130","formEdgeID":null},{"edgeID":"233095","fromID":"190145","toID":"190157","formEdgeID":null},{"edgeID":"233096","fromID":"190128","toID":"190158","formEdgeID":null},{"edgeID":"233097","fromID":"190158","toID":"190143","formEdgeID":null},{"edgeID":"233098","fromID":"190158","toID":"190136","formEdgeID":null},{"edgeID":"233099","fromID":"190158","toID":"190159","formEdgeID":null},{"edgeID":"233100","fromID":"190159","toID":"190157","formEdgeID":null}],"locutions":[]}